utc,bucharest_time,price_lei_kwh,bucharest_temperature_c,bucharest_ghi_w_m2,bucharest_cloud_cover_pct,bucharest_wind_100m_m_s,bucharest_precipitation_mm,constanta_temperature_c,constanta_ghi_w_m2,constanta_cloud_cover_pct,constanta_wind_100m_m_s,constanta_precipitation_mm,tulcea_temperature_c,tulcea_ghi_w_m2,tulcea_cloud_cover_pct,tulcea_wind_100m_m_s,tulcea_precipitation_mm
2025-12-31T22:00:00+00:00,2026-01-01T00:00:00+02:00,0.4569075,-4.4,0.0,69,4.71,0.0,-3.1,0.0,79,6.74,0.0,-3.6,0.0,75,5.73,0.0
2025-12-31T23:00:00+00:00,2026-01-01T01:00:00+02:00,0.4999525,-5.0,0.0,6,4.04,0.0,-3.3,0.0,79,6.38,0.0,-4.0,0.0,49,5.27,0.0
2026-01-01T00:00:00+00:00,2026-01-01T02:00:00+02:00,0.4787725,-5.8,0.0,0,3.34,0.0,-3.5,0.0,79,5.98,0.0,-4.8,0.0,2,4.7,0.0
2026-01-01T01:00:00+00:00,2026-01-01T03:00:00+02:00,0.448775,-6.0,0.0,1,2.69,0.0,-3.8,0.0,76,5.9,0.0,-5.1,0.0,12,4.66,0.0
2026-01-01T02:00:00+00:00,2026-01-01T04:00:00+02:00,0.3974625,-6.1,0.0,0,2.89,0.0,-4.5,0.0,68,5.87,0.0,-5.8,0.0,32,4.95,0.0
2026-01-01T03:00:00+00:00,2026-01-01T05:00:00+02:00,0.3672875,-6.6,0.0,0,3.85,0.0,-5.1,0.0,33,5.68,0.0,-6.0,0.0,41,5.01,0.0
2026-01-01T04:00:00+00:00,2026-01-01T06:00:00+02:00,0.3581275,-7.0,0.0,0,4.6,0.0,-5.6,0.0,27,5.56,0.0,-6.1,0.0,0,5.14,0.0
2026-01-01T05:00:00+00:00,2026-01-01T07:00:00+02:00,0.4140025,-7.5,0.0,0,5.36,0.0,-6.0,2.0,0,5.86,0.0,-6.3,1.0,2,5.53,0.0
2026-01-01T06:00:00+00:00,2026-01-01T08:00:00+02:00,0.3425975,-7.8,53.0,0,5.47,0.0,-6.2,73.0,0,6.91,0.0,-6.4,64.0,25,5.62,0.0
2026-01-01T07:00:00+00:00,2026-01-01T09:00:00+02:00,0.21884,-7.3,176.0,2,5.43,0.0,-5.5,198.0,0,6.96,0.0,-5.6,178.0,50,5.76,0.0
2026-01-01T08:00:00+00:00,2026-01-01T10:00:00+02:00,0.175025,-5.1,286.0,0,5.13,0.0,-2.8,304.0,0,6.52,0.0,-2.4,277.0,24,5.75,0.0
2026-01-01T09:00:00+00:00,2026-01-01T11:00:00+02:00,0.1310275,-3.0,353.0,0,5.72,0.0,-1.5,365.0,0,6.51,0.0,-1.3,343.0,0,6.31,0.0
2026-01-01T10:00:00+00:00,2026-01-01T12:00:00+02:00,0.1350325,-1.2,369.0,4,5.66,0.0,0.5,375.0,0,5.8,0.0,0.6,353.0,0,6.03,0.0
2026-01-01T11:00:00+00:00,2026-01-01T13:00:00+02:00,0.143755,0.1,331.0,0,6.48,0.0,1.2,330.0,0,6.46,0.0,1.3,308.0,0,6.65,0.0
2026-01-01T12:00:00+00:00,2026-01-01T14:00:00+02:00,0.18463,0.8,245.0,14,7.08,0.0,1.5,237.0,0,7.19,0.0,1.6,218.0,0,7.34,0.0
2026-01-01T13:00:00+00:00,2026-01-01T15:00:00+02:00,0.29154,1.2,128.0,14,7.61,0.0,1.5,113.0,0,7.23,0.0,1.6,99.0,0,7.41,0.0
2026-01-01T14:00:00+00:00,2026-01-01T16:00:00+02:00,0.4554275,1.2,20.0,1,7.15,0.0,1.0,12.0,0,7.12,0.0,0.6,8.0,0,7.8,0.0
2026-01-01T15:00:00+00:00,2026-01-01T17:00:00+02:00,0.560655,0.3,0.0,2,7.26,0.0,0.3,0.0,0,7.45,0.0,-0.2,0.0,0,8.38,0.0
2026-01-01T16:00:00+00:00,2026-01-01T18:00:00+02:00,0.551,-1.2,0.0,0,7.24,0.0,-0.5,0.0,0,7.78,0.0,-0.9,0.0,0,9.03,0.0
2026-01-01T17:00:00+00:00,2026-01-01T19:00:00+02:00,0.551,-1.9,0.0,1,7.14,0.0,-1.3,0.0,0,7.98,0.0,-1.9,0.0,0,9.25,0.0
2026-01-01T18:00:00+00:00,2026-01-01T20:00:00+02:00,0.5509975,-2.3,0.0,1,7.08,0.0,-1.4,0.0,0,8.31,0.0,-2.0,0.0,0,9.26,0.0
2026-01-01T19:00:00+00:00,2026-01-01T21:00:00+02:00,0.551,-2.8,0.0,2,6.91,0.0,-1.5,0.0,0,8.7,0.0,-2.2,0.0,0,9.42,0.0
2026-01-01T20:00:00+00:00,2026-01-01T22:00:00+02:00,0.458655,-3.7,0.0,0,6.78,0.0,-1.6,0.0,0,8.92,0.0,-2.5,0.0,0,9.48,0.0
2026-01-01T21:00:00+00:00,2026-01-01T23:00:00+02:00,0.398015,-4.3,0.0,0,6.57,0.0,-1.5,0.0,0,9.17,0.0,-2.5,0.0,0,9.65,0.0
2026-01-01T22:00:00+00:00,2026-01-02T00:00:00+02:00,0.2971,-4.6,0.0,0,5.83,0.0,-1.7,0.0,0,9.36,0.0,-2.5,0.0,0,10.13,0.0
2026-01-01T23:00:00+00:00,2026-01-02T01:00:00+02:00,0.2989275,-5.2,0.0,0,5.7,0.0,-1.7,0.0,0,9.51,0.0,-2.4,0.0,0,10.41,0.0
2026-01-02T00:00:00+00:00,2026-01-02T02:00:00+02:00,0.2318675,-5.7,0.0,0,5.39,0.0,-1.6,0.0,0,9.71,0.0,-2.3,0.0,16,10.54,0.0
2026-01-02T01:00:00+00:00,2026-01-02T03:00:00+02:00,0.176845,-6.0,0.0,17,5.16,0.0,-1.5,0.0,0,9.9,0.0,-2.1,0.0,27,10.57,0.0
2026-01-02T02:00:00+00:00,2026-01-02T04:00:00+02:00,0.14544,-6.0,0.0,45,5.51,0.0,-1.3,0.0,0,9.91,0.0,-1.7,0.0,23,10.61,0.0
2026-01-02T03:00:00+00:00,2026-01-02T05:00:00+02:00,0.1712,-5.9,0.0,85,5.7,0.0,-1.4,0.0,25,9.84,0.0,-1.7,0.0,76,10.76,0.0
2026-01-02T04:00:00+00:00,2026-01-02T06:00:00+02:00,0.317425,-5.8,0.0,84,5.54,0.0,-1.4,0.0,51,9.82,0.0,-1.6,0.0,87,10.77,0.0
2026-01-02T05:00:00+00:00,2026-01-02T07:00:00+02:00,0.3992325,-5.0,0.0,54,5.55,0.0,-1.4,2.0,93,9.84,0.0,-1.4,1.0,83,10.64,0.0
2026-01-02T06:00:00+00:00,2026-01-02T08:00:00+02:00,0.5124775,-4.5,49.0,41,5.75,0.0,-1.3,66.0,92,9.86,0.0,-1.5,60.0,74,10.62,0.0
2026-01-02T07:00:00+00:00,2026-01-02T09:00:00+02:00,0.490025,-3.8,169.0,42,5.34,0.0,-0.7,182.0,79,9.67,0.0,-1.3,170.0,85,10.51,0.0
2026-01-02T08:00:00+00:00,2026-01-02T10:00:00+02:00,0.463995,-1.8,275.0,30,4.16,0.0,1.6,287.0,60,9.74,0.0,0.7,263.0,93,10.91,0.0
2026-01-02T09:00:00+00:00,2026-01-02T11:00:00+02:00,0.4357425,0.5,341.0,4,3.51,0.0,3.1,353.0,40,8.49,0.0,1.9,334.0,97,9.6,0.0
2026-01-02T10:00:00+00:00,2026-01-02T12:00:00+02:00,0.4297825,2.9,360.0,0,3.62,0.0,6.4,362.0,0,7.84,0.0,4.9,336.0,26,9.02,0.0
2026-01-02T11:00:00+00:00,2026-01-02T13:00:00+02:00,0.410785,4.8,324.0,7,4.38,0.0,7.6,317.0,0,7.3,0.0,5.9,294.0,82,8.53,0.0
2026-01-02T12:00:00+00:00,2026-01-02T14:00:00+02:00,0.4406775,5.8,239.0,84,5.0,0.0,8.2,228.0,0,6.87,0.0,6.5,203.0,91,9.07,0.0
2026-01-02T13:00:00+00:00,2026-01-02T15:00:00+02:00,0.4734075,6.2,111.0,76,4.91,0.0,8.3,109.0,17,7.86,0.0,6.8,90.0,88,9.83,0.0
2026-01-02T14:00:00+00:00,2026-01-02T16:00:00+02:00,0.54051,4.8,18.0,80,4.61,0.0,7.3,12.0,2,8.79,0.0,6.0,8.0,93,10.31,0.0
2026-01-02T15:00:00+00:00,2026-01-02T17:00:00+02:00,0.592585,3.5,0.0,65,4.2,0.4,6.2,0.0,93,9.46,0.0,5.1,0.0,98,10.52,0.0
2026-01-02T16:00:00+00:00,2026-01-02T18:00:00+02:00,0.601445,2.9,0.0,33,2.95,0.2,5.4,0.0,87,9.89,0.0,4.3,0.0,98,10.42,0.0
2026-01-02T17:00:00+00:00,2026-01-02T19:00:00+02:00,0.5928525,2.6,0.0,47,2.61,0.0,4.6,0.0,91,10.26,0.0,3.8,0.0,95,10.15,0.0
2026-01-02T18:00:00+00:00,2026-01-02T20:00:00+02:00,0.602735,2.2,0.0,21,1.73,0.0,4.9,0.0,49,10.4,0.0,3.8,0.0,84,9.5,0.0
2026-01-02T19:00:00+00:00,2026-01-02T21:00:00+02:00,0.586325,1.1,0.0,44,1.3,0.0,5.2,0.0,26,10.62,0.0,3.6,0.0,43,9.18,0.0
2026-01-02T20:00:00+00:00,2026-01-02T22:00:00+02:00,0.5279475,0.5,0.0,73,2.48,0.0,5.2,0.0,31,10.44,0.0,3.8,0.0,77,8.97,0.0
2026-01-02T21:00:00+00:00,2026-01-02T23:00:00+02:00,0.4852775,-0.1,0.0,68,3.72,0.0,4.7,0.0,28,10.5,0.0,3.3,0.0,91,9.39,0.0
2026-01-02T22:00:00+00:00,2026-01-03T00:00:00+02:00,0.424525,-0.2,0.0,58,4.91,0.0,4.9,0.0,23,10.5,0.0,3.3,0.0,83,9.84,0.0
2026-01-02T23:00:00+00:00,2026-01-03T01:00:00+02:00,0.41005,-0.4,0.0,40,5.73,0.0,4.7,0.0,28,11.07,0.0,3.3,0.0,75,10.24,0.0
2026-01-03T00:00:00+00:00,2026-01-03T02:00:00+02:00,0.4080325,-0.5,0.0,29,6.33,0.0,5.0,0.0,100,11.19,0.3,3.4,0.0,77,10.76,0.0
2026-01-03T01:00:00+00:00,2026-01-03T03:00:00+02:00,0.4117225,-0.2,0.0,24,6.31,0.0,5.1,0.0,83,11.41,0.0,3.5,0.0,32,10.74,0.0
2026-01-03T02:00:00+00:00,2026-01-03T04:00:00+02:00,0.40689,-0.4,0.0,36,5.27,0.0,5.9,0.0,13,11.88,0.0,3.9,0.0,42,10.72,0.0
2026-01-03T03:00:00+00:00,2026-01-03T05:00:00+02:00,0.3945175,-0.4,0.0,50,4.92,0.0,6.7,0.0,28,11.68,0.0,4.3,0.0,85,10.58,0.0
2026-01-03T04:00:00+00:00,2026-01-03T06:00:00+02:00,0.3890075,-0.7,0.0,45,3.89,0.0,6.8,0.0,16,10.9,0.0,4.5,0.0,98,10.11,0.0
2026-01-03T05:00:00+00:00,2026-01-03T07:00:00+02:00,0.4043375,-1.0,0.0,28,3.57,0.0,6.4,1.0,2,10.18,0.0,3.9,1.0,90,9.46,0.0
2026-01-03T06:00:00+00:00,2026-01-03T08:00:00+02:00,0.42787,-1.0,44.0,41,3.91,0.0,6.3,68.0,2,10.16,0.0,3.9,53.0,59,8.66,0.0
2026-01-03T07:00:00+00:00,2026-01-03T09:00:00+02:00,0.4623875,0.6,126.0,90,4.3,0.0,7.3,184.0,7,10.6,0.0,4.4,148.0,85,7.88,0.0
2026-01-03T08:00:00+00:00,2026-01-03T10:00:00+02:00,0.479715,3.2,193.0,87,4.35,0.0,9.7,284.0,7,11.03,0.0,6.2,192.0,95,7.25,0.0
2026-01-03T09:00:00+00:00,2026-01-03T11:00:00+02:00,0.47574,4.8,157.0,90,4.68,0.4,10.8,344.0,39,11.26,0.0,7.1,257.0,54,6.83,0.0
2026-01-03T10:00:00+00:00,2026-01-03T12:00:00+02:00,0.4522725,5.4,266.0,100,5.2,0.3,13.2,337.0,34,10.36,0.0,8.6,227.0,83,4.99,0.0
2026-01-03T11:00:00+00:00,2026-01-03T13:00:00+02:00,0.445675,6.9,258.0,92,7.02,0.0,14.3,267.0,43,10.08,0.0,9.0,142.0,71,5.04,0.0
2026-01-03T12:00:00+00:00,2026-01-03T14:00:00+02:00,0.4415575,6.2,180.0,38,6.65,0.0,14.1,184.0,78,8.15,0.0,8.8,129.0,79,6.41,0.1
2026-01-03T13:00:00+00:00,2026-01-03T15:00:00+02:00,0.46335,6.1,98.0,26,6.06,0.0,12.6,87.0,4,8.0,0.0,8.0,47.0,71,7.4,0.0
2026-01-03T14:00:00+00:00,2026-01-03T16:00:00+02:00,0.53173,5.6,15.0,100,6.71,0.0,10.2,11.0,25,8.2,0.0,6.4,8.0,17,6.96,0.0
2026-01-03T15:00:00+00:00,2026-01-03T17:00:00+02:00,0.559615,5.0,0.0,93,6.58,0.0,8.6,0.0,24,8.15,0.0,5.6,0.0,37,8.0,0.0
2026-01-03T16:00:00+00:00,2026-01-03T18:00:00+02:00,0.56963,3.9,0.0,92,5.82,0.0,7.6,0.0,69,9.94,0.0,4.7,0.0,69,7.31,0.0
2026-01-03T17:00:00+00:00,2026-01-03T19:00:00+02:00,0.5778225,2.3,0.0,99,3.98,0.1,6.9,0.0,69,9.8,0.0,3.1,0.0,31,6.22,0.0
2026-01-03T18:00:00+00:00,2026-01-03T20:00:00+02:00,0.5754425,1.4,0.0,100,2.63,0.0,6.8,0.0,99,8.27,0.1,2.1,0.0,34,5.65,0.0
2026-01-03T19:00:00+00:00,2026-01-03T21:00:00+02:00,0.564405,2.0,0.0,100,2.81,0.2,6.5,0.0,100,6.57,0.2,1.0,0.0,45,5.28,0.0
2026-01-03T20:00:00+00:00,2026-01-03T22:00:00+02:00,0.5510025,2.2,0.0,86,2.93,0.0,5.6,0.0,89,5.3,0.5,0.7,0.0,75,5.39,0.0
2026-01-03T21:00:00+00:00,2026-01-03T23:00:00+02:00,0.53687,1.3,0.0,89,2.36,0.2,5.1,0.0,97,3.86,0.7,1.4,0.0,72,5.65,0.0
2026-01-03T22:00:00+00:00,2026-01-04T00:00:00+02:00,0.440515,2.3,0.0,95,1.83,0.0,4.8,0.0,96,2.59,0.5,1.5,0.0,55,5.5,0.0
2026-01-03T23:00:00+00:00,2026-01-04T01:00:00+02:00,0.45286,1.5,0.0,100,0.41,0.1,4.1,0.0,96,2.47,0.0,1.6,0.0,84,3.9,0.0
2026-01-04T00:00:00+00:00,2026-01-04T02:00:00+02:00,0.4350575,1.4,0.0,100,1.77,0.3,4.5,0.0,100,2.76,0.0,1.3,0.0,82,3.07,0.0
2026-01-04T01:00:00+00:00,2026-01-04T03:00:00+02:00,0.4335975,1.6,0.0,100,3.03,0.7,4.4,0.0,100,4.09,0.4,1.0,0.0,85,3.14,0.0
2026-01-04T02:00:00+00:00,2026-01-04T04:00:00+02:00,0.42784,1.7,0.0,100,3.71,1.0,4.8,0.0,100,5.16,1.9,0.7,0.0,99,3.34,0.0
2026-01-04T03:00:00+00:00,2026-01-04T05:00:00+02:00,0.4209225,1.6,0.0,100,5.35,1.0,4.8,0.0,100,5.41,1.5,0.9,0.0,100,4.52,0.2
2026-01-04T04:00:00+00:00,2026-01-04T06:00:00+02:00,0.42526,1.4,0.0,100,6.83,0.8,4.8,0.0,100,6.5,0.9,0.6,0.0,100,5.55,0.7
2026-01-04T05:00:00+00:00,2026-01-04T07:00:00+02:00,0.428065,1.2,0.0,99,7.45,0.6,5.8,0.0,100,7.23,0.5,1.1,0.0,100,6.33,1.1
2026-01-04T06:00:00+00:00,2026-01-04T08:00:00+02:00,0.4427575,1.2,9.0,98,8.16,0.4,6.1,12.0,100,8.17,0.1,1.1,6.0,100,5.69,1.7
2026-01-04T07:00:00+00:00,2026-01-04T09:00:00+02:00,0.4507175,1.1,37.0,98,8.14,0.5,6.3,41.0,100,8.52,0.1,1.2,25.0,97,5.62,0.7
2026-01-04T08:00:00+00:00,2026-01-04T10:00:00+02:00,0.48079,1.2,40.0,97,7.72,0.3,7.4,92.0,100,7.38,0.1,2.3,33.0,100,6.14,0.3
2026-01-04T09:00:00+00:00,2026-01-04T11:00:00+02:00,0.4831075,1.7,53.0,100,5.92,0.1,8.5,193.0,88,5.28,0.0,2.7,44.0,99,6.18,0.0
2026-01-04T10:00:00+00:00,2026-01-04T12:00:00+02:00,0.463335,1.5,89.0,100,4.34,0.1,10.6,240.0,28,3.31,0.0,4.0,63.0,100,6.8,0.0
2026-01-04T11:00:00+00:00,2026-01-04T13:00:00+02:00,0.4565325,2.0,83.0,100,2.99,0.0,12.2,244.0,48,3.37,0.0,4.7,99.0,95,6.99,0.0
2026-01-04T12:00:00+00:00,2026-01-04T14:00:00+02:00,0.442435,2.2,116.0,100,2.19,0.0,12.7,175.0,46,4.66,0.0,5.6,83.0,89,5.47,0.0
2026-01-04T13:00:00+00:00,2026-01-04T15:00:00+02:00,0.4744275,2.7,69.0,100,2.73,0.0,12.3,96.0,41,7.05,0.0,6.2,42.0,88,3.99,0.0
2026-01-04T14:00:00+00:00,2026-01-04T16:00:00+02:00,0.48331,2.7,11.0,70,2.74,0.0,10.2,11.0,36,8.1,0.0,5.6,4.0,90,5.56,0.0
2026-01-04T15:00:00+00:00,2026-01-04T17:00:00+02:00,0.578755,2.1,0.0,90,4.06,0.0,8.4,0.0,83,8.43,0.0,5.4,0.0,97,7.69,0.0
2026-01-04T16:00:00+00:00,2026-01-04T18:00:00+02:00,0.6037975,2.5,0.0,98,5.57,0.0,7.2,0.0,99,7.83,0.0,5.0,0.0,99,7.95,0.4
2026-01-04T17:00:00+00:00,2026-01-04T19:00:00+02:00,0.617835,2.7,0.0,92,5.14,0.0,6.0,0.0,100,7.56,0.4,3.9,0.0,99,7.53,0.4
2026-01-04T18:00:00+00:00,2026-01-04T20:00:00+02:00,0.61037,2.7,0.0,98,5.17,0.0,5.8,0.0,100,7.02,0.2,3.5,0.0,100,7.56,0.3
2026-01-04T19:00:00+00:00,2026-01-04T21:00:00+02:00,0.5733225,2.6,0.0,99,4.6,0.0,5.5,0.0,99,6.62,0.0,3.3,0.0,100,7.81,0.2
2026-01-04T20:00:00+00:00,2026-01-04T22:00:00+02:00,0.5108375,2.4,0.0,99,3.4,0.0,4.8,0.0,100,6.31,0.1,2.9,0.0,100,7.94,0.1
2026-01-04T21:00:00+00:00,2026-01-04T23:00:00+02:00,0.5204575,2.2,0.0,100,1.15,0.1,4.7,0.0,100,5.66,0.1,2.8,0.0,100,6.83,0.1
2026-01-04T22:00:00+00:00,2026-01-05T00:00:00+02:00,0.45484,2.1,0.0,100,1.72,0.2,4.2,0.0,100,6.11,0.0,2.0,0.0,100,7.3,0.1
2026-01-04T23:00:00+00:00,2026-01-05T01:00:00+02:00,0.471565,2.1,0.0,100,4.02,0.3,4.4,0.0,100,5.45,0.0,1.9,0.0,100,6.79,0.1
2026-01-05T00:00:00+00:00,2026-01-05T02:00:00+02:00,0.45298,2.1,0.0,100,6.17,0.3,4.3,0.0,100,5.29,0.0,1.8,0.0,100,6.16,0.1
2026-01-05T01:00:00+00:00,2026-01-05T03:00:00+02:00,0.4410525,2.0,0.0,100,7.25,0.2,4.3,0.0,100,5.95,0.1,1.6,0.0,100,5.47,0.1
2026-01-05T02:00:00+00:00,2026-01-05T04:00:00+02:00,0.4400625,1.7,0.0,100,8.11,0.1,3.9,0.0,100,6.72,0.2,1.3,0.0,100,5.32,0.2
2026-01-05T03:00:00+00:00,2026-01-05T05:00:00+02:00,0.4461,1.0,0.0,100,9.05,0.1,3.9,0.0,100,7.04,0.3,1.2,0.0,100,5.54,0.2
2026-01-05T04:00:00+00:00,2026-01-05T06:00:00+02:00,0.46324,0.6,0.0,100,9.48,0.1,3.8,0.0,100,7.14,0.1,1.0,0.0,100,6.08,0.1
2026-01-05T05:00:00+00:00,2026-01-05T07:00:00+02:00,0.5558525,0.4,0.0,100,10.04,0.1,3.9,0.0,100,7.55,0.1,0.7,0.0,100,6.38,0.0
2026-01-05T06:00:00+00:00,2026-01-05T08:00:00+02:00,0.659305,0.2,13.0,100,10.44,0.2,4.2,12.0,100,7.87,0.1,0.5,17.0,100,6.6,0.2
2026-01-05T07:00:00+00:00,2026-01-05T09:00:00+02:00,0.770765,0.0,27.0,100,10.49,0.3,4.4,28.0,100,7.94,0.0,0.4,35.0,100,7.02,0.2
2026-01-05T08:00:00+00:00,2026-01-05T10:00:00+02:00,0.7757375,0.1,57.0,100,10.29,0.1,5.2,52.0,100,7.91,0.0,0.7,46.0,100,6.58,0.1
2026-01-05T09:00:00+00:00,2026-01-05T11:00:00+02:00,0.74611,0.1,73.0,100,10.29,0.0,5.7,63.0,100,8.2,0.0,1.0,61.0,100,6.64,0.1
2026-01-05T10:00:00+00:00,2026-01-05T12:00:00+02:00,0.7002575,0.1,89.0,100,8.93,0.0,6.2,91.0,100,7.72,0.0,1.5,68.0,100,6.77,0.0
2026-01-05T11:00:00+00:00,2026-01-05T13:00:00+02:00,0.6901325,0.1,61.0,100,8.27,0.1,6.5,72.0,100,7.8,0.0,2.0,46.0,100,6.71,0.0
2026-01-05T12:00:00+00:00,2026-01-05T14:00:00+02:00,0.726355,0.2,40.0,100,8.25,0.2,6.6,70.0,100,7.46,0.0,2.3,28.0,100,6.5,0.0
2026-01-05T13:00:00+00:00,2026-01-05T15:00:00+02:00,0.8729275,0.1,26.0,100,7.71,0.2,6.7,32.0,100,7.46,0.0,2.6,11.0,100,7.17,0.0
2026-01-05T14:00:00+00:00,2026-01-05T16:00:00+02:00,0.95015,0.1,5.0,100,7.32,0.3,6.8,5.0,100,6.59,0.1,3.0,2.0,100,7.1,0.0
2026-01-05T15:00:00+00:00,2026-01-05T17:00:00+02:00,1.0466175,0.2,0.0,100,7.99,0.3,6.8,0.0,100,5.96,0.0,3.3,0.0,100,7.12,0.0
2026-01-05T16:00:00+00:00,2026-01-05T18:00:00+02:00,1.1446475,0.2,0.0,100,7.83,0.3,6.8,0.0,100,4.87,0.0,3.4,0.0,100,7.18,0.1
2026-01-05T17:00:00+00:00,2026-01-05T19:00:00+02:00,1.0889625,0.2,0.0,100,7.47,0.2,6.8,0.0,100,3.8,0.0,3.8,0.0,100,7.07,0.1
2026-01-05T18:00:00+00:00,2026-01-05T20:00:00+02:00,0.932005,0.3,0.0,100,7.36,0.0,7.6,0.0,100,3.49,0.1,3.9,0.0,100,6.7,0.1
2026-01-05T19:00:00+00:00,2026-01-05T21:00:00+02:00,0.74965,0.5,0.0,100,7.25,0.0,8.4,0.0,100,3.19,0.1,4.1,0.0,100,5.86,0.2
2026-01-05T20:00:00+00:00,2026-01-05T22:00:00+02:00,0.658235,0.6,0.0,100,7.07,0.0,8.7,0.0,100,4.61,0.0,4.7,0.0,100,5.07,0.1
2026-01-05T21:00:00+00:00,2026-01-05T23:00:00+02:00,0.63145,0.6,0.0,100,6.79,0.0,8.5,0.0,94,6.6,0.0,4.9,0.0,100,4.75,0.1
2026-01-05T22:00:00+00:00,2026-01-06T00:00:00+02:00,0.567465,1.0,0.0,100,5.62,0.0,8.5,0.0,98,7.0,0.0,5.4,0.0,100,3.57,0.0
2026-01-05T23:00:00+00:00,2026-01-06T01:00:00+02:00,0.5337925,1.1,0.0,100,5.2,0.0,8.9,0.0,100,7.25,0.0,5.2,0.0,100,3.47,0.0
2026-01-06T00:00:00+00:00,2026-01-06T02:00:00+02:00,0.533305,1.2,0.0,100,5.09,0.0,9.0,0.0,100,7.52,0.0,4.8,0.0,100,3.89,0.0
2026-01-06T01:00:00+00:00,2026-01-06T03:00:00+02:00,0.5177275,1.2,0.0,100,4.91,0.0,9.0,0.0,100,8.33,0.0,4.8,0.0,100,4.23,0.0
2026-01-06T02:00:00+00:00,2026-01-06T04:00:00+02:00,0.5103,1.4,0.0,100,4.38,0.0,9.1,0.0,91,8.93,0.0,4.9,0.0,99,4.57,0.0
2026-01-06T03:00:00+00:00,2026-01-06T05:00:00+02:00,0.5223475,1.4,0.0,100,3.29,0.0,8.7,0.0,88,8.88,0.0,5.0,0.0,95,5.2,0.0
2026-01-06T04:00:00+00:00,2026-01-06T06:00:00+02:00,0.5455375,1.1,0.0,100,2.22,0.0,8.3,0.0,85,8.7,0.0,5.2,0.0,82,5.66,0.0
2026-01-06T05:00:00+00:00,2026-01-06T07:00:00+02:00,0.6183925,1.2,0.0,100,0.6,0.1,7.9,1.0,93,8.71,0.0,5.7,1.0,86,6.44,0.0
2026-01-06T06:00:00+00:00,2026-01-06T08:00:00+02:00,0.7061425,1.4,15.0,100,0.8,0.0,7.9,47.0,86,8.51,0.0,5.7,28.0,87,7.18,0.0
2026-01-06T07:00:00+00:00,2026-01-06T09:00:00+02:00,0.8370925,1.5,41.0,100,1.41,0.2,8.6,115.0,72,8.36,0.0,6.3,66.0,100,6.78,0.0
2026-01-06T08:00:00+00:00,2026-01-06T10:00:00+02:00,0.8607175,1.9,40.0,100,0.84,0.3,10.8,212.0,54,8.02,0.0,9.0,115.0,100,5.66,0.0
2026-01-06T09:00:00+00:00,2026-01-06T11:00:00+02:00,0.7894625,2.3,55.0,100,0.87,0.2,11.8,242.0,35,7.12,0.0,10.2,97.0,100,4.75,0.0
2026-01-06T10:00:00+00:00,2026-01-06T12:00:00+02:00,0.75083,1.6,74.0,100,2.38,0.1,12.8,275.0,50,7.47,0.0,10.7,127.0,100,3.45,0.0
2026-01-06T11:00:00+00:00,2026-01-06T13:00:00+02:00,0.68601,2.5,95.0,100,1.62,0.0,13.6,213.0,99,6.73,0.0,11.1,127.0,100,3.69,0.0
2026-01-06T12:00:00+00:00,2026-01-06T14:00:00+02:00,0.6693875,3.3,133.0,100,2.3,0.0,14.1,126.0,100,4.52,0.0,11.3,69.0,100,3.09,0.0
2026-01-06T13:00:00+00:00,2026-01-06T15:00:00+02:00,0.6815425,4.0,47.0,100,2.34,0.0,13.3,83.0,99,3.75,0.0,10.6,32.0,100,2.53,0.0
2026-01-06T14:00:00+00:00,2026-01-06T16:00:00+02:00,0.7166325,4.0,11.0,100,2.0,0.0,12.2,12.0,78,3.37,0.0,9.3,7.0,98,2.48,0.0
2026-01-06T15:00:00+00:00,2026-01-06T17:00:00+02:00,0.7460625,4.0,0.0,100,2.69,0.0,11.3,0.0,64,3.34,0.0,8.6,0.0,87,3.07,0.0
2026-01-06T16:00:00+00:00,2026-01-06T18:00:00+02:00,0.7800325,3.9,0.0,100,3.06,0.1,10.6,0.0,60,3.37,0.0,7.9,0.0,75,3.65,0.0
2026-01-06T17:00:00+00:00,2026-01-06T19:00:00+02:00,0.7559475,3.6,0.0,100,3.09,0.0,9.4,0.0,97,3.99,0.0,6.8,0.0,81,3.58,0.0
2026-01-06T18:00:00+00:00,2026-01-06T20:00:00+02:00,0.709295,3.3,0.0,100,2.48,0.8,9.2,0.0,96,5.62,0.0,6.2,0.0,100,3.06,0.1
2026-01-06T19:00:00+00:00,2026-01-06T21:00:00+02:00,0.623065,3.0,0.0,100,1.3,0.2,9.4,0.0,88,7.08,0.3,6.0,0.0,100,2.06,0.0
2026-01-06T20:00:00+00:00,2026-01-06T22:00:00+02:00,0.5870075,2.4,0.0,100,0.85,0.0,9.3,0.0,97,8.05,0.1,5.9,0.0,100,1.48,0.0
2026-01-06T21:00:00+00:00,2026-01-06T23:00:00+02:00,0.5614875,2.5,0.0,100,1.6,0.3,9.9,0.0,95,8.4,0.0,6.4,0.0,100,1.7,0.0
2026-01-06T22:00:00+00:00,2026-01-07T00:00:00+02:00,0.483125,3.0,0.0,100,1.8,0.2,10.2,0.0,97,8.18,0.0,5.5,0.0,100,2.44,0.0
2026-01-06T23:00:00+00:00,2026-01-07T01:00:00+02:00,0.48086,2.8,0.0,100,3.83,0.2,9.9,0.0,95,7.43,0.0,5.2,0.0,100,2.27,0.0
2026-01-07T00:00:00+00:00,2026-01-07T02:00:00+02:00,0.4536925,2.6,0.0,100,4.04,0.0,9.6,0.0,81,6.36,0.0,5.0,0.0,100,1.78,0.0
2026-01-07T01:00:00+00:00,2026-01-07T03:00:00+02:00,0.4351375,2.4,0.0,100,4.2,0.0,9.4,0.0,72,6.83,0.0,5.0,0.0,100,0.78,0.0
2026-01-07T02:00:00+00:00,2026-01-07T04:00:00+02:00,0.4171675,2.3,0.0,100,4.83,0.0,9.7,0.0,55,7.16,0.0,4.9,0.0,100,0.27,0.1
2026-01-07T03:00:00+00:00,2026-01-07T05:00:00+02:00,0.43209,2.3,0.0,100,5.44,0.0,9.3,0.0,39,7.33,0.0,4.9,0.0,100,0.18,0.1
2026-01-07T04:00:00+00:00,2026-01-07T06:00:00+02:00,0.49562,2.3,0.0,100,5.88,0.0,9.3,0.0,29,7.33,0.0,5.1,0.0,100,0.16,0.0
2026-01-07T05:00:00+00:00,2026-01-07T07:00:00+02:00,0.6260375,2.5,0.0,100,5.86,0.0,9.4,1.0,26,7.33,0.0,4.9,0.0,100,0.65,0.0
2026-01-07T06:00:00+00:00,2026-01-07T08:00:00+02:00,0.808705,2.4,10.0,100,5.91,0.0,9.2,51.0,10,7.22,0.0,4.8,13.0,100,0.32,0.0
2026-01-07T07:00:00+00:00,2026-01-07T09:00:00+02:00,0.8936225,2.4,47.0,100,5.51,0.0,9.6,142.0,17,7.11,0.0,5.3,39.0,100,0.11,0.0
2026-01-07T08:00:00+00:00,2026-01-07T10:00:00+02:00,0.87967,2.8,62.0,100,4.62,0.0,10.9,199.0,28,6.77,0.0,6.3,65.0,97,1.0,0.0
2026-01-07T09:00:00+00:00,2026-01-07T11:00:00+02:00,0.7543975,2.9,66.0,100,3.71,0.0,12.1,220.0,27,6.83,0.0,6.9,93.0,84,1.55,0.0
2026-01-07T10:00:00+00:00,2026-01-07T12:00:00+02:00,0.7717725,3.3,73.0,100,2.21,0.0,13.9,211.0,45,5.85,0.0,7.8,94.0,99,0.74,0.0
2026-01-07T11:00:00+00:00,2026-01-07T13:00:00+02:00,0.80747,3.3,78.0,100,1.88,0.0,13.9,210.0,82,4.85,0.1,7.9,69.0,100,1.74,0.0
2026-01-07T12:00:00+00:00,2026-01-07T14:00:00+02:00,0.9116425,3.6,58.0,100,1.08,0.1,14.3,153.0,99,3.94,0.3,7.5,38.0,100,3.0,0.0
2026-01-07T13:00:00+00:00,2026-01-07T15:00:00+02:00,0.8943125,3.9,31.0,100,2.44,0.2,13.8,73.0,95,3.28,1.0,6.8,19.0,100,3.76,0.0
2026-01-07T14:00:00+00:00,2026-01-07T16:00:00+02:00,0.99412,4.0,7.0,100,2.47,0.2,11.9,8.0,93,4.47,0.4,5.8,3.0,100,4.22,0.0
2026-01-07T15:00:00+00:00,2026-01-07T17:00:00+02:00,1.024045,3.9,0.0,100,2.13,0.2,10.3,0.0,97,4.99,0.0,5.5,0.0,100,4.21,0.0
2026-01-07T16:00:00+00:00,2026-01-07T18:00:00+02:00,0.9670275,3.6,0.0,100,2.41,0.2,9.2,0.0,100,4.95,0.0,5.0,0.0,100,4.56,0.0
2026-01-07T17:00:00+00:00,2026-01-07T19:00:00+02:00,0.8996625,3.5,0.0,100,1.69,0.3,8.0,0.0,97,4.79,0.1,4.1,0.0,100,4.69,0.0
2026-01-07T18:00:00+00:00,2026-01-07T20:00:00+02:00,0.848355,3.3,0.0,100,1.86,0.1,7.5,0.0,98,4.08,0.0,3.8,0.0,100,4.88,0.0
2026-01-07T19:00:00+00:00,2026-01-07T21:00:00+02:00,0.785865,3.0,0.0,100,4.28,0.1,7.1,0.0,100,2.96,0.0,3.7,0.0,100,4.58,0.0
2026-01-07T20:00:00+00:00,2026-01-07T22:00:00+02:00,0.652825,2.6,0.0,100,6.84,0.1,6.5,0.0,100,2.23,0.0,3.2,0.0,100,3.71,0.0
2026-01-07T21:00:00+00:00,2026-01-07T23:00:00+02:00,0.599,2.3,0.0,100,6.97,0.3,6.3,0.0,100,2.98,0.2,3.0,0.0,100,3.08,0.0
2026-01-07T22:00:00+00:00,2026-01-08T00:00:00+02:00,0.53731,2.1,0.0,100,7.55,0.4,6.3,0.0,100,1.82,0.1,2.8,0.0,100,3.63,0.0
2026-01-07T23:00:00+00:00,2026-01-08T01:00:00+02:00,0.48975,1.8,0.0,100,8.09,0.3,6.3,0.0,100,3.49,0.5,2.7,0.0,100,2.25,0.0
2026-01-08T00:00:00+00:00,2026-01-08T02:00:00+02:00,0.4782925,1.4,0.0,100,7.9,0.4,6.4,0.0,100,5.51,0.4,2.6,0.0,100,2.55,0.2
2026-01-08T01:00:00+00:00,2026-01-08T03:00:00+02:00,0.430265,1.0,0.0,100,8.28,0.2,7.0,0.0,100,6.71,0.0,2.5,0.0,100,3.29,0.7
2026-01-08T02:00:00+00:00,2026-01-08T04:00:00+02:00,0.419825,0.6,0.0,100,7.67,0.2,8.2,0.0,100,7.6,0.0,2.5,0.0,100,3.48,0.9
2026-01-08T03:00:00+00:00,2026-01-08T05:00:00+02:00,0.449215,0.6,0.0,100,5.88,0.1,9.3,0.0,100,8.03,0.0,2.4,0.0,100,4.75,0.6
2026-01-08T04:00:00+00:00,2026-01-08T06:00:00+02:00,0.5029025,0.6,0.0,100,3.44,1.6,10.1,0.0,98,9.66,0.0,2.9,0.0,100,5.76,1.5
2026-01-08T05:00:00+00:00,2026-01-08T07:00:00+02:00,0.6512425,0.5,0.0,100,3.11,2.0,10.3,1.0,92,12.02,0.0,4.9,0.0,100,6.04,3.6
2026-01-08T06:00:00+00:00,2026-01-08T08:00:00+02:00,0.9225375,0.8,11.0,100,3.13,0.2,10.2,25.0,100,11.73,2.1,6.4,19.0,100,5.36,2.1
2026-01-08T07:00:00+00:00,2026-01-08T09:00:00+02:00,1.1013975,0.8,41.0,100,4.13,0.3,9.7,52.0,98,9.61,1.7,7.5,49.0,99,4.69,1.0
2026-01-08T08:00:00+00:00,2026-01-08T10:00:00+02:00,1.08414,0.2,78.0,100,6.26,0.3,8.2,36.0,100,8.76,1.2,7.8,46.0,100,4.74,0.3
2026-01-08T09:00:00+00:00,2026-01-08T11:00:00+02:00,1.04078,0.2,114.0,99,7.87,0.3,7.6,41.0,100,10.48,0.1,7.1,44.0,100,7.65,0.1
2026-01-08T10:00:00+00:00,2026-01-08T12:00:00+02:00,1.05118,0.3,120.0,100,8.39,0.4,1.8,46.0,100,10.56,0.1,0.7,43.0,100,7.06,0.1
2026-01-08T11:00:00+00:00,2026-01-08T13:00:00+02:00,1.0708325,-0.4,99.0,100,8.7,0.3,1.7,63.0,100,11.51,0.2,0.5,36.0,100,7.45,0.6
2026-01-08T12:00:00+00:00,2026-01-08T14:00:00+02:00,1.138925,-0.3,61.0,100,8.77,0.3,1.5,36.0,100,11.42,0.2,0.9,49.0,100,7.93,0.6
2026-01-08T13:00:00+00:00,2026-01-08T15:00:00+02:00,1.2585825,0.0,49.0,96,8.5,0.2,1.0,19.0,99,10.8,0.3,1.0,23.0,100,8.19,0.6
2026-01-08T14:00:00+00:00,2026-01-08T16:00:00+02:00,1.25118,0.6,10.0,94,9.46,0.1,0.0,4.0,99,10.6,0.3,0.0,3.0,100,8.06,0.6
2026-01-08T15:00:00+00:00,2026-01-08T17:00:00+02:00,1.237325,0.9,0.0,99,9.61,0.0,-0.3,0.0,94,10.46,0.3,0.1,0.0,100,8.46,0.5
2026-01-08T16:00:00+00:00,2026-01-08T18:00:00+02:00,1.2009925,0.6,0.0,99,9.68,0.0,-0.4,0.0,97,10.0,0.3,0.2,0.0,97,8.74,0.4
2026-01-08T17:00:00+00:00,2026-01-08T19:00:00+02:00,1.1551125,-0.2,0.0,85,10.07,0.0,-0.3,0.0,93,9.81,0.3,-0.1,0.0,93,7.98,0.3
2026-01-08T18:00:00+00:00,2026-01-08T20:00:00+02:00,1.03136,-1.2,0.0,70,10.36,0.0,-0.2,0.0,97,10.04,0.3,-0.2,0.0,99,7.58,0.3
2026-01-08T19:00:00+00:00,2026-01-08T21:00:00+02:00,0.8183825,-1.8,0.0,84,10.26,0.0,-0.1,0.0,97,10.15,0.1,-0.4,0.0,100,7.74,0.1
2026-01-08T20:00:00+00:00,2026-01-08T22:00:00+02:00,0.6753175,-2.2,0.0,98,9.91,0.0,-0.4,0.0,100,9.87,0.0,-0.8,0.0,98,7.97,0.0
2026-01-08T21:00:00+00:00,2026-01-08T23:00:00+02:00,0.6150225,-2.4,0.0,84,9.95,0.0,-0.9,0.0,92,9.53,0.0,-0.8,0.0,98,8.36,0.0
2026-01-08T22:00:00+00:00,2026-01-09T00:00:00+02:00,0.5391075,-2.4,0.0,56,8.7,0.0,-1.7,0.0,91,9.42,0.0,-1.1,0.0,99,7.74,0.1
2026-01-08T23:00:00+00:00,2026-01-09T01:00:00+02:00,0.523605,-2.7,0.0,42,8.47,0.0,-2.0,0.0,89,9.2,0.0,-1.4,0.0,96,7.85,0.0
2026-01-09T00:00:00+00:00,2026-01-09T02:00:00+02:00,0.5049125,-2.7,0.0,39,8.44,0.0,-2.1,0.0,89,8.91,0.0,-1.3,0.0,88,7.03,0.0
2026-01-09T01:00:00+00:00,2026-01-09T03:00:00+02:00,0.4939825,-2.9,0.0,23,8.25,0.0,-2.3,0.0,96,9.06,0.0,-1.3,0.0,98,6.58,0.0
2026-01-09T02:00:00+00:00,2026-01-09T04:00:00+02:00,0.45716,-3.1,0.0,6,8.96,0.0,-2.4,0.0,100,9.25,0.0,-1.6,0.0,98,6.81,0.0
2026-01-09T03:00:00+00:00,2026-01-09T05:00:00+02:00,0.5208475,-3.3,0.0,1,8.96,0.0,-3.1,0.0,95,9.16,0.0,-2.2,0.0,100,7.39,0.0
2026-01-09T04:00:00+00:00,2026-01-09T06:00:00+02:00,0.5602225,-3.7,0.0,2,9.25,0.0,-3.3,0.0,95,9.91,0.0,-2.7,0.0,87,7.85,0.0
2026-01-09T05:00:00+00:00,2026-01-09T07:00:00+02:00,0.675345,-3.8,0.0,1,9.28,0.0,-3.6,2.0,75,8.87,0.0,-3.1,1.0,38,7.54,0.0
2026-01-09T06:00:00+00:00,2026-01-09T08:00:00+02:00,1.0417375,-4.0,55.0,2,9.16,0.0,-3.8,74.0,28,9.14,0.0,-3.3,64.0,21,7.53,0.0
2026-01-09T07:00:00+00:00,2026-01-09T09:00:00+02:00,0.77117,-4.0,182.0,6,8.28,0.0,-3.8,201.0,5,8.47,0.0,-3.2,187.0,5,7.21,0.0
2026-01-09T08:00:00+00:00,2026-01-09T10:00:00+02:00,0.588025,-2.5,297.0,0,6.85,0.0,-2.7,316.0,6,8.24,0.0,-1.8,294.0,2,5.78,0.0
2026-01-09T09:00:00+00:00,2026-01-09T11:00:00+02:00,0.66157,-1.2,371.0,0,7.23,0.0,-1.9,375.0,6,8.12,0.0,-1.2,357.0,4,5.66,0.0
2026-01-09T10:00:00+00:00,2026-01-09T12:00:00+02:00,0.7047175,-0.2,394.0,0,6.16,0.0,-0.9,388.0,31,7.36,0.0,0.0,367.0,2,5.36,0.0
2026-01-09T11:00:00+00:00,2026-01-09T13:00:00+02:00,0.64265,0.8,362.0,0,6.02,0.0,-0.2,348.0,4,6.85,0.0,0.4,326.0,2,5.33,0.0
2026-01-09T12:00:00+00:00,2026-01-09T14:00:00+02:00,0.7463325,1.4,278.0,1,5.91,0.0,0.2,255.0,84,6.85,0.0,0.7,237.0,12,6.07,0.0
2026-01-09T13:00:00+00:00,2026-01-09T15:00:00+02:00,0.7737825,1.7,148.0,25,5.58,0.0,0.3,137.0,100,6.85,0.0,0.6,117.0,38,6.69,0.0
2026-01-09T14:00:00+00:00,2026-01-09T16:00:00+02:00,0.7628925,1.3,28.0,86,5.49,0.0,0.0,21.0,6,6.05,0.0,-0.0,15.0,41,6.04,0.0
2026-01-09T15:00:00+00:00,2026-01-09T17:00:00+02:00,0.9115225,0.1,0.0,94,5.61,0.0,-0.5,0.0,3,5.9,0.0,-0.7,0.0,20,5.95,0.0
2026-01-09T16:00:00+00:00,2026-01-09T18:00:00+02:00,0.9729275,-0.4,0.0,92,6.15,0.0,-1.1,0.0,21,5.98,0.0,-1.2,0.0,11,7.01,0.0
2026-01-09T17:00:00+00:00,2026-01-09T19:00:00+02:00,0.9374975,-0.3,0.0,92,5.81,0.0,-1.8,0.0,16,6.55,0.0,-2.1,0.0,4,7.47,0.0
2026-01-09T18:00:00+00:00,2026-01-09T20:00:00+02:00,0.857465,0.1,0.0,98,5.1,0.0,-1.5,0.0,25,7.03,0.0,-2.1,0.0,18,7.65,0.0
2026-01-09T19:00:00+00:00,2026-01-09T21:00:00+02:00,0.8135975,0.3,0.0,99,5.03,0.0,-1.3,0.0,14,7.0,0.0,-2.1,0.0,54,7.22,0.0
2026-01-09T20:00:00+00:00,2026-01-09T22:00:00+02:00,0.67477,0.3,0.0,99,4.3,0.0,-0.6,0.0,16,6.91,0.0,-2.3,0.0,51,6.56,0.0
2026-01-09T21:00:00+00:00,2026-01-09T23:00:00+02:00,0.6255125,0.4,0.0,97,4.18,0.0,-0.0,0.0,12,6.71,0.0,-2.1,0.0,74,6.38,0.0
2026-01-09T22:00:00+00:00,2026-01-10T00:00:00+02:00,0.567385,-0.2,0.0,93,2.42,0.0,0.2,0.0,10,5.23,0.0,-1.7,0.0,80,5.81,0.0
2026-01-09T23:00:00+00:00,2026-01-10T01:00:00+02:00,0.5835375,0.0,0.0,96,1.88,0.0,-0.1,0.0,70,4.73,0.0,-1.5,0.0,40,5.53,0.0
2026-01-10T00:00:00+00:00,2026-01-10T02:00:00+02:00,0.5586925,0.9,0.0,98,0.94,0.0,-0.5,0.0,100,4.75,0.0,-1.6,0.0,34,5.53,0.0
2026-01-10T01:00:00+00:00,2026-01-10T03:00:00+02:00,0.5524275,0.6,0.0,99,1.39,0.0,0.3,0.0,95,5.05,0.0,-1.9,0.0,82,5.26,0.0
2026-01-10T02:00:00+00:00,2026-01-10T04:00:00+02:00,0.539225,0.6,0.0,100,2.56,0.0,1.5,0.0,84,5.0,0.0,-0.8,0.0,97,3.95,0.0
2026-01-10T03:00:00+00:00,2026-01-10T05:00:00+02:00,0.5291,0.3,0.0,97,3.51,0.0,1.9,0.0,87,5.33,0.5,-0.2,0.0,100,2.79,0.3
2026-01-10T04:00:00+00:00,2026-01-10T06:00:00+02:00,0.5446375,0.3,0.0,97,3.4,0.0,1.4,0.0,95,4.81,0.0,-0.1,0.0,100,2.41,0.1
2026-01-10T05:00:00+00:00,2026-01-10T07:00:00+02:00,0.5953775,-0.4,0.0,94,3.0,0.0,1.3,2.0,100,5.16,0.0,0.4,0.0,100,2.31,0.0
2026-01-10T06:00:00+00:00,2026-01-10T08:00:00+02:00,0.6573475,0.2,26.0,98,2.75,0.0,1.9,29.0,99,5.08,0.3,0.3,16.0,100,2.12,0.2
2026-01-10T07:00:00+00:00,2026-01-10T09:00:00+02:00,0.7757125,0.2,113.0,100,3.32,0.0,2.0,82.0,100,4.94,0.3,0.1,28.0,93,1.24,0.3
2026-01-10T08:00:00+00:00,2026-01-10T10:00:00+02:00,0.77245,1.0,217.0,99,3.91,0.0,2.6,128.0,100,4.93,0.2,0.7,84.0,100,0.72,0.1
2026-01-10T09:00:00+00:00,2026-01-10T11:00:00+02:00,0.73874,2.2,280.0,99,3.17,0.0,3.1,179.0,100,4.26,0.0,1.0,108.0,100,1.45,0.0
2026-01-10T10:00:00+00:00,2026-01-10T12:00:00+02:00,0.70975,3.1,299.0,99,4.47,0.0,3.4,192.0,99,4.44,0.0,1.2,235.0,75,3.01,0.0
2026-01-10T11:00:00+00:00,2026-01-10T13:00:00+02:00,0.69828,3.6,264.0,100,3.64,0.0,3.4,208.0,100,4.51,0.0,1.6,295.0,46,3.92,0.0
2026-01-10T12:00:00+00:00,2026-01-10T14:00:00+02:00,0.686835,4.1,172.0,100,2.16,0.0,3.9,162.0,100,3.55,0.0,1.6,218.0,63,4.27,0.0
2026-01-10T13:00:00+00:00,2026-01-10T15:00:00+02:00,0.6703375,4.1,75.0,100,0.51,0.0,4.0,91.0,100,2.47,0.0,1.5,104.0,95,4.16,0.0
2026-01-10T14:00:00+00:00,2026-01-10T16:00:00+02:00,0.69549,3.9,18.0,100,1.25,0.0,3.4,15.0,100,1.97,0.0,0.6,13.0,100,4.12,0.0
2026-01-10T15:00:00+00:00,2026-01-10T17:00:00+02:00,0.6993425,3.4,0.0,100,3.49,0.0,2.5,0.0,100,2.62,0.0,0.3,0.0,100,4.01,0.0
2026-01-10T16:00:00+00:00,2026-01-10T18:00:00+02:00,0.7244975,2.5,0.0,100,5.42,0.0,2.4,0.0,100,3.84,0.0,-0.0,0.0,100,5.27,0.0
2026-01-10T17:00:00+00:00,2026-01-10T19:00:00+02:00,0.7027075,1.7,0.0,99,6.47,0.0,2.4,0.0,100,4.5,0.3,-0.7,0.0,100,5.35,0.0
2026-01-10T18:00:00+00:00,2026-01-10T20:00:00+02:00,0.6534,1.1,0.0,100,7.72,0.2,2.6,0.0,100,6.3,0.4,-1.1,0.0,100,5.36,0.0
2026-01-10T19:00:00+00:00,2026-01-10T21:00:00+02:00,0.61575,0.4,0.0,100,8.16,0.2,2.9,0.0,100,6.71,0.4,-1.0,0.0,100,6.19,0.1
2026-01-10T20:00:00+00:00,2026-01-10T22:00:00+02:00,0.5799875,0.1,0.0,100,8.29,0.2,2.6,0.0,100,7.97,0.6,-1.3,0.0,100,7.22,0.0
2026-01-10T21:00:00+00:00,2026-01-10T23:00:00+02:00,0.55011,0.0,0.0,100,7.71,0.4,2.6,0.0,100,8.94,0.7,-1.5,0.0,100,7.53,0.1
2026-01-10T22:00:00+00:00,2026-01-11T00:00:00+02:00,0.49954,-0.7,0.0,100,8.28,0.5,1.2,0.0,100,9.5,1.2,-2.1,0.0,100,8.87,0.1
2026-01-10T23:00:00+00:00,2026-01-11T01:00:00+02:00,0.49311,-1.0,0.0,100,7.78,0.6,0.6,0.0,100,10.48,1.6,-2.4,0.0,100,9.4,0.2
2026-01-11T00:00:00+00:00,2026-01-11T02:00:00+02:00,0.4719775,-1.2,0.0,100,7.61,0.5,0.1,0.0,100,10.36,1.8,-2.7,0.0,100,10.26,0.2
2026-01-11T01:00:00+00:00,2026-01-11T03:00:00+02:00,0.44799,-1.4,0.0,100,7.8,0.3,-0.6,0.0,100,10.42,1.7,-3.0,0.0,100,10.39,0.2
2026-01-11T02:00:00+00:00,2026-01-11T04:00:00+02:00,0.43183,-1.8,0.0,100,6.84,0.2,-2.2,0.0,100,11.11,1.2,-4.2,0.0,100,10.49,0.2
2026-01-11T03:00:00+00:00,2026-01-11T05:00:00+02:00,0.4207425,-2.0,0.0,100,5.73,0.2,-3.1,0.0,100,11.0,0.9,-4.8,0.0,100,9.8,0.2
2026-01-11T04:00:00+00:00,2026-01-11T06:00:00+02:00,0.4185925,-2.6,0.0,100,5.05,0.1,-3.6,0.0,100,10.3,0.8,-5.2,0.0,100,9.13,0.1
2026-01-11T05:00:00+00:00,2026-01-11T07:00:00+02:00,0.41524,-3.0,0.0,100,4.78,0.1,-4.4,1.0,100,10.25,0.6,-5.9,1.0,100,8.77,0.0
2026-01-11T06:00:00+00:00,2026-01-11T08:00:00+02:00,0.428775,-3.5,18.0,100,4.32,0.2,-4.5,37.0,100,9.83,0.4,-6.1,22.0,100,8.74,0.4
2026-01-11T07:00:00+00:00,2026-01-11T09:00:00+02:00,0.4689525,-3.8,66.0,99,3.84,0.2,-4.7,88.0,100,8.94,0.2,-6.1,77.0,100,8.94,0.1
2026-01-11T08:00:00+00:00,2026-01-11T10:00:00+02:00,0.5295125,-3.9,131.0,100,3.4,0.1,-4.6,157.0,100,7.81,0.2,-5.8,211.0,100,8.37,0.0
2026-01-11T09:00:00+00:00,2026-01-11T11:00:00+02:00,0.5178625,-3.8,240.0,100,3.0,0.1,-4.4,296.0,99,7.09,0.1,-5.5,223.0,100,7.12,0.0
2026-01-11T10:00:00+00:00,2026-01-11T12:00:00+02:00,0.5142625,-4.5,249.0,100,2.83,0.1,-4.4,348.0,99,6.78,0.0,-4.5,206.0,100,6.23,0.0
2026-01-11T11:00:00+00:00,2026-01-11T13:00:00+02:00,0.4958325,-4.3,174.0,100,1.9,0.1,-4.4,343.0,97,6.23,0.0,-4.4,201.0,99,6.2,0.0
2026-01-11T12:00:00+00:00,2026-01-11T14:00:00+02:00,0.49656,-4.2,158.0,100,1.39,0.0,-4.1,273.0,80,6.37,0.0,-4.0,148.0,82,6.23,0.0
2026-01-11T13:00:00+00:00,2026-01-11T15:00:00+02:00,0.51136,-4.1,93.0,100,0.9,0.0,-4.3,152.0,27,6.42,0.0,-4.0,114.0,37,5.86,0.0
2026-01-11T14:00:00+00:00,2026-01-11T16:00:00+02:00,0.5243825,-4.0,21.0,99,1.81,0.1,-5.3,26.0,14,5.48,0.0,-3.8,17.0,6,4.99,0.0
2026-01-11T15:00:00+00:00,2026-01-11T17:00:00+02:00,0.615155,-4.0,0.0,99,3.2,0.1,-6.8,0.0,17,3.65,0.0,-4.8,0.0,0,4.1,0.0
2026-01-11T16:00:00+00:00,2026-01-11T18:00:00+02:00,0.62016,-4.1,0.0,94,3.88,0.1,-6.5,0.0,72,4.27,0.0,-4.7,0.0,3,2.55,0.0
2026-01-11T17:00:00+00:00,2026-01-11T19:00:00+02:00,0.6259925,-4.6,0.0,86,3.59,0.1,-6.2,0.0,87,5.7,0.0,-5.3,0.0,4,3.21,0.0
2026-01-11T18:00:00+00:00,2026-01-11T20:00:00+02:00,0.65,-4.9,0.0,59,3.75,0.0,-6.7,0.0,5,6.55,0.0,-5.3,0.0,0,5.21,0.0
2026-01-11T19:00:00+00:00,2026-01-11T21:00:00+02:00,0.58921,-6.2,0.0,27,4.32,0.0,-6.8,0.0,70,7.11,0.0,-5.6,0.0,0,6.08,0.0
2026-01-11T20:00:00+00:00,2026-01-11T22:00:00+02:00,0.5510025,-7.4,0.0,24,5.18,0.0,-7.0,0.0,82,7.52,0.0,-5.6,0.0,1,6.72,0.0
2026-01-11T21:00:00+00:00,2026-01-11T23:00:00+02:00,0.5324425,-7.6,0.0,15,5.43,0.0,-7.1,0.0,76,7.81,0.0,-5.2,0.0,2,7.1,0.0
2026-01-11T22:00:00+00:00,2026-01-12T00:00:00+02:00,0.4766375,-9.3,0.0,57,4.97,0.0,-7.1,0.0,87,7.87,0.0,-5.9,0.0,0,6.76,0.0
2026-01-11T23:00:00+00:00,2026-01-12T01:00:00+02:00,0.440325,-9.6,0.0,62,5.03,0.0,-7.2,0.0,68,7.89,0.0,-6.0,0.0,1,6.25,0.0
2026-01-12T00:00:00+00:00,2026-01-12T02:00:00+02:00,0.43948,-9.9,0.0,66,4.87,0.0,-7.4,0.0,83,7.62,0.0,-6.1,0.0,3,5.6,0.0
2026-01-12T01:00:00+00:00,2026-01-12T03:00:00+02:00,0.4475575,-10.0,0.0,64,5.05,0.0,-7.4,0.0,99,7.61,0.0,-6.2,0.0,1,5.42,0.0
2026-01-12T02:00:00+00:00,2026-01-12T04:00:00+02:00,0.44652,-10.1,0.0,54,5.8,0.0,-7.5,0.0,99,7.65,0.0,-6.4,0.0,11,5.6,0.0
2026-01-12T03:00:00+00:00,2026-01-12T05:00:00+02:00,0.4924175,-10.1,0.0,1,6.42,0.0,-7.5,0.0,17,7.81,0.0,-6.4,0.0,23,5.8,0.0
2026-01-12T04:00:00+00:00,2026-01-12T06:00:00+02:00,0.53598,-10.3,0.0,2,6.6,0.0,-7.6,0.0,14,7.92,0.0,-6.5,0.0,25,5.8,0.0
2026-01-12T05:00:00+00:00,2026-01-12T07:00:00+02:00,0.77175,-10.7,0.0,0,6.65,0.0,-7.5,3.0,19,7.87,0.0,-6.3,2.0,12,5.6,0.0
2026-01-12T06:00:00+00:00,2026-01-12T08:00:00+02:00,1.2603325,-10.7,60.0,0,6.32,0.0,-7.6,89.0,13,7.97,0.0,-6.1,73.0,1,5.62,0.0
2026-01-12T07:00:00+00:00,2026-01-12T09:00:00+02:00,1.3989825,-10.9,195.0,0,5.9,0.0,-8.0,229.0,24,8.32,0.0,-5.6,199.0,0,5.52,0.0
2026-01-12T08:00:00+00:00,2026-01-12T10:00:00+02:00,1.3362575,-9.2,312.0,23,5.63,0.0,-6.9,339.0,44,7.75,0.0,-2.8,306.0,0,4.33,0.0
2026-01-12T09:00:00+00:00,2026-01-12T11:00:00+02:00,1.1491075,-7.3,382.0,58,5.68,0.0,-6.7,414.0,11,7.27,0.0,-2.0,369.0,0,4.08,0.0
2026-01-12T10:00:00+00:00,2026-01-12T12:00:00+02:00,1.11122,-5.4,389.0,60,5.33,0.0,-5.8,432.0,1,7.3,0.0,-0.7,378.0,2,3.78,0.0
2026-01-12T11:00:00+00:00,2026-01-12T13:00:00+02:00,1.1382,-4.1,367.0,43,5.27,0.0,-5.4,386.0,2,7.6,0.0,-0.3,333.0,37,4.06,0.0
2026-01-12T12:00:00+00:00,2026-01-12T14:00:00+02:00,1.249975,-3.4,290.0,39,5.34,0.0,-5.0,291.0,17,7.75,0.0,-0.0,238.0,76,4.05,0.0
2026-01-12T13:00:00+00:00,2026-01-12T15:00:00+02:00,1.28555,-3.2,163.0,67,5.92,0.0,-4.8,153.0,36,7.9,0.0,-0.0,107.0,82,4.0,0.0
2026-01-12T14:00:00+00:00,2026-01-12T16:00:00+02:00,1.4586625,-3.5,37.0,51,6.38,0.0,-5.0,28.0,59,8.25,0.0,-1.2,16.0,86,4.1,0.0
2026-01-12T15:00:00+00:00,2026-01-12T17:00:00+02:00,1.8576525,-4.0,0.0,79,7.14,0.0,-5.0,0.0,61,8.41,0.0,-2.1,0.0,85,4.3,0.0
2026-01-12T16:00:00+00:00,2026-01-12T18:00:00+02:00,1.674905,-4.7,0.0,81,7.08,0.0,-5.2,0.0,93,8.58,0.0,-2.2,0.0,85,4.42,0.0
2026-01-12T17:00:00+00:00,2026-01-12T19:00:00+02:00,1.3690125,-5.1,0.0,59,6.8,0.0,-6.0,0.0,90,8.6,0.0,-3.1,0.0,80,4.68,0.0
2026-01-12T18:00:00+00:00,2026-01-12T20:00:00+02:00,1.6018025,-5.8,0.0,37,6.7,0.0,-6.2,0.0,95,8.25,0.0,-3.5,0.0,84,4.82,0.0
2026-01-12T19:00:00+00:00,2026-01-12T21:00:00+02:00,1.2836425,-7.0,0.0,8,6.29,0.0,-6.4,0.0,93,7.79,0.0,-3.7,0.0,68,4.76,0.0
2026-01-12T20:00:00+00:00,2026-01-12T22:00:00+02:00,0.8073575,-8.4,0.0,0,5.65,0.0,-6.9,0.0,67,7.49,0.0,-4.9,0.0,33,4.65,0.0
2026-01-12T21:00:00+00:00,2026-01-12T23:00:00+02:00,0.65157,-9.4,0.0,0,4.83,0.0,-7.1,0.0,15,7.53,0.0,-5.2,0.0,24,4.84,0.0
2026-01-12T22:00:00+00:00,2026-01-13T00:00:00+02:00,0.5751975,-9.2,0.0,2,3.38,0.0,-7.3,0.0,0,7.41,0.0,-5.9,0.0,49,5.19,0.0
2026-01-12T23:00:00+00:00,2026-01-13T01:00:00+02:00,0.5887475,-9.2,0.0,11,2.43,0.0,-7.7,0.0,0,6.96,0.0,-6.1,0.0,1,5.27,0.0
2026-01-13T00:00:00+00:00,2026-01-13T02:00:00+02:00,0.5708075,-9.8,0.0,41,1.65,0.0,-8.1,0.0,0,6.91,0.0,-6.2,0.0,0,5.2,0.0
2026-01-13T01:00:00+00:00,2026-01-13T03:00:00+02:00,0.561885,-10.0,0.0,58,0.11,0.0,-8.4,0.0,1,6.21,0.0,-6.4,0.0,0,4.97,0.0
2026-01-13T02:00:00+00:00,2026-01-13T04:00:00+02:00,0.5464625,-11.0,0.0,59,0.78,0.0,-8.6,0.0,5,6.38,0.0,-7.0,0.0,8,4.87,0.0
2026-01-13T03:00:00+00:00,2026-01-13T05:00:00+02:00,0.57718,-11.6,0.0,37,1.05,0.0,-8.9,0.0,6,6.1,0.0,-7.2,0.0,7,4.42,0.0
2026-01-13T04:00:00+00:00,2026-01-13T06:00:00+02:00,0.725155,-11.7,0.0,16,1.35,0.0,-9.1,0.0,4,5.38,0.0,-6.5,0.0,1,3.7,0.0
2026-01-13T05:00:00+00:00,2026-01-13T07:00:00+02:00,1.1944275,-12.1,0.0,8,1.99,0.0,-9.6,3.0,6,4.85,0.0,-5.9,2.0,1,2.75,0.0
2026-01-13T06:00:00+00:00,2026-01-13T08:00:00+02:00,1.6424,-12.4,60.0,12,2.44,0.0,-10.0,81.0,3,4.79,0.0,-6.4,71.0,4,1.7,0.0
2026-01-13T07:00:00+00:00,2026-01-13T09:00:00+02:00,1.7733175,-13.0,189.0,4,1.96,0.0,-9.9,210.0,1,4.48,0.0,-6.1,195.0,8,0.72,0.0
2026-01-13T08:00:00+00:00,2026-01-13T10:00:00+02:00,1.76863,-10.7,294.0,41,1.92,0.0,-7.7,332.0,0,4.09,0.0,-3.8,301.0,11,0.79,0.0
2026-01-13T09:00:00+00:00,2026-01-13T11:00:00+02:00,1.4630925,-9.1,337.0,91,2.42,0.0,-6.4,401.0,0,3.48,0.0,-2.9,366.0,2,1.36,0.0
2026-01-13T10:00:00+00:00,2026-01-13T12:00:00+02:00,1.499975,-5.9,331.0,98,2.39,0.0,-4.9,416.0,3,1.82,0.0,-1.7,381.0,5,2.36,0.0
2026-01-13T11:00:00+00:00,2026-01-13T13:00:00+02:00,1.5932375,-4.6,290.0,100,2.24,0.0,-4.2,373.0,34,2.4,0.0,-1.1,330.0,64,3.85,0.0
2026-01-13T12:00:00+00:00,2026-01-13T14:00:00+02:00,1.507065,-3.9,192.0,99,2.41,0.0,-3.4,268.0,49,3.4,0.0,-0.8,210.0,72,4.9,0.0
2026-01-13T13:00:00+00:00,2026-01-13T15:00:00+02:00,1.6493825,-3.6,100.0,100,2.76,0.0,-3.5,131.0,41,3.11,0.0,-0.7,100.0,80,5.14,0.0
2026-01-13T14:00:00+00:00,2026-01-13T16:00:00+02:00,1.6989725,-3.9,21.0,100,3.3,0.1,-4.8,22.0,100,3.01,0.0,-1.3,14.0,100,4.78,0.0
2026-01-13T15:00:00+00:00,2026-01-13T17:00:00+02:00,1.7852625,-4.3,0.0,100,3.89,0.2,-3.7,0.0,100,3.67,0.0,-2.3,0.0,100,5.23,0.0
2026-01-13T16:00:00+00:00,2026-01-13T18:00:00+02:00,1.926,-4.4,0.0,99,4.41,0.3,-4.9,0.0,100,4.78,0.0,-2.4,0.0,100,5.82,0.0
2026-01-13T17:00:00+00:00,2026-01-13T19:00:00+02:00,1.8903025,-4.3,0.0,97,4.16,0.2,-4.9,0.0,100,5.58,0.0,-2.9,0.0,99,6.0,0.0
2026-01-13T18:00:00+00:00,2026-01-13T20:00:00+02:00,1.8980975,-4.4,0.0,86,4.18,0.1,-4.1,0.0,98,5.98,0.0,-3.2,0.0,100,5.79,0.0
2026-01-13T19:00:00+00:00,2026-01-13T21:00:00+02:00,1.53428,-4.4,0.0,69,4.02,0.0,-2.1,0.0,99,5.92,0.0,-2.9,0.0,100,5.43,0.0
2026-01-13T20:00:00+00:00,2026-01-13T22:00:00+02:00,0.9838425,-5.4,0.0,48,4.2,0.0,-1.2,0.0,97,5.69,0.1,-2.9,0.0,98,4.92,0.0
2026-01-13T21:00:00+00:00,2026-01-13T23:00:00+02:00,0.706595,-6.2,0.0,65,4.52,0.0,-1.1,0.0,97,5.15,0.1,-2.9,0.0,95,4.2,0.0
2026-01-13T22:00:00+00:00,2026-01-14T00:00:00+02:00,0.613915,-6.3,0.0,34,3.72,0.0,-1.3,0.0,100,3.89,0.2,-3.5,0.0,91,2.91,0.0
2026-01-13T23:00:00+00:00,2026-01-14T01:00:00+02:00,0.6174375,-6.5,0.0,44,4.21,0.0,-1.4,0.0,100,3.13,0.1,-3.6,0.0,77,2.27,0.0
2026-01-14T00:00:00+00:00,2026-01-14T02:00:00+02:00,0.6096925,-6.6,0.0,44,4.41,0.0,-1.6,0.0,99,2.93,0.0,-3.7,0.0,55,1.9,0.0
2026-01-14T01:00:00+00:00,2026-01-14T03:00:00+02:00,0.6107925,-5.9,0.0,41,3.81,0.0,-1.5,0.0,99,4.13,0.0,-4.3,0.0,24,2.82,0.0
2026-01-14T02:00:00+00:00,2026-01-14T04:00:00+02:00,0.60076,-5.6,0.0,44,3.12,0.0,-1.5,0.0,80,5.24,0.0,-4.3,0.0,17,4.21,0.0
2026-01-14T03:00:00+00:00,2026-01-14T05:00:00+02:00,0.60616,-6.4,0.0,41,2.5,0.0,-2.0,0.0,42,5.49,0.0,-4.1,0.0,13,4.25,0.0
2026-01-14T04:00:00+00:00,2026-01-14T06:00:00+02:00,0.7144675,-5.3,0.0,89,2.27,0.0,-2.9,0.0,44,5.54,0.0,-4.2,0.0,8,4.34,0.0
2026-01-14T05:00:00+00:00,2026-01-14T07:00:00+02:00,1.13957,-5.5,0.0,88,2.86,0.0,-3.4,3.0,50,5.44,0.0,-4.6,2.0,4,4.38,0.0
2026-01-14T06:00:00+00:00,2026-01-14T08:00:00+02:00,1.40824,-5.6,51.0,87,3.21,0.0,-3.9,58.0,48,4.75,0.0,-4.6,71.0,3,4.29,0.0
2026-01-14T07:00:00+00:00,2026-01-14T09:00:00+02:00,1.0893675,-5.8,186.0,27,3.07,0.0,-4.1,151.0,44,4.22,0.0,-4.3,194.0,1,4.07,0.0
2026-01-14T08:00:00+00:00,2026-01-14T10:00:00+02:00,1.0807025,-4.9,302.0,25,2.55,0.0,-3.3,259.0,18,3.58,0.0,-3.0,302.0,0,3.23,0.0
2026-01-14T09:00:00+00:00,2026-01-14T11:00:00+02:00,1.070895,-4.3,378.0,14,1.66,0.0,-3.2,341.0,2,3.09,0.0,-2.6,368.0,0,3.07,0.0
2026-01-14T10:00:00+00:00,2026-01-14T12:00:00+02:00,0.9549675,-3.0,397.0,48,1.38,0.0,-1.8,379.0,99,2.33,0.0,-1.3,379.0,20,2.65,0.0
2026-01-14T11:00:00+00:00,2026-01-14T13:00:00+02:00,0.8133025,-1.1,347.0,60,1.19,0.0,-1.3,343.0,70,2.34,0.0,-0.7,339.0,7,2.38,0.0
2026-01-14T12:00:00+00:00,2026-01-14T14:00:00+02:00,0.86608,-0.8,237.0,93,1.42,0.0,-1.3,257.0,54,2.28,0.0,-0.5,251.0,14,2.23,0.0
2026-01-14T13:00:00+00:00,2026-01-14T15:00:00+02:00,0.92774,-0.9,120.0,95,1.36,0.0,-1.2,145.0,27,3.11,0.0,-0.3,131.0,2,2.37,0.0
2026-01-14T14:00:00+00:00,2026-01-14T16:00:00+02:00,1.5619225,-1.2,28.0,97,1.55,0.0,-1.7,27.0,40,3.96,0.0,-1.2,21.0,52,2.54,0.0
2026-01-14T15:00:00+00:00,2026-01-14T17:00:00+02:00,1.315105,-2.0,0.0,80,1.72,0.0,-2.0,0.0,91,4.52,0.0,-2.5,0.0,98,3.1,0.0
2026-01-14T16:00:00+00:00,2026-01-14T18:00:00+02:00,1.44036,-2.4,0.0,71,2.06,0.0,-2.8,0.0,92,4.2,0.0,-3.1,0.0,93,3.27,0.0
2026-01-14T17:00:00+00:00,2026-01-14T19:00:00+02:00,1.3321975,-2.8,0.0,78,2.96,0.0,-4.8,0.0,99,3.2,0.0,-3.9,0.0,100,2.51,0.0
2026-01-14T18:00:00+00:00,2026-01-14T20:00:00+02:00,1.2727225,-3.1,0.0,56,4.0,0.0,-4.1,0.0,95,2.39,0.0,-3.8,0.0,100,2.06,0.0
2026-01-14T19:00:00+00:00,2026-01-14T21:00:00+02:00,1.036095,-3.7,0.0,77,5.25,0.0,-3.0,0.0,95,2.75,0.0,-3.7,0.0,99,2.8,0.0
2026-01-14T20:00:00+00:00,2026-01-14T22:00:00+02:00,0.849,-4.2,0.0,89,6.2,0.0,-4.2,0.0,89,4.3,0.0,-2.6,0.0,98,3.97,0.0
2026-01-14T21:00:00+00:00,2026-01-14T23:00:00+02:00,0.6353425,-4.1,0.0,92,6.72,0.0,-3.2,0.0,98,5.58,0.0,-2.3,0.0,100,4.75,0.0
2026-01-14T22:00:00+00:00,2026-01-15T00:00:00+02:00,0.609025,-3.1,0.0,76,6.59,0.0,-0.3,0.0,65,5.47,0.0,-1.7,0.0,80,5.11,0.0
2026-01-14T23:00:00+00:00,2026-01-15T01:00:00+02:00,0.588045,-3.0,0.0,60,6.81,0.0,0.0,0.0,59,5.95,0.0,-1.8,0.0,84,5.35,0.0
2026-01-15T00:00:00+00:00,2026-01-15T02:00:00+02:00,0.5809375,-2.6,0.0,43,7.71,0.0,-0.0,0.0,87,6.09,0.0,-1.8,0.0,95,5.14,0.0
2026-01-15T01:00:00+00:00,2026-01-15T03:00:00+02:00,0.5845225,-2.6,0.0,52,8.28,0.0,-0.1,0.0,90,6.66,0.0,-1.9,0.0,100,4.69,0.0
2026-01-15T02:00:00+00:00,2026-01-15T04:00:00+02:00,0.5846175,-2.2,0.0,53,8.84,0.0,0.1,0.0,59,7.31,0.0,-1.9,0.0,99,3.92,0.0
2026-01-15T03:00:00+00:00,2026-01-15T05:00:00+02:00,0.606645,-2.1,0.0,34,9.06,0.0,0.2,0.0,14,7.89,0.0,-1.3,0.0,77,3.08,0.1
2026-01-15T04:00:00+00:00,2026-01-15T06:00:00+02:00,0.650445,-2.2,0.0,38,8.86,0.0,0.5,0.0,28,8.65,0.0,-1.6,0.0,66,3.1,0.0
2026-01-15T05:00:00+00:00,2026-01-15T07:00:00+02:00,0.9460125,-1.8,0.0,42,8.15,0.0,0.7,2.0,44,8.88,0.0,-1.7,1.0,46,3.46,0.0
2026-01-15T06:00:00+00:00,2026-01-15T08:00:00+02:00,1.0694025,-1.5,47.0,51,7.47,0.0,1.1,65.0,54,8.63,0.0,-1.8,62.0,29,3.31,0.0
2026-01-15T07:00:00+00:00,2026-01-15T09:00:00+02:00,1.1297475,-1.4,157.0,53,6.52,0.0,1.0,161.0,46,8.17,0.0,-1.4,147.0,44,3.67,0.0
2026-01-15T08:00:00+00:00,2026-01-15T10:00:00+02:00,1.0623925,0.2,255.0,24,5.34,0.0,1.3,266.0,45,7.13,0.0,-0.9,247.0,49,3.59,0.0
2026-01-15T09:00:00+00:00,2026-01-15T11:00:00+02:00,0.9354025,1.9,280.0,48,3.1,0.0,1.3,310.0,47,6.08,0.0,-0.5,284.0,62,3.7,0.0
2026-01-15T10:00:00+00:00,2026-01-15T12:00:00+02:00,0.9567175,2.9,264.0,60,0.56,0.0,1.8,280.0,54,5.35,0.0,-0.4,321.0,86,3.93,0.0
2026-01-15T11:00:00+00:00,2026-01-15T13:00:00+02:00,0.924235,3.9,268.0,63,1.42,0.0,2.1,268.0,49,4.41,0.0,-0.4,287.0,100,3.95,0.0
2026-01-15T12:00:00+00:00,2026-01-15T14:00:00+02:00,0.940415,4.4,225.0,73,2.33,0.0,2.5,208.0,41,3.85,0.0,-0.4,188.0,99,3.94,0.0
2026-01-15T13:00:00+00:00,2026-01-15T15:00:00+02:00,0.9058675,4.1,99.0,69,3.11,0.0,2.6,86.0,82,4.54,0.0,-0.7,74.0,98,3.84,0.0
2026-01-15T14:00:00+00:00,2026-01-15T16:00:00+02:00,1.101825,2.7,31.0,90,3.66,0.0,2.3,7.0,100,4.65,0.0,-1.0,13.0,94,3.44,0.0
2026-01-15T15:00:00+00:00,2026-01-15T17:00:00+02:00,1.65569,1.7,0.0,97,4.85,0.0,2.5,0.0,100,4.66,0.0,-1.3,0.0,94,3.74,0.0
2026-01-15T16:00:00+00:00,2026-01-15T18:00:00+02:00,1.3893325,1.0,0.0,87,5.96,0.0,2.5,0.0,100,4.65,0.0,-2.0,0.0,94,3.87,0.0
2026-01-15T17:00:00+00:00,2026-01-15T19:00:00+02:00,1.8032725,1.0,0.0,83,6.21,0.0,1.6,0.0,99,4.69,0.0,-2.6,0.0,77,3.89,0.0
2026-01-15T18:00:00+00:00,2026-01-15T20:00:00+02:00,1.44036,0.6,0.0,92,6.45,0.0,1.7,0.0,98,4.69,0.0,-2.7,0.0,67,3.93,0.0
2026-01-15T19:00:00+00:00,2026-01-15T21:00:00+02:00,1.2729925,0.1,0.0,95,6.68,0.0,1.4,0.0,99,4.58,0.0,-2.9,0.0,82,4.06,0.0
2026-01-15T20:00:00+00:00,2026-01-15T22:00:00+02:00,1.028265,-0.1,0.0,96,6.5,0.0,0.7,0.0,97,4.66,0.0,-3.6,0.0,90,4.46,0.0
2026-01-15T21:00:00+00:00,2026-01-15T23:00:00+02:00,0.746485,-0.4,0.0,99,6.37,0.0,0.2,0.0,92,4.87,0.0,-3.6,0.0,98,4.52,0.0
2026-01-15T22:00:00+00:00,2026-01-16T00:00:00+02:00,0.64402,-0.7,0.0,100,6.66,0.0,-0.2,0.0,96,5.63,0.0,-4.9,0.0,98,4.51,0.0
2026-01-15T23:00:00+00:00,2026-01-16T01:00:00+02:00,0.632475,-0.6,0.0,99,6.64,0.0,-0.5,0.0,100,5.58,0.0,-5.1,0.0,99,4.45,0.0
2026-01-16T00:00:00+00:00,2026-01-16T02:00:00+02:00,0.622855,-0.8,0.0,100,6.72,0.0,-0.9,0.0,100,5.65,0.0,-5.3,0.0,97,4.65,0.0
2026-01-16T01:00:00+00:00,2026-01-16T03:00:00+02:00,0.602685,-0.8,0.0,100,6.78,0.0,-1.3,0.0,100,5.78,0.0,-5.5,0.0,98,4.84,0.0
2026-01-16T02:00:00+00:00,2026-01-16T04:00:00+02:00,0.598215,-1.1,0.0,100,7.23,0.0,-2.0,0.0,100,5.89,0.0,-6.0,0.0,98,5.02,0.0
2026-01-16T03:00:00+00:00,2026-01-16T05:00:00+02:00,0.5764375,-1.2,0.0,99,7.32,0.1,-2.7,0.0,100,6.09,0.0,-6.5,0.0,96,5.17,0.0
2026-01-16T04:00:00+00:00,2026-01-16T06:00:00+02:00,0.61878,-1.5,0.0,98,7.53,0.3,-3.2,0.0,100,6.71,0.0,-6.7,0.0,86,5.23,0.0
2026-01-16T05:00:00+00:00,2026-01-16T07:00:00+02:00,0.7467775,-2.0,0.0,100,8.04,0.4,-3.9,1.0,100,6.99,0.0,-7.7,2.0,51,5.53,0.0
2026-01-16T06:00:00+00:00,2026-01-16T08:00:00+02:00,0.8587475,-2.5,19.0,99,8.27,0.1,-4.1,34.0,100,7.16,0.0,-8.1,71.0,24,5.91,0.0
2026-01-16T07:00:00+00:00,2026-01-16T09:00:00+02:00,0.875435,-3.0,64.0,99,8.27,0.1,-4.4,85.0,99,7.34,0.0,-8.2,205.0,3,5.9,0.0
2026-01-16T08:00:00+00:00,2026-01-16T10:00:00+02:00,0.93385,-3.3,105.0,100,8.29,0.1,-4.3,190.0,75,7.45,0.0,-7.0,321.0,0,5.75,0.0
2026-01-16T09:00:00+00:00,2026-01-16T11:00:00+02:00,0.9043625,-3.3,134.0,100,8.33,0.1,-3.9,269.0,53,7.3,0.0,-6.4,392.0,0,5.83,0.0
2026-01-16T10:00:00+00:00,2026-01-16T12:00:00+02:00,0.8527075,-3.2,163.0,100,9.85,0.0,-3.7,358.0,82,7.2,0.0,-4.8,407.0,17,6.51,0.0
2026-01-16T11:00:00+00:00,2026-01-16T13:00:00+02:00,0.8702425,-3.0,202.0,99,8.71,0.0,-3.1,367.0,22,7.3,0.0,-4.3,363.0,1,6.56,0.0
2026-01-16T12:00:00+00:00,2026-01-16T14:00:00+02:00,0.8215625,-2.7,164.0,98,7.72,0.0,-2.8,292.0,67,7.42,0.0,-4.1,271.0,1,6.41,0.0
2026-01-16T13:00:00+00:00,2026-01-16T15:00:00+02:00,0.849,-2.4,117.0,84,6.83,0.0,-2.7,152.0,12,6.77,0.0,-4.1,145.0,0,6.49,0.0
2026-01-16T14:00:00+00:00,2026-01-16T16:00:00+02:00,0.8489975,-2.2,36.0,36,6.02,0.0,-3.1,32.0,22,6.65,0.0,-4.5,25.0,0,6.36,0.0
2026-01-16T15:00:00+00:00,2026-01-16T17:00:00+02:00,0.9407425,-2.4,0.0,13,5.49,0.0,-3.2,0.0,36,6.32,0.0,-4.9,0.0,3,6.5,0.0
2026-01-16T16:00:00+00:00,2026-01-16T18:00:00+02:00,1.0352275,-3.0,0.0,9,5.71,0.0,-3.4,0.0,44,6.37,0.0,-5.3,0.0,2,6.86,0.0
2026-01-16T17:00:00+00:00,2026-01-16T19:00:00+02:00,0.9202375,-3.6,0.0,3,5.88,0.0,-4.2,0.0,66,6.5,0.0,-6.3,0.0,5,6.95,0.0
2026-01-16T18:00:00+00:00,2026-01-16T20:00:00+02:00,0.896505,-4.5,0.0,2,5.98,0.0,-4.2,0.0,69,6.89,0.0,-6.2,0.0,9,7.01,0.0
2026-01-16T19:00:00+00:00,2026-01-16T21:00:00+02:00,0.7641225,-5.2,0.0,0,5.92,0.0,-4.5,0.0,68,6.61,0.0,-6.5,0.0,15,6.9,0.0
2026-01-16T20:00:00+00:00,2026-01-16T22:00:00+02:00,0.6732925,-5.9,0.0,0,5.89,0.0,-4.7,0.0,66,6.38,0.0,-7.0,0.0,19,6.68,0.0
2026-01-16T21:00:00+00:00,2026-01-16T23:00:00+02:00,0.62971,-6.3,0.0,0,5.52,0.0,-4.9,0.0,72,6.4,0.0,-7.2,0.0,8,6.51,0.0
2026-01-16T22:00:00+00:00,2026-01-17T00:00:00+02:00,0.5678425,-6.7,0.0,0,5.13,0.0,-5.0,0.0,71,6.25,0.0,-8.3,0.0,4,6.46,0.0
2026-01-16T23:00:00+00:00,2026-01-17T01:00:00+02:00,0.58026,-6.9,0.0,1,4.12,0.0,-5.3,0.0,82,5.99,0.0,-8.7,0.0,2,6.35,0.0
2026-01-17T00:00:00+00:00,2026-01-17T02:00:00+02:00,0.52703,-7.0,0.0,1,3.26,0.0,-5.6,0.0,73,5.98,0.0,-8.9,0.0,2,6.25,0.0
2026-01-17T01:00:00+00:00,2026-01-17T03:00:00+02:00,0.5256625,-7.1,0.0,0,2.6,0.0,-6.0,0.0,54,6.07,0.0,-9.3,0.0,1,5.9,0.0
2026-01-17T02:00:00+00:00,2026-01-17T04:00:00+02:00,0.4978975,-7.5,0.0,3,1.95,0.0,-6.7,0.0,41,6.03,0.0,-10.2,0.0,2,5.56,0.0
2026-01-17T03:00:00+00:00,2026-01-17T05:00:00+02:00,0.5282875,-7.6,0.0,1,1.5,0.0,-7.3,0.0,29,5.94,0.0,-10.6,0.0,2,5.53,0.0
2026-01-17T04:00:00+00:00,2026-01-17T06:00:00+02:00,0.549135,-8.0,0.0,5,1.45,0.0,-7.7,0.0,26,5.81,0.0,-10.9,0.0,3,5.52,0.0
2026-01-17T05:00:00+00:00,2026-01-17T07:00:00+02:00,0.58427,-8.7,0.0,3,1.5,0.0,-8.0,3.0,12,5.55,0.0,-11.4,2.0,6,5.51,0.0
2026-01-17T06:00:00+00:00,2026-01-17T08:00:00+02:00,0.6086225,-9.0,63.0,2,1.5,0.0,-8.2,66.0,13,5.35,0.0,-11.5,70.0,19,5.23,0.0
2026-01-17T07:00:00+00:00,2026-01-17T09:00:00+02:00,0.6231775,-8.4,194.0,0,1.03,0.0,-8.1,176.0,15,5.16,0.0,-11.3,171.0,51,5.65,0.0
2026-01-17T08:00:00+00:00,2026-01-17T10:00:00+02:00,0.63488,-6.6,312.0,0,0.7,0.0,-6.9,271.0,13,5.03,0.0,-9.7,280.0,64,5.62,0.0
2026-01-17T09:00:00+00:00,2026-01-17T11:00:00+02:00,0.60704,-5.7,387.0,0,0.45,0.0,-6.2,313.0,12,5.04,0.0,-8.9,325.0,34,5.45,0.0
2026-01-17T10:00:00+00:00,2026-01-17T12:00:00+02:00,0.597645,-4.7,413.0,80,0.76,0.0,-5.3,309.0,81,5.72,0.0,-7.8,341.0,100,6.27,0.0
2026-01-17T11:00:00+00:00,2026-01-17T13:00:00+02:00,0.58858,-3.7,383.0,64,0.87,0.0,-5.1,286.0,100,6.0,0.0,-7.4,305.0,99,6.1,0.0
2026-01-17T12:00:00+00:00,2026-01-17T14:00:00+02:00,0.5743975,-2.7,301.0,65,0.63,0.0,-5.0,196.0,100,6.16,0.0,-7.2,203.0,100,6.09,0.0
2026-01-17T13:00:00+00:00,2026-01-17T15:00:00+02:00,0.590695,-2.1,179.0,70,0.35,0.0,-5.1,111.0,99,6.36,0.0,-7.3,119.0,95,6.36,0.0
2026-01-17T14:00:00+00:00,2026-01-17T16:00:00+02:00,0.6259875,-2.0,49.0,56,0.29,0.0,-5.6,21.0,89,6.76,0.0,-7.5,21.0,100,6.61,0.0
2026-01-17T15:00:00+00:00,2026-01-17T17:00:00+02:00,0.696835,-3.4,0.0,27,1.14,0.0,-5.8,0.0,98,7.08,0.0,-7.6,0.0,100,6.7,0.0
2026-01-17T16:00:00+00:00,2026-01-17T18:00:00+02:00,0.7187875,-5.6,0.0,1,1.31,0.0,-6.2,0.0,100,7.67,0.0,-7.7,0.0,99,7.09,0.0
2026-01-17T17:00:00+00:00,2026-01-17T19:00:00+02:00,0.72697,-6.0,0.0,6,3.71,0.0,-7.0,0.0,100,8.1,0.0,-8.3,0.0,96,6.69,0.0
2026-01-17T18:00:00+00:00,2026-01-17T20:00:00+02:00,0.7052925,-6.7,0.0,20,6.3,0.0,-7.3,0.0,100,8.53,0.0,-8.5,0.0,100,6.39,0.0
2026-01-17T19:00:00+00:00,2026-01-17T21:00:00+02:00,0.64531,-7.0,0.0,28,7.27,0.0,-7.5,0.0,99,8.34,0.1,-8.4,0.0,99,6.49,0.0
2026-01-17T20:00:00+00:00,2026-01-17T22:00:00+02:00,0.6561425,-7.8,0.0,30,7.47,0.0,-7.7,0.0,97,8.11,0.1,-8.7,0.0,94,6.99,0.0
2026-01-17T21:00:00+00:00,2026-01-17T23:00:00+02:00,0.6,-8.2,0.0,22,7.39,0.0,-7.7,0.0,99,8.56,0.1,-8.7,0.0,98,7.18,0.0
2026-01-17T22:00:00+00:00,2026-01-18T00:00:00+02:00,0.5446375,-8.6,0.0,47,6.89,0.0,-8.1,0.0,100,10.32,0.1,-9.6,0.0,97,8.57,0.0
2026-01-17T23:00:00+00:00,2026-01-18T01:00:00+02:00,0.5634675,-8.8,0.0,46,6.57,0.0,-8.2,0.0,99,10.17,0.0,-10.0,0.0,98,8.08,0.0
2026-01-18T00:00:00+00:00,2026-01-18T02:00:00+02:00,0.5557125,-8.9,0.0,65,6.09,0.0,-8.3,0.0,100,9.85,0.0,-10.3,0.0,98,7.87,0.0
2026-01-18T01:00:00+00:00,2026-01-18T03:00:00+02:00,0.5465475,-8.9,0.0,73,5.68,0.0,-8.5,0.0,100,9.58,0.0,-10.6,0.0,99,7.75,0.0
2026-01-18T02:00:00+00:00,2026-01-18T04:00:00+02:00,0.521865,-8.9,0.0,65,5.44,0.0,-8.9,0.0,96,9.42,0.0,-11.1,0.0,99,7.93,0.0
2026-01-18T03:00:00+00:00,2026-01-18T05:00:00+02:00,0.5203175,-9.3,0.0,58,5.54,0.0,-9.0,0.0,94,9.12,0.0,-11.2,0.0,99,7.9,0.0
2026-01-18T04:00:00+00:00,2026-01-18T06:00:00+02:00,0.5195275,-9.1,0.0,78,5.7,0.0,-9.2,0.0,97,8.85,0.0,-11.3,0.0,100,8.21,0.0
2026-01-18T05:00:00+00:00,2026-01-18T07:00:00+02:00,0.5153,-9.2,0.0,85,5.04,0.0,-9.3,2.0,99,8.9,0.0,-11.4,1.0,100,8.22,0.0
2026-01-18T06:00:00+00:00,2026-01-18T08:00:00+02:00,0.58997,-9.2,41.0,82,4.45,0.0,-9.2,29.0,97,9.06,0.0,-11.3,34.0,99,8.13,0.0
2026-01-18T07:00:00+00:00,2026-01-18T09:00:00+02:00,0.6081775,-9.0,93.0,91,4.02,0.0,-9.1,67.0,99,9.07,0.0,-11.2,100.0,98,7.85,0.0
2026-01-18T08:00:00+00:00,2026-01-18T10:00:00+02:00,0.551,-8.4,174.0,89,4.09,0.0,-8.3,110.0,99,9.16,0.0,-9.7,154.0,99,7.6,0.0
2026-01-18T09:00:00+00:00,2026-01-18T11:00:00+02:00,0.518665,-7.6,220.0,90,3.89,0.0,-7.8,127.0,97,9.02,0.0,-9.0,216.0,98,7.22,0.0
2026-01-18T10:00:00+00:00,2026-01-18T12:00:00+02:00,0.5157375,-6.7,294.0,95,4.1,0.0,-6.6,205.0,93,9.81,0.0,-7.3,236.0,100,8.36,0.0
2026-01-18T11:00:00+00:00,2026-01-18T13:00:00+02:00,0.492925,-6.1,292.0,92,3.05,0.0,-6.1,175.0,91,9.25,0.0,-7.0,211.0,100,7.82,0.0
2026-01-18T12:00:00+00:00,2026-01-18T14:00:00+02:00,0.4934825,-5.4,267.0,93,2.34,0.0,-5.5,119.0,93,9.01,0.0,-6.6,134.0,100,7.46,0.0
2026-01-18T13:00:00+00:00,2026-01-18T15:00:00+02:00,0.5303625,-4.8,158.0,89,2.02,0.0,-5.5,68.0,96,8.71,0.0,-6.4,76.0,85,7.12,0.0
2026-01-18T14:00:00+00:00,2026-01-18T16:00:00+02:00,0.6004475,-4.6,48.0,81,1.3,0.0,-5.9,16.0,100,8.5,0.0,-6.2,17.0,91,7.11,0.0
2026-01-18T15:00:00+00:00,2026-01-18T17:00:00+02:00,0.799,-5.4,0.0,87,0.7,0.0,-6.0,0.0,100,8.25,0.0,-6.2,0.0,95,7.23,0.0
2026-01-18T16:00:00+00:00,2026-01-18T18:00:00+02:00,0.8481275,-6.6,0.0,79,0.74,0.0,-6.2,0.0,100,8.35,0.0,-6.3,0.0,97,7.25,0.0
2026-01-18T17:00:00+00:00,2026-01-18T19:00:00+02:00,0.8081575,-6.8,0.0,74,0.99,0.0,-6.3,0.0,99,8.74,0.0,-6.2,0.0,98,7.42,0.0
2026-01-18T18:00:00+00:00,2026-01-18T20:00:00+02:00,0.7546175,-7.0,0.0,82,1.5,0.0,-6.1,0.0,97,9.09,0.0,-6.2,0.0,99,7.62,0.0
2026-01-18T19:00:00+00:00,2026-01-18T21:00:00+02:00,0.7461525,-7.8,0.0,79,1.82,0.0,-6.0,0.0,96,9.3,0.0,-6.3,0.0,96,7.56,0.0
2026-01-18T20:00:00+00:00,2026-01-18T22:00:00+02:00,0.6161525,-8.0,0.0,87,1.65,0.0,-5.7,0.0,96,9.22,0.0,-6.2,0.0,95,7.65,0.0
2026-01-18T21:00:00+00:00,2026-01-18T23:00:00+02:00,0.59758,-7.7,0.0,96,1.54,0.0,-5.5,0.0,99,9.2,0.0,-6.2,0.0,97,7.85,0.0
2026-01-18T22:00:00+00:00,2026-01-19T00:00:00+02:00,0.52795,-6.1,0.0,92,3.23,0.0,-5.4,0.0,99,9.8,0.0,-6.2,0.0,99,8.55,0.0
2026-01-18T23:00:00+00:00,2026-01-19T01:00:00+02:00,0.5147875,-5.9,0.0,87,3.04,0.0,-5.2,0.0,99,10.53,0.0,-6.1,0.0,96,7.82,0.0
2026-01-19T00:00:00+00:00,2026-01-19T02:00:00+02:00,0.5111725,-5.9,0.0,85,3.68,0.0,-5.1,0.0,95,9.31,0.0,-6.3,0.0,92,7.78,0.0
2026-01-19T01:00:00+00:00,2026-01-19T03:00:00+02:00,0.513175,-6.1,0.0,86,3.6,0.0,-5.1,0.0,97,8.85,0.0,-6.3,0.0,96,7.55,0.0
2026-01-19T02:00:00+00:00,2026-01-19T04:00:00+02:00,0.511165,-6.2,0.0,64,3.11,0.0,-5.0,0.0,98,8.71,0.0,-6.3,0.0,99,7.05,0.0
2026-01-19T03:00:00+00:00,2026-01-19T05:00:00+02:00,0.509635,-6.5,0.0,56,2.43,0.0,-5.1,0.0,96,8.69,0.0,-6.2,0.0,99,7.11,0.0
2026-01-19T04:00:00+00:00,2026-01-19T06:00:00+02:00,0.5712875,-6.7,0.0,55,1.84,0.0,-5.2,0.0,96,8.73,0.0,-6.0,0.0,95,7.32,0.0
2026-01-19T05:00:00+00:00,2026-01-19T07:00:00+02:00,0.72102,-7.0,1.0,61,1.83,0.0,-5.0,2.0,97,8.57,0.0,-5.9,2.0,97,7.27,0.0
2026-01-19T06:00:00+00:00,2026-01-19T08:00:00+02:00,0.81924,-6.9,38.0,86,2.61,0.0,-5.0,27.0,100,8.53,0.0,-5.9,40.0,97,7.01,0.0
2026-01-19T07:00:00+00:00,2026-01-19T09:00:00+02:00,0.89535,-6.0,107.0,95,3.07,0.0,-5.0,75.0,97,8.18,0.0,-5.9,105.0,94,6.98,0.0
2026-01-19T08:00:00+00:00,2026-01-19T10:00:00+02:00,0.824165,-5.6,165.0,90,2.64,0.0,-4.5,156.0,93,7.97,0.0,-4.9,232.0,97,6.86,0.0
2026-01-19T09:00:00+00:00,2026-01-19T11:00:00+02:00,0.7033525,-4.8,203.0,93,2.1,0.0,-4.3,220.0,93,7.76,0.0,-4.3,331.0,49,6.75,0.0
2026-01-19T10:00:00+00:00,2026-01-19T12:00:00+02:00,0.58202,-4.1,224.0,97,1.91,0.0,-2.9,260.0,100,7.45,0.0,-2.9,372.0,90,7.16,0.0
2026-01-19T11:00:00+00:00,2026-01-19T13:00:00+02:00,0.6078675,-3.4,311.0,98,1.7,0.0,-2.1,219.0,94,7.35,0.0,-2.5,346.0,92,6.95,0.0
2026-01-19T12:00:00+00:00,2026-01-19T14:00:00+02:00,0.636175,-2.5,279.0,86,1.7,0.0,-1.9,168.0,100,7.41,0.0,-2.3,270.0,69,6.7,0.0
2026-01-19T13:00:00+00:00,2026-01-19T15:00:00+02:00,0.7397475,-1.8,166.0,70,1.19,0.0,-1.6,112.0,99,7.08,0.0,-2.0,150.0,17,6.5,0.0
2026-01-19T14:00:00+00:00,2026-01-19T16:00:00+02:00,0.8769375,-1.4,50.0,45,0.82,0.0,-1.7,28.0,61,6.44,0.0,-2.7,30.0,0,6.25,0.0
2026-01-19T15:00:00+00:00,2026-01-19T17:00:00+02:00,1.437665,-2.8,0.0,36,2.42,0.0,-1.9,0.0,56,6.14,0.0,-3.2,0.0,1,6.49,0.0
2026-01-19T16:00:00+00:00,2026-01-19T18:00:00+02:00,1.3709475,-4.1,0.0,40,3.87,0.0,-2.5,0.0,51,6.64,0.0,-3.9,0.0,7,6.6,0.0
2026-01-19T17:00:00+00:00,2026-01-19T19:00:00+02:00,1.4027375,-4.4,0.0,22,4.31,0.0,-3.6,0.0,39,7.0,0.0,-5.2,0.0,3,6.41,0.0
2026-01-19T18:00:00+00:00,2026-01-19T20:00:00+02:00,1.395,-5.0,0.0,10,4.53,0.0,-3.9,0.0,28,6.95,0.0,-5.6,0.0,6,6.2,0.0
2026-01-19T19:00:00+00:00,2026-01-19T21:00:00+02:00,1.2049925,-5.5,0.0,10,4.65,0.0,-4.2,0.0,30,6.86,0.0,-6.0,0.0,6,6.01,0.0
2026-01-19T20:00:00+00:00,2026-01-19T22:00:00+02:00,1.0482275,-6.2,0.0,0,4.56,0.0,-4.9,0.0,25,6.61,0.0,-6.8,0.0,4,5.91,0.0
2026-01-19T21:00:00+00:00,2026-01-19T23:00:00+02:00,0.66929,-6.8,0.0,1,4.52,0.0,-5.3,0.0,29,6.28,0.0,-7.2,0.0,10,5.62,0.0
2026-01-19T22:00:00+00:00,2026-01-20T00:00:00+02:00,0.6075775,-7.5,0.0,0,4.7,0.0,-6.0,0.0,33,5.79,0.0,-8.0,0.0,13,5.66,0.0
2026-01-19T23:00:00+00:00,2026-01-20T01:00:00+02:00,0.6125775,-7.9,0.0,0,4.58,0.0,-6.0,0.0,32,5.64,0.0,-8.5,0.0,7,5.3,0.0
2026-01-20T00:00:00+00:00,2026-01-20T02:00:00+02:00,0.5868075,-8.1,0.0,0,4.48,0.0,-6.3,0.0,24,5.33,0.0,-8.9,0.0,8,4.7,0.0
2026-01-20T01:00:00+00:00,2026-01-20T03:00:00+02:00,0.578505,-8.5,0.0,0,4.41,0.0,-6.6,0.0,24,4.92,0.0,-9.5,0.0,11,3.93,0.0
2026-01-20T02:00:00+00:00,2026-01-20T04:00:00+02:00,0.5676425,-8.7,0.0,0,4.25,0.0,-7.2,0.0,26,4.51,0.0,-9.9,0.0,17,3.1,0.0
2026-01-20T03:00:00+00:00,2026-01-20T05:00:00+02:00,0.6834875,-8.8,0.0,0,4.1,0.0,-7.4,0.0,21,4.76,0.0,-10.0,0.0,49,3.0,0.0
2026-01-20T04:00:00+00:00,2026-01-20T06:00:00+02:00,0.6463975,-9.2,0.0,0,4.13,0.0,-7.7,0.0,7,5.29,0.0,-10.1,0.0,57,3.23,0.0
2026-01-20T05:00:00+00:00,2026-01-20T07:00:00+02:00,1.0818325,-9.4,1.0,0,4.6,0.0,-8.4,4.0,6,5.59,0.0,-10.1,2.0,86,3.26,0.0
2026-01-20T06:00:00+00:00,2026-01-20T08:00:00+02:00,1.1500375,-9.2,68.0,0,5.04,0.0,-8.7,69.0,6,5.19,0.0,-9.7,42.0,97,3.04,0.0
2026-01-20T07:00:00+00:00,2026-01-20T09:00:00+02:00,1.270635,-8.6,202.0,0,5.44,0.0,-8.4,130.0,5,4.16,0.0,-9.4,105.0,100,2.4,0.0
2026-01-20T08:00:00+00:00,2026-01-20T10:00:00+02:00,0.8919375,-6.4,321.0,0,4.55,0.0,-6.7,243.0,1,3.57,0.0,-7.5,187.0,100,1.98,0.0
2026-01-20T09:00:00+00:00,2026-01-20T11:00:00+02:00,0.6872475,-4.4,397.0,0,4.33,0.0,-5.6,310.0,2,3.18,0.0,-6.4,258.0,98,1.81,0.0
2026-01-20T10:00:00+00:00,2026-01-20T12:00:00+02:00,0.58056,-1.5,425.0,0,4.07,0.0,-3.4,344.0,27,3.11,0.0,-4.3,365.0,100,2.04,0.0
2026-01-20T11:00:00+00:00,2026-01-20T13:00:00+02:00,0.564005,-0.1,395.0,0,4.0,0.0,-2.4,361.0,1,2.8,0.0,-3.0,346.0,85,2.14,0.0
2026-01-20T12:00:00+00:00,2026-01-20T14:00:00+02:00,0.576015,1.0,313.0,0,3.84,0.0,-1.6,285.0,4,2.65,0.0,-2.2,278.0,49,2.15,0.0
2026-01-20T13:00:00+00:00,2026-01-20T15:00:00+02:00,0.70213,1.4,191.0,0,3.62,0.0,-1.2,171.0,0,2.55,0.0,-1.7,151.0,0,2.07,0.0
2026-01-20T14:00:00+00:00,2026-01-20T16:00:00+02:00,1.089085,0.8,57.0,0,3.71,0.0,-1.2,41.0,2,2.57,0.0,-2.1,32.0,0,1.93,0.0
2026-01-20T15:00:00+00:00,2026-01-20T17:00:00+02:00,1.8072975,-1.2,0.0,0,4.19,0.0,-3.7,0.0,2,2.72,0.0,-1.4,0.0,0,1.9,0.0
2026-01-20T16:00:00+00:00,2026-01-20T18:00:00+02:00,1.665355,-3.2,0.0,0,4.02,0.0,-3.9,0.0,0,2.53,0.0,-2.5,0.0,0,1.79,0.0
2026-01-20T17:00:00+00:00,2026-01-20T19:00:00+02:00,1.78133,-4.3,0.0,0,3.53,0.0,-4.4,0.0,0,2.23,0.0,-5.1,0.0,0,1.68,0.0
2026-01-20T18:00:00+00:00,2026-01-20T20:00:00+02:00,1.4209625,-5.5,0.0,0,3.23,0.0,-5.4,0.0,0,2.41,0.0,-6.3,0.0,0,1.85,0.0
2026-01-20T19:00:00+00:00,2026-01-20T21:00:00+02:00,1.4997825,-6.3,0.0,0,3.26,0.0,-5.6,0.0,0,2.95,0.0,-6.5,0.0,0,2.4,0.0
2026-01-20T20:00:00+00:00,2026-01-20T22:00:00+02:00,1.1000225,-6.7,0.0,0,3.0,0.0,-5.8,0.0,0,3.7,0.0,-7.1,0.0,0,2.96,0.0
2026-01-20T21:00:00+00:00,2026-01-20T23:00:00+02:00,0.718145,-7.3,0.0,0,2.44,0.0,-5.3,0.0,0,4.66,0.0,-7.1,0.0,0,3.46,0.0
2026-01-20T22:00:00+00:00,2026-01-21T00:00:00+02:00,0.63652,-6.4,0.0,50,0.98,0.0,-4.9,0.0,0,5.18,0.0,-8.0,0.0,0,3.83,0.0
2026-01-20T23:00:00+00:00,2026-01-21T01:00:00+02:00,0.63338,-7.2,0.0,57,1.39,0.0,-4.8,0.0,0,4.69,0.0,-7.8,0.0,0,4.28,0.0
2026-01-21T00:00:00+00:00,2026-01-21T02:00:00+02:00,0.627855,-8.3,0.0,51,2.51,0.0,-5.4,0.0,0,4.2,0.0,-7.8,0.0,0,4.41,0.0
2026-01-21T01:00:00+00:00,2026-01-21T03:00:00+02:00,0.6222525,-9.7,0.0,56,3.18,0.0,-6.4,0.0,0,3.88,0.0,-8.2,0.0,0,4.29,0.0
2026-01-21T02:00:00+00:00,2026-01-21T04:00:00+02:00,0.5897475,-9.8,0.0,66,3.46,0.0,-6.9,0.0,96,3.72,0.0,-8.8,0.0,0,3.94,0.0
2026-01-21T03:00:00+00:00,2026-01-21T05:00:00+02:00,0.6012175,-10.2,0.0,93,3.8,0.0,-6.2,0.0,96,3.82,0.0,-9.1,0.0,0,3.69,0.0
2026-01-21T04:00:00+00:00,2026-01-21T06:00:00+02:00,0.6836675,-10.2,0.0,95,4.24,0.0,-6.0,0.0,94,4.01,0.0,-8.9,0.0,0,3.67,0.0
2026-01-21T05:00:00+00:00,2026-01-21T07:00:00+02:00,0.8351175,-10.1,1.0,98,4.19,0.0,-5.1,4.0,100,4.41,0.0,-8.9,4.0,0,3.94,0.0
2026-01-21T06:00:00+00:00,2026-01-21T08:00:00+02:00,1.0223525,-10.0,50.0,99,4.0,0.0,-4.6,79.0,99,5.19,0.0,-8.7,80.0,36,4.71,0.0
2026-01-21T07:00:00+00:00,2026-01-21T09:00:00+02:00,0.9515025,-9.3,143.0,100,4.21,0.0,-2.9,186.0,100,5.77,0.0,-6.5,183.0,40,5.51,0.0
2026-01-21T08:00:00+00:00,2026-01-21T10:00:00+02:00,0.7904025,-7.8,221.0,100,3.9,0.0,-0.7,260.0,94,5.14,0.0,-2.6,275.0,4,5.2,0.0
2026-01-21T09:00:00+00:00,2026-01-21T11:00:00+02:00,0.7567875,-5.7,323.0,99,3.22,0.0,0.1,308.0,99,4.49,0.0,-0.9,388.0,19,4.46,0.0
2026-01-21T10:00:00+00:00,2026-01-21T12:00:00+02:00,0.6911925,-5.3,347.0,100,2.55,0.0,2.0,333.0,99,4.83,0.0,1.3,391.0,84,4.65,0.0
2026-01-21T11:00:00+00:00,2026-01-21T13:00:00+02:00,0.7045575,-3.6,313.0,100,2.12,0.0,2.4,294.0,100,4.85,0.0,1.8,324.0,99,4.95,0.0
2026-01-21T12:00:00+00:00,2026-01-21T14:00:00+02:00,0.6975075,-2.3,243.0,99,2.02,0.0,2.7,218.0,100,4.6,0.0,2.2,251.0,99,4.91,0.0
2026-01-21T13:00:00+00:00,2026-01-21T15:00:00+02:00,0.751605,-1.3,149.0,100,2.64,0.0,2.9,122.0,100,5.42,0.0,2.2,149.0,99,4.28,0.0
2026-01-21T14:00:00+00:00,2026-01-21T16:00:00+02:00,0.9590175,-1.0,41.0,100,3.71,0.0,3.2,24.0,100,5.31,0.0,1.8,32.0,98,5.2,0.0
2026-01-21T15:00:00+00:00,2026-01-21T17:00:00+02:00,1.0930725,-1.5,0.0,100,5.13,0.0,3.2,0.0,100,5.03,0.0,1.6,0.0,99,6.31,0.0
2026-01-21T16:00:00+00:00,2026-01-21T18:00:00+02:00,1.2474975,-2.2,0.0,100,5.88,0.0,2.6,0.0,100,5.21,0.0,1.4,0.0,99,5.9,0.0
2026-01-21T17:00:00+00:00,2026-01-21T19:00:00+02:00,1.0066825,-2.5,0.0,100,6.54,0.0,2.4,0.0,100,5.51,0.0,1.1,0.0,100,5.57,0.0
2026-01-21T18:00:00+00:00,2026-01-21T20:00:00+02:00,1.00128,-2.6,0.0,96,6.56,0.0,2.4,0.0,100,5.69,0.0,0.9,0.0,100,5.53,0.0
2026-01-21T19:00:00+00:00,2026-01-21T21:00:00+02:00,0.9700725,-2.5,0.0,90,6.31,0.0,2.4,0.0,100,6.1,0.0,0.7,0.0,100,5.56,0.0
2026-01-21T20:00:00+00:00,2026-01-21T22:00:00+02:00,0.8389775,-2.4,0.0,84,6.05,0.0,2.5,0.0,99,6.34,0.0,0.9,0.0,99,5.68,0.0
2026-01-21T21:00:00+00:00,2026-01-21T23:00:00+02:00,0.774045,-2.2,0.0,88,6.08,0.0,2.8,0.0,98,6.51,0.0,1.1,0.0,100,5.53,0.0
2026-01-21T22:00:00+00:00,2026-01-22T00:00:00+02:00,0.68389,-2.4,0.0,73,6.11,0.0,2.9,0.0,99,7.33,0.0,1.2,0.0,100,6.04,0.0
2026-01-21T23:00:00+00:00,2026-01-22T01:00:00+02:00,0.6471675,-1.7,0.0,80,6.14,0.0,3.1,0.0,100,6.9,0.0,1.5,0.0,97,5.44,0.0
2026-01-22T00:00:00+00:00,2026-01-22T02:00:00+02:00,0.64955,-1.7,0.0,97,6.17,0.0,3.3,0.0,95,6.68,0.0,1.3,0.0,93,5.69,0.0
2026-01-22T01:00:00+00:00,2026-01-22T03:00:00+02:00,0.6522675,-1.5,0.0,100,6.11,0.1,3.1,0.0,95,6.75,0.0,1.2,0.0,76,6.62,0.0
2026-01-22T02:00:00+00:00,2026-01-22T04:00:00+02:00,0.64456,-1.3,0.0,100,5.4,0.3,3.2,0.0,95,6.98,0.0,1.2,0.0,70,7.07,0.0
2026-01-22T03:00:00+00:00,2026-01-22T05:00:00+02:00,0.6663325,-1.0,0.0,100,4.8,0.3,3.1,0.0,98,6.96,0.0,1.4,0.0,67,6.92,0.0
2026-01-22T04:00:00+00:00,2026-01-22T06:00:00+02:00,0.728605,-0.9,0.0,100,5.49,0.4,3.1,0.0,84,6.51,0.0,1.4,0.0,78,6.51,0.0
2026-01-22T05:00:00+00:00,2026-01-22T07:00:00+02:00,1.2022275,-0.5,0.0,100,5.87,0.5,3.5,4.0,100,7.03,0.0,1.5,3.0,91,6.05,0.0
2026-01-22T06:00:00+00:00,2026-01-22T08:00:00+02:00,1.7116125,-0.2,14.0,100,6.15,0.0,3.6,84.0,100,7.42,0.0,1.7,66.0,90,6.43,0.0
2026-01-22T07:00:00+00:00,2026-01-22T09:00:00+02:00,2.0,-0.3,58.0,100,6.3,0.1,4.4,183.0,100,6.71,0.0,2.7,137.0,93,6.79,0.0
2026-01-22T08:00:00+00:00,2026-01-22T10:00:00+02:00,2.0000125,0.0,98.0,100,6.12,0.1,5.8,292.0,100,5.62,0.0,4.6,262.0,92,6.02,0.0
2026-01-22T09:00:00+00:00,2026-01-22T11:00:00+02:00,1.802725,0.2,141.0,100,5.01,0.1,6.4,325.0,100,5.25,0.7,5.6,317.0,100,4.75,0.0
2026-01-22T10:00:00+00:00,2026-01-22T12:00:00+02:00,1.1348625,1.0,150.0,100,4.94,0.1,6.5,267.0,100,5.69,0.1,6.2,267.0,100,5.97,0.0
2026-01-22T11:00:00+00:00,2026-01-22T13:00:00+02:00,1.27628,1.3,94.0,100,4.61,0.3,6.3,155.0,100,5.31,0.1,6.4,263.0,100,6.4,0.0
2026-01-22T12:00:00+00:00,2026-01-22T14:00:00+02:00,1.5458975,1.5,61.0,100,4.43,0.3,5.8,61.0,100,5.11,0.2,6.7,183.0,100,5.95,0.0
2026-01-22T13:00:00+00:00,2026-01-22T15:00:00+02:00,1.9282825,1.6,28.0,100,4.32,0.3,5.1,42.0,100,4.35,0.3,6.6,86.0,100,6.16,0.0
2026-01-22T14:00:00+00:00,2026-01-22T16:00:00+02:00,2.318495,1.7,8.0,100,4.59,0.2,4.9,12.0,100,4.95,0.5,4.8,16.0,100,6.3,0.1
2026-01-22T15:00:00+00:00,2026-01-22T17:00:00+02:00,2.1701975,1.8,0.0,100,4.44,0.2,5.0,0.0,100,5.89,0.4,4.1,0.0,100,6.62,0.1
2026-01-22T16:00:00+00:00,2026-01-22T18:00:00+02:00,2.259495,1.7,0.0,100,3.46,0.2,4.9,0.0,100,6.25,0.3,3.7,0.0,100,7.16,0.2
2026-01-22T17:00:00+00:00,2026-01-22T19:00:00+02:00,2.145645,1.8,0.0,100,1.66,0.2,4.7,0.0,100,6.16,0.3,2.9,0.0,100,7.51,0.4
2026-01-22T18:00:00+00:00,2026-01-22T20:00:00+02:00,1.999705,1.5,0.0,100,0.18,0.2,4.7,0.0,100,6.52,0.1,2.5,0.0,100,7.58,0.5
2026-01-22T19:00:00+00:00,2026-01-22T21:00:00+02:00,1.950195,1.2,0.0,100,0.98,0.2,4.6,0.0,100,6.93,0.0,2.2,0.0,100,7.57,0.5
2026-01-22T20:00:00+00:00,2026-01-22T22:00:00+02:00,1.4299775,1.0,0.0,100,1.65,0.2,4.5,0.0,96,6.37,0.0,2.0,0.0,100,7.38,0.5
2026-01-22T21:00:00+00:00,2026-01-22T23:00:00+02:00,0.89244,1.2,0.0,100,1.5,0.1,4.3,0.0,100,5.36,0.0,1.9,0.0,100,7.08,0.4
2026-01-22T22:00:00+00:00,2026-01-23T00:00:00+02:00,0.752,0.2,0.0,100,0.21,0.1,4.3,0.0,97,5.48,0.0,1.9,0.0,100,6.86,0.4
2026-01-22T23:00:00+00:00,2026-01-23T01:00:00+02:00,0.7335625,0.2,0.0,100,0.85,0.0,3.7,0.0,80,4.05,0.0,1.8,0.0,100,6.46,0.2
2026-01-23T00:00:00+00:00,2026-01-23T02:00:00+02:00,0.7199075,0.3,0.0,100,1.03,0.0,2.9,0.0,82,4.14,0.0,1.6,0.0,100,6.43,0.1
2026-01-23T01:00:00+00:00,2026-01-23T03:00:00+02:00,0.7081675,0.3,0.0,100,1.15,0.0,2.5,0.0,86,4.58,0.0,1.6,0.0,100,6.67,0.0
2026-01-23T02:00:00+00:00,2026-01-23T04:00:00+02:00,0.7060575,0.3,0.0,100,1.21,0.0,2.0,0.0,94,4.66,0.0,1.4,0.0,99,6.81,0.0
2026-01-23T03:00:00+00:00,2026-01-23T05:00:00+02:00,0.7359475,0.2,0.0,100,1.01,0.0,2.1,0.0,94,4.6,0.0,1.4,0.0,99,6.92,0.2
2026-01-23T04:00:00+00:00,2026-01-23T06:00:00+02:00,0.885325,0.4,0.0,100,0.79,0.0,2.0,0.0,100,4.61,0.0,1.4,0.0,100,6.71,0.4
2026-01-23T05:00:00+00:00,2026-01-23T07:00:00+02:00,1.3007,0.4,0.0,100,1.53,0.0,2.1,2.0,100,4.65,0.0,1.2,1.0,100,6.44,0.4
2026-01-23T06:00:00+00:00,2026-01-23T08:00:00+02:00,1.8003975,0.4,18.0,100,1.4,0.0,2.2,28.0,100,4.89,0.0,1.2,18.0,100,6.33,0.4
2026-01-23T07:00:00+00:00,2026-01-23T09:00:00+02:00,1.9030975,0.3,46.0,100,1.42,0.0,2.3,54.0,100,4.76,0.0,1.1,34.0,100,6.43,0.3
2026-01-23T08:00:00+00:00,2026-01-23T10:00:00+02:00,1.8216825,0.2,109.0,100,1.15,0.0,2.5,75.0,100,4.46,0.0,1.3,72.0,100,5.84,0.2
2026-01-23T09:00:00+00:00,2026-01-23T11:00:00+02:00,1.508935,0.4,117.0,100,0.76,0.0,2.3,96.0,100,4.24,0.0,1.5,75.0,100,5.2,0.2
2026-01-23T10:00:00+00:00,2026-01-23T12:00:00+02:00,1.3050025,1.2,148.0,100,1.45,0.0,3.1,75.0,100,4.59,0.0,0.8,79.0,100,5.63,0.1
2026-01-23T11:00:00+00:00,2026-01-23T13:00:00+02:00,1.04095,1.5,80.0,100,1.79,0.0,3.0,76.0,100,4.13,0.0,0.7,63.0,100,5.62,0.1
2026-01-23T12:00:00+00:00,2026-01-23T14:00:00+02:00,1.007995,1.5,90.0,100,2.23,0.0,3.1,52.0,100,4.14,0.0,0.7,57.0,100,5.24,0.1
2026-01-23T13:00:00+00:00,2026-01-23T15:00:00+02:00,1.25293,1.7,52.0,100,2.5,0.0,2.8,41.0,100,4.52,0.0,0.7,38.0,100,5.34,0.1
2026-01-23T14:00:00+00:00,2026-01-23T16:00:00+02:00,1.3691575,1.7,17.0,100,2.8,0.0,2.6,9.0,100,4.98,0.0,0.5,7.0,100,5.88,0.1
2026-01-23T15:00:00+00:00,2026-01-23T17:00:00+02:00,1.3969825,1.4,0.0,100,2.66,0.0,2.5,0.0,100,5.19,0.0,0.4,0.0,100,6.34,0.1
2026-01-23T16:00:00+00:00,2026-01-23T18:00:00+02:00,1.4176425,1.2,0.0,100,2.36,0.0,2.4,0.0,100,5.18,0.0,0.2,0.0,99,6.69,0.1
2026-01-23T17:00:00+00:00,2026-01-23T19:00:00+02:00,1.3987325,1.1,0.0,100,2.2,0.0,2.1,0.0,100,4.96,0.0,0.0,0.0,98,6.55,0.1
2026-01-23T18:00:00+00:00,2026-01-23T20:00:00+02:00,1.2182675,1.0,0.0,100,2.39,0.0,2.0,0.0,100,4.57,0.0,-0.1,0.0,99,6.09,0.1
2026-01-23T19:00:00+00:00,2026-01-23T21:00:00+02:00,1.0314825,0.6,0.0,100,2.66,0.0,2.0,0.0,100,4.3,0.0,-0.2,0.0,98,5.76,0.1
2026-01-23T20:00:00+00:00,2026-01-23T22:00:00+02:00,0.849195,0.7,0.0,98,2.65,0.0,1.8,0.0,100,4.29,0.0,-0.5,0.0,99,5.38,0.0
2026-01-23T21:00:00+00:00,2026-01-23T23:00:00+02:00,0.7322925,0.6,0.0,100,2.65,0.0,1.8,0.0,100,4.31,0.0,-0.7,0.0,96,5.08,0.0
2026-01-23T22:00:00+00:00,2026-01-24T00:00:00+02:00,0.6926075,0.4,0.0,100,2.93,0.0,1.5,0.0,100,4.6,0.0,-0.7,0.0,99,4.79,0.0
2026-01-23T23:00:00+00:00,2026-01-24T01:00:00+02:00,0.6900675,0.3,0.0,100,2.72,0.0,1.5,0.0,96,4.52,0.0,-0.8,0.0,98,4.55,0.0
2026-01-24T00:00:00+00:00,2026-01-24T02:00:00+02:00,0.660405,0.2,0.0,100,2.6,0.0,1.4,0.0,99,4.56,0.0,-0.8,0.0,99,4.44,0.0
2026-01-24T01:00:00+00:00,2026-01-24T03:00:00+02:00,0.65073,0.1,0.0,100,2.14,0.0,1.4,0.0,99,4.26,0.0,-0.9,0.0,98,4.32,0.0
2026-01-24T02:00:00+00:00,2026-01-24T04:00:00+02:00,0.6484125,0.1,0.0,100,1.75,0.0,1.2,0.0,98,4.01,0.0,-1.2,0.0,97,4.14,0.0
2026-01-24T03:00:00+00:00,2026-01-24T05:00:00+02:00,0.6577625,0.1,0.0,100,1.5,0.0,1.3,0.0,98,3.69,0.1,-1.2,0.0,99,4.1,0.0
2026-01-24T04:00:00+00:00,2026-01-24T06:00:00+02:00,0.6729875,0.0,0.0,100,1.41,0.0,1.4,0.0,95,3.34,0.0,-1.4,0.0,100,4.12,0.0
2026-01-24T05:00:00+00:00,2026-01-24T07:00:00+02:00,0.663905,-0.1,0.0,100,1.69,0.0,1.2,1.0,100,3.05,0.0,-1.7,2.0,99,3.96,0.0
2026-01-24T06:00:00+00:00,2026-01-24T08:00:00+02:00,0.73876,-0.1,16.0,100,2.06,0.0,1.2,31.0,100,2.93,0.0,-1.7,34.0,100,3.7,0.0
2026-01-24T07:00:00+00:00,2026-01-24T09:00:00+02:00,0.8721025,-0.0,61.0,100,1.74,0.0,1.3,57.0,100,2.49,0.0,-1.8,78.0,99,3.24,0.0
2026-01-24T08:00:00+00:00,2026-01-24T10:00:00+02:00,0.84116,0.1,116.0,100,1.17,0.0,1.6,104.0,100,1.8,0.0,-1.5,127.0,98,2.99,0.0
2026-01-24T09:00:00+00:00,2026-01-24T11:00:00+02:00,0.815025,0.3,99.0,100,0.76,0.0,1.6,110.0,100,2.06,0.0,-1.1,127.0,100,2.86,0.0
2026-01-24T10:00:00+00:00,2026-01-24T12:00:00+02:00,0.76377,0.4,142.0,100,0.78,0.0,2.1,146.0,100,2.28,0.0,-0.7,165.0,100,2.81,0.0
2026-01-24T11:00:00+00:00,2026-01-24T13:00:00+02:00,0.7140625,0.5,149.0,100,0.67,0.0,2.3,86.0,100,2.14,0.0,-0.3,115.0,100,2.6,0.0
2026-01-24T12:00:00+00:00,2026-01-24T14:00:00+02:00,0.6979025,0.7,152.0,100,0.84,0.0,2.3,73.0,100,2.26,0.0,-0.3,82.0,100,2.53,0.0
2026-01-24T13:00:00+00:00,2026-01-24T15:00:00+02:00,0.6898275,0.8,85.0,100,1.0,0.0,2.4,56.0,100,3.01,0.0,-0.2,55.0,100,3.07,0.0
2026-01-24T14:00:00+00:00,2026-01-24T16:00:00+02:00,0.715185,0.9,29.0,100,0.93,0.0,2.6,16.0,100,3.7,0.0,-0.1,15.0,99,4.19,0.0
2026-01-24T15:00:00+00:00,2026-01-24T17:00:00+02:00,0.7587775,0.8,0.0,100,1.27,0.0,2.7,0.0,100,4.21,0.0,-0.4,0.0,100,4.8,0.0
2026-01-24T16:00:00+00:00,2026-01-24T18:00:00+02:00,0.76455,0.4,0.0,100,2.15,0.0,2.8,0.0,100,4.38,0.0,-0.3,0.0,98,5.16,0.0
2026-01-24T17:00:00+00:00,2026-01-24T19:00:00+02:00,0.7735025,0.6,0.0,100,2.72,0.0,3.1,0.0,100,4.6,0.0,-0.2,0.0,100,5.27,0.0
2026-01-24T18:00:00+00:00,2026-01-24T20:00:00+02:00,0.7549225,0.6,0.0,100,2.31,0.0,3.2,0.0,100,4.52,0.1,-0.3,0.0,98,5.43,0.0
2026-01-24T19:00:00+00:00,2026-01-24T21:00:00+02:00,0.74005,0.5,0.0,100,2.37,0.0,3.4,0.0,100,4.63,0.0,0.1,0.0,97,5.51,0.0
2026-01-24T20:00:00+00:00,2026-01-24T22:00:00+02:00,0.6831575,0.4,0.0,99,3.13,0.0,3.5,0.0,100,5.11,0.0,0.4,0.0,99,5.38,0.0
2026-01-24T21:00:00+00:00,2026-01-24T23:00:00+02:00,0.6756225,0.4,0.0,99,3.54,0.0,3.7,0.0,100,5.22,0.0,0.7,0.0,100,5.16,0.0
2026-01-24T22:00:00+00:00,2026-01-25T00:00:00+02:00,0.62821,0.7,0.0,96,3.34,0.0,3.7,0.0,100,4.16,0.0,1.2,0.0,100,4.55,0.0
2026-01-24T23:00:00+00:00,2026-01-25T01:00:00+02:00,0.5216875,0.4,0.0,92,2.86,0.0,3.9,0.0,100,3.61,0.0,1.4,0.0,100,4.43,0.0
2026-01-25T00:00:00+00:00,2026-01-25T02:00:00+02:00,0.520415,-0.1,0.0,93,1.86,0.0,4.0,0.0,95,2.74,0.0,1.6,0.0,100,4.94,0.0
2026-01-25T01:00:00+00:00,2026-01-25T03:00:00+02:00,0.522815,-0.1,0.0,96,0.97,0.0,4.2,0.0,88,2.55,0.0,1.7,0.0,100,5.31,0.0
2026-01-25T02:00:00+00:00,2026-01-25T04:00:00+02:00,0.531735,-0.5,0.0,99,1.16,0.0,4.7,0.0,99,3.07,0.0,2.3,0.0,100,5.41,0.0
2026-01-25T03:00:00+00:00,2026-01-25T05:00:00+02:00,0.524995,-0.7,0.0,100,1.59,0.0,5.2,0.0,94,3.68,0.0,2.5,0.0,100,5.45,0.0
2026-01-25T04:00:00+00:00,2026-01-25T06:00:00+02:00,0.528055,-0.5,0.0,100,1.17,0.0,5.6,0.0,58,3.66,0.0,2.6,0.0,100,5.12,0.0
2026-01-25T05:00:00+00:00,2026-01-25T07:00:00+02:00,0.52917,-0.4,1.0,100,1.7,0.0,5.7,3.0,67,3.83,0.0,3.0,2.0,100,4.96,0.0
2026-01-25T06:00:00+00:00,2026-01-25T08:00:00+02:00,0.551,-0.8,30.0,100,2.04,0.0,5.6,65.0,100,4.15,0.0,3.2,27.0,100,4.3,0.0
2026-01-25T07:00:00+00:00,2026-01-25T09:00:00+02:00,0.6116625,-0.6,83.0,100,1.84,0.0,5.5,148.0,100,3.92,0.0,3.3,73.0,100,3.72,0.0
2026-01-25T08:00:00+00:00,2026-01-25T10:00:00+02:00,0.5785625,0.1,185.0,100,1.99,0.0,6.1,253.0,100,2.26,0.0,3.7,116.0,90,2.99,0.0
2026-01-25T09:00:00+00:00,2026-01-25T11:00:00+02:00,0.653585,0.6,228.0,100,2.06,0.0,6.4,296.0,100,1.75,0.0,4.1,161.0,65,2.3,0.0
2026-01-25T10:00:00+00:00,2026-01-25T12:00:00+02:00,0.5706125,0.3,262.0,100,1.26,0.0,6.3,352.0,100,1.21,0.0,5.0,260.0,71,1.35,0.0
2026-01-25T11:00:00+00:00,2026-01-25T13:00:00+02:00,0.66209,0.7,271.0,100,0.53,0.0,7.1,323.0,100,1.75,0.0,5.7,186.0,78,1.61,0.0
2026-01-25T12:00:00+00:00,2026-01-25T14:00:00+02:00,0.6518075,0.9,227.0,100,0.63,0.0,7.6,261.0,100,2.1,0.0,5.6,129.0,100,1.54,0.0
2026-01-25T13:00:00+00:00,2026-01-25T15:00:00+02:00,0.66497,1.2,135.0,100,1.13,0.0,7.6,148.0,100,2.61,0.0,5.1,81.0,100,1.16,0.0
2026-01-25T14:00:00+00:00,2026-01-25T16:00:00+02:00,0.6536725,1.4,43.0,100,0.95,0.0,6.9,44.0,100,3.05,0.0,4.2,27.0,100,1.84,0.0
2026-01-25T15:00:00+00:00,2026-01-25T17:00:00+02:00,0.6761275,1.4,1.0,100,2.02,0.0,6.4,0.0,100,4.47,0.0,3.8,0.0,100,2.9,0.0
2026-01-25T16:00:00+00:00,2026-01-25T18:00:00+02:00,0.707275,1.2,0.0,100,4.1,0.0,6.1,0.0,99,5.48,0.0,3.5,0.0,100,3.65,0.0
2026-01-25T17:00:00+00:00,2026-01-25T19:00:00+02:00,0.7035475,1.1,0.0,100,5.76,0.0,5.6,0.0,100,5.79,0.0,3.4,0.0,100,4.12,0.0
2026-01-25T18:00:00+00:00,2026-01-25T20:00:00+02:00,0.675385,0.9,0.0,100,6.09,0.0,5.4,0.0,100,5.86,0.0,3.3,0.0,100,4.55,0.0
2026-01-25T19:00:00+00:00,2026-01-25T21:00:00+02:00,0.6372775,1.0,0.0,100,6.37,0.0,5.3,0.0,100,6.15,0.0,3.6,0.0,100,5.22,0.0
2026-01-25T20:00:00+00:00,2026-01-25T22:00:00+02:00,0.58087,1.1,0.0,100,6.99,0.0,5.5,0.0,100,6.32,0.0,3.9,0.0,100,5.76,0.0
2026-01-25T21:00:00+00:00,2026-01-25T23:00:00+02:00,0.57027,1.3,0.0,100,7.64,0.0,5.8,0.0,100,6.56,0.0,4.2,0.0,100,5.96,0.0
2026-01-25T22:00:00+00:00,2026-01-26T00:00:00+02:00,0.532295,1.3,0.0,100,7.33,0.0,6.3,0.0,100,6.23,0.0,4.7,0.0,100,6.19,0.0
2026-01-25T23:00:00+00:00,2026-01-26T01:00:00+02:00,0.5294325,1.3,0.0,100,7.16,0.0,6.7,0.0,100,6.52,0.0,4.7,0.0,100,6.22,0.0
2026-01-26T00:00:00+00:00,2026-01-26T02:00:00+02:00,0.5171425,1.4,0.0,100,7.47,0.0,7.1,0.0,75,6.97,0.0,4.7,0.0,100,6.53,0.0
2026-01-26T01:00:00+00:00,2026-01-26T03:00:00+02:00,0.504195,1.6,0.0,100,7.87,0.0,7.2,0.0,87,7.11,0.0,5.0,0.0,100,6.69,0.0
2026-01-26T02:00:00+00:00,2026-01-26T04:00:00+02:00,0.492245,1.6,0.0,100,7.48,0.0,7.1,0.0,100,7.31,0.0,5.2,0.0,100,7.08,0.0
2026-01-26T03:00:00+00:00,2026-01-26T05:00:00+02:00,0.4904,1.7,0.0,100,7.79,0.0,7.1,0.0,82,7.54,0.0,5.6,0.0,100,7.0,0.0
2026-01-26T04:00:00+00:00,2026-01-26T06:00:00+02:00,0.565405,1.9,0.0,100,8.38,0.0,7.0,0.0,95,7.7,0.0,5.8,0.0,100,6.75,0.0
2026-01-26T05:00:00+00:00,2026-01-26T07:00:00+02:00,0.69989,2.1,0.0,100,8.24,0.1,7.2,3.0,100,7.96,0.0,6.0,3.0,100,6.79,0.0
2026-01-26T06:00:00+00:00,2026-01-26T08:00:00+02:00,0.8151175,2.3,10.0,100,7.69,0.2,7.5,49.0,100,8.22,0.0,6.1,24.0,100,7.11,0.0
2026-01-26T07:00:00+00:00,2026-01-26T09:00:00+02:00,0.960415,2.6,43.0,100,8.19,0.2,7.8,86.0,100,8.24,0.1,6.3,51.0,100,7.78,0.0
2026-01-26T08:00:00+00:00,2026-01-26T10:00:00+02:00,0.98179,3.6,75.0,100,8.21,0.2,8.6,140.0,100,7.94,0.3,7.1,59.0,100,7.55,0.5
2026-01-26T09:00:00+00:00,2026-01-26T11:00:00+02:00,0.95099,5.0,70.0,100,8.86,1.1,9.0,182.0,100,7.95,0.2,7.5,87.0,100,7.59,0.4
2026-01-26T10:00:00+00:00,2026-01-26T12:00:00+02:00,0.94173,4.2,48.0,100,8.25,1.6,10.4,209.0,100,6.64,0.0,7.4,85.0,100,7.11,0.5
2026-01-26T11:00:00+00:00,2026-01-26T13:00:00+02:00,0.8876325,4.7,38.0,100,8.63,1.2,10.5,182.0,100,7.14,0.0,7.3,116.0,100,7.96,0.4
2026-01-26T12:00:00+00:00,2026-01-26T14:00:00+02:00,0.9320775,6.2,43.0,100,8.12,0.6,10.2,110.0,100,8.09,0.0,7.5,82.0,100,8.57,0.2
2026-01-26T13:00:00+00:00,2026-01-26T15:00:00+02:00,0.93999,7.4,44.0,100,8.05,0.2,9.6,70.0,100,8.73,0.0,7.5,58.0,100,8.82,0.1
2026-01-26T14:00:00+00:00,2026-01-26T16:00:00+02:00,1.0198775,8.2,30.0,98,7.98,0.2,8.8,22.0,99,9.43,0.0,6.9,16.0,100,9.37,0.1
2026-01-26T15:00:00+00:00,2026-01-26T17:00:00+02:00,0.9815,8.3,1.0,94,8.17,0.1,8.7,0.0,100,9.49,0.0,6.6,0.0,99,9.74,0.1
2026-01-26T16:00:00+00:00,2026-01-26T18:00:00+02:00,0.65,8.0,0.0,92,8.82,0.1,8.5,0.0,99,9.42,0.0,6.3,0.0,100,9.78,0.2
2026-01-26T17:00:00+00:00,2026-01-26T19:00:00+02:00,0.859785,7.9,0.0,67,9.26,0.1,8.3,0.0,100,9.42,0.0,6.0,0.0,100,9.39,0.2
2026-01-26T18:00:00+00:00,2026-01-26T20:00:00+02:00,0.6711025,7.2,0.0,70,9.47,0.0,8.2,0.0,100,9.63,0.2,6.1,0.0,100,8.94,0.8
2026-01-26T19:00:00+00:00,2026-01-26T21:00:00+02:00,0.898805,6.6,0.0,64,9.35,0.0,8.1,0.0,91,9.73,0.1,6.2,0.0,100,8.51,0.5
2026-01-26T20:00:00+00:00,2026-01-26T22:00:00+02:00,0.669175,5.8,0.0,83,9.05,0.0,7.6,0.0,80,9.81,0.0,5.9,0.0,100,8.32,0.5
2026-01-26T21:00:00+00:00,2026-01-26T23:00:00+02:00,0.6665175,5.6,0.0,61,8.94,0.0,7.4,0.0,90,9.82,0.0,5.8,0.0,100,8.43,0.4
2026-01-26T22:00:00+00:00,2026-01-27T00:00:00+02:00,0.59022,5.1,0.0,61,9.12,0.0,7.0,0.0,100,9.32,0.0,5.4,0.0,100,8.64,0.2
2026-01-26T23:00:00+00:00,2026-01-27T01:00:00+02:00,0.6199275,5.2,0.0,96,9.02,0.0,7.0,0.0,100,8.62,0.0,5.2,0.0,100,8.48,0.0
2026-01-27T00:00:00+00:00,2026-01-27T02:00:00+02:00,0.59626,5.4,0.0,100,8.92,0.0,6.8,0.0,100,8.11,0.1,5.0,0.0,100,8.3,0.0
2026-01-27T01:00:00+00:00,2026-01-27T03:00:00+02:00,0.6004775,5.6,0.0,100,9.08,0.1,6.7,0.0,100,7.29,0.4,4.8,0.0,100,8.26,0.0
2026-01-27T02:00:00+00:00,2026-01-27T04:00:00+02:00,0.6168675,5.6,0.0,100,9.18,0.3,6.6,0.0,99,6.37,0.3,4.4,0.0,100,7.93,0.0
2026-01-27T03:00:00+00:00,2026-01-27T05:00:00+02:00,0.625695,5.6,0.0,100,9.05,0.2,6.5,0.0,100,5.74,0.0,4.2,0.0,100,8.1,0.0
2026-01-27T04:00:00+00:00,2026-01-27T06:00:00+02:00,0.65344,5.3,0.0,100,8.61,0.3,6.6,0.0,99,5.02,0.0,3.9,0.0,100,8.19,0.1
2026-01-27T05:00:00+00:00,2026-01-27T07:00:00+02:00,0.8475275,5.0,0.0,100,8.58,0.3,6.6,4.0,93,4.58,0.0,3.7,2.0,100,8.04,0.6
2026-01-27T06:00:00+00:00,2026-01-27T08:00:00+02:00,1.3707625,4.8,10.0,100,8.67,0.0,6.4,56.0,98,4.27,0.0,3.5,16.0,100,8.23,0.5
2026-01-27T07:00:00+00:00,2026-01-27T09:00:00+02:00,1.3217275,4.4,22.0,100,8.25,0.0,6.8,121.0,99,3.87,0.0,3.2,45.0,100,7.97,0.1
2026-01-27T08:00:00+00:00,2026-01-27T10:00:00+02:00,1.0954525,3.9,29.0,100,7.75,0.0,8.1,222.0,98,3.26,0.0,3.1,61.0,100,6.89,0.0
2026-01-27T09:00:00+00:00,2026-01-27T11:00:00+02:00,0.895665,3.7,32.0,100,7.37,0.0,9.0,273.0,95,3.38,0.0,3.2,104.0,100,5.99,0.0
2026-01-27T10:00:00+00:00,2026-01-27T12:00:00+02:00,0.8151075,3.5,44.0,100,6.04,0.0,9.0,245.0,99,4.85,0.0,4.3,98.0,100,4.76,0.0
2026-01-27T11:00:00+00:00,2026-01-27T13:00:00+02:00,0.771695,3.7,58.0,100,5.57,0.0,9.5,238.0,100,4.9,0.0,4.7,113.0,100,4.07,0.0
2026-01-27T12:00:00+00:00,2026-01-27T14:00:00+02:00,0.812685,4.1,38.0,100,4.39,0.1,9.9,204.0,99,4.59,0.0,5.3,96.0,100,3.66,0.0
2026-01-27T13:00:00+00:00,2026-01-27T15:00:00+02:00,0.9730425,4.2,24.0,100,3.34,0.1,10.2,120.0,100,4.18,0.0,5.7,64.0,100,3.57,0.0
2026-01-27T14:00:00+00:00,2026-01-27T16:00:00+02:00,1.32961,4.3,11.0,100,3.01,0.0,9.4,42.0,92,4.17,0.0,5.2,18.0,100,3.71,0.0
2026-01-27T15:00:00+00:00,2026-01-27T17:00:00+02:00,1.3856425,4.0,0.0,100,2.77,0.0,8.6,0.0,87,3.91,0.1,4.5,0.0,100,3.56,0.0
2026-01-27T16:00:00+00:00,2026-01-27T18:00:00+02:00,1.3873775,4.1,0.0,100,2.09,0.0,8.1,0.0,86,3.32,0.1,3.9,0.0,100,3.4,0.0
2026-01-27T17:00:00+00:00,2026-01-27T19:00:00+02:00,1.34335,3.7,0.0,100,1.2,0.0,7.4,0.0,97,2.14,0.0,3.3,0.0,100,2.86,0.0
2026-01-27T18:00:00+00:00,2026-01-27T20:00:00+02:00,1.30907,3.4,0.0,100,0.47,0.0,6.9,0.0,95,1.03,0.1,3.2,0.0,100,2.11,0.0
2026-01-27T19:00:00+00:00,2026-01-27T21:00:00+02:00,1.11969,3.3,0.0,100,0.95,0.0,6.6,0.0,99,1.71,0.4,2.8,0.0,100,1.55,0.0
2026-01-27T20:00:00+00:00,2026-01-27T22:00:00+02:00,0.743675,3.3,0.0,100,1.66,0.0,5.5,0.0,99,3.97,0.2,2.6,0.0,100,1.13,0.0
2026-01-27T21:00:00+00:00,2026-01-27T23:00:00+02:00,0.6815,3.5,0.0,100,3.03,0.0,4.8,0.0,100,5.65,0.0,2.5,0.0,100,0.6,0.0
2026-01-27T22:00:00+00:00,2026-01-28T00:00:00+02:00,0.6280625,3.1,0.0,100,4.28,0.0,4.3,0.0,100,6.72,0.0,2.5,0.0,100,1.27,0.0
2026-01-27T23:00:00+00:00,2026-01-28T01:00:00+02:00,0.6058275,3.2,0.0,100,4.84,0.0,3.9,0.0,100,7.25,0.0,2.3,0.0,100,2.27,0.0
2026-01-28T00:00:00+00:00,2026-01-28T02:00:00+02:00,0.5795875,3.3,0.0,100,4.83,0.0,4.0,0.0,100,7.22,0.0,2.0,0.0,100,3.32,0.0
2026-01-28T01:00:00+00:00,2026-01-28T03:00:00+02:00,0.561845,3.4,0.0,100,4.52,0.0,4.0,0.0,100,6.81,0.0,2.2,0.0,100,4.25,0.0
2026-01-28T02:00:00+00:00,2026-01-28T04:00:00+02:00,0.5678825,3.4,0.0,100,4.44,0.0,3.9,0.0,100,6.26,0.0,2.2,0.0,100,4.96,0.0
2026-01-28T03:00:00+00:00,2026-01-28T05:00:00+02:00,0.5986075,3.6,0.0,100,4.4,0.0,3.9,0.0,100,5.41,0.0,2.3,0.0,100,4.5,0.0
2026-01-28T04:00:00+00:00,2026-01-28T06:00:00+02:00,0.6333075,3.7,0.0,100,4.33,0.0,3.8,0.0,100,5.4,0.0,2.0,0.0,99,4.39,0.0
2026-01-28T05:00:00+00:00,2026-01-28T07:00:00+02:00,0.858435,3.5,1.0,100,4.52,0.0,3.9,3.0,100,4.65,0.0,2.0,3.0,92,3.73,0.0
2026-01-28T06:00:00+00:00,2026-01-28T08:00:00+02:00,1.1064275,3.5,23.0,100,5.2,0.0,4.2,58.0,100,4.24,0.0,2.3,52.0,81,4.15,0.0
2026-01-28T07:00:00+00:00,2026-01-28T09:00:00+02:00,1.1644275,3.3,104.0,89,4.58,0.0,4.5,153.0,96,3.97,0.0,2.8,127.0,80,4.88,0.0
2026-01-28T08:00:00+00:00,2026-01-28T10:00:00+02:00,1.05224,3.7,232.0,92,3.26,0.0,5.7,219.0,98,4.36,0.0,4.0,176.0,93,4.89,0.0
2026-01-28T09:00:00+00:00,2026-01-28T11:00:00+02:00,0.5509975,5.0,293.0,96,2.87,0.0,6.2,256.0,100,4.74,0.0,4.2,203.0,100,4.94,0.0
2026-01-28T10:00:00+00:00,2026-01-28T12:00:00+02:00,0.9587625,5.9,390.0,75,2.97,0.0,7.8,217.0,100,4.53,0.0,5.3,197.0,100,4.46,0.0
2026-01-28T11:00:00+00:00,2026-01-28T13:00:00+02:00,0.8899425,7.3,403.0,24,3.11,0.0,8.6,260.0,100,5.27,0.0,5.9,233.0,100,4.54,0.0
2026-01-28T12:00:00+00:00,2026-01-28T14:00:00+02:00,0.88424,8.4,333.0,11,3.08,0.0,9.5,185.0,100,5.62,0.0,6.7,144.0,100,5.46,0.0
2026-01-28T13:00:00+00:00,2026-01-28T15:00:00+02:00,0.72808,8.9,209.0,12,2.69,0.0,9.7,89.0,100,5.0,0.0,7.0,65.0,100,5.79,0.0
2026-01-28T14:00:00+00:00,2026-01-28T16:00:00+02:00,0.855955,8.9,65.0,55,2.31,0.0,9.1,30.0,97,6.06,0.0,7.5,19.0,97,6.06,0.0
2026-01-28T15:00:00+00:00,2026-01-28T17:00:00+02:00,0.9195325,9.1,2.0,86,2.49,0.0,8.6,0.0,16,7.55,0.0,7.1,0.0,90,6.26,0.0
2026-01-28T16:00:00+00:00,2026-01-28T18:00:00+02:00,0.965105,7.9,0.0,93,2.06,0.0,7.3,0.0,30,8.5,0.0,6.1,0.0,73,6.91,0.0
2026-01-28T17:00:00+00:00,2026-01-28T19:00:00+02:00,0.868485,4.6,0.0,96,2.06,0.0,6.7,0.0,82,8.51,0.0,5.7,0.0,92,7.61,0.0
2026-01-28T18:00:00+00:00,2026-01-28T20:00:00+02:00,0.821615,3.1,0.0,98,1.67,0.0,6.3,0.0,91,8.66,0.0,5.7,0.0,89,8.1,0.0
2026-01-28T19:00:00+00:00,2026-01-28T21:00:00+02:00,0.7302825,3.2,0.0,99,1.94,0.0,6.4,0.0,98,8.82,0.0,5.8,0.0,98,8.3,0.0
2026-01-28T20:00:00+00:00,2026-01-28T22:00:00+02:00,0.674065,3.1,0.0,88,2.99,0.0,6.4,0.0,95,8.83,0.0,5.8,0.0,98,8.46,0.0
2026-01-28T21:00:00+00:00,2026-01-28T23:00:00+02:00,0.615445,3.0,0.0,91,3.4,0.0,6.7,0.0,100,8.81,0.0,5.9,0.0,97,8.4,0.0
2026-01-28T22:00:00+00:00,2026-01-29T00:00:00+02:00,0.5776475,1.0,0.0,44,2.63,0.0,7.2,0.0,99,9.32,0.0,5.6,0.0,99,8.56,0.0
2026-01-28T23:00:00+00:00,2026-01-29T01:00:00+02:00,0.5352475,0.5,0.0,88,1.87,0.0,7.5,0.0,98,9.64,0.0,5.9,0.0,100,8.4,0.0
2026-01-29T00:00:00+00:00,2026-01-29T02:00:00+02:00,0.53023,0.9,0.0,100,1.28,0.0,7.6,0.0,63,9.51,0.0,6.2,0.0,92,8.14,0.0
2026-01-29T01:00:00+00:00,2026-01-29T03:00:00+02:00,0.5198225,1.4,0.0,100,0.6,0.1,7.3,0.0,47,9.01,0.0,6.1,0.0,65,7.5,0.0
2026-01-29T02:00:00+00:00,2026-01-29T04:00:00+02:00,0.5124975,1.9,0.0,100,1.92,0.2,7.1,0.0,99,8.96,0.0,5.4,0.0,45,7.14,0.0
2026-01-29T03:00:00+00:00,2026-01-29T05:00:00+02:00,0.5187475,2.5,0.0,84,0.94,0.0,7.2,0.0,99,8.38,0.0,5.1,0.0,91,7.07,0.0
2026-01-29T04:00:00+00:00,2026-01-29T06:00:00+02:00,0.5815575,2.3,0.0,66,0.86,0.0,7.3,0.0,78,7.3,0.0,5.0,0.0,100,6.35,0.0
2026-01-29T05:00:00+00:00,2026-01-29T07:00:00+02:00,0.683685,2.0,3.0,28,1.59,0.0,7.4,7.0,87,6.91,0.0,5.0,5.0,97,5.48,0.0
2026-01-29T06:00:00+00:00,2026-01-29T08:00:00+02:00,0.8327375,1.5,69.0,95,1.2,0.0,7.5,92.0,52,6.21,0.0,5.1,58.0,97,5.21,0.0
2026-01-29T07:00:00+00:00,2026-01-29T09:00:00+02:00,0.8906175,2.0,150.0,98,0.7,0.0,7.8,199.0,100,5.75,0.0,5.7,212.0,30,5.11,0.0
2026-01-29T08:00:00+00:00,2026-01-29T10:00:00+02:00,0.9262025,3.8,220.0,99,0.54,0.0,9.6,265.0,100,5.35,0.0,8.0,320.0,78,5.0,0.0
2026-01-29T09:00:00+00:00,2026-01-29T11:00:00+02:00,0.9145675,5.7,312.0,98,1.18,0.0,10.3,302.0,100,4.86,0.0,8.9,351.0,100,3.94,0.0
2026-01-29T10:00:00+00:00,2026-01-29T12:00:00+02:00,0.88513,8.1,371.0,97,0.85,0.0,10.9,364.0,92,5.02,0.0,10.1,312.0,100,3.15,0.0
2026-01-29T11:00:00+00:00,2026-01-29T13:00:00+02:00,0.8532175,9.7,370.0,100,1.41,0.0,11.7,265.0,96,4.91,0.0,10.3,292.0,97,2.72,0.0
2026-01-29T12:00:00+00:00,2026-01-29T14:00:00+02:00,0.854795,10.6,321.0,79,1.95,0.0,12.0,188.0,99,4.14,0.0,10.5,254.0,86,1.79,0.0
2026-01-29T13:00:00+00:00,2026-01-29T15:00:00+02:00,0.8714325,11.1,209.0,4,2.7,0.0,11.9,109.0,100,3.46,0.2,10.9,157.0,95,0.36,0.0
2026-01-29T14:00:00+00:00,2026-01-29T16:00:00+02:00,0.837625,10.5,79.0,21,3.82,0.0,11.0,15.0,98,3.93,0.9,9.6,44.0,90,1.06,0.0
2026-01-29T15:00:00+00:00,2026-01-29T17:00:00+02:00,0.84435,9.1,2.0,77,5.69,0.0,10.2,0.0,100,5.44,1.4,7.7,0.0,97,2.6,0.0
2026-01-29T16:00:00+00:00,2026-01-29T18:00:00+02:00,0.84832,7.7,0.0,99,7.63,0.0,10.1,0.0,100,5.41,1.5,7.1,0.0,99,4.0,0.3
2026-01-29T17:00:00+00:00,2026-01-29T19:00:00+02:00,0.8243825,6.3,0.0,95,8.65,0.0,9.5,0.0,100,5.07,1.1,6.1,0.0,98,5.14,0.4
2026-01-29T18:00:00+00:00,2026-01-29T20:00:00+02:00,0.81295,5.2,0.0,97,9.11,0.0,9.4,0.0,100,5.31,0.7,5.5,0.0,100,5.86,0.8
2026-01-29T19:00:00+00:00,2026-01-29T21:00:00+02:00,0.7501775,4.2,0.0,100,9.18,0.0,9.5,0.0,100,4.72,0.4,4.7,0.0,100,6.55,0.6
2026-01-29T20:00:00+00:00,2026-01-29T22:00:00+02:00,0.6757,3.6,0.0,99,8.35,0.0,9.2,0.0,100,4.57,0.6,4.0,0.0,100,7.21,0.7
2026-01-29T21:00:00+00:00,2026-01-29T23:00:00+02:00,0.6184375,3.6,0.0,98,8.17,0.0,9.2,0.0,100,3.99,0.4,3.8,0.0,100,7.51,1.7
2026-01-29T22:00:00+00:00,2026-01-30T00:00:00+02:00,0.526695,3.3,0.0,99,8.5,0.0,8.2,0.0,99,2.85,0.4,3.7,0.0,100,7.85,1.8
2026-01-29T23:00:00+00:00,2026-01-30T01:00:00+02:00,0.5659775,3.0,0.0,99,8.07,0.0,7.8,0.0,100,3.01,0.2,3.6,0.0,100,8.16,1.5
2026-01-30T00:00:00+00:00,2026-01-30T02:00:00+02:00,0.5264825,3.0,0.0,100,7.78,0.0,7.4,0.0,100,5.86,0.2,3.5,0.0,100,8.26,1.0
2026-01-30T01:00:00+00:00,2026-01-30T03:00:00+02:00,0.51547,3.1,0.0,100,7.47,0.0,6.5,0.0,100,7.6,0.4,3.7,0.0,100,8.37,0.4
2026-01-30T02:00:00+00:00,2026-01-30T04:00:00+02:00,0.4995325,3.4,0.0,99,7.16,0.0,5.5,0.0,100,8.37,0.7,3.6,0.0,100,9.23,0.5
2026-01-30T03:00:00+00:00,2026-01-30T05:00:00+02:00,0.501215,3.5,0.0,99,6.61,0.0,5.0,0.0,100,8.76,0.4,3.6,0.0,100,9.57,0.5
2026-01-30T04:00:00+00:00,2026-01-30T06:00:00+02:00,0.549255,3.4,0.0,98,5.66,0.0,4.9,0.0,100,9.13,0.5,3.6,0.0,100,9.62,0.5
2026-01-30T05:00:00+00:00,2026-01-30T07:00:00+02:00,0.6555025,3.2,1.0,99,4.5,0.0,4.6,1.0,100,9.23,0.3,3.3,1.0,100,9.72,0.7
2026-01-30T06:00:00+00:00,2026-01-30T08:00:00+02:00,0.72838,3.0,24.0,99,3.32,0.3,4.6,19.0,100,8.67,0.2,3.2,8.0,100,9.67,0.9
2026-01-30T07:00:00+00:00,2026-01-30T09:00:00+02:00,0.8204925,3.1,73.0,96,2.61,0.2,4.6,32.0,100,8.31,0.1,3.0,17.0,100,9.2,1.1
2026-01-30T08:00:00+00:00,2026-01-30T10:00:00+02:00,0.840855,4.1,115.0,97,2.41,0.1,4.4,36.0,100,8.55,0.1,2.8,23.0,100,8.57,1.0
2026-01-30T09:00:00+00:00,2026-01-30T11:00:00+02:00,0.82278,5.4,155.0,99,1.99,0.1,4.1,67.0,100,8.47,0.1,2.8,44.0,100,8.7,0.5
2026-01-30T10:00:00+00:00,2026-01-30T12:00:00+02:00,0.74494,6.0,219.0,100,3.09,0.1,4.7,70.0,100,9.06,0.1,2.9,49.0,100,9.57,0.4
2026-01-30T11:00:00+00:00,2026-01-30T13:00:00+02:00,0.7530275,6.7,188.0,100,4.21,0.0,4.6,53.0,100,9.19,0.2,2.9,27.0,100,9.61,0.2
2026-01-30T12:00:00+00:00,2026-01-30T14:00:00+02:00,0.738575,6.9,141.0,100,5.1,0.0,4.4,35.0,100,9.31,0.0,2.9,20.0,100,9.69,0.2
2026-01-30T13:00:00+00:00,2026-01-30T15:00:00+02:00,0.744485,6.9,74.0,100,5.15,0.1,4.1,22.0,100,9.07,0.2,2.9,16.0,100,9.73,0.2
2026-01-30T14:00:00+00:00,2026-01-30T16:00:00+02:00,0.551,6.6,24.0,100,4.78,0.1,3.8,7.0,100,9.53,0.2,2.4,5.0,100,10.27,0.2
2026-01-30T15:00:00+00:00,2026-01-30T17:00:00+02:00,0.602365,6.3,1.0,99,4.38,0.1,3.5,0.0,100,9.78,0.1,2.3,0.0,100,10.42,0.2
2026-01-30T16:00:00+00:00,2026-01-30T18:00:00+02:00,0.73527,5.8,0.0,100,4.25,0.0,3.3,0.0,100,9.9,0.1,2.1,0.0,100,10.35,0.2
2026-01-30T17:00:00+00:00,2026-01-30T19:00:00+02:00,0.7522825,5.6,0.0,100,3.79,0.0,2.9,0.0,100,9.81,0.1,1.3,0.0,100,10.18,0.1
2026-01-30T18:00:00+00:00,2026-01-30T20:00:00+02:00,0.7179775,5.4,0.0,100,3.11,0.3,2.7,0.0,100,9.61,0.3,1.3,0.0,100,9.88,0.1
2026-01-30T19:00:00+00:00,2026-01-30T21:00:00+02:00,0.7390225,5.1,0.0,100,2.71,0.4,2.5,0.0,100,9.24,0.2,1.2,0.0,100,9.43,0.2
2026-01-30T20:00:00+00:00,2026-01-30T22:00:00+02:00,0.6114025,4.7,0.0,100,3.31,0.4,2.0,0.0,99,8.99,0.1,0.5,0.0,98,9.18,0.1
2026-01-30T21:00:00+00:00,2026-01-30T23:00:00+02:00,0.530075,4.8,0.0,100,4.51,0.4,1.8,0.0,98,8.81,0.0,0.3,0.0,98,9.05,0.1
2026-01-30T22:00:00+00:00,2026-01-31T00:00:00+02:00,0.5539225,4.5,0.0,100,4.72,0.3,1.4,0.0,94,8.57,0.0,-0.5,0.0,99,8.88,0.0
2026-01-30T23:00:00+00:00,2026-01-31T01:00:00+02:00,0.5044675,4.3,0.0,100,5.54,0.2,1.1,0.0,99,8.0,0.0,-0.6,0.0,99,8.85,0.0
2026-01-31T00:00:00+00:00,2026-01-31T02:00:00+02:00,0.5007425,3.8,0.0,100,6.01,0.1,0.8,0.0,100,7.21,0.0,-0.8,0.0,100,8.66,0.0
2026-01-31T01:00:00+00:00,2026-01-31T03:00:00+02:00,0.49482,3.4,0.0,100,6.16,0.1,0.6,0.0,100,6.43,0.0,-0.8,0.0,100,7.7,0.0
2026-01-31T02:00:00+00:00,2026-01-31T04:00:00+02:00,0.500785,3.0,0.0,100,5.88,0.1,0.4,0.0,100,6.28,0.0,-1.4,0.0,98,7.2,0.0
2026-01-31T03:00:00+00:00,2026-01-31T05:00:00+02:00,0.5165175,2.7,0.0,100,6.1,0.1,0.3,0.0,51,6.0,0.0,-1.4,0.0,100,6.89,0.0
2026-01-31T04:00:00+00:00,2026-01-31T06:00:00+02:00,0.529805,2.2,0.0,100,6.18,0.0,0.1,0.0,4,5.77,0.0,-1.6,0.0,89,7.3,0.0
2026-01-31T05:00:00+00:00,2026-01-31T07:00:00+02:00,0.5567975,1.7,1.0,100,5.87,0.0,-0.2,8.0,7,5.13,0.0,-2.1,6.0,38,7.54,0.0
2026-01-31T06:00:00+00:00,2026-01-31T08:00:00+02:00,0.6032025,1.3,16.0,100,6.21,0.2,-0.2,83.0,32,4.25,0.0,-2.3,106.0,33,7.4,0.0
2026-01-31T07:00:00+00:00,2026-01-31T09:00:00+02:00,0.6403225,0.9,54.0,100,6.38,0.1,0.1,193.0,55,4.32,0.0,-2.5,230.0,45,6.97,0.0
2026-01-31T08:00:00+00:00,2026-01-31T10:00:00+02:00,0.64003,0.4,108.0,100,6.11,0.1,0.5,333.0,91,5.29,0.0,-2.4,346.0,73,6.53,0.0
2026-01-31T09:00:00+00:00,2026-01-31T11:00:00+02:00,0.631695,0.1,166.0,96,5.85,0.0,0.6,430.0,100,5.41,0.0,-2.2,401.0,64,6.42,0.0
2026-01-31T10:00:00+00:00,2026-01-31T12:00:00+02:00,0.602765,0.4,172.0,96,5.84,0.0,0.7,433.0,100,4.23,0.0,-1.8,436.0,100,6.23,0.0
2026-01-31T11:00:00+00:00,2026-01-31T13:00:00+02:00,0.59207,0.5,157.0,97,5.87,0.0,0.9,365.0,100,4.4,0.0,-1.6,405.0,100,6.51,0.0
2026-01-31T12:00:00+00:00,2026-01-31T14:00:00+02:00,0.58339,0.7,143.0,98,5.78,0.0,1.0,313.0,100,4.8,0.0,-1.6,317.0,100,6.46,0.0
2026-01-31T13:00:00+00:00,2026-01-31T15:00:00+02:00,0.58486,1.0,65.0,95,5.64,0.0,1.0,190.0,95,5.15,0.0,-1.9,193.0,69,6.35,0.0
2026-01-31T14:00:00+00:00,2026-01-31T16:00:00+02:00,0.6070725,1.1,32.0,93,5.17,0.0,0.8,64.0,66,4.85,0.0,-2.4,59.0,32,6.46,0.0
2026-01-31T15:00:00+00:00,2026-01-31T17:00:00+02:00,0.67014,1.2,2.0,89,4.92,0.0,0.4,1.0,35,4.8,0.0,-3.0,0.0,7,6.43,0.0
2026-01-31T16:00:00+00:00,2026-01-31T18:00:00+02:00,0.75592,1.2,0.0,92,4.93,0.0,-0.2,0.0,30,5.46,0.0,-3.4,0.0,5,6.56,0.0
2026-01-31T17:00:00+00:00,2026-01-31T19:00:00+02:00,0.76536,1.0,0.0,94,5.19,0.0,-0.6,0.0,36,6.47,0.0,-3.9,0.0,7,6.7,0.0
2026-01-31T18:00:00+00:00,2026-01-31T20:00:00+02:00,0.7158575,1.0,0.0,98,5.71,0.0,-1.1,0.0,55,7.07,0.0,-4.1,0.0,8,6.75,0.0
2026-01-31T19:00:00+00:00,2026-01-31T21:00:00+02:00,0.64542,0.7,0.0,98,6.12,0.0,-1.8,0.0,3,7.41,0.0,-4.1,0.0,9,6.9,0.0
2026-01-31T20:00:00+00:00,2026-01-31T22:00:00+02:00,0.59155,-0.0,0.0,98,6.33,0.0,-2.3,0.0,2,7.46,0.0,-4.3,0.0,2,7.0,0.0
2026-01-31T21:00:00+00:00,2026-01-31T23:00:00+02:00,0.5870175,-0.6,0.0,99,6.36,0.0,-2.6,0.0,7,6.87,0.0,-4.3,0.0,0,6.95,0.0
2026-03-31T21:00:00+00:00,2026-04-01T00:00:00+03:00,0.7629075,10.4,0.0,96,2.71,0.0,8.5,0.0,44,3.85,0.0,10.7,0.0,77,5.69,0.0
2026-03-31T22:00:00+00:00,2026-04-01T01:00:00+03:00,0.756415,10.0,0.0,59,3.05,0.0,8.5,0.0,23,4.31,0.0,10.0,0.0,74,6.37,0.0
2026-03-31T23:00:00+00:00,2026-04-01T02:00:00+03:00,0.6714525,9.5,0.0,62,3.54,0.0,8.8,0.0,47,4.59,0.0,9.7,0.0,74,6.29,0.0
2026-04-01T00:00:00+00:00,2026-04-01T03:00:00+03:00,0.644145,9.6,0.0,57,4.46,0.0,8.6,0.0,35,4.51,0.0,9.4,0.0,38,6.29,0.0
2026-04-01T01:00:00+00:00,2026-04-01T04:00:00+03:00,0.6599525,9.6,0.0,64,4.19,0.0,8.6,0.0,33,4.41,0.0,9.1,0.0,13,6.43,0.0
2026-04-01T02:00:00+00:00,2026-04-01T05:00:00+03:00,0.698175,9.5,0.0,71,3.94,0.0,8.4,0.0,39,4.27,0.0,8.9,0.0,22,6.6,0.0
2026-04-01T03:00:00+00:00,2026-04-01T06:00:00+03:00,0.7772225,9.4,0.0,55,4.19,0.0,8.4,0.0,43,4.46,0.0,8.7,1.0,36,6.84,0.0
2026-04-01T04:00:00+00:00,2026-04-01T07:00:00+03:00,0.96169,9.3,20.0,100,4.06,0.0,8.3,57.0,59,4.72,0.0,8.6,57.0,50,6.88,0.0
2026-04-01T05:00:00+00:00,2026-04-01T08:00:00+03:00,1.1351025,9.0,82.0,100,3.74,0.0,9.0,177.0,93,4.1,0.0,8.7,189.0,53,6.69,0.0
2026-04-01T06:00:00+00:00,2026-04-01T09:00:00+03:00,1.01967,9.6,127.0,98,3.18,0.0,10.2,327.0,87,3.62,0.0,9.6,303.0,62,5.81,0.0
2026-04-01T07:00:00+00:00,2026-04-01T10:00:00+03:00,0.86549,10.1,217.0,98,2.5,0.0,11.0,552.0,33,3.74,0.0,10.2,376.0,65,6.44,0.0
2026-04-01T08:00:00+00:00,2026-04-01T11:00:00+03:00,0.7368875,11.7,323.0,98,2.89,0.0,12.3,691.0,0,3.56,0.0,11.4,483.0,83,6.99,0.0
2026-04-01T09:00:00+00:00,2026-04-01T12:00:00+03:00,0.69983,12.4,579.0,76,3.47,0.0,13.0,724.0,11,3.35,0.0,11.9,540.0,99,6.73,0.0
2026-04-01T10:00:00+00:00,2026-04-01T13:00:00+03:00,0.638225,13.1,519.0,100,2.87,0.0,14.2,598.0,79,3.0,0.0,12.7,384.0,100,5.96,0.0
2026-04-01T11:00:00+00:00,2026-04-01T14:00:00+03:00,0.6024575,13.9,404.0,95,2.51,0.1,14.6,521.0,100,3.05,0.0,12.5,414.0,100,6.42,0.0
2026-04-01T12:00:00+00:00,2026-04-01T15:00:00+03:00,0.6334225,14.3,274.0,100,2.9,0.0,14.7,389.0,100,2.05,0.0,12.4,291.0,100,6.51,0.0
2026-04-01T13:00:00+00:00,2026-04-01T16:00:00+03:00,0.65663,14.4,243.0,98,3.58,0.0,14.5,268.0,100,1.13,0.0,12.1,166.0,99,5.52,0.0
2026-04-01T14:00:00+00:00,2026-04-01T17:00:00+03:00,0.778255,14.6,213.0,98,3.45,0.0,14.0,192.0,97,1.12,0.0,11.9,132.0,100,4.19,0.0
2026-04-01T15:00:00+00:00,2026-04-01T18:00:00+03:00,0.81103,14.6,120.0,65,4.0,0.0,13.3,90.0,93,2.28,0.0,11.7,48.0,92,4.07,0.0
2026-04-01T16:00:00+00:00,2026-04-01T19:00:00+03:00,0.9755925,14.0,19.0,54,4.29,0.0,12.4,8.0,92,3.9,0.0,11.5,6.0,91,5.68,0.0
2026-04-01T17:00:00+00:00,2026-04-01T20:00:00+03:00,1.054925,11.8,0.0,87,4.77,0.0,10.0,0.0,8,5.23,0.0,10.7,0.0,55,6.54,0.0
2026-04-01T18:00:00+00:00,2026-04-01T21:00:00+03:00,1.027225,11.1,0.0,100,5.83,0.0,9.5,0.0,79,6.66,0.0,10.2,0.0,83,6.25,0.0
2026-04-01T19:00:00+00:00,2026-04-01T22:00:00+03:00,0.852035,10.7,0.0,100,7.15,0.0,9.1,0.0,100,7.55,0.0,10.0,0.0,100,5.76,0.0
2026-04-01T20:00:00+00:00,2026-04-01T23:00:00+03:00,0.781745,10.2,0.0,100,7.82,0.0,8.7,0.0,100,7.55,0.0,9.6,0.0,100,6.05,0.0
2026-04-01T21:00:00+00:00,2026-04-02T00:00:00+03:00,0.6850075,9.7,0.0,100,8.22,0.0,8.8,0.0,100,7.77,0.0,9.6,0.0,100,6.21,0.0
2026-04-01T22:00:00+00:00,2026-04-02T01:00:00+03:00,0.6515825,9.6,0.0,100,9.08,0.0,8.5,0.0,100,7.83,0.0,9.1,0.0,99,5.43,0.0
2026-04-01T23:00:00+00:00,2026-04-02T02:00:00+03:00,0.60674,9.0,0.0,100,9.68,0.0,8.6,0.0,100,7.55,0.0,9.1,0.0,100,5.4,0.0
2026-04-02T00:00:00+00:00,2026-04-02T03:00:00+03:00,0.5819275,8.6,0.0,100,9.67,0.0,8.6,0.0,100,7.51,0.0,8.7,0.0,100,5.66,0.0
2026-04-02T01:00:00+00:00,2026-04-02T04:00:00+03:00,0.5614475,8.4,0.0,100,8.92,0.0,8.6,0.0,100,6.98,0.0,8.8,0.0,100,6.03,0.0
2026-04-02T02:00:00+00:00,2026-04-02T05:00:00+03:00,0.5506525,8.4,0.0,100,8.51,0.0,8.6,0.0,100,6.35,0.0,8.8,0.0,100,5.9,0.0
2026-04-02T03:00:00+00:00,2026-04-02T06:00:00+03:00,0.6091925,8.4,0.0,100,8.6,0.1,8.6,0.0,100,7.07,0.0,8.8,0.0,100,5.38,0.0
2026-04-02T04:00:00+00:00,2026-04-02T07:00:00+03:00,0.7842925,8.3,7.0,100,8.79,0.1,8.5,21.0,100,7.24,0.0,8.6,35.0,100,5.61,0.0
2026-04-02T05:00:00+00:00,2026-04-02T08:00:00+03:00,0.815845,8.1,38.0,100,8.85,0.1,8.5,59.0,100,7.53,0.0,8.6,109.0,100,5.92,0.0
2026-04-02T06:00:00+00:00,2026-04-02T09:00:00+03:00,0.83047,8.2,48.0,100,9.01,0.2,8.7,63.0,100,8.86,0.4,8.7,78.0,100,6.23,0.0
2026-04-02T07:00:00+00:00,2026-04-02T10:00:00+03:00,0.71234,8.2,89.0,100,9.51,0.3,8.4,87.0,100,9.9,0.5,8.9,103.0,100,7.14,0.0
2026-04-02T08:00:00+00:00,2026-04-02T11:00:00+03:00,0.6593525,8.5,62.0,100,10.54,0.5,8.5,99.0,100,11.24,0.7,9.7,143.0,100,7.44,0.1
2026-04-02T09:00:00+00:00,2026-04-02T12:00:00+03:00,0.6078075,8.6,80.0,100,11.04,0.7,8.1,137.0,100,11.8,1.4,10.0,157.0,100,7.99,0.1
2026-04-02T10:00:00+00:00,2026-04-02T13:00:00+03:00,0.60945,8.9,90.0,100,12.41,1.2,8.7,145.0,100,11.2,2.1,10.8,159.0,100,7.2,0.3
2026-04-02T11:00:00+00:00,2026-04-02T14:00:00+03:00,0.5392975,9.3,51.0,100,12.18,1.7,8.7,138.0,100,10.2,2.3,10.7,179.0,100,8.09,0.4
2026-04-02T12:00:00+00:00,2026-04-02T15:00:00+03:00,0.57491,9.3,65.0,100,9.45,1.8,8.6,77.0,100,8.87,0.5,10.4,98.0,100,6.99,1.1
2026-04-02T13:00:00+00:00,2026-04-02T16:00:00+03:00,0.6391125,9.6,61.0,100,9.59,1.5,8.6,76.0,100,9.72,0.1,10.1,94.0,100,6.72,1.0
2026-04-02T14:00:00+00:00,2026-04-02T17:00:00+03:00,0.70928,9.8,31.0,100,9.81,0.8,8.8,68.0,100,10.46,0.0,9.9,40.0,100,5.61,0.8
2026-04-02T15:00:00+00:00,2026-04-02T18:00:00+03:00,0.7467225,9.7,24.0,100,10.08,0.3,9.0,40.0,100,9.76,0.0,9.6,20.0,100,6.12,0.4
2026-04-02T16:00:00+00:00,2026-04-02T19:00:00+03:00,0.9118725,9.6,2.0,100,10.01,0.2,9.2,4.0,100,9.3,0.0,9.6,3.0,100,6.45,0.0
2026-04-02T17:00:00+00:00,2026-04-02T20:00:00+03:00,0.890045,9.5,0.0,100,9.71,0.2,9.2,0.0,99,9.4,0.0,9.2,0.0,100,5.77,0.0
2026-04-02T18:00:00+00:00,2026-04-02T21:00:00+03:00,0.886035,9.2,0.0,100,9.31,0.1,9.3,0.0,97,9.32,0.0,9.3,0.0,100,4.98,0.2
2026-04-02T19:00:00+00:00,2026-04-02T22:00:00+03:00,0.839975,9.1,0.0,100,9.0,0.1,9.2,0.0,97,7.96,0.0,9.5,0.0,100,4.76,0.3
2026-04-02T20:00:00+00:00,2026-04-02T23:00:00+03:00,0.7270875,9.0,0.0,100,8.76,0.1,9.1,0.0,100,6.32,0.0,9.5,0.0,100,4.43,0.0
2026-04-02T21:00:00+00:00,2026-04-03T00:00:00+03:00,0.6676875,9.1,0.0,100,8.49,0.1,9.0,0.0,100,5.55,0.0,9.7,0.0,99,4.59,0.0
2026-04-02T22:00:00+00:00,2026-04-03T01:00:00+03:00,0.6882975,9.0,0.0,100,8.06,0.1,8.9,0.0,100,4.72,0.0,9.4,0.0,100,3.47,0.0
2026-04-02T23:00:00+00:00,2026-04-03T02:00:00+03:00,0.625185,8.9,0.0,100,8.06,0.1,9.0,0.0,100,4.29,0.0,9.4,0.0,100,2.53,0.0
2026-04-03T00:00:00+00:00,2026-04-03T03:00:00+03:00,0.6146675,9.0,0.0,100,7.92,0.0,9.0,0.0,100,3.98,0.0,9.6,0.0,100,1.62,0.0
2026-04-03T01:00:00+00:00,2026-04-03T04:00:00+03:00,0.604765,9.0,0.0,100,7.27,0.0,8.6,0.0,100,3.35,0.0,9.9,0.0,100,1.12,0.0
2026-04-03T02:00:00+00:00,2026-04-03T05:00:00+03:00,0.62125,9.0,0.0,100,6.91,0.0,8.4,0.0,100,2.62,0.0,9.9,0.0,98,1.37,0.0
2026-04-03T03:00:00+00:00,2026-04-03T06:00:00+03:00,0.6549225,9.0,0.0,100,6.8,0.0,8.3,1.0,100,1.94,0.0,9.6,1.0,93,2.14,0.0
2026-04-03T04:00:00+00:00,2026-04-03T07:00:00+03:00,0.7536225,9.0,15.0,99,6.72,0.0,8.4,57.0,100,2.1,0.0,9.8,32.0,98,2.64,0.0
2026-04-03T05:00:00+00:00,2026-04-03T08:00:00+03:00,0.798105,9.1,65.0,94,6.71,0.0,8.8,139.0,100,2.48,0.0,10.1,95.0,100,2.48,0.0
2026-04-03T06:00:00+00:00,2026-04-03T09:00:00+03:00,0.686365,9.4,145.0,100,7.52,0.0,9.3,194.0,100,2.41,0.0,10.4,167.0,100,2.03,0.0
2026-04-03T07:00:00+00:00,2026-04-03T10:00:00+03:00,0.6632125,10.2,127.0,100,7.18,0.0,9.9,310.0,100,1.77,0.0,10.9,231.0,100,2.16,0.0
2026-04-03T08:00:00+00:00,2026-04-03T11:00:00+03:00,0.5351275,11.0,182.0,100,7.03,0.0,10.8,375.0,100,1.5,0.1,12.5,399.0,100,1.99,0.2
2026-04-03T09:00:00+00:00,2026-04-03T12:00:00+03:00,0.5499925,11.6,151.0,100,6.64,0.0,11.4,401.0,100,1.6,0.1,13.1,431.0,97,2.06,0.1
2026-04-03T10:00:00+00:00,2026-04-03T13:00:00+03:00,0.4885,12.1,266.0,100,5.76,0.1,12.8,528.0,97,1.88,0.1,15.0,466.0,99,2.29,0.2
2026-04-03T11:00:00+00:00,2026-04-03T14:00:00+03:00,0.494,13.4,345.0,100,4.76,0.1,13.9,540.0,77,1.58,0.1,15.2,506.0,94,2.82,0.1
2026-04-03T12:00:00+00:00,2026-04-03T15:00:00+03:00,0.4774975,14.4,280.0,90,3.57,0.0,14.9,465.0,62,0.92,0.1,15.6,376.0,96,3.29,0.1
2026-04-03T13:00:00+00:00,2026-04-03T16:00:00+03:00,0.468375,14.8,213.0,75,2.68,0.0,15.3,410.0,60,0.67,0.1,15.5,313.0,97,3.59,0.1
2026-04-03T14:00:00+00:00,2026-04-03T17:00:00+03:00,0.50863,15.3,127.0,79,2.39,0.0,15.4,225.0,60,0.5,0.0,15.2,171.0,97,4.02,0.1
2026-04-03T15:00:00+00:00,2026-04-03T18:00:00+03:00,0.6922425,15.3,68.0,79,2.29,0.0,15.0,92.0,46,0.71,0.0,14.8,70.0,100,3.99,0.0
2026-04-03T16:00:00+00:00,2026-04-03T19:00:00+03:00,0.8521725,14.9,17.0,39,2.33,0.0,13.6,8.0,39,1.3,0.0,14.1,6.0,100,4.15,0.0
2026-04-03T17:00:00+00:00,2026-04-03T20:00:00+03:00,0.8950275,14.9,0.0,41,2.63,0.0,11.7,0.0,57,2.16,0.0,12.6,0.0,98,3.99,0.0
2026-04-03T18:00:00+00:00,2026-04-03T21:00:00+03:00,0.8676225,12.1,0.0,51,3.02,0.0,11.3,0.0,50,1.49,0.0,12.3,0.0,98,3.6,0.0
2026-04-03T19:00:00+00:00,2026-04-03T22:00:00+03:00,0.8212825,10.9,0.0,44,3.71,0.0,12.1,0.0,68,1.33,0.0,11.6,0.0,98,3.96,0.0
2026-04-03T20:00:00+00:00,2026-04-03T23:00:00+03:00,0.8094125,11.1,0.0,54,4.81,0.0,10.7,0.0,62,2.37,0.0,11.5,0.0,98,4.51,0.0
2026-04-03T21:00:00+00:00,2026-04-04T00:00:00+03:00,0.69021,10.9,0.0,58,4.95,0.0,9.7,0.0,71,3.99,0.0,11.6,0.0,98,4.52,0.0
2026-04-03T22:00:00+00:00,2026-04-04T01:00:00+03:00,0.66246,10.6,0.0,62,4.61,0.0,10.2,0.0,72,3.91,0.0,11.2,0.0,95,4.6,0.0
2026-04-03T23:00:00+00:00,2026-04-04T02:00:00+03:00,0.5725275,9.7,0.0,68,3.78,0.0,9.9,0.0,51,4.4,0.0,11.2,0.0,97,5.06,0.0
2026-04-04T00:00:00+00:00,2026-04-04T03:00:00+03:00,0.500975,9.6,0.0,46,3.05,0.0,9.6,0.0,67,4.34,0.0,11.1,0.0,93,5.51,0.0
2026-04-04T01:00:00+00:00,2026-04-04T04:00:00+03:00,0.3983675,8.7,0.0,53,2.57,0.0,9.7,0.0,83,4.82,0.0,11.2,0.0,89,5.64,0.0
2026-04-04T02:00:00+00:00,2026-04-04T05:00:00+03:00,0.3904225,9.7,0.0,92,2.1,0.0,9.4,0.0,96,5.46,0.0,11.0,0.0,82,5.55,0.0
2026-04-04T03:00:00+00:00,2026-04-04T06:00:00+03:00,0.4843525,9.9,0.0,76,2.65,0.1,9.6,2.0,95,5.89,0.0,10.8,2.0,82,6.02,0.0
2026-04-04T04:00:00+00:00,2026-04-04T07:00:00+03:00,0.559495,9.9,27.0,64,3.8,0.2,9.7,66.0,92,6.33,0.0,10.8,65.0,96,6.31,0.1
2026-04-04T05:00:00+00:00,2026-04-04T08:00:00+03:00,0.4499975,10.0,83.0,65,4.52,0.3,10.6,184.0,99,6.2,0.0,11.4,147.0,97,6.4,0.1
2026-04-04T06:00:00+00:00,2026-04-04T09:00:00+03:00,0.190445,10.7,266.0,78,4.29,0.2,11.6,313.0,88,5.36,0.2,11.7,235.0,99,6.56,0.3
2026-04-04T07:00:00+00:00,2026-04-04T10:00:00+03:00,0.0899225,11.7,288.0,90,2.95,0.1,12.2,481.0,87,5.45,0.3,12.1,313.0,98,6.24,0.1
2026-04-04T08:00:00+00:00,2026-04-04T11:00:00+03:00,0.03355,12.8,458.0,96,2.73,0.1,13.3,492.0,89,5.48,0.2,13.7,554.0,96,6.19,0.0
2026-04-04T09:00:00+00:00,2026-04-04T12:00:00+03:00,0.01204,14.5,598.0,96,5.24,0.0,13.9,591.0,80,4.96,0.3,14.5,646.0,91,5.73,0.0
2026-04-04T10:00:00+00:00,2026-04-04T13:00:00+03:00,0.0028475,15.8,647.0,97,2.43,0.0,14.8,645.0,99,5.0,0.4,16.1,649.0,91,6.11,0.0
2026-04-04T11:00:00+00:00,2026-04-04T14:00:00+03:00,-1e-05,16.5,648.0,88,2.21,0.0,15.2,530.0,87,4.98,0.4,16.6,536.0,95,6.95,0.0
2026-04-04T12:00:00+00:00,2026-04-04T15:00:00+03:00,-3.5e-05,17.3,584.0,68,2.53,0.0,15.7,464.0,91,4.96,0.2,17.0,542.0,98,7.46,0.0
2026-04-04T13:00:00+00:00,2026-04-04T16:00:00+03:00,0.000185,17.8,360.0,41,2.06,0.0,16.2,366.0,70,4.65,0.1,17.5,400.0,96,7.38,0.0
2026-04-04T14:00:00+00:00,2026-04-04T17:00:00+03:00,0.0611,17.6,214.0,56,2.41,0.1,16.6,219.0,85,4.89,0.1,17.6,277.0,95,6.99,0.0
2026-04-04T15:00:00+00:00,2026-04-04T18:00:00+03:00,0.3736925,17.3,101.0,63,3.1,0.0,16.8,108.0,93,4.8,0.0,17.6,113.0,94,6.32,0.0
2026-04-04T16:00:00+00:00,2026-04-04T19:00:00+03:00,0.672335,16.6,15.0,37,3.44,0.0,16.3,11.0,94,5.09,0.0,17.0,12.0,85,6.44,0.0
2026-04-04T17:00:00+00:00,2026-04-04T20:00:00+03:00,0.7992725,15.0,0.0,26,4.85,0.0,13.9,0.0,50,5.6,0.0,14.2,0.0,74,6.92,0.0
2026-04-04T18:00:00+00:00,2026-04-04T21:00:00+03:00,0.7527025,13.5,0.0,21,5.18,0.0,12.9,0.0,45,6.53,0.0,13.3,0.0,55,6.42,0.0
2026-04-04T19:00:00+00:00,2026-04-04T22:00:00+03:00,0.6563675,12.7,0.0,5,5.44,0.0,12.0,0.0,73,6.35,0.0,12.8,0.0,53,6.08,0.0
2026-04-04T20:00:00+00:00,2026-04-04T23:00:00+03:00,0.5336625,11.6,0.0,5,5.82,0.0,10.7,0.0,59,5.37,0.0,10.7,0.0,24,6.26,0.0
2026-04-04T21:00:00+00:00,2026-04-05T00:00:00+03:00,0.3678775,10.8,0.0,2,5.83,0.0,10.5,0.0,54,5.46,0.0,10.0,0.0,0,6.04,0.0
2026-04-04T22:00:00+00:00,2026-04-05T01:00:00+03:00,0.3348475,10.1,0.0,19,5.36,0.0,9.7,0.0,39,5.34,0.0,9.0,0.0,2,4.88,0.0
2026-04-04T23:00:00+00:00,2026-04-05T02:00:00+03:00,0.309355,9.5,0.0,9,5.33,0.0,9.4,0.0,31,5.48,0.0,8.3,0.0,7,4.61,0.0
2026-04-05T00:00:00+00:00,2026-04-05T03:00:00+03:00,0.1517025,8.9,0.0,7,5.43,0.0,9.1,0.0,45,5.06,0.0,8.2,0.0,14,4.47,0.0
2026-04-05T01:00:00+00:00,2026-04-05T04:00:00+03:00,0.20565,8.2,0.0,3,5.14,0.0,8.8,0.0,65,4.58,0.0,8.0,0.0,20,4.32,0.0
2026-04-05T02:00:00+00:00,2026-04-05T05:00:00+03:00,0.1156925,7.6,0.0,1,4.68,0.0,8.0,0.0,81,4.76,0.0,7.3,0.0,33,4.39,0.0
2026-04-05T03:00:00+00:00,2026-04-05T06:00:00+03:00,0.26461,6.6,0.0,1,4.3,0.0,7.8,2.0,59,5.48,0.0,7.1,3.0,57,4.98,0.0
2026-04-05T04:00:00+00:00,2026-04-05T07:00:00+03:00,0.285995,5.7,65.0,1,4.29,0.0,7.7,80.0,56,6.04,0.0,7.1,70.0,69,5.46,0.0
2026-04-05T05:00:00+00:00,2026-04-05T08:00:00+03:00,0.03691,5.9,231.0,3,4.19,0.0,8.8,253.0,41,5.99,0.0,9.6,192.0,84,5.42,0.0
2026-04-05T06:00:00+00:00,2026-04-05T09:00:00+03:00,-0.0026825,8.4,335.0,12,3.05,0.0,10.6,373.0,68,4.7,0.0,10.9,250.0,75,5.29,0.0
2026-04-05T07:00:00+00:00,2026-04-05T10:00:00+03:00,-0.0333725,11.6,534.0,15,1.63,0.0,12.6,528.0,79,3.71,0.0,12.5,397.0,81,4.96,0.0
2026-04-05T08:00:00+00:00,2026-04-05T11:00:00+03:00,-0.1248725,14.6,682.0,15,1.41,0.0,16.1,690.0,65,3.51,0.0,15.6,545.0,81,5.17,0.0
2026-04-05T09:00:00+00:00,2026-04-05T12:00:00+03:00,-0.1807375,16.7,755.0,6,2.0,0.0,17.2,762.0,22,3.61,0.0,16.5,687.0,66,4.75,0.0
2026-04-05T10:00:00+00:00,2026-04-05T13:00:00+03:00,-0.1824025,17.9,723.0,5,2.26,0.0,18.1,726.0,8,3.86,0.0,17.9,707.0,2,4.7,0.1
2026-04-05T11:00:00+00:00,2026-04-05T14:00:00+03:00,-0.25489,18.8,593.0,2,2.21,0.0,18.5,585.0,10,3.4,0.0,18.6,523.0,4,4.55,0.0
2026-04-05T12:00:00+00:00,2026-04-05T15:00:00+03:00,-0.25489,19.5,530.0,0,1.97,0.0,19.1,450.0,11,3.18,0.0,18.9,355.0,4,4.6,0.0
2026-04-05T13:00:00+00:00,2026-04-05T16:00:00+03:00,-0.2419975,20.1,483.0,2,2.25,0.0,19.1,297.0,34,3.34,0.0,18.9,368.0,6,4.57,0.0
2026-04-05T14:00:00+00:00,2026-04-05T17:00:00+03:00,-0.05027,20.5,308.0,0,2.74,0.0,18.7,200.0,44,3.28,0.0,19.1,234.0,30,4.47,0.0
2026-04-05T15:00:00+00:00,2026-04-05T18:00:00+03:00,0.0827375,20.4,155.0,0,3.26,0.0,18.2,106.0,20,3.08,0.0,18.9,123.0,17,3.97,0.0
2026-04-05T16:00:00+00:00,2026-04-05T19:00:00+03:00,0.433865,19.3,25.0,0,4.19,0.0,17.8,12.0,6,3.0,0.0,18.3,13.0,0,3.99,0.0
2026-04-05T17:00:00+00:00,2026-04-05T20:00:00+03:00,0.609565,16.4,0.0,0,5.09,0.0,15.3,0.0,2,3.34,0.0,14.7,0.0,1,4.65,0.0
2026-04-05T18:00:00+00:00,2026-04-05T21:00:00+03:00,0.6117375,14.4,0.0,0,5.33,0.0,14.2,0.0,4,3.39,0.0,14.5,0.0,0,5.76,0.0
2026-04-05T19:00:00+00:00,2026-04-05T22:00:00+03:00,0.6159425,13.0,0.0,0,5.42,0.0,13.0,0.0,0,3.36,0.0,14.3,0.0,0,6.49,0.0
2026-04-05T20:00:00+00:00,2026-04-05T23:00:00+03:00,0.5828275,11.8,0.0,0,5.55,0.0,11.7,0.0,0,3.62,0.0,12.9,0.0,0,6.64,0.0
2026-04-05T21:00:00+00:00,2026-04-06T00:00:00+03:00,0.4967675,11.1,0.0,0,5.48,0.0,11.2,0.0,0,4.1,0.0,12.2,0.0,0,6.44,0.0
2026-04-05T22:00:00+00:00,2026-04-06T01:00:00+03:00,0.4044,10.1,0.0,0,5.04,0.0,10.5,0.0,0,5.03,0.0,11.8,0.0,0,6.78,0.0
2026-04-05T23:00:00+00:00,2026-04-06T02:00:00+03:00,0.3614475,9.4,0.0,0,5.16,0.0,10.3,0.0,0,5.88,0.0,11.3,0.0,2,6.91,0.0
2026-04-06T00:00:00+00:00,2026-04-06T03:00:00+03:00,0.3820875,8.9,0.0,0,5.53,0.0,10.1,0.0,0,6.51,0.0,11.0,0.0,0,6.9,0.0
2026-04-06T01:00:00+00:00,2026-04-06T04:00:00+03:00,0.36923,8.6,0.0,0,5.58,0.0,10.0,0.0,0,6.81,0.0,10.6,0.0,0,6.75,0.0
2026-04-06T02:00:00+00:00,2026-04-06T05:00:00+03:00,0.4256625,8.3,0.0,0,5.4,0.0,9.8,0.0,0,7.07,0.0,10.0,0.0,0,6.66,0.0
2026-04-06T03:00:00+00:00,2026-04-06T06:00:00+03:00,0.6207975,7.9,0.0,0,5.01,0.0,9.8,3.0,0,7.17,0.0,9.9,4.0,0,6.64,0.0
2026-04-06T04:00:00+00:00,2026-04-06T07:00:00+03:00,0.7729925,7.5,68.0,0,4.78,0.0,9.6,91.0,0,7.23,0.0,9.6,94.0,0,6.42,0.0
2026-04-06T05:00:00+00:00,2026-04-06T08:00:00+03:00,0.367,8.1,233.0,0,4.76,0.0,10.9,263.0,0,7.18,0.0,11.6,264.0,0,6.08,0.0
2026-04-06T06:00:00+00:00,2026-04-06T09:00:00+03:00,0.06111,10.5,415.0,0,4.17,0.0,12.7,444.0,0,6.73,0.0,12.7,444.0,0,5.09,0.0
2026-04-06T07:00:00+00:00,2026-04-06T10:00:00+03:00,-0.000365,13.3,579.0,0,3.42,0.0,14.6,602.0,0,5.77,0.0,13.8,599.0,0,4.67,0.0
2026-04-06T08:00:00+00:00,2026-04-06T11:00:00+03:00,-0.0522725,16.3,706.0,0,3.99,0.0,17.8,719.0,0,5.77,0.0,17.9,714.0,0,4.62,0.0
2026-04-06T09:00:00+00:00,2026-04-06T12:00:00+03:00,-0.1902675,18.5,782.0,0,5.22,0.0,19.0,784.0,0,5.83,0.0,19.0,779.0,0,4.74,0.0
2026-04-06T10:00:00+00:00,2026-04-06T13:00:00+03:00,-0.1887425,20.5,800.0,0,5.77,0.0,20.4,792.0,0,6.08,0.0,21.0,789.0,0,6.33,0.0
2026-04-06T11:00:00+00:00,2026-04-06T14:00:00+03:00,-0.041135,21.6,759.0,1,6.27,0.0,21.1,738.0,0,6.66,0.0,21.7,737.0,0,7.36,0.0
2026-04-06T12:00:00+00:00,2026-04-06T15:00:00+03:00,-0.018935,22.2,654.0,31,6.48,0.0,21.4,638.0,0,6.84,0.0,22.1,632.0,0,7.47,0.0
2026-04-06T13:00:00+00:00,2026-04-06T16:00:00+03:00,-0.0041125,22.5,485.0,56,6.82,0.0,21.6,483.0,0,6.83,0.0,22.2,481.0,4,7.68,0.0
2026-04-06T14:00:00+00:00,2026-04-06T17:00:00+03:00,-0.00012,22.5,327.0,25,7.03,0.0,21.3,316.0,0,6.63,0.0,21.7,302.0,23,7.63,0.0
2026-04-06T15:00:00+00:00,2026-04-06T18:00:00+03:00,0.0977775,22.4,156.0,23,6.69,0.0,21.3,136.0,2,6.65,0.0,21.6,132.0,20,7.64,0.0
2026-04-06T16:00:00+00:00,2026-04-06T19:00:00+03:00,0.5482275,21.7,26.0,13,7.07,0.0,20.2,14.0,25,7.03,0.0,20.8,13.0,23,8.3,0.0
2026-04-06T17:00:00+00:00,2026-04-06T20:00:00+03:00,0.85267,19.7,0.0,9,8.06,0.0,17.9,0.0,24,8.01,0.0,17.5,0.0,31,8.68,0.0
2026-04-06T18:00:00+00:00,2026-04-06T21:00:00+03:00,0.75986,18.0,0.0,2,8.76,0.0,16.9,0.0,27,8.65,0.0,16.9,0.0,30,6.43,0.0
2026-04-06T19:00:00+00:00,2026-04-06T22:00:00+03:00,0.6397175,17.2,0.0,8,8.7,0.0,16.0,0.0,43,9.06,0.0,16.1,0.0,24,7.46,0.2
2026-04-06T20:00:00+00:00,2026-04-06T23:00:00+03:00,0.6369675,15.9,0.0,2,8.21,0.0,14.7,0.0,53,9.1,0.0,13.1,0.0,30,10.6,0.1
2026-04-06T21:00:00+00:00,2026-04-07T00:00:00+03:00,0.579565,14.7,0.0,6,7.82,0.0,13.9,0.0,65,9.03,0.0,11.5,0.0,27,9.99,0.0
2026-04-06T22:00:00+00:00,2026-04-07T01:00:00+03:00,0.589965,14.1,0.0,0,5.9,0.0,12.8,0.0,37,7.91,0.1,9.4,0.0,82,8.1,0.0
2026-04-06T23:00:00+00:00,2026-04-07T02:00:00+03:00,0.570755,12.2,0.0,19,9.49,0.0,11.4,0.0,35,10.69,0.4,9.4,0.0,100,7.5,0.0
2026-04-07T00:00:00+00:00,2026-04-07T03:00:00+03:00,0.5692575,10.4,0.0,17,9.89,0.0,9.7,0.0,37,10.13,0.2,9.4,0.0,97,7.05,0.0
2026-04-07T01:00:00+00:00,2026-04-07T04:00:00+03:00,0.5543625,8.7,0.0,7,8.51,0.0,9.2,0.0,98,9.01,0.1,9.2,0.0,94,6.29,0.0
2026-04-07T02:00:00+00:00,2026-04-07T05:00:00+03:00,0.56788,7.5,0.0,4,7.33,0.0,8.4,0.0,94,8.05,0.0,8.2,0.0,47,5.96,0.0
2026-04-07T03:00:00+00:00,2026-04-07T06:00:00+03:00,0.654965,6.9,1.0,7,6.3,0.0,8.3,1.0,92,6.44,0.0,7.8,4.0,47,5.91,0.0
2026-04-07T04:00:00+00:00,2026-04-07T07:00:00+03:00,0.775755,6.1,61.0,12,5.25,0.0,8.2,21.0,98,5.7,0.0,7.4,78.0,59,5.88,0.0
2026-04-07T05:00:00+00:00,2026-04-07T08:00:00+03:00,0.8060325,6.4,225.0,7,3.75,0.0,8.2,119.0,96,5.04,0.0,8.3,244.0,46,4.99,0.0
2026-04-07T06:00:00+00:00,2026-04-07T09:00:00+03:00,0.6262375,8.1,365.0,20,2.49,0.0,8.8,266.0,64,4.54,0.0,8.7,398.0,30,5.23,0.0
2026-04-07T07:00:00+00:00,2026-04-07T10:00:00+03:00,0.010765,9.5,493.0,31,1.92,0.0,9.5,414.0,46,4.34,0.0,9.7,584.0,11,5.62,0.0
2026-04-07T08:00:00+00:00,2026-04-07T11:00:00+03:00,2.5e-06,10.7,681.0,23,1.62,0.0,11.6,620.0,26,3.72,0.0,11.9,722.0,13,6.25,0.0
2026-04-07T09:00:00+00:00,2026-04-07T12:00:00+03:00,-0.0014025,12.1,734.0,38,2.69,0.0,12.6,719.0,13,4.24,0.0,12.3,754.0,26,7.64,0.1
2026-04-07T10:00:00+00:00,2026-04-07T13:00:00+03:00,-0.01533,13.1,776.0,84,3.87,0.0,13.1,800.0,14,3.81,0.1,12.9,711.0,40,8.03,0.0
2026-04-07T11:00:00+00:00,2026-04-07T14:00:00+03:00,-0.0254675,14.3,640.0,80,5.12,0.0,13.6,642.0,59,5.46,0.0,13.2,591.0,65,8.96,0.1
2026-04-07T12:00:00+00:00,2026-04-07T15:00:00+03:00,-0.0200025,15.1,440.0,79,5.65,0.0,13.8,514.0,59,6.89,0.3,13.5,482.0,72,8.88,0.0
2026-04-07T13:00:00+00:00,2026-04-07T16:00:00+03:00,-0.00532,16.0,404.0,83,6.34,0.1,13.1,402.0,78,6.94,0.0,13.6,383.0,61,8.14,0.0
2026-04-07T14:00:00+00:00,2026-04-07T17:00:00+03:00,0.0224525,16.5,201.0,74,5.93,0.0,12.8,262.0,59,6.31,0.0,13.6,267.0,64,8.0,0.0
2026-04-07T15:00:00+00:00,2026-04-07T18:00:00+03:00,0.4381425,16.5,125.0,39,3.72,0.0,12.8,126.0,51,6.03,0.0,13.3,134.0,70,6.82,0.0
2026-04-07T16:00:00+00:00,2026-04-07T19:00:00+03:00,0.814445,16.2,22.0,40,3.27,0.0,12.4,13.0,58,4.47,0.0,12.6,16.0,66,5.91,0.0
2026-04-07T17:00:00+00:00,2026-04-07T20:00:00+03:00,0.9104225,13.8,0.0,42,2.57,0.0,11.0,0.0,47,3.94,0.0,10.0,0.0,40,5.02,0.0
2026-04-07T18:00:00+00:00,2026-04-07T21:00:00+03:00,0.8853325,11.5,0.0,32,0.14,0.0,9.9,0.0,42,4.44,0.0,9.6,0.0,24,3.91,0.0
2026-04-07T19:00:00+00:00,2026-04-07T22:00:00+03:00,0.74184,10.5,0.0,26,4.07,0.0,8.8,0.0,65,4.88,0.0,9.0,0.0,10,2.65,0.0
2026-04-07T20:00:00+00:00,2026-04-07T23:00:00+03:00,0.670895,9.6,0.0,36,6.01,0.0,8.6,0.0,84,5.78,0.0,7.2,0.0,3,2.39,0.0
2026-04-07T21:00:00+00:00,2026-04-08T00:00:00+03:00,0.616485,8.7,0.0,23,6.39,0.0,8.5,0.0,99,6.4,0.0,7.4,0.0,13,2.9,0.0
2026-04-07T22:00:00+00:00,2026-04-08T01:00:00+03:00,0.5621225,7.9,0.0,32,3.81,0.0,9.1,0.0,73,5.84,0.0,6.4,0.0,22,2.69,0.0
2026-04-07T23:00:00+00:00,2026-04-08T02:00:00+03:00,0.535615,8.8,0.0,22,1.38,0.0,9.1,0.0,88,4.71,0.0,6.5,0.0,68,3.58,0.0
2026-04-08T00:00:00+00:00,2026-04-08T03:00:00+03:00,0.528155,6.9,0.0,11,3.46,0.0,8.6,0.0,85,3.4,0.1,7.2,0.0,95,6.41,0.0
2026-04-08T01:00:00+00:00,2026-04-08T04:00:00+03:00,0.5459775,5.5,0.0,15,5.3,0.0,7.7,0.0,54,2.41,0.3,7.5,0.0,93,7.26,0.0
2026-04-08T02:00:00+00:00,2026-04-08T05:00:00+03:00,0.56744,5.2,0.0,30,5.35,0.0,6.5,0.0,73,3.2,1.0,7.4,0.0,99,6.94,0.1
2026-04-08T03:00:00+00:00,2026-04-08T06:00:00+03:00,0.613575,5.2,1.0,36,4.95,0.0,6.3,4.0,80,5.13,0.4,6.5,2.0,99,7.35,0.5
2026-04-08T04:00:00+00:00,2026-04-08T07:00:00+03:00,0.7095125,5.8,71.0,40,4.96,0.1,6.6,76.0,83,7.69,0.4,5.9,25.0,97,7.98,0.9
2026-04-08T05:00:00+00:00,2026-04-08T08:00:00+03:00,0.7149275,6.0,226.0,10,4.76,0.0,7.0,196.0,98,9.65,0.4,5.1,78.0,99,7.72,0.4
2026-04-08T06:00:00+00:00,2026-04-08T09:00:00+03:00,0.0815075,7.9,438.0,0,3.33,0.0,6.1,256.0,97,9.33,0.9,5.0,302.0,88,7.77,0.1
2026-04-08T07:00:00+00:00,2026-04-08T10:00:00+03:00,-1.25e-05,9.4,607.0,9,2.46,0.1,6.0,373.0,66,7.52,0.1,5.9,460.0,53,9.14,0.1
2026-04-08T08:00:00+00:00,2026-04-08T11:00:00+03:00,-0.0003825,10.7,657.0,23,3.46,0.1,8.0,661.0,71,8.01,0.1,7.5,551.0,37,10.15,0.0
2026-04-08T09:00:00+00:00,2026-04-08T12:00:00+03:00,-0.00928,11.2,694.0,33,3.83,0.0,8.9,591.0,42,9.2,0.0,8.3,773.0,27,9.83,0.1
2026-04-08T10:00:00+00:00,2026-04-08T13:00:00+03:00,-0.03506,12.0,701.0,47,3.35,0.0,9.6,807.0,24,9.55,0.0,9.1,771.0,19,10.03,0.1
2026-04-08T11:00:00+00:00,2026-04-08T14:00:00+03:00,-0.043195,12.3,714.0,45,3.67,0.0,10.0,757.0,34,9.81,0.0,8.8,691.0,70,10.54,0.1
2026-04-08T12:00:00+00:00,2026-04-08T15:00:00+03:00,-0.0329375,12.6,590.0,61,4.34,0.0,10.6,593.0,57,10.1,0.0,9.1,577.0,60,10.72,0.1
2026-04-08T13:00:00+00:00,2026-04-08T16:00:00+03:00,-0.005765,12.9,462.0,44,4.45,0.1,10.8,488.0,55,10.54,0.0,9.6,464.0,65,11.03,0.0
2026-04-08T14:00:00+00:00,2026-04-08T17:00:00+03:00,0.0611125,13.5,317.0,69,3.95,0.0,10.5,307.0,26,10.57,0.0,9.4,302.0,41,11.17,0.1
2026-04-08T15:00:00+00:00,2026-04-08T18:00:00+03:00,0.470975,13.8,157.0,82,3.35,0.0,10.3,132.0,35,10.39,0.0,9.3,118.0,46,10.57,0.0
2026-04-08T16:00:00+00:00,2026-04-08T19:00:00+03:00,0.6804875,13.0,30.0,32,3.02,0.0,10.1,15.0,40,8.72,0.0,9.1,17.0,3,9.59,0.0
2026-04-08T17:00:00+00:00,2026-04-08T20:00:00+03:00,0.8302825,10.3,0.0,38,3.68,0.0,8.4,0.0,6,7.36,0.0,7.5,0.0,5,8.81,0.0
2026-04-08T18:00:00+00:00,2026-04-08T21:00:00+03:00,0.8700925,8.2,0.0,75,4.35,0.0,7.7,0.0,2,6.99,0.0,7.1,0.0,1,8.22,0.0
2026-04-08T19:00:00+00:00,2026-04-08T22:00:00+03:00,0.7931125,8.1,0.0,96,4.74,0.0,7.3,0.0,3,6.81,0.0,7.1,0.0,0,8.14,0.0
2026-04-08T20:00:00+00:00,2026-04-08T23:00:00+03:00,0.7627975,7.6,0.0,100,4.49,0.0,6.5,0.0,9,6.65,0.0,6.6,0.0,2,8.1,0.0
2026-04-08T21:00:00+00:00,2026-04-09T00:00:00+03:00,0.6611525,6.7,0.0,100,3.85,0.0,6.4,0.0,13,6.01,0.0,6.5,0.0,5,7.88,0.0
2026-04-08T22:00:00+00:00,2026-04-09T01:00:00+03:00,0.6261375,8.4,0.0,95,3.44,0.0,5.1,0.0,23,4.84,0.0,5.9,0.0,33,7.25,0.0
2026-04-08T23:00:00+00:00,2026-04-09T02:00:00+03:00,0.58954,8.5,0.0,40,3.96,0.0,5.0,0.0,74,4.96,0.0,5.5,0.0,28,7.09,0.0
2026-04-09T00:00:00+00:00,2026-04-09T03:00:00+03:00,0.55347,7.5,0.0,90,4.77,0.0,5.1,0.0,98,5.62,0.0,5.4,0.0,54,7.38,0.0
2026-04-09T01:00:00+00:00,2026-04-09T04:00:00+03:00,0.54078,6.2,0.0,93,4.81,0.0,5.1,0.0,60,6.12,0.0,5.2,0.0,66,7.58,0.0
2026-04-09T02:00:00+00:00,2026-04-09T05:00:00+03:00,0.55662,6.3,0.0,86,3.87,0.0,5.2,0.0,71,6.79,0.0,5.3,0.0,91,7.62,0.0
2026-04-09T03:00:00+00:00,2026-04-09T06:00:00+03:00,0.619005,5.3,1.0,82,2.77,0.0,5.1,4.0,96,6.9,0.0,5.2,6.0,93,7.53,0.0
2026-04-09T04:00:00+00:00,2026-04-09T07:00:00+03:00,0.75828,4.1,81.0,58,1.81,0.0,5.2,82.0,99,6.32,0.0,5.1,93.0,88,7.32,0.0
2026-04-09T05:00:00+00:00,2026-04-09T08:00:00+03:00,0.7521275,5.2,254.0,17,0.86,0.0,5.9,251.0,99,5.67,0.0,6.0,226.0,91,6.64,0.0
2026-04-09T06:00:00+00:00,2026-04-09T09:00:00+03:00,0.6484525,7.4,442.0,0,0.36,0.0,7.1,437.0,97,5.49,0.0,6.4,358.0,84,7.74,0.0
2026-04-09T07:00:00+00:00,2026-04-09T10:00:00+03:00,0.476565,8.6,602.0,2,0.89,0.0,8.1,604.0,73,5.59,0.0,6.9,522.0,86,7.7,0.0
2026-04-09T08:00:00+00:00,2026-04-09T11:00:00+03:00,0.2483475,10.0,725.0,23,1.25,0.0,9.7,623.0,17,5.33,0.0,8.1,597.0,49,6.52,0.1
2026-04-09T09:00:00+00:00,2026-04-09T12:00:00+03:00,0.006365,10.2,778.0,47,1.58,0.0,10.2,741.0,21,5.1,0.0,8.5,729.0,46,6.17,0.1
2026-04-09T10:00:00+00:00,2026-04-09T13:00:00+03:00,-0.00064,11.2,744.0,67,1.15,0.0,10.4,754.0,37,4.52,0.1,9.3,758.0,93,5.89,0.1
2026-04-09T11:00:00+00:00,2026-04-09T14:00:00+03:00,-0.000755,11.5,617.0,69,1.35,0.0,10.4,679.0,68,4.03,0.1,9.5,678.0,77,5.48,0.1
2026-04-09T12:00:00+00:00,2026-04-09T15:00:00+03:00,-5e-06,11.2,489.0,90,2.0,0.0,10.0,508.0,81,3.24,0.1,9.2,543.0,87,5.53,0.1
2026-04-09T13:00:00+00:00,2026-04-09T16:00:00+03:00,0.000205,11.2,380.0,99,2.64,0.0,10.1,392.0,93,3.3,0.1,9.4,442.0,85,5.7,0.1
2026-04-09T14:00:00+00:00,2026-04-09T17:00:00+03:00,0.25838,10.5,237.0,98,3.0,0.0,9.3,207.0,100,4.3,0.1,8.9,251.0,79,6.05,0.0
2026-04-09T15:00:00+00:00,2026-04-09T18:00:00+03:00,0.594725,10.3,98.0,97,2.31,0.2,8.8,92.0,100,2.01,0.8,8.8,118.0,77,6.17,0.0
2026-04-09T16:00:00+00:00,2026-04-09T19:00:00+03:00,0.8117675,9.4,23.0,98,2.35,0.0,7.7,10.0,99,0.89,1.7,8.7,15.0,65,6.03,0.0
2026-04-09T17:00:00+00:00,2026-04-09T20:00:00+03:00,1.0293075,7.9,0.0,21,2.41,0.0,6.4,0.0,97,2.09,0.6,7.0,0.0,59,5.69,0.0
2026-04-09T18:00:00+00:00,2026-04-09T21:00:00+03:00,0.9993675,6.5,0.0,36,2.75,0.0,6.2,0.0,26,3.47,0.0,6.4,0.0,5,5.69,0.0
2026-04-09T19:00:00+00:00,2026-04-09T22:00:00+03:00,0.8083575,5.8,0.0,56,4.11,0.2,6.0,0.0,23,4.35,0.0,5.6,0.0,33,6.03,0.0
2026-04-09T20:00:00+00:00,2026-04-09T23:00:00+03:00,0.71199,6.2,0.0,58,4.96,0.3,5.3,0.0,25,5.43,0.0,4.8,0.0,44,6.32,0.0
2026-04-09T21:00:00+00:00,2026-04-10T00:00:00+03:00,0.64677,6.0,0.0,81,4.96,0.2,5.3,0.0,38,6.13,0.0,4.7,0.0,69,6.52,0.0
2026-04-09T22:00:00+00:00,2026-04-10T01:00:00+03:00,0.6830075,5.1,0.0,57,5.68,0.0,4.5,0.0,60,6.64,0.0,4.1,0.0,68,6.7,0.0
2026-04-09T23:00:00+00:00,2026-04-10T02:00:00+03:00,0.625385,4.9,0.0,68,6.01,0.0,4.4,0.0,39,5.64,0.0,4.0,0.0,83,6.57,0.0
2026-04-10T00:00:00+00:00,2026-04-10T03:00:00+03:00,0.59842,4.3,0.0,75,5.96,0.0,4.0,0.0,18,5.58,0.0,3.9,0.0,95,6.51,0.0
2026-04-10T01:00:00+00:00,2026-04-10T04:00:00+03:00,0.5973675,4.0,0.0,93,5.57,0.0,3.8,0.0,26,5.78,0.0,3.8,0.0,97,6.44,0.0
2026-04-10T02:00:00+00:00,2026-04-10T05:00:00+03:00,0.568285,3.7,0.0,92,5.18,0.0,3.3,0.0,26,6.14,0.0,3.6,0.0,92,6.24,0.0
2026-04-10T03:00:00+00:00,2026-04-10T06:00:00+03:00,0.5877275,3.2,2.0,58,4.89,0.0,3.1,6.0,35,6.3,0.0,3.7,7.0,91,6.19,0.0
2026-04-10T04:00:00+00:00,2026-04-10T07:00:00+03:00,0.6598925,3.3,82.0,45,4.49,0.0,3.0,100.0,40,6.4,0.0,3.6,88.0,86,6.09,0.0
2026-04-10T05:00:00+00:00,2026-04-10T08:00:00+03:00,0.65942,3.0,241.0,56,3.42,0.1,3.5,265.0,32,5.91,0.0,4.2,242.0,92,6.57,0.0
2026-04-10T06:00:00+00:00,2026-04-10T09:00:00+03:00,0.4815,4.0,402.0,67,2.12,0.0,4.4,402.0,64,5.96,0.0,4.7,296.0,63,6.14,0.2
2026-04-10T07:00:00+00:00,2026-04-10T10:00:00+03:00,0.4207,5.0,536.0,72,1.75,0.0,5.6,496.0,83,5.25,0.1,5.0,405.0,77,5.64,0.1
2026-04-10T08:00:00+00:00,2026-04-10T11:00:00+03:00,0.1872625,6.3,539.0,85,1.54,0.2,7.0,602.0,67,5.06,0.1,6.5,586.0,84,5.11,0.1
2026-04-10T09:00:00+00:00,2026-04-10T12:00:00+03:00,0.1980325,7.2,667.0,70,1.4,0.0,7.4,615.0,69,4.88,0.0,7.1,760.0,62,4.79,0.1
2026-04-10T10:00:00+00:00,2026-04-10T13:00:00+03:00,0.230735,8.4,740.0,67,1.14,0.0,8.3,659.0,21,4.25,0.1,8.2,720.0,52,4.7,0.1
2026-04-10T11:00:00+00:00,2026-04-10T14:00:00+03:00,0.35665,9.2,761.0,65,2.11,0.1,8.6,640.0,70,3.6,0.1,8.4,716.0,47,4.63,0.1
2026-04-10T12:00:00+00:00,2026-04-10T15:00:00+03:00,0.2531925,9.6,658.0,53,2.59,0.0,8.8,618.0,62,3.1,0.2,8.7,572.0,55,4.54,0.1
2026-04-10T13:00:00+00:00,2026-04-10T16:00:00+03:00,0.51342,9.8,503.0,32,1.92,0.0,8.8,441.0,74,2.95,0.2,8.4,460.0,57,4.75,0.1
2026-04-10T14:00:00+00:00,2026-04-10T17:00:00+03:00,0.5859525,10.1,322.0,14,1.26,0.0,8.7,276.0,98,2.93,0.2,8.4,282.0,44,4.88,0.0
2026-04-10T15:00:00+00:00,2026-04-10T18:00:00+03:00,0.7068325,10.2,174.0,13,1.87,0.0,8.6,132.0,62,2.35,0.8,8.3,132.0,23,4.74,0.2
2026-04-10T16:00:00+00:00,2026-04-10T19:00:00+03:00,0.883775,9.8,31.0,17,3.21,0.0,8.4,19.0,52,1.6,0.6,7.9,17.0,40,4.21,0.0
2026-04-10T17:00:00+00:00,2026-04-10T20:00:00+03:00,1.1067375,7.6,0.0,7,3.37,0.0,7.1,0.0,34,0.57,0.1,5.4,0.0,20,3.58,0.0
2026-04-10T18:00:00+00:00,2026-04-10T21:00:00+03:00,1.237335,6.1,0.0,11,3.37,0.0,4.2,0.0,17,0.62,0.0,5.8,0.0,7,3.05,0.0
2026-04-10T19:00:00+00:00,2026-04-10T22:00:00+03:00,0.965475,5.6,0.0,16,3.9,0.0,5.6,0.0,9,1.29,0.0,5.0,0.0,1,1.97,0.0
2026-04-10T20:00:00+00:00,2026-04-10T23:00:00+03:00,0.7657725,6.2,0.0,16,4.5,0.0,5.2,0.0,6,1.88,0.0,3.8,0.0,0,1.2,0.0
2026-04-10T21:00:00+00:00,2026-04-11T00:00:00+03:00,0.683925,5.7,0.0,4,4.46,0.0,5.2,0.0,7,2.19,0.0,3.5,0.0,0,2.35,0.0
2026-04-10T22:00:00+00:00,2026-04-11T01:00:00+03:00,0.738245,4.8,0.0,12,3.83,0.0,3.7,0.0,1,1.31,0.0,3.9,0.0,21,2.8,0.0
2026-04-10T23:00:00+00:00,2026-04-11T02:00:00+03:00,0.6662,4.2,0.0,29,3.31,0.0,3.6,0.0,7,1.55,0.0,3.9,0.0,23,2.66,0.0
2026-04-11T00:00:00+00:00,2026-04-11T03:00:00+03:00,0.6247125,4.1,0.0,57,2.51,0.0,4.0,0.0,0,1.49,0.0,3.2,0.0,22,1.86,0.0
2026-04-11T01:00:00+00:00,2026-04-11T04:00:00+03:00,0.6235325,4.2,0.0,61,2.05,0.0,4.2,0.0,0,1.6,0.0,4.1,0.0,11,1.3,0.0
2026-04-11T02:00:00+00:00,2026-04-11T05:00:00+03:00,0.63537,4.2,0.0,60,1.93,0.0,3.2,0.0,1,1.91,0.0,4.0,0.0,10,1.53,0.0
2026-04-11T03:00:00+00:00,2026-04-11T06:00:00+03:00,0.6395425,4.8,3.0,57,1.52,0.0,2.7,7.0,21,2.2,0.0,4.0,9.0,59,1.76,0.0
2026-04-11T04:00:00+00:00,2026-04-11T07:00:00+03:00,0.63045,3.1,89.0,48,1.55,0.0,2.8,115.0,68,2.61,0.0,3.7,113.0,74,1.68,0.0
2026-04-11T05:00:00+00:00,2026-04-11T08:00:00+03:00,0.5205325,3.9,261.0,17,2.18,0.0,4.8,296.0,91,3.11,0.0,4.7,251.0,75,1.43,0.0
2026-04-11T06:00:00+00:00,2026-04-11T09:00:00+03:00,0.382375,5.4,419.0,7,1.61,0.0,6.7,339.0,95,2.64,0.0,5.7,429.0,41,1.04,0.0
2026-04-11T07:00:00+00:00,2026-04-11T10:00:00+03:00,0.1137025,7.3,570.0,21,1.31,0.0,7.9,584.0,87,2.35,0.0,7.1,570.0,38,1.79,0.0
2026-04-11T08:00:00+00:00,2026-04-11T11:00:00+03:00,0.009855,9.1,667.0,22,0.91,0.0,10.3,725.0,74,2.92,0.1,9.8,595.0,46,3.05,0.1
2026-04-11T09:00:00+00:00,2026-04-11T12:00:00+03:00,1.75e-05,10.3,744.0,28,0.9,0.0,11.1,745.0,32,3.86,0.1,10.2,625.0,42,3.87,0.1
2026-04-11T10:00:00+00:00,2026-04-11T13:00:00+03:00,-0.0106825,11.4,768.0,23,0.72,0.1,12.0,749.0,44,4.27,0.0,11.4,718.0,27,3.74,0.2
2026-04-11T11:00:00+00:00,2026-04-11T14:00:00+03:00,-0.024885,11.8,749.0,57,1.0,0.1,11.9,633.0,56,4.38,0.0,11.7,634.0,32,3.68,0.1
2026-04-11T12:00:00+00:00,2026-04-11T15:00:00+03:00,-0.02,12.1,645.0,80,1.29,0.1,11.5,558.0,44,4.92,0.0,11.6,556.0,42,3.5,0.1
2026-04-11T13:00:00+00:00,2026-04-11T16:00:00+03:00,2.5e-05,12.1,469.0,80,1.33,0.1,11.5,425.0,42,5.16,0.0,11.7,396.0,37,3.56,0.2
2026-04-11T14:00:00+00:00,2026-04-11T17:00:00+03:00,0.1016575,11.6,337.0,81,1.7,0.4,10.8,266.0,51,5.16,0.0,11.0,263.0,42,3.63,0.4
2026-04-11T15:00:00+00:00,2026-04-11T18:00:00+03:00,0.4115,10.9,149.0,58,1.95,0.2,10.5,142.0,34,5.4,0.0,10.6,118.0,57,3.75,0.0
2026-04-11T16:00:00+00:00,2026-04-11T19:00:00+03:00,0.72026,10.3,28.0,83,2.56,0.0,9.8,18.0,0,5.66,0.0,10.1,18.0,35,4.96,0.0
2026-04-11T17:00:00+00:00,2026-04-11T20:00:00+03:00,0.8133575,10.2,0.0,59,2.05,0.1,8.8,0.0,2,6.28,0.0,9.1,0.0,15,6.17,0.0
2026-04-11T18:00:00+00:00,2026-04-11T21:00:00+03:00,0.84851,9.2,0.0,22,1.28,0.0,7.9,0.0,8,6.41,0.0,8.7,0.0,15,6.61,0.0
2026-04-11T19:00:00+00:00,2026-04-11T22:00:00+03:00,0.8131675,6.7,0.0,32,1.11,0.0,7.3,0.0,13,6.17,0.0,8.2,0.0,14,6.52,0.0
2026-04-11T20:00:00+00:00,2026-04-11T23:00:00+03:00,0.71728,5.7,0.0,23,0.96,0.0,6.9,0.0,10,5.74,0.0,7.3,0.0,19,6.35,0.0
2026-04-11T21:00:00+00:00,2026-04-12T00:00:00+03:00,0.6724075,5.8,0.0,33,0.98,0.0,6.6,0.0,4,5.32,0.0,6.9,0.0,32,6.01,0.0
2026-04-11T22:00:00+00:00,2026-04-12T01:00:00+03:00,0.692965,5.1,0.0,45,1.48,0.0,5.5,0.0,1,5.11,0.0,6.8,0.0,31,6.22,0.0
2026-04-11T23:00:00+00:00,2026-04-12T02:00:00+03:00,0.6329675,4.6,0.0,39,0.96,0.0,5.1,0.0,0,4.5,0.0,6.8,0.0,42,5.66,0.0
2026-04-12T00:00:00+00:00,2026-04-12T03:00:00+03:00,0.614895,4.2,0.0,27,0.15,0.0,5.2,0.0,1,4.1,0.0,6.7,0.0,42,5.06,0.0
2026-04-12T01:00:00+00:00,2026-04-12T04:00:00+03:00,0.604245,3.7,0.0,39,0.51,0.0,5.3,0.0,4,3.86,0.0,6.5,0.0,8,4.51,0.0
2026-04-12T02:00:00+00:00,2026-04-12T05:00:00+03:00,0.6082875,3.1,0.0,24,1.5,0.0,5.4,0.0,10,3.51,0.0,6.2,0.0,11,4.52,0.0
2026-04-12T03:00:00+00:00,2026-04-12T06:00:00+03:00,0.5987775,2.3,3.0,29,2.1,0.0,5.5,8.0,10,3.31,0.0,6.0,9.0,15,4.45,0.0
2026-04-12T04:00:00+00:00,2026-04-12T07:00:00+03:00,0.561075,2.2,75.0,36,2.25,0.0,5.7,109.0,9,3.08,0.0,6.1,109.0,19,4.26,0.0
2026-04-12T05:00:00+00:00,2026-04-12T08:00:00+03:00,0.51755,2.5,205.0,34,2.01,0.0,7.5,279.0,4,2.97,0.1,7.2,259.0,23,3.4,0.0
2026-04-12T06:00:00+00:00,2026-04-12T09:00:00+03:00,0.2935875,5.1,437.0,19,1.52,0.0,9.0,485.0,6,2.41,0.0,8.3,430.0,21,2.42,0.0
2026-04-12T07:00:00+00:00,2026-04-12T10:00:00+03:00,0.047355,7.8,562.0,18,1.19,0.0,9.8,541.0,21,2.47,0.0,9.3,569.0,29,2.33,0.1
2026-04-12T08:00:00+00:00,2026-04-12T11:00:00+03:00,0.04296,10.4,658.0,41,1.25,0.0,11.1,681.0,29,2.64,0.0,10.7,697.0,35,1.54,0.2
2026-04-12T09:00:00+00:00,2026-04-12T12:00:00+03:00,0.0493225,11.9,615.0,31,1.35,0.0,11.4,742.0,40,2.89,0.1,11.0,654.0,35,1.37,0.2
2026-04-12T10:00:00+00:00,2026-04-12T13:00:00+03:00,0.001705,12.7,713.0,35,1.7,0.0,11.8,688.0,44,3.53,0.3,11.6,638.0,62,1.58,0.3
2026-04-12T11:00:00+00:00,2026-04-12T14:00:00+03:00,1.5e-05,13.3,715.0,46,1.39,0.0,11.7,575.0,50,3.13,0.8,11.9,519.0,82,1.72,0.7
2026-04-12T12:00:00+00:00,2026-04-12T15:00:00+03:00,0.00019,14.0,586.0,27,1.44,0.0,11.1,559.0,33,3.75,0.1,11.4,488.0,98,2.16,0.8
2026-04-12T13:00:00+00:00,2026-04-12T16:00:00+03:00,0.0254275,14.4,490.0,43,0.65,0.1,11.4,409.0,31,4.33,0.0,10.9,361.0,86,1.84,1.5
2026-04-12T14:00:00+00:00,2026-04-12T17:00:00+03:00,0.12149,14.3,313.0,28,0.73,0.0,10.6,289.0,27,5.04,0.0,9.7,223.0,88,1.81,1.2
2026-04-12T15:00:00+00:00,2026-04-12T18:00:00+03:00,0.433595,14.3,166.0,18,0.94,0.0,10.8,103.0,37,5.62,0.0,9.2,91.0,70,2.88,0.6
2026-04-12T16:00:00+00:00,2026-04-12T19:00:00+03:00,0.64638,13.9,37.0,3,1.87,0.0,10.5,18.0,27,5.46,0.0,9.0,17.0,79,3.92,0.1
2026-04-12T17:00:00+00:00,2026-04-12T20:00:00+03:00,0.716375,11.1,0.0,4,3.24,0.0,8.8,0.0,39,5.12,0.0,8.0,0.0,57,5.17,0.0
2026-04-12T18:00:00+00:00,2026-04-12T21:00:00+03:00,0.7309025,9.4,0.0,1,4.16,0.0,7.9,0.0,26,4.84,0.0,7.6,0.0,23,5.41,0.0
2026-04-12T19:00:00+00:00,2026-04-12T22:00:00+03:00,0.69647,8.3,0.0,2,4.54,0.0,7.3,0.0,28,4.75,0.0,7.3,0.0,10,4.92,0.0
2026-04-12T20:00:00+00:00,2026-04-12T23:00:00+03:00,0.6652725,7.0,0.0,14,4.94,0.0,6.2,0.0,8,5.09,0.0,5.3,0.0,9,4.27,0.0
2026-04-12T21:00:00+00:00,2026-04-13T00:00:00+03:00,0.616475,6.2,0.0,10,5.04,0.0,6.0,0.0,0,5.1,0.0,5.6,0.0,8,3.79,0.0
2026-04-12T22:00:00+00:00,2026-04-13T01:00:00+03:00,0.59663,5.9,0.0,2,3.96,0.0,5.2,0.0,9,4.67,0.0,5.1,0.0,20,2.62,0.0
2026-04-12T23:00:00+00:00,2026-04-13T02:00:00+03:00,0.5592725,5.1,0.0,2,3.98,0.0,4.6,0.0,17,3.91,0.0,5.6,0.0,19,2.05,0.0
2026-04-13T00:00:00+00:00,2026-04-13T03:00:00+03:00,0.55089,4.3,0.0,2,3.86,0.0,4.4,0.0,2,3.37,0.0,5.3,0.0,8,1.3,0.0
2026-04-13T01:00:00+00:00,2026-04-13T04:00:00+03:00,0.55515,3.8,0.0,7,2.94,0.0,4.0,0.0,0,3.72,0.0,4.9,0.0,53,0.65,0.0
2026-04-13T02:00:00+00:00,2026-04-13T05:00:00+03:00,0.5651325,3.1,0.0,11,2.6,0.0,3.4,0.0,0,3.56,0.0,4.3,0.0,69,0.68,0.0
2026-04-13T03:00:00+00:00,2026-04-13T06:00:00+03:00,0.6146725,3.5,4.0,16,4.21,0.0,3.0,10.0,0,3.36,0.0,4.2,9.0,100,0.74,0.0
2026-04-13T04:00:00+00:00,2026-04-13T07:00:00+03:00,0.69715,3.3,91.0,13,5.19,0.0,3.4,122.0,0,3.37,0.0,3.6,83.0,100,1.32,0.0
2026-04-13T05:00:00+00:00,2026-04-13T08:00:00+03:00,0.657,4.2,228.0,20,4.86,0.0,6.2,302.0,0,3.41,0.0,5.1,197.0,100,2.26,0.0
2026-04-13T06:00:00+00:00,2026-04-13T09:00:00+03:00,0.6708475,6.3,399.0,25,3.8,0.0,8.1,485.0,4,2.7,0.0,6.1,351.0,97,1.92,0.0
2026-04-13T07:00:00+00:00,2026-04-13T10:00:00+03:00,0.2418575,9.1,480.0,31,3.94,0.0,9.3,644.0,29,2.87,0.0,7.4,547.0,80,1.95,0.0
2026-04-13T08:00:00+00:00,2026-04-13T11:00:00+03:00,0.03172,11.9,624.0,45,4.52,0.0,11.4,754.0,65,3.24,0.1,10.7,675.0,35,2.24,0.0
2026-04-13T09:00:00+00:00,2026-04-13T12:00:00+03:00,0.024205,13.6,710.0,68,5.21,0.0,12.1,763.0,58,3.56,0.1,11.5,714.0,33,2.19,0.1
2026-04-13T10:00:00+00:00,2026-04-13T13:00:00+03:00,0.003945,14.5,828.0,78,4.36,0.0,12.4,730.0,60,4.57,0.0,11.9,708.0,34,2.88,0.1
2026-04-13T11:00:00+00:00,2026-04-13T14:00:00+03:00,0.0061775,15.5,764.0,57,4.95,0.0,12.5,648.0,76,4.74,0.0,12.4,655.0,53,2.69,0.1
2026-04-13T12:00:00+00:00,2026-04-13T15:00:00+03:00,0.0037,16.2,605.0,95,5.23,0.0,12.5,474.0,52,4.91,0.0,12.5,520.0,49,2.49,0.1
2026-04-13T13:00:00+00:00,2026-04-13T16:00:00+03:00,0.1300625,16.6,375.0,33,4.95,0.0,12.1,346.0,28,4.99,0.0,12.5,421.0,57,2.28,0.6
2026-04-13T14:00:00+00:00,2026-04-13T17:00:00+03:00,0.4215775,16.5,245.0,45,4.74,0.0,11.7,206.0,23,4.75,0.0,12.3,276.0,42,2.0,0.0
2026-04-13T15:00:00+00:00,2026-04-13T18:00:00+03:00,0.6865,16.1,77.0,67,5.49,0.0,11.2,103.0,47,4.42,0.0,12.1,125.0,54,1.81,0.0
2026-04-13T16:00:00+00:00,2026-04-13T19:00:00+03:00,0.764,15.1,19.0,89,7.18,0.0,10.8,20.0,55,4.55,0.0,11.5,19.0,62,2.14,0.0
2026-04-13T17:00:00+00:00,2026-04-13T20:00:00+03:00,0.8397975,14.2,0.0,91,8.43,0.0,9.1,0.0,6,5.09,0.0,9.2,0.0,46,3.11,0.0
2026-04-13T18:00:00+00:00,2026-04-13T21:00:00+03:00,0.81615,13.1,0.0,90,8.96,0.0,8.4,0.0,27,5.13,0.0,8.7,0.0,17,3.77,0.0
2026-04-13T19:00:00+00:00,2026-04-13T22:00:00+03:00,0.76406,12.1,0.0,48,8.7,0.0,7.9,0.0,22,4.94,0.0,8.1,0.0,8,3.58,0.0
2026-04-13T20:00:00+00:00,2026-04-13T23:00:00+03:00,0.7222625,11.2,0.0,41,8.24,0.0,6.4,0.0,14,4.88,0.0,8.1,0.0,3,3.01,0.0
2026-04-13T21:00:00+00:00,2026-04-14T00:00:00+03:00,0.6792575,10.2,0.0,7,7.96,0.0,5.7,0.0,22,4.71,0.0,7.6,0.0,2,2.42,0.0
2026-04-13T22:00:00+00:00,2026-04-14T01:00:00+03:00,0.6164975,9.2,0.0,17,7.13,0.0,5.5,0.0,20,3.93,0.0,6.5,0.0,0,2.12,0.0
2026-04-13T23:00:00+00:00,2026-04-14T02:00:00+03:00,0.610735,8.5,0.0,32,7.15,0.0,5.6,0.0,29,3.47,0.0,6.4,0.0,7,1.39,0.0
2026-04-14T00:00:00+00:00,2026-04-14T03:00:00+03:00,0.616515,7.9,0.0,59,7.18,0.0,5.5,0.0,77,3.18,0.0,6.4,0.0,25,0.96,0.0
2026-04-14T01:00:00+00:00,2026-04-14T04:00:00+03:00,0.60447,7.5,0.0,41,7.35,0.0,5.7,0.0,74,3.42,0.0,6.3,0.0,64,1.19,0.0
2026-04-14T02:00:00+00:00,2026-04-14T05:00:00+03:00,0.6164025,7.0,0.0,35,7.83,0.0,5.7,0.0,60,3.67,0.0,5.8,0.0,78,1.47,0.0
2026-04-14T03:00:00+00:00,2026-04-14T06:00:00+03:00,0.6665375,6.7,4.0,32,8.05,0.0,5.5,11.0,26,3.99,0.0,5.5,9.0,83,1.73,0.0
2026-04-14T04:00:00+00:00,2026-04-14T07:00:00+03:00,0.7622025,6.6,93.0,49,7.89,0.0,6.2,123.0,96,4.45,0.0,5.1,86.0,72,2.2,0.0
2026-04-14T05:00:00+00:00,2026-04-14T08:00:00+03:00,0.8316775,6.8,248.0,58,7.55,0.0,8.7,301.0,17,4.52,0.0,5.7,203.0,70,2.55,0.0
2026-04-14T06:00:00+00:00,2026-04-14T09:00:00+03:00,0.819695,8.2,436.0,72,6.65,0.0,9.9,484.0,11,4.25,0.0,6.4,394.0,70,2.27,0.0
2026-04-14T07:00:00+00:00,2026-04-14T10:00:00+03:00,0.7326675,10.1,603.0,8,6.6,0.0,10.7,626.0,18,4.65,0.0,8.0,605.0,26,2.28,0.0
2026-04-14T08:00:00+00:00,2026-04-14T11:00:00+03:00,0.61974,12.1,710.0,13,6.66,0.0,12.2,740.0,35,4.88,0.0,11.5,755.0,5,2.96,0.0
2026-04-14T09:00:00+00:00,2026-04-14T12:00:00+03:00,0.6370575,13.4,665.0,20,7.0,0.0,12.5,791.0,20,5.15,0.0,12.6,797.0,22,2.95,0.0
2026-04-14T10:00:00+00:00,2026-04-14T13:00:00+03:00,0.594145,14.6,793.0,66,6.95,0.0,12.9,785.0,29,5.86,0.0,13.9,764.0,9,3.32,0.0
2026-04-14T11:00:00+00:00,2026-04-14T14:00:00+03:00,0.5466625,15.6,645.0,85,7.24,0.0,12.8,744.0,59,5.14,0.0,14.2,747.0,11,3.42,0.0
2026-04-14T12:00:00+00:00,2026-04-14T15:00:00+03:00,0.53624,16.4,434.0,75,6.84,0.0,13.0,669.0,43,5.44,0.0,14.5,621.0,15,3.38,0.0
2026-04-14T13:00:00+00:00,2026-04-14T16:00:00+03:00,0.6358725,16.4,269.0,80,6.44,0.0,12.9,526.0,9,5.56,0.0,14.4,519.0,3,3.3,0.0
2026-04-14T14:00:00+00:00,2026-04-14T17:00:00+03:00,0.678325,16.4,206.0,96,6.14,0.0,12.4,346.0,0,5.48,0.0,14.3,345.0,1,3.72,0.0
2026-04-14T15:00:00+00:00,2026-04-14T18:00:00+03:00,0.7420975,16.2,81.0,85,5.42,0.0,11.8,161.0,0,5.42,0.0,13.8,163.0,0,4.44,0.0
2026-04-14T16:00:00+00:00,2026-04-14T19:00:00+03:00,0.892395,15.5,20.0,73,6.15,0.0,11.1,25.0,0,5.23,0.0,13.0,25.0,0,5.22,0.0
2026-04-14T17:00:00+00:00,2026-04-14T20:00:00+03:00,1.02424,14.5,0.0,24,7.17,0.0,9.3,0.0,4,5.34,0.0,10.3,0.0,11,5.81,0.0
2026-04-14T18:00:00+00:00,2026-04-14T21:00:00+03:00,0.9670775,13.2,0.0,6,7.64,0.0,8.4,0.0,7,5.03,0.0,9.4,0.0,10,5.73,0.0
2026-04-14T19:00:00+00:00,2026-04-14T22:00:00+03:00,0.8635675,11.8,0.0,0,7.43,0.0,7.9,0.0,11,4.83,0.0,8.7,0.0,28,5.41,0.0
2026-04-14T20:00:00+00:00,2026-04-14T23:00:00+03:00,0.769395,10.3,0.0,1,6.8,0.0,6.9,0.0,2,4.82,0.0,7.1,0.0,20,5.12,0.0
2026-04-14T21:00:00+00:00,2026-04-15T00:00:00+03:00,0.7023625,9.2,0.0,2,6.23,0.0,6.6,0.0,1,5.17,0.0,6.5,0.0,33,4.86,0.0
2026-04-14T22:00:00+00:00,2026-04-15T01:00:00+03:00,0.64144,8.0,0.0,5,4.69,0.0,6.6,0.0,1,4.97,0.0,5.4,0.0,36,4.15,0.0
2026-04-14T23:00:00+00:00,2026-04-15T02:00:00+03:00,0.608405,7.2,0.0,3,4.1,0.0,6.3,0.0,0,4.58,0.0,5.3,0.0,19,4.29,0.0
2026-04-15T00:00:00+00:00,2026-04-15T03:00:00+03:00,0.5940675,6.6,0.0,2,4.67,0.0,6.1,0.0,0,4.27,0.0,4.9,0.0,0,4.14,0.0
2026-04-15T01:00:00+00:00,2026-04-15T04:00:00+03:00,0.6080375,5.9,0.0,1,5.19,0.0,5.9,0.0,0,4.59,0.0,5.0,0.0,1,3.31,0.0
2026-04-15T02:00:00+00:00,2026-04-15T05:00:00+03:00,0.6389975,5.3,0.0,0,5.5,0.0,5.5,0.0,0,4.83,0.0,4.5,0.0,6,2.84,0.0
2026-04-15T03:00:00+00:00,2026-04-15T06:00:00+03:00,0.6948475,4.8,5.0,0,5.75,0.0,5.1,12.0,0,4.84,0.0,4.6,14.0,7,2.78,0.0
2026-04-15T04:00:00+00:00,2026-04-15T07:00:00+03:00,0.77936,4.4,102.0,1,5.74,0.0,5.4,129.0,2,4.66,0.0,4.4,134.0,18,2.76,0.0
2026-04-15T05:00:00+00:00,2026-04-15T08:00:00+03:00,0.8188125,5.1,273.0,4,5.21,0.0,8.0,309.0,2,3.91,0.0,7.2,312.0,67,2.35,0.0
2026-04-15T06:00:00+00:00,2026-04-15T09:00:00+03:00,0.7168675,7.3,453.0,18,4.23,0.0,9.8,482.0,11,3.44,0.0,9.0,487.0,18,1.86,0.0
2026-04-15T07:00:00+00:00,2026-04-15T10:00:00+03:00,0.5936325,9.7,613.0,40,4.17,0.0,10.9,642.0,13,3.79,0.0,10.2,632.0,18,1.99,0.0
2026-04-15T08:00:00+00:00,2026-04-15T11:00:00+03:00,0.5153575,12.0,737.0,63,3.81,0.0,12.7,758.0,9,4.04,0.0,13.2,755.0,6,1.96,0.0
2026-04-15T09:00:00+00:00,2026-04-15T12:00:00+03:00,0.5423825,13.8,787.0,89,3.36,0.0,13.3,820.0,11,4.14,0.0,14.0,815.0,2,2.33,0.0
2026-04-15T10:00:00+00:00,2026-04-15T13:00:00+03:00,0.521725,15.5,822.0,83,3.35,0.0,14.1,831.0,6,4.45,0.0,15.5,819.0,1,2.78,0.0
2026-04-15T11:00:00+00:00,2026-04-15T14:00:00+03:00,0.4074525,16.8,780.0,65,3.35,0.0,14.1,780.0,6,4.87,0.0,15.9,767.0,0,2.97,0.0
2026-04-15T12:00:00+00:00,2026-04-15T15:00:00+03:00,0.42446,17.8,682.0,63,3.02,0.0,14.2,674.0,46,5.2,0.0,16.2,662.0,0,3.09,0.0
2026-04-15T13:00:00+00:00,2026-04-15T16:00:00+03:00,0.4969725,18.3,545.0,26,3.31,0.0,13.9,513.0,61,5.49,0.0,16.3,515.0,0,3.63,0.0
2026-04-15T14:00:00+00:00,2026-04-15T17:00:00+03:00,0.599205,18.7,365.0,31,3.18,0.0,13.1,336.0,60,5.49,0.0,15.8,340.0,0,4.43,0.0
2026-04-15T15:00:00+00:00,2026-04-15T18:00:00+03:00,0.72516,18.7,189.0,65,3.21,0.0,12.5,160.0,34,5.27,0.0,15.2,162.0,0,5.27,0.0
2026-04-15T16:00:00+00:00,2026-04-15T19:00:00+03:00,0.9123175,18.0,42.0,36,3.52,0.0,11.8,26.0,17,5.2,0.0,14.1,27.0,0,6.26,0.0
2026-04-15T17:00:00+00:00,2026-04-15T20:00:00+03:00,1.174235,15.6,0.0,5,4.07,0.0,10.1,0.0,39,5.81,0.0,11.3,0.0,0,6.71,0.0
2026-04-15T18:00:00+00:00,2026-04-15T21:00:00+03:00,1.18083,13.9,0.0,1,4.9,0.0,9.2,0.0,4,5.89,0.0,10.1,0.0,4,6.54,0.0
2026-04-15T19:00:00+00:00,2026-04-15T22:00:00+03:00,0.974845,12.7,0.0,8,5.82,0.0,8.7,0.0,2,5.32,0.0,9.4,0.0,4,6.27,0.0
2026-04-15T20:00:00+00:00,2026-04-15T23:00:00+03:00,0.6866425,11.3,0.0,14,5.88,0.0,7.6,0.0,9,5.03,0.0,8.1,0.0,0,5.8,0.0
2026-04-15T21:00:00+00:00,2026-04-16T00:00:00+03:00,0.6448,10.0,0.0,15,5.19,0.0,6.9,0.0,23,4.79,0.0,7.8,0.0,0,4.95,0.0
2026-04-15T22:00:00+00:00,2026-04-16T01:00:00+03:00,0.6249525,8.7,0.0,10,4.25,0.0,6.6,0.0,13,4.34,0.0,6.5,0.0,13,4.02,0.0
2026-04-15T23:00:00+00:00,2026-04-16T02:00:00+03:00,0.614935,7.8,0.0,12,3.95,0.0,6.0,0.0,8,4.0,0.0,6.3,0.0,7,3.82,0.0
2026-04-16T00:00:00+00:00,2026-04-16T03:00:00+03:00,0.6015275,7.4,0.0,9,4.42,0.0,7.8,0.0,0,3.3,0.0,5.7,0.0,12,3.91,0.0
2026-04-16T01:00:00+00:00,2026-04-16T04:00:00+03:00,0.5586075,6.9,0.0,2,4.84,0.0,7.9,0.0,0,3.29,0.0,5.2,0.0,17,3.56,0.0
2026-04-16T02:00:00+00:00,2026-04-16T05:00:00+03:00,0.5974825,6.3,0.0,1,4.76,0.0,7.1,0.0,0,3.59,0.0,4.7,0.0,25,3.01,0.0
2026-04-16T03:00:00+00:00,2026-04-16T06:00:00+03:00,0.647595,5.9,6.0,0,4.9,0.0,5.8,14.0,2,3.74,0.0,4.7,15.0,62,2.91,0.0
2026-04-16T04:00:00+00:00,2026-04-16T07:00:00+03:00,0.73226,5.6,108.0,3,5.15,0.0,5.1,135.0,98,3.94,0.0,4.9,129.0,80,3.26,0.0
2026-04-16T05:00:00+00:00,2026-04-16T08:00:00+03:00,0.74853,6.5,282.0,3,4.88,0.0,8.3,316.0,0,4.07,0.0,7.6,314.0,68,2.84,0.0
2026-04-16T06:00:00+00:00,2026-04-16T09:00:00+03:00,0.6844325,8.6,461.0,3,3.58,0.0,10.1,500.0,7,3.57,0.0,9.4,469.0,48,2.08,0.0
2026-04-16T07:00:00+00:00,2026-04-16T10:00:00+03:00,0.5633375,11.2,623.0,4,3.12,0.0,11.3,637.0,9,3.65,0.0,10.8,633.0,10,2.41,0.0
2026-04-16T08:00:00+00:00,2026-04-16T11:00:00+03:00,0.5107125,13.7,745.0,2,2.95,0.0,13.4,771.0,4,3.93,0.0,13.9,754.0,2,3.09,0.0
2026-04-16T09:00:00+00:00,2026-04-16T12:00:00+03:00,0.418155,15.9,819.0,0,2.84,0.0,13.9,831.0,4,4.16,0.0,14.7,816.0,0,3.4,0.0
2026-04-16T10:00:00+00:00,2026-04-16T13:00:00+03:00,0.3336075,17.6,834.0,0,1.66,0.0,14.7,844.0,2,4.54,0.0,16.4,819.0,0,3.76,0.0
2026-04-16T11:00:00+00:00,2026-04-16T14:00:00+03:00,0.256565,18.9,793.0,0,1.84,0.0,15.1,790.0,0,4.54,0.0,16.9,765.0,0,3.65,0.0
2026-04-16T12:00:00+00:00,2026-04-16T15:00:00+03:00,0.3025275,19.9,698.0,0,2.15,0.0,15.2,684.0,0,4.44,0.0,17.1,663.0,0,3.76,0.0
2026-04-16T13:00:00+00:00,2026-04-16T16:00:00+03:00,0.3972325,20.6,557.0,0,2.34,0.0,15.0,534.0,0,4.53,0.0,17.2,517.0,0,4.2,0.0
2026-04-16T14:00:00+00:00,2026-04-16T17:00:00+03:00,0.473,20.9,383.0,0,2.57,0.0,14.3,355.0,0,4.65,0.0,16.9,343.0,0,4.81,0.0
2026-04-16T15:00:00+00:00,2026-04-16T18:00:00+03:00,0.5940475,20.7,200.0,0,2.82,0.0,13.5,171.0,0,4.7,0.0,16.2,163.0,16,4.9,0.0
2026-04-16T16:00:00+00:00,2026-04-16T19:00:00+03:00,0.7115725,19.6,45.0,0,3.56,0.0,12.8,29.0,0,4.95,0.0,15.3,28.0,19,5.28,0.0
2026-04-16T17:00:00+00:00,2026-04-16T20:00:00+03:00,1.12245,16.4,0.0,0,4.32,0.0,10.7,0.0,0,5.46,0.0,12.1,0.0,13,5.97,0.0
2026-04-16T18:00:00+00:00,2026-04-16T21:00:00+03:00,0.9633625,14.2,0.0,1,5.45,0.0,9.8,0.0,5,5.17,0.0,10.8,0.0,18,6.0,0.0
2026-04-16T19:00:00+00:00,2026-04-16T22:00:00+03:00,0.9848175,12.9,0.0,2,6.3,0.0,8.5,0.0,25,4.7,0.0,10.1,0.0,44,5.3,0.0
2026-04-16T20:00:00+00:00,2026-04-16T23:00:00+03:00,0.70325,12.4,0.0,4,6.26,0.0,8.3,0.0,57,4.16,0.0,8.7,0.0,64,4.8,0.0
2026-04-16T21:00:00+00:00,2026-04-17T00:00:00+03:00,0.6547,11.1,0.0,5,5.84,0.0,8.2,0.0,59,3.63,0.0,8.3,0.0,85,4.78,0.0
2026-04-16T22:00:00+00:00,2026-04-17T01:00:00+03:00,0.6208675,10.2,0.0,27,5.59,0.0,8.1,0.0,79,2.35,0.0,7.5,0.0,91,4.67,0.0
2026-04-16T23:00:00+00:00,2026-04-17T02:00:00+03:00,0.58847,9.1,0.0,39,4.63,0.0,8.7,0.0,78,1.57,0.0,7.1,0.0,33,4.3,0.0
2026-04-17T00:00:00+00:00,2026-04-17T03:00:00+03:00,0.57294,8.5,0.0,17,3.6,0.0,8.2,0.0,99,1.73,0.0,6.2,0.0,13,3.68,0.0
2026-04-17T01:00:00+00:00,2026-04-17T04:00:00+03:00,0.553625,7.9,0.0,2,3.43,0.0,6.6,0.0,99,2.7,0.0,6.5,0.0,1,2.79,0.0
2026-04-17T02:00:00+00:00,2026-04-17T05:00:00+03:00,0.570685,7.3,0.0,2,3.39,0.0,5.4,0.0,100,3.66,0.0,6.6,0.0,15,2.01,0.0
2026-04-17T03:00:00+00:00,2026-04-17T06:00:00+03:00,0.62128,6.6,7.0,2,3.44,0.0,5.4,16.0,100,4.3,0.0,6.4,18.0,57,1.25,0.0
2026-04-17T04:00:00+00:00,2026-04-17T07:00:00+03:00,0.724685,6.6,112.0,4,3.46,0.0,5.5,140.0,52,4.21,0.0,5.4,142.0,100,1.45,0.0
2026-04-17T05:00:00+00:00,2026-04-17T08:00:00+03:00,0.73202,7.5,284.0,4,2.97,0.0,8.5,323.0,1,3.5,0.0,8.2,313.0,68,2.02,0.0
2026-04-17T06:00:00+00:00,2026-04-17T09:00:00+03:00,0.6346975,8.8,458.0,12,1.68,0.0,10.1,491.0,0,2.96,0.0,9.9,413.0,68,1.63,0.0
2026-04-17T07:00:00+00:00,2026-04-17T10:00:00+03:00,0.48,11.4,604.0,14,1.65,0.3,11.6,654.0,2,3.35,0.0,11.4,585.0,29,1.92,0.0
2026-04-17T08:00:00+00:00,2026-04-17T11:00:00+03:00,0.348715,14.4,705.0,16,1.86,0.0,14.0,772.0,0,3.47,0.0,14.8,761.0,2,2.45,0.0
2026-04-17T09:00:00+00:00,2026-04-17T12:00:00+03:00,0.14315,16.4,704.0,19,1.66,0.0,15.0,835.0,0,3.45,0.0,16.0,817.0,0,2.65,0.0
2026-04-17T10:00:00+00:00,2026-04-17T13:00:00+03:00,0.04476,17.4,784.0,40,1.6,0.0,16.2,840.0,0,3.53,0.0,17.1,808.0,1,2.2,0.0
2026-04-17T11:00:00+00:00,2026-04-17T14:00:00+03:00,0.0439925,18.7,737.0,45,1.55,0.0,16.5,789.0,0,3.5,0.0,17.8,759.0,1,1.71,0.0
2026-04-17T12:00:00+00:00,2026-04-17T15:00:00+03:00,0.053745,19.5,679.0,44,1.81,0.0,16.5,684.0,0,3.6,0.0,18.1,661.0,0,1.18,0.0
2026-04-17T13:00:00+00:00,2026-04-17T16:00:00+03:00,0.25072,19.7,538.0,39,2.35,0.0,16.4,535.0,0,3.37,0.0,18.4,515.0,1,0.46,0.0
2026-04-17T14:00:00+00:00,2026-04-17T17:00:00+03:00,0.4272675,19.9,363.0,30,2.75,0.0,15.9,359.0,0,3.21,0.0,18.1,331.0,15,0.18,0.0
2026-04-17T15:00:00+00:00,2026-04-17T18:00:00+03:00,0.526725,19.3,171.0,17,3.06,0.0,15.5,174.0,0,3.2,0.0,18.0,151.0,21,0.5,0.0
2026-04-17T16:00:00+00:00,2026-04-17T19:00:00+03:00,0.67279,18.1,39.0,24,3.77,0.0,14.5,31.0,0,3.53,0.0,17.2,27.0,22,1.28,0.0
2026-04-17T17:00:00+00:00,2026-04-17T20:00:00+03:00,0.80201,15.9,0.0,48,4.92,0.0,11.4,0.0,2,3.42,0.0,15.1,0.0,40,2.57,0.0
2026-04-17T18:00:00+00:00,2026-04-17T21:00:00+03:00,0.8125425,15.0,0.0,92,5.97,0.0,10.1,0.0,3,3.23,0.0,13.1,0.0,53,3.32,0.1
2026-04-17T19:00:00+00:00,2026-04-17T22:00:00+03:00,0.691805,14.6,0.0,98,6.85,0.1,10.8,0.0,5,3.0,0.0,12.9,0.0,72,1.8,0.0
2026-04-17T20:00:00+00:00,2026-04-17T23:00:00+03:00,0.6362125,14.5,0.0,94,6.97,0.3,11.4,0.0,11,2.69,0.0,11.9,0.0,98,2.09,0.5
2026-04-17T21:00:00+00:00,2026-04-18T00:00:00+03:00,0.57833,13.6,0.0,58,6.33,0.1,9.8,0.0,17,2.38,0.0,12.2,0.0,99,3.92,0.1
2026-04-17T22:00:00+00:00,2026-04-18T01:00:00+03:00,0.6011375,11.9,0.0,72,6.53,0.0,8.8,0.0,19,4.07,0.0,12.3,0.0,100,5.4,0.2
2026-04-17T23:00:00+00:00,2026-04-18T02:00:00+03:00,0.5737475,11.2,0.0,94,5.46,0.0,9.8,0.0,31,7.52,0.0,12.2,0.0,97,4.76,0.3
2026-04-18T00:00:00+00:00,2026-04-18T03:00:00+03:00,0.570465,10.3,0.0,66,4.94,0.0,10.5,0.0,48,7.83,0.0,11.5,0.0,77,4.85,0.3
2026-04-18T01:00:00+00:00,2026-04-18T04:00:00+03:00,0.5621525,9.2,0.0,59,4.49,0.2,10.7,0.0,67,7.3,0.2,11.5,0.0,97,6.36,0.2
2026-04-18T02:00:00+00:00,2026-04-18T05:00:00+03:00,0.569745,9.1,0.0,70,4.15,0.3,10.8,0.0,93,7.26,0.2,10.9,0.0,87,7.18,0.0
2026-04-18T03:00:00+00:00,2026-04-18T06:00:00+03:00,0.58044,9.7,3.0,78,3.92,0.1,10.9,5.0,100,7.26,0.3,10.9,8.0,49,7.31,0.0
2026-04-18T04:00:00+00:00,2026-04-18T07:00:00+03:00,0.576,9.4,40.0,53,3.94,0.0,10.8,78.0,98,7.71,0.1,10.6,119.0,13,7.32,0.0
2026-04-18T05:00:00+00:00,2026-04-18T08:00:00+03:00,0.499,10.1,99.0,36,4.05,0.0,11.4,219.0,61,7.85,0.0,11.1,279.0,22,7.77,0.0
2026-04-18T06:00:00+00:00,2026-04-18T09:00:00+03:00,0.2862925,11.6,387.0,25,3.82,0.0,12.2,383.0,33,8.0,0.1,11.6,429.0,31,8.71,0.0
2026-04-18T07:00:00+00:00,2026-04-18T10:00:00+03:00,0.049525,13.6,507.0,28,5.41,0.0,13.0,576.0,25,8.84,0.2,12.3,610.0,17,9.03,0.0
2026-04-18T08:00:00+00:00,2026-04-18T11:00:00+03:00,-0.00723,15.4,640.0,21,6.18,0.0,14.7,718.0,39,8.86,0.2,14.3,642.0,17,9.33,0.0
2026-04-18T09:00:00+00:00,2026-04-18T12:00:00+03:00,-0.0128125,16.5,688.0,23,5.59,0.0,15.4,716.0,31,8.49,0.1,14.6,772.0,30,9.17,0.0
2026-04-18T10:00:00+00:00,2026-04-18T13:00:00+03:00,-0.0216125,17.3,621.0,34,2.48,0.0,16.0,750.0,28,7.41,0.0,15.5,748.0,26,8.83,0.0
2026-04-18T11:00:00+00:00,2026-04-18T14:00:00+03:00,-0.026435,17.7,600.0,46,1.55,0.0,16.2,726.0,41,7.75,0.0,16.0,619.0,37,9.01,0.0
2026-04-18T12:00:00+00:00,2026-04-18T15:00:00+03:00,-0.010135,18.2,504.0,51,2.51,0.0,16.4,609.0,47,8.16,0.0,16.2,409.0,57,9.25,0.0
2026-04-18T13:00:00+00:00,2026-04-18T16:00:00+03:00,-0.007495,18.5,377.0,38,2.32,0.0,16.6,436.0,37,8.27,0.0,16.0,230.0,95,9.86,0.0
2026-04-18T14:00:00+00:00,2026-04-18T17:00:00+03:00,0.024765,17.7,266.0,44,2.66,0.3,16.2,277.0,45,8.31,0.0,15.2,137.0,97,9.96,0.0
2026-04-18T15:00:00+00:00,2026-04-18T18:00:00+03:00,0.29621,17.0,133.0,39,2.07,0.0,15.9,127.0,43,8.25,0.0,15.1,116.0,62,8.42,0.0
2026-04-18T16:00:00+00:00,2026-04-18T19:00:00+03:00,0.6235875,16.4,41.0,35,2.16,0.0,15.2,27.0,54,8.13,0.0,14.9,30.0,24,7.28,0.0
2026-04-18T17:00:00+00:00,2026-04-18T20:00:00+03:00,0.6800675,15.1,0.0,25,1.96,0.0,13.7,0.0,2,7.13,0.0,13.2,0.0,21,7.17,0.0
2026-04-18T18:00:00+00:00,2026-04-18T21:00:00+03:00,0.746025,13.7,0.0,19,0.97,0.0,11.5,0.0,2,5.9,0.0,12.8,0.0,29,7.34,0.0
2026-04-18T19:00:00+00:00,2026-04-18T22:00:00+03:00,0.7266475,12.4,0.0,16,2.26,0.0,11.1,0.0,11,5.98,0.0,12.6,0.0,31,7.31,0.0
2026-04-18T20:00:00+00:00,2026-04-18T23:00:00+03:00,0.677895,11.6,0.0,20,3.21,0.0,10.5,0.0,14,6.78,0.0,11.2,0.0,20,7.36,0.0
2026-04-18T21:00:00+00:00,2026-04-19T00:00:00+03:00,0.650335,11.1,0.0,25,3.53,0.1,10.7,0.0,3,7.11,0.0,10.9,0.0,19,7.49,0.0
2026-04-18T22:00:00+00:00,2026-04-19T01:00:00+03:00,0.6024575,11.3,0.0,52,3.21,0.0,9.7,0.0,0,7.1,0.0,10.2,0.0,13,7.05,0.0
2026-04-18T23:00:00+00:00,2026-04-19T02:00:00+03:00,0.57795,9.8,0.0,45,2.2,0.0,9.6,0.0,16,7.48,0.0,9.8,0.0,8,7.04,0.0
2026-04-19T00:00:00+00:00,2026-04-19T03:00:00+03:00,0.56313,9.1,0.0,29,2.55,0.0,9.4,0.0,9,7.59,0.0,9.6,0.0,8,7.12,0.0
2026-04-19T01:00:00+00:00,2026-04-19T04:00:00+03:00,0.5590975,8.0,0.0,24,3.42,0.0,9.0,0.0,3,7.63,0.0,9.2,0.0,15,7.17,0.0
2026-04-19T02:00:00+00:00,2026-04-19T05:00:00+03:00,0.5512175,7.6,0.0,15,3.25,0.0,8.5,0.0,0,7.77,0.0,8.3,0.0,3,7.25,0.0
2026-04-19T03:00:00+00:00,2026-04-19T06:00:00+03:00,0.573555,7.2,9.0,17,2.16,0.0,8.2,19.0,0,7.81,0.0,8.0,21.0,1,7.26,0.0
2026-04-19T04:00:00+00:00,2026-04-19T07:00:00+03:00,0.55175,7.1,118.0,24,1.66,0.0,8.2,147.0,0,7.88,0.0,7.8,150.0,2,7.16,0.0
2026-04-19T05:00:00+00:00,2026-04-19T08:00:00+03:00,0.26267,8.9,286.0,19,1.77,0.0,10.2,329.0,0,7.38,0.0,10.1,329.0,1,6.44,0.0
2026-04-19T06:00:00+00:00,2026-04-19T09:00:00+03:00,0.02561,12.0,428.0,13,0.95,0.0,11.8,500.0,0,6.37,0.1,11.3,503.0,1,6.32,0.1
2026-04-19T07:00:00+00:00,2026-04-19T10:00:00+03:00,1.75e-05,14.5,578.0,6,0.49,0.0,13.2,564.0,29,7.07,0.0,12.4,575.0,24,6.74,0.0
2026-04-19T08:00:00+00:00,2026-04-19T11:00:00+03:00,0.0,16.4,719.0,9,0.74,0.2,15.2,659.0,39,7.03,0.0,15.1,599.0,38,7.26,0.0
2026-04-19T09:00:00+00:00,2026-04-19T12:00:00+03:00,-2.5e-06,17.6,706.0,44,0.39,0.1,15.9,669.0,98,6.97,0.0,15.8,646.0,92,7.33,0.0
2026-04-19T10:00:00+00:00,2026-04-19T13:00:00+03:00,-7.5e-06,18.0,625.0,49,1.08,0.1,16.7,665.0,56,5.16,0.0,16.7,558.0,80,5.4,0.0
2026-04-19T11:00:00+00:00,2026-04-19T14:00:00+03:00,-0.004325,18.6,607.0,51,1.12,0.0,17.2,473.0,63,5.06,0.0,17.0,402.0,73,5.32,0.0
2026-04-19T12:00:00+00:00,2026-04-19T15:00:00+03:00,-0.0153325,19.0,550.0,47,1.13,0.0,17.2,340.0,82,4.94,0.0,17.0,442.0,89,5.46,0.0
2026-04-19T13:00:00+00:00,2026-04-19T16:00:00+03:00,-0.011505,19.9,410.0,62,1.1,0.0,17.1,322.0,90,4.12,0.0,17.7,295.0,74,4.56,0.0
2026-04-19T14:00:00+00:00,2026-04-19T17:00:00+03:00,0.060815,19.8,325.0,59,1.61,0.0,17.1,268.0,90,3.25,0.0,17.7,220.0,67,4.24,0.0
2026-04-19T15:00:00+00:00,2026-04-19T18:00:00+03:00,0.4103275,19.7,193.0,58,2.66,0.0,17.1,156.0,81,1.73,0.0,17.7,133.0,52,2.87,0.0
2026-04-19T16:00:00+00:00,2026-04-19T19:00:00+03:00,0.6794,19.1,50.0,38,3.96,0.0,16.7,32.0,4,0.96,0.0,17.0,30.0,0,1.6,0.0
2026-04-19T17:00:00+00:00,2026-04-19T20:00:00+03:00,0.7465825,17.4,0.0,50,5.47,0.0,16.6,0.0,0,3.05,0.0,15.6,0.0,0,1.57,0.0
2026-04-19T18:00:00+00:00,2026-04-19T21:00:00+03:00,0.80122,15.6,0.0,60,6.49,0.0,12.3,0.0,1,4.91,0.0,13.9,0.0,6,1.71,0.0
2026-04-19T19:00:00+00:00,2026-04-19T22:00:00+03:00,0.7314725,14.3,0.0,73,7.03,0.0,11.1,0.0,7,6.25,0.0,13.0,0.0,29,2.0,0.0
2026-04-19T20:00:00+00:00,2026-04-19T23:00:00+03:00,0.616435,13.5,0.0,73,7.09,0.0,10.7,0.0,22,7.0,0.0,11.8,0.0,60,2.66,0.0
2026-04-19T21:00:00+00:00,2026-04-20T00:00:00+03:00,0.5738325,12.9,0.0,78,6.66,0.0,10.6,0.0,17,7.24,0.0,10.6,0.0,75,3.45,0.0
2026-04-19T22:00:00+00:00,2026-04-20T01:00:00+03:00,0.53376,12.1,0.0,75,5.36,0.0,10.3,0.0,23,7.02,0.0,10.4,0.0,94,2.94,0.0
2026-04-19T23:00:00+00:00,2026-04-20T02:00:00+03:00,0.5164075,11.6,0.0,52,3.86,0.0,10.0,0.0,25,7.19,0.0,10.7,0.0,98,3.23,0.0
2026-04-20T00:00:00+00:00,2026-04-20T03:00:00+03:00,0.497755,10.8,0.0,37,3.02,0.0,9.8,0.0,28,7.34,0.0,10.7,0.0,86,3.41,0.0
2026-04-20T01:00:00+00:00,2026-04-20T04:00:00+03:00,0.506165,11.0,0.0,28,2.13,0.0,9.8,0.0,22,7.02,0.0,11.2,0.0,72,3.62,0.0
2026-04-20T02:00:00+00:00,2026-04-20T05:00:00+03:00,0.52898,10.4,0.0,29,1.42,0.0,9.5,0.0,44,6.51,0.0,10.4,0.0,58,3.97,0.0
2026-04-20T03:00:00+00:00,2026-04-20T06:00:00+03:00,0.60745,10.0,11.0,24,0.85,0.0,9.6,19.0,50,6.01,0.0,10.1,22.0,36,4.11,0.0
2026-04-20T04:00:00+00:00,2026-04-20T07:00:00+03:00,0.6899725,9.1,114.0,22,1.01,0.0,9.6,135.0,28,6.02,0.0,10.0,128.0,1,4.01,0.0
2026-04-20T05:00:00+00:00,2026-04-20T08:00:00+03:00,0.6995725,9.9,270.0,27,2.25,0.0,11.0,283.0,14,6.15,0.0,12.1,279.0,0,4.31,0.0
2026-04-20T06:00:00+00:00,2026-04-20T09:00:00+03:00,0.66248,12.0,478.0,33,2.32,0.0,12.7,497.0,3,5.37,0.0,13.2,504.0,0,3.68,0.0
2026-04-20T07:00:00+00:00,2026-04-20T10:00:00+03:00,0.548225,14.3,636.0,40,2.25,0.0,14.4,600.0,0,5.58,0.0,14.2,646.0,14,4.14,0.0
2026-04-20T08:00:00+00:00,2026-04-20T11:00:00+03:00,0.45251,17.2,758.0,34,2.62,0.0,17.1,723.0,11,6.21,0.0,16.6,761.0,60,5.3,0.0
2026-04-20T09:00:00+00:00,2026-04-20T12:00:00+03:00,0.3823925,19.4,828.0,28,3.51,0.0,18.2,676.0,30,7.31,0.0,17.8,781.0,94,6.38,0.0
2026-04-20T10:00:00+00:00,2026-04-20T13:00:00+03:00,0.2669925,21.2,786.0,56,4.85,0.0,18.6,720.0,33,8.41,0.0,19.4,742.0,97,7.8,0.0
2026-04-20T11:00:00+00:00,2026-04-20T14:00:00+03:00,0.19511,22.3,676.0,92,6.1,0.0,19.0,742.0,42,9.36,0.0,19.8,687.0,96,8.14,0.0
2026-04-20T12:00:00+00:00,2026-04-20T15:00:00+03:00,0.203735,22.3,542.0,87,7.42,0.2,18.8,642.0,21,10.56,0.0,20.0,587.0,93,8.23,0.0
2026-04-20T13:00:00+00:00,2026-04-20T16:00:00+03:00,0.36462,21.9,308.0,99,8.57,0.0,18.2,452.0,10,10.93,0.0,19.9,425.0,78,8.16,0.0
2026-04-20T14:00:00+00:00,2026-04-20T17:00:00+03:00,0.375335,20.3,206.0,98,9.17,0.0,16.6,257.0,6,10.45,0.4,18.7,303.0,42,7.78,0.1
2026-04-20T15:00:00+00:00,2026-04-20T18:00:00+03:00,0.5535775,19.5,144.0,99,9.55,0.0,15.5,125.0,59,10.31,0.1,17.7,126.0,31,7.13,0.6
2026-04-20T16:00:00+00:00,2026-04-20T19:00:00+03:00,0.667805,18.7,37.0,99,9.35,0.0,14.7,28.0,82,9.91,0.0,16.3,17.0,86,8.38,0.9
2026-04-20T17:00:00+00:00,2026-04-20T20:00:00+03:00,0.6793625,17.3,0.0,99,7.65,0.0,13.4,0.0,91,10.04,0.0,14.1,0.0,99,7.42,0.7
2026-04-20T18:00:00+00:00,2026-04-20T21:00:00+03:00,0.7287425,16.1,0.0,54,6.6,0.0,13.1,0.0,100,9.16,0.1,13.8,0.0,100,5.96,0.5
2026-04-20T19:00:00+00:00,2026-04-20T22:00:00+03:00,0.7133075,14.6,0.0,7,5.57,0.0,13.1,0.0,96,8.15,0.1,13.4,0.0,100,5.48,0.8
2026-04-20T20:00:00+00:00,2026-04-20T23:00:00+03:00,0.6578925,13.3,0.0,8,4.41,0.0,13.0,0.0,100,7.81,0.0,12.4,0.0,100,6.51,0.4
2026-04-20T21:00:00+00:00,2026-04-21T00:00:00+03:00,0.6358825,11.9,0.0,18,3.47,0.0,13.3,0.0,91,7.72,0.0,12.4,0.0,94,7.82,0.0
2026-04-20T22:00:00+00:00,2026-04-21T01:00:00+03:00,0.571055,10.3,0.0,43,3.19,0.0,13.0,0.0,45,7.33,0.0,11.2,0.0,95,8.51,0.0
2026-04-20T23:00:00+00:00,2026-04-21T02:00:00+03:00,0.561495,10.4,0.0,30,3.13,0.0,12.5,0.0,52,7.66,0.0,10.3,0.0,96,8.54,0.0
2026-04-21T00:00:00+00:00,2026-04-21T03:00:00+03:00,0.5498075,9.8,0.0,94,3.16,0.1,11.9,0.0,9,8.0,0.0,9.7,0.0,99,7.71,0.0
2026-04-21T01:00:00+00:00,2026-04-21T04:00:00+03:00,0.5328025,8.4,0.0,81,3.12,0.0,11.0,0.0,61,7.98,0.0,8.9,0.0,100,7.62,0.0
2026-04-21T02:00:00+00:00,2026-04-21T05:00:00+03:00,0.53628,8.7,0.0,69,3.71,0.1,9.6,0.0,80,8.08,0.0,7.8,0.0,100,7.83,0.0
2026-04-21T03:00:00+00:00,2026-04-21T06:00:00+03:00,0.5976,8.1,9.0,42,4.98,0.0,9.1,18.0,99,7.83,0.0,7.4,13.0,100,8.55,0.0
2026-04-21T04:00:00+00:00,2026-04-21T07:00:00+03:00,0.6879025,8.0,86.0,33,6.51,0.0,8.7,112.0,99,6.63,0.0,7.2,65.0,100,8.86,0.0
2026-04-21T05:00:00+00:00,2026-04-21T08:00:00+03:00,0.71063,8.8,239.0,44,7.0,0.0,8.8,228.0,100,5.69,0.0,7.4,154.0,100,8.62,0.0
2026-04-21T06:00:00+00:00,2026-04-21T09:00:00+03:00,0.6301275,9.2,302.0,81,6.87,0.1,8.8,304.0,93,5.49,0.0,7.4,203.0,100,8.25,0.0
2026-04-21T07:00:00+00:00,2026-04-21T10:00:00+03:00,0.548395,9.5,242.0,95,6.63,0.1,9.2,418.0,85,5.65,0.0,7.7,363.0,94,8.21,0.0
2026-04-21T08:00:00+00:00,2026-04-21T11:00:00+03:00,0.453465,9.8,262.0,100,6.56,0.1,10.1,528.0,80,5.91,0.0,9.4,480.0,93,8.42,0.0
2026-04-21T09:00:00+00:00,2026-04-21T12:00:00+03:00,0.2666025,10.4,307.0,99,6.76,0.1,10.5,428.0,100,5.56,0.0,10.1,468.0,93,7.55,0.0
2026-04-21T10:00:00+00:00,2026-04-21T13:00:00+03:00,0.29697,8.9,339.0,100,6.29,0.0,11.0,376.0,100,5.72,0.0,11.0,433.0,100,7.7,0.0
2026-04-21T11:00:00+00:00,2026-04-21T14:00:00+03:00,0.252405,9.2,265.0,100,6.83,0.0,11.3,463.0,100,5.32,0.0,11.3,474.0,100,6.9,0.0
2026-04-21T12:00:00+00:00,2026-04-21T15:00:00+03:00,0.406645,9.1,247.0,100,6.61,0.0,11.8,312.0,100,4.63,0.0,11.5,465.0,100,5.92,0.0
2026-04-21T13:00:00+00:00,2026-04-21T16:00:00+03:00,0.378,9.5,217.0,100,6.61,0.0,11.3,283.0,100,3.54,0.0,11.6,336.0,100,4.81,0.0
2026-04-21T14:00:00+00:00,2026-04-21T17:00:00+03:00,0.52146,9.6,143.0,100,6.85,0.0,10.8,177.0,100,2.78,0.0,11.2,202.0,100,3.8,0.0
2026-04-21T15:00:00+00:00,2026-04-21T18:00:00+03:00,0.64689,9.5,102.0,97,6.5,0.0,10.9,90.0,100,2.64,0.0,11.3,98.0,99,3.09,0.0
2026-04-21T16:00:00+00:00,2026-04-21T19:00:00+03:00,0.9129425,9.3,34.0,94,5.65,0.0,10.3,21.0,100,2.85,0.0,11.0,22.0,92,2.64,0.0
2026-04-21T17:00:00+00:00,2026-04-21T20:00:00+03:00,1.0696525,8.7,0.0,87,5.03,0.1,9.5,0.0,98,2.62,0.0,9.2,0.0,55,2.57,0.0
2026-04-21T18:00:00+00:00,2026-04-21T21:00:00+03:00,1.00722,8.1,0.0,85,5.03,0.3,9.0,0.0,65,2.13,0.0,9.3,0.0,43,3.64,0.0
2026-04-21T19:00:00+00:00,2026-04-21T22:00:00+03:00,0.9141,7.4,0.0,92,4.79,0.1,9.0,0.0,29,1.87,0.0,8.9,0.0,48,4.49,0.0
2026-04-21T20:00:00+00:00,2026-04-21T23:00:00+03:00,0.672075,7.3,0.0,98,4.94,0.0,8.9,0.0,23,2.02,0.0,8.5,0.0,24,4.75,0.0
2026-04-21T21:00:00+00:00,2026-04-22T00:00:00+03:00,0.6460725,7.3,0.0,100,4.92,0.0,8.5,0.0,100,2.52,0.0,8.3,0.0,34,4.58,0.0
2026-04-21T22:00:00+00:00,2026-04-22T01:00:00+03:00,0.6087925,7.3,0.0,100,3.96,0.0,8.0,0.0,100,2.51,0.0,7.7,0.0,77,4.02,0.0
2026-04-21T23:00:00+00:00,2026-04-22T02:00:00+03:00,0.5884475,7.2,0.0,97,4.36,0.0,7.8,0.0,100,2.9,0.0,7.0,0.0,70,3.56,0.0
2026-04-22T00:00:00+00:00,2026-04-22T03:00:00+03:00,0.5767425,6.8,0.0,98,4.75,0.0,7.4,0.0,99,3.47,0.0,7.0,0.0,79,2.75,0.0
2026-04-22T01:00:00+00:00,2026-04-22T04:00:00+03:00,0.5787,6.5,0.0,77,4.29,0.0,7.1,0.0,100,3.82,0.0,6.9,0.0,72,2.43,0.0
2026-04-22T02:00:00+00:00,2026-04-22T05:00:00+03:00,0.60615,6.3,0.0,55,3.93,0.0,6.7,0.0,100,4.03,0.0,6.3,0.0,52,2.35,0.0
2026-04-22T03:00:00+00:00,2026-04-22T06:00:00+03:00,0.6627025,6.5,7.0,77,3.86,0.0,6.4,17.0,96,3.73,0.0,6.2,24.0,26,3.12,0.0
2026-04-22T04:00:00+00:00,2026-04-22T07:00:00+03:00,0.7557325,6.4,82.0,89,3.85,0.0,6.0,101.0,84,3.11,0.0,6.3,143.0,0,4.03,0.0
2026-04-22T05:00:00+00:00,2026-04-22T08:00:00+03:00,0.6995,7.0,191.0,74,3.43,0.0,7.5,223.0,80,2.62,0.0,8.6,331.0,0,3.67,0.0
2026-04-22T06:00:00+00:00,2026-04-22T09:00:00+03:00,0.6441075,8.2,306.0,60,2.55,0.0,8.8,447.0,49,2.06,0.0,9.5,520.0,3,3.43,0.1
2026-04-22T07:00:00+00:00,2026-04-22T10:00:00+03:00,0.4701625,9.2,351.0,57,2.57,0.1,10.0,533.0,49,1.81,0.1,10.0,594.0,32,3.22,0.1
2026-04-22T08:00:00+00:00,2026-04-22T11:00:00+03:00,0.20298,10.3,440.0,59,2.44,0.1,11.4,518.0,86,1.46,0.0,11.6,614.0,49,3.38,0.0
2026-04-22T09:00:00+00:00,2026-04-22T12:00:00+03:00,0.20296,10.9,669.0,51,2.32,0.0,11.8,494.0,89,1.47,0.1,11.7,606.0,58,3.55,0.0
2026-04-22T10:00:00+00:00,2026-04-22T13:00:00+03:00,0.358545,11.3,680.0,60,2.57,0.1,11.5,612.0,100,2.29,0.1,12.0,683.0,89,2.97,0.0
2026-04-22T11:00:00+00:00,2026-04-22T14:00:00+03:00,0.225515,11.6,683.0,38,3.0,0.1,11.3,475.0,86,2.38,0.1,12.2,605.0,96,2.87,0.0
2026-04-22T12:00:00+00:00,2026-04-22T15:00:00+03:00,0.17663,12.2,612.0,36,3.62,0.1,11.2,398.0,100,1.22,0.0,12.1,592.0,89,3.09,0.0
2026-04-22T13:00:00+00:00,2026-04-22T16:00:00+03:00,0.17876,12.4,468.0,52,3.83,0.0,11.0,377.0,97,0.75,0.1,12.1,510.0,71,3.25,0.0
2026-04-22T14:00:00+00:00,2026-04-22T17:00:00+03:00,0.37758,12.7,286.0,57,4.16,0.6,10.7,196.0,99,0.52,0.1,12.1,307.0,63,3.26,0.0
2026-04-22T15:00:00+00:00,2026-04-22T18:00:00+03:00,0.779,11.5,154.0,73,4.14,0.2,10.4,107.0,78,0.3,0.2,12.1,166.0,49,3.0,0.0
2026-04-22T16:00:00+00:00,2026-04-22T19:00:00+03:00,0.906,11.3,30.0,71,3.29,0.0,10.2,26.0,56,0.29,0.1,11.8,37.0,41,3.28,0.0
2026-04-22T17:00:00+00:00,2026-04-22T20:00:00+03:00,1.110405,11.1,0.0,84,2.43,0.0,9.4,0.0,44,0.45,0.1,9.3,0.0,45,2.68,0.0
2026-04-22T18:00:00+00:00,2026-04-22T21:00:00+03:00,1.2570575,9.5,0.0,88,3.13,0.0,8.4,0.0,39,0.49,0.0,8.2,0.0,40,2.64,0.0
2026-04-22T19:00:00+00:00,2026-04-22T22:00:00+03:00,1.0050875,8.4,0.0,59,3.65,0.0,7.2,0.0,12,1.29,0.0,7.5,0.0,26,3.14,0.0
2026-04-22T20:00:00+00:00,2026-04-22T23:00:00+03:00,0.643665,7.7,0.0,22,3.35,0.0,7.2,0.0,10,2.07,0.0,6.1,0.0,17,3.71,0.0
2026-04-22T21:00:00+00:00,2026-04-23T00:00:00+03:00,0.6020475,6.6,0.0,0,2.25,0.0,7.0,0.0,6,2.81,0.0,5.6,0.0,5,4.35,0.0
2026-04-22T22:00:00+00:00,2026-04-23T01:00:00+03:00,0.74299,6.9,0.0,0,1.03,0.0,5.6,0.0,23,3.25,0.0,5.7,0.0,22,5.41,0.0
2026-04-22T23:00:00+00:00,2026-04-23T02:00:00+03:00,0.6231725,4.3,0.0,1,1.41,0.0,5.9,0.0,0,4.9,0.0,5.8,0.0,1,6.35,0.0
2026-04-23T00:00:00+00:00,2026-04-23T03:00:00+03:00,0.5621925,3.6,0.0,13,3.36,0.0,5.9,0.0,0,6.19,0.0,5.7,0.0,0,7.13,0.0
2026-04-23T01:00:00+00:00,2026-04-23T04:00:00+03:00,0.5498625,3.5,0.0,14,5.03,0.0,5.7,0.0,0,7.02,0.0,5.7,0.0,0,7.55,0.0
2026-04-23T02:00:00+00:00,2026-04-23T05:00:00+03:00,0.5843725,3.7,0.0,12,5.55,0.0,5.4,0.0,0,7.64,0.0,5.3,0.0,0,7.9,0.0
2026-04-23T03:00:00+00:00,2026-04-23T06:00:00+03:00,0.61734,3.7,16.0,17,6.28,0.0,5.4,27.0,0,7.72,0.0,5.3,30.0,0,8.22,0.0
2026-04-23T04:00:00+00:00,2026-04-23T07:00:00+03:00,0.6511525,3.7,138.0,34,6.89,0.0,5.2,165.0,0,7.62,0.0,5.5,171.0,0,8.37,0.0
2026-04-23T05:00:00+00:00,2026-04-23T08:00:00+03:00,0.6478675,5.3,322.0,19,6.39,0.0,6.6,351.0,0,7.28,0.0,8.1,353.0,0,8.0,0.0
2026-04-23T06:00:00+00:00,2026-04-23T09:00:00+03:00,0.544555,8.3,485.0,15,5.54,0.0,8.3,531.0,0,6.78,0.0,9.5,526.0,1,7.23,0.0
2026-04-23T07:00:00+00:00,2026-04-23T10:00:00+03:00,0.2029925,11.0,654.0,7,5.73,0.0,10.3,678.0,0,7.33,0.0,11.2,672.0,27,7.32,0.0
2026-04-23T08:00:00+00:00,2026-04-23T11:00:00+03:00,0.00681,13.4,743.0,40,6.3,0.1,13.5,692.0,37,7.94,0.0,14.5,767.0,75,7.84,0.0
2026-04-23T09:00:00+00:00,2026-04-23T12:00:00+03:00,0.0,14.8,768.0,72,6.74,0.0,14.4,776.0,61,7.8,0.0,15.4,839.0,73,8.63,0.0
2026-04-23T10:00:00+00:00,2026-04-23T13:00:00+03:00,-0.002025,15.9,773.0,37,7.72,0.0,15.7,825.0,22,8.81,0.0,16.6,837.0,53,10.09,0.0
2026-04-23T11:00:00+00:00,2026-04-23T14:00:00+03:00,-0.002,16.7,582.0,65,8.63,0.0,16.2,779.0,14,9.35,0.0,17.4,566.0,58,10.9,0.0
2026-04-23T12:00:00+00:00,2026-04-23T15:00:00+03:00,-0.0162725,17.4,408.0,96,8.94,0.0,16.9,529.0,59,10.46,0.0,17.7,413.0,98,10.74,0.0
2026-04-23T13:00:00+00:00,2026-04-23T16:00:00+03:00,-1.5e-05,18.1,322.0,87,8.83,0.0,16.9,306.0,90,11.05,0.0,17.9,288.0,92,9.7,0.0
2026-04-23T14:00:00+00:00,2026-04-23T17:00:00+03:00,1.75e-05,18.6,270.0,100,9.02,0.0,16.9,275.0,75,10.78,0.0,17.4,263.0,94,8.73,0.0
2026-04-23T15:00:00+00:00,2026-04-23T18:00:00+03:00,0.2376475,18.5,185.0,76,7.31,0.0,16.8,184.0,84,9.93,0.0,17.3,131.0,95,8.96,0.0
2026-04-23T16:00:00+00:00,2026-04-23T19:00:00+03:00,0.6783825,17.7,46.0,97,6.57,0.0,16.5,38.0,94,10.02,0.0,16.8,27.0,92,8.52,0.0
2026-04-23T17:00:00+00:00,2026-04-23T20:00:00+03:00,0.95556,15.7,0.0,94,6.42,0.0,15.0,0.0,97,9.98,0.0,15.2,0.0,89,7.78,0.0
2026-04-23T18:00:00+00:00,2026-04-23T21:00:00+03:00,0.9499675,13.8,0.0,95,6.43,0.0,14.1,0.0,97,9.6,0.0,14.2,0.0,85,6.68,0.0
2026-04-23T19:00:00+00:00,2026-04-23T22:00:00+03:00,1.001985,12.7,0.0,69,6.22,0.0,13.5,0.0,99,9.1,0.0,13.4,0.0,99,6.26,0.0
2026-04-23T20:00:00+00:00,2026-04-23T23:00:00+03:00,0.6346625,11.6,0.0,13,6.69,0.0,12.0,0.0,98,8.47,0.0,13.2,0.0,99,6.59,0.0
2026-04-23T21:00:00+00:00,2026-04-24T00:00:00+03:00,0.6356925,10.8,0.0,7,7.47,0.0,11.8,0.0,98,7.65,0.0,13.3,0.0,99,6.58,0.0
2026-04-23T22:00:00+00:00,2026-04-24T01:00:00+03:00,0.573705,10.0,0.0,4,6.45,0.0,10.9,0.0,100,6.37,0.0,12.0,0.0,100,6.5,0.0
2026-04-23T23:00:00+00:00,2026-04-24T02:00:00+03:00,0.55762,9.8,0.0,4,6.58,0.0,10.9,0.0,100,6.24,0.0,11.7,0.0,92,7.07,0.0
2026-04-24T00:00:00+00:00,2026-04-24T03:00:00+03:00,0.562305,9.1,0.0,6,6.62,0.0,10.7,0.0,100,4.66,0.0,11.6,0.0,95,7.49,0.0
2026-04-24T01:00:00+00:00,2026-04-24T04:00:00+03:00,0.5601025,8.6,0.0,20,6.29,0.0,10.4,0.0,82,3.4,0.0,11.3,0.0,98,7.6,0.0
2026-04-24T02:00:00+00:00,2026-04-24T05:00:00+03:00,0.56532,8.0,0.0,100,5.6,0.0,9.8,0.0,59,3.98,0.0,10.5,0.0,95,7.43,0.0
2026-04-24T03:00:00+00:00,2026-04-24T06:00:00+03:00,0.6463475,7.7,16.0,64,4.53,0.0,9.5,23.0,83,5.09,0.0,10.2,28.0,88,7.14,0.0
2026-04-24T04:00:00+00:00,2026-04-24T07:00:00+03:00,0.6958275,7.4,141.0,5,3.64,0.0,9.3,126.0,86,5.55,0.0,10.1,168.0,32,6.8,0.0
2026-04-24T05:00:00+00:00,2026-04-24T08:00:00+03:00,0.4888175,8.7,323.0,0,2.5,0.0,10.7,321.0,56,5.49,0.0,11.9,349.0,79,5.99,0.0
2026-04-24T06:00:00+00:00,2026-04-24T09:00:00+03:00,0.479575,11.4,506.0,11,1.22,0.0,12.4,490.0,36,4.31,0.0,13.1,463.0,97,4.72,0.0
2026-04-24T07:00:00+00:00,2026-04-24T10:00:00+03:00,0.247735,14.0,664.0,68,1.07,0.0,14.4,550.0,74,3.62,0.0,14.1,587.0,99,5.12,0.0
2026-04-24T08:00:00+00:00,2026-04-24T11:00:00+03:00,0.022075,16.3,777.0,69,0.97,0.0,16.8,708.0,98,2.83,0.0,16.0,657.0,96,5.51,0.0
2026-04-24T09:00:00+00:00,2026-04-24T12:00:00+03:00,-0.0002925,17.7,851.0,12,1.35,0.0,17.5,792.0,97,2.3,0.0,16.6,770.0,98,6.05,0.0
2026-04-24T10:00:00+00:00,2026-04-24T13:00:00+03:00,-0.0351925,18.9,865.0,59,2.93,0.0,18.0,670.0,98,3.32,0.0,17.3,720.0,98,5.91,0.0
2026-04-24T11:00:00+00:00,2026-04-24T14:00:00+03:00,-0.06888,20.1,570.0,90,3.97,0.0,18.3,421.0,93,4.34,0.0,17.8,489.0,98,7.0,0.0
2026-04-24T12:00:00+00:00,2026-04-24T15:00:00+03:00,-0.0670275,20.4,312.0,95,4.71,0.0,18.6,349.0,92,4.92,0.0,18.1,417.0,98,6.41,0.0
2026-04-24T13:00:00+00:00,2026-04-24T16:00:00+03:00,-0.073995,20.6,304.0,92,5.01,0.0,18.7,351.0,86,5.93,0.0,18.4,401.0,94,5.64,0.0
2026-04-24T14:00:00+00:00,2026-04-24T17:00:00+03:00,-0.00079,21.1,355.0,95,4.92,0.0,19.0,243.0,82,5.44,0.0,18.6,266.0,80,4.96,0.0
2026-04-24T15:00:00+00:00,2026-04-24T18:00:00+03:00,0.355755,21.7,183.0,97,4.4,0.0,18.7,158.0,68,4.22,0.0,18.6,135.0,41,3.32,0.0
2026-04-24T16:00:00+00:00,2026-04-24T19:00:00+03:00,0.7161675,20.8,57.0,76,4.14,0.0,18.5,40.0,37,3.27,0.0,18.5,32.0,55,2.85,0.0
2026-04-24T17:00:00+00:00,2026-04-24T20:00:00+03:00,1.1595525,18.3,0.0,13,3.72,0.0,15.5,0.0,24,3.94,0.0,15.2,0.0,49,4.14,0.0
2026-04-24T18:00:00+00:00,2026-04-24T21:00:00+03:00,1.2248075,15.2,0.0,4,2.35,0.0,14.2,0.0,47,5.08,0.0,14.5,0.0,68,5.61,0.0
2026-04-24T19:00:00+00:00,2026-04-24T22:00:00+03:00,1.0394875,13.9,0.0,0,2.59,0.0,13.3,0.0,44,6.08,0.0,13.9,0.0,71,5.9,0.0
2026-04-24T20:00:00+00:00,2026-04-24T23:00:00+03:00,0.666905,13.5,0.0,12,6.47,0.0,11.9,0.0,33,6.13,0.0,12.0,0.0,84,5.2,0.0
2026-04-24T21:00:00+00:00,2026-04-25T00:00:00+03:00,0.6479675,12.8,0.0,8,8.27,0.0,11.1,0.0,17,4.89,0.0,11.7,0.0,88,3.42,0.0
2026-04-24T22:00:00+00:00,2026-04-25T01:00:00+03:00,0.549735,11.8,0.0,6,7.9,0.0,9.2,0.0,2,5.28,0.0,9.2,0.0,52,1.68,0.0
2026-04-24T23:00:00+00:00,2026-04-25T02:00:00+03:00,0.518815,11.1,0.0,8,8.48,0.0,9.5,0.0,10,7.17,0.0,9.1,0.0,26,1.93,0.0
2026-04-25T00:00:00+00:00,2026-04-25T03:00:00+03:00,0.50266,10.2,0.0,9,8.51,0.0,9.8,0.0,7,7.39,0.0,7.9,0.0,16,3.51,0.0
2026-04-25T01:00:00+00:00,2026-04-25T04:00:00+03:00,0.50002,9.2,0.0,12,7.82,0.0,9.8,0.0,5,6.59,0.0,8.0,0.0,8,4.81,0.0
2026-04-25T02:00:00+00:00,2026-04-25T05:00:00+03:00,0.5216475,8.2,0.0,11,6.92,0.0,8.7,0.0,6,5.65,0.0,7.2,0.0,7,4.92,0.0
2026-04-25T03:00:00+00:00,2026-04-25T06:00:00+03:00,0.53853,7.4,17.0,8,6.06,0.0,7.9,30.0,9,4.95,0.0,6.8,34.0,5,4.27,0.0
2026-04-25T04:00:00+00:00,2026-04-25T07:00:00+03:00,0.5102825,6.7,121.0,1,5.4,0.0,8.3,169.0,0,4.53,0.0,7.1,175.0,2,3.77,0.0
2026-04-25T05:00:00+00:00,2026-04-25T08:00:00+03:00,0.4059925,8.7,285.0,1,4.56,0.0,11.5,350.0,1,3.86,0.0,10.9,356.0,1,3.2,0.0
2026-04-25T06:00:00+00:00,2026-04-25T09:00:00+03:00,0.12056,11.2,506.0,1,3.35,0.0,13.6,522.0,2,2.55,0.0,12.5,526.0,4,2.08,0.0
2026-04-25T07:00:00+00:00,2026-04-25T10:00:00+03:00,0.0153475,14.1,656.0,2,3.72,0.0,14.8,675.0,4,2.44,0.0,14.0,679.0,4,1.64,0.0
2026-04-25T08:00:00+00:00,2026-04-25T11:00:00+03:00,-0.0343075,16.5,782.0,0,3.72,0.0,17.0,768.0,5,2.45,0.0,16.7,743.0,5,1.31,0.0
2026-04-25T09:00:00+00:00,2026-04-25T12:00:00+03:00,-0.1782825,17.9,848.0,0,2.77,0.0,17.4,810.0,7,2.83,0.0,17.3,771.0,7,1.62,0.0
2026-04-25T10:00:00+00:00,2026-04-25T13:00:00+03:00,-0.249135,19.2,853.0,0,1.9,0.0,17.8,853.0,5,3.86,0.0,18.5,844.0,10,1.74,0.0
2026-04-25T11:00:00+00:00,2026-04-25T14:00:00+03:00,-0.25462,20.0,813.0,3,0.9,0.0,18.0,800.0,0,4.29,0.0,19.0,742.0,12,2.59,0.0
2026-04-25T12:00:00+00:00,2026-04-25T15:00:00+03:00,-0.25462,20.8,710.0,3,0.11,0.0,17.8,657.0,0,4.65,0.0,19.3,642.0,10,3.05,0.0
2026-04-25T13:00:00+00:00,2026-04-25T16:00:00+03:00,-0.264115,21.6,429.0,1,1.17,0.0,17.5,507.0,0,5.06,0.0,19.8,498.0,7,3.45,0.0
2026-04-25T14:00:00+00:00,2026-04-25T17:00:00+03:00,-0.0958075,21.6,216.0,2,1.9,0.0,16.5,276.0,2,5.1,0.0,19.7,303.0,5,3.83,0.0
2026-04-25T15:00:00+00:00,2026-04-25T18:00:00+03:00,0.1352825,21.5,175.0,4,2.68,0.0,15.5,138.0,9,4.89,0.0,19.3,144.0,5,4.7,0.0
2026-04-25T16:00:00+00:00,2026-04-25T19:00:00+03:00,0.53853,20.8,63.0,0,3.56,0.0,15.0,35.0,12,4.65,0.0,18.3,39.0,1,6.25,0.0
2026-04-25T17:00:00+00:00,2026-04-25T20:00:00+03:00,0.7618825,18.0,1.0,2,4.45,0.0,13.4,0.0,0,4.93,0.0,15.4,0.0,3,6.92,0.0
2026-04-25T18:00:00+00:00,2026-04-25T21:00:00+03:00,0.8350325,15.3,0.0,4,4.88,0.0,12.5,0.0,0,5.28,0.0,13.9,0.0,1,6.36,0.0
2026-04-25T19:00:00+00:00,2026-04-25T22:00:00+03:00,0.695515,13.3,0.0,0,4.79,0.0,11.7,0.0,0,5.57,0.0,13.1,0.0,0,6.1,0.0
2026-04-25T20:00:00+00:00,2026-04-25T23:00:00+03:00,0.6094025,12.0,0.0,0,4.75,0.0,10.8,0.0,0,5.65,0.0,11.5,0.0,0,6.25,0.0
2026-04-25T21:00:00+00:00,2026-04-26T00:00:00+03:00,0.561495,11.3,0.0,0,5.09,0.0,10.8,0.0,0,5.6,0.0,11.2,0.0,20,6.44,0.0
2026-04-25T22:00:00+00:00,2026-04-26T01:00:00+03:00,0.5322,10.8,0.0,0,6.34,0.0,9.9,0.0,0,5.92,0.0,9.9,0.0,17,6.74,0.0
2026-04-25T23:00:00+00:00,2026-04-26T02:00:00+03:00,0.5111,10.1,0.0,0,6.05,0.0,9.4,0.0,0,5.88,0.0,9.7,0.0,24,6.42,0.0
2026-04-26T00:00:00+00:00,2026-04-26T03:00:00+03:00,0.4545875,9.7,0.0,0,5.74,0.0,9.4,0.0,0,5.99,0.0,9.4,0.0,1,6.03,0.0
2026-04-26T01:00:00+00:00,2026-04-26T04:00:00+03:00,0.412705,9.3,0.0,0,5.57,0.0,9.5,0.0,0,6.1,0.0,9.2,0.0,0,6.12,0.0
2026-04-26T02:00:00+00:00,2026-04-26T05:00:00+03:00,0.4238775,8.8,0.0,0,5.69,0.0,9.6,0.0,0,6.61,0.0,9.1,0.0,0,6.52,0.0
2026-04-26T03:00:00+00:00,2026-04-26T06:00:00+03:00,0.4823475,8.5,20.0,0,6.28,0.0,9.9,32.0,0,7.14,0.0,9.4,36.0,0,6.98,0.0
2026-04-26T04:00:00+00:00,2026-04-26T07:00:00+03:00,0.420815,7.9,149.0,0,6.85,0.0,10.2,173.0,0,7.47,0.0,10.2,178.0,0,7.45,0.0
2026-04-26T05:00:00+00:00,2026-04-26T08:00:00+03:00,0.146785,9.8,331.0,0,6.65,0.0,13.0,355.0,0,7.45,0.0,13.7,357.0,0,7.43,0.0
2026-04-26T06:00:00+00:00,2026-04-26T09:00:00+03:00,-0.00147,13.0,512.0,0,5.66,0.0,15.5,534.0,0,7.01,0.0,15.2,533.0,0,6.99,0.0
2026-04-26T07:00:00+00:00,2026-04-26T10:00:00+03:00,-0.0296525,16.5,671.0,0,6.02,0.0,17.8,687.0,0,7.08,0.0,16.6,684.0,0,7.14,0.0
2026-04-26T08:00:00+00:00,2026-04-26T11:00:00+03:00,-0.14353,19.6,790.0,0,6.91,0.0,21.0,799.0,0,7.73,0.0,20.7,794.0,0,7.25,0.0
2026-04-26T09:00:00+00:00,2026-04-26T12:00:00+03:00,-0.3341725,21.7,859.0,0,7.95,0.0,22.3,861.0,0,8.35,0.0,21.9,854.0,0,7.7,0.0
2026-04-26T10:00:00+00:00,2026-04-26T13:00:00+03:00,-0.3614275,23.7,872.0,0,8.22,0.0,23.2,865.0,0,8.99,0.0,21.3,857.0,0,8.43,0.0
2026-04-26T11:00:00+00:00,2026-04-26T14:00:00+03:00,-0.4968,25.0,830.0,0,8.98,0.0,23.8,812.0,0,9.22,0.0,22.1,800.0,0,8.57,0.0
2026-04-26T12:00:00+00:00,2026-04-26T15:00:00+03:00,-0.4795025,25.8,731.0,0,9.34,0.0,24.2,712.0,0,9.45,0.0,23.2,640.0,2,8.56,0.0
2026-04-26T13:00:00+00:00,2026-04-26T16:00:00+03:00,-0.3837525,26.2,582.0,1,9.7,0.0,24.1,558.0,0,9.37,0.0,23.5,451.0,34,8.86,0.0
2026-04-26T14:00:00+00:00,2026-04-26T17:00:00+03:00,-0.1018525,26.4,415.0,2,9.7,0.0,24.0,330.0,0,8.61,0.0,18.2,294.0,51,12.12,0.0
2026-04-26T15:00:00+00:00,2026-04-26T18:00:00+03:00,0.04688,25.9,230.0,26,8.47,0.0,23.4,148.0,9,7.78,0.0,15.1,181.0,10,12.47,0.0
2026-04-26T16:00:00+00:00,2026-04-26T19:00:00+03:00,0.4799325,24.0,70.0,12,8.47,0.0,20.7,44.0,41,9.8,0.0,14.1,39.0,28,9.54,0.0
2026-04-26T17:00:00+00:00,2026-04-26T20:00:00+03:00,0.5047675,20.3,1.0,5,5.13,0.0,13.6,0.0,55,15.47,0.0,12.0,0.0,25,9.21,0.0
2026-04-26T18:00:00+00:00,2026-04-26T21:00:00+03:00,0.5343075,17.3,0.0,1,10.54,0.0,12.6,0.0,30,11.88,0.0,11.3,0.0,39,8.23,0.0
2026-04-26T19:00:00+00:00,2026-04-26T22:00:00+03:00,0.59343,14.4,0.0,1,10.98,0.0,12.2,0.0,25,10.53,0.0,10.7,0.0,29,7.98,0.0
2026-04-26T20:00:00+00:00,2026-04-26T23:00:00+03:00,0.6263425,12.0,0.0,0,9.95,0.0,10.5,0.0,39,9.56,0.0,9.2,0.0,51,8.34,0.0
2026-04-26T21:00:00+00:00,2026-04-27T00:00:00+03:00,0.6393725,10.7,0.0,0,9.77,0.0,9.8,0.0,39,8.6,0.0,8.3,0.0,13,8.4,0.0
2026-04-26T22:00:00+00:00,2026-04-27T01:00:00+03:00,0.6272875,9.6,0.0,1,10.52,0.0,8.8,0.0,35,7.36,0.0,7.1,0.0,10,7.7,0.0
2026-04-26T23:00:00+00:00,2026-04-27T02:00:00+03:00,0.6027625,8.7,0.0,1,9.83,0.0,8.3,0.0,17,7.17,0.0,6.8,0.0,5,7.37,0.0
2026-04-27T00:00:00+00:00,2026-04-27T03:00:00+03:00,0.6015625,8.0,0.0,3,8.99,0.0,8.0,0.0,5,7.21,0.0,6.1,0.0,5,6.39,0.0
2026-04-27T01:00:00+00:00,2026-04-27T04:00:00+03:00,0.604015,7.3,0.0,5,8.36,0.0,7.4,0.0,6,7.08,0.0,5.1,0.0,3,5.25,0.0
2026-04-27T02:00:00+00:00,2026-04-27T05:00:00+03:00,0.626455,6.4,0.0,3,7.61,0.0,6.3,0.0,26,6.49,0.0,3.5,0.0,0,4.76,0.0
2026-04-27T03:00:00+00:00,2026-04-27T06:00:00+03:00,0.6526975,5.5,22.0,10,6.85,0.0,5.8,37.0,27,5.54,0.0,3.6,41.0,0,4.99,0.0
2026-04-27T04:00:00+00:00,2026-04-27T07:00:00+03:00,0.7526425,4.3,155.0,5,5.99,0.0,5.3,183.0,41,4.65,0.0,4.4,192.0,0,5.29,0.0
2026-04-27T05:00:00+00:00,2026-04-27T08:00:00+03:00,0.5786225,6.4,337.0,15,4.63,0.0,7.7,374.0,35,3.25,0.0,7.3,377.0,0,5.22,0.0
2026-04-27T06:00:00+00:00,2026-04-27T09:00:00+03:00,0.6006825,9.0,515.0,25,5.21,0.0,9.4,548.0,6,4.2,0.0,8.2,556.0,2,6.68,0.0
2026-04-27T07:00:00+00:00,2026-04-27T10:00:00+03:00,0.326845,10.6,678.0,31,4.79,0.0,10.2,707.0,25,4.3,0.0,8.7,698.0,5,6.31,0.0
2026-04-27T08:00:00+00:00,2026-04-27T11:00:00+03:00,0.07507,12.1,794.0,16,3.96,0.0,11.7,821.0,30,3.8,0.0,10.7,819.0,12,5.55,0.0
2026-04-27T09:00:00+00:00,2026-04-27T12:00:00+03:00,0.007995,13.0,867.0,36,3.07,0.0,12.2,881.0,19,3.05,0.0,11.2,877.0,16,4.62,0.0
2026-04-27T10:00:00+00:00,2026-04-27T13:00:00+03:00,-0.0004975,14.3,876.0,56,3.3,0.0,13.1,886.0,25,0.22,0.0,12.9,882.0,30,3.24,0.0
2026-04-27T11:00:00+00:00,2026-04-27T14:00:00+03:00,-0.0042275,14.9,830.0,76,2.33,0.0,13.4,831.0,9,0.64,0.0,13.3,826.0,24,3.69,0.0
2026-04-27T12:00:00+00:00,2026-04-27T15:00:00+03:00,-0.00083,15.8,727.0,82,1.8,0.0,13.8,722.0,8,1.27,0.0,13.7,718.0,20,3.96,0.0
2026-04-27T13:00:00+00:00,2026-04-27T16:00:00+03:00,0.02151,16.5,572.0,92,1.78,0.0,14.2,570.0,14,1.74,0.0,14.0,563.0,13,3.76,0.0
2026-04-27T14:00:00+00:00,2026-04-27T17:00:00+03:00,0.363705,16.9,386.0,97,1.83,0.0,14.4,389.0,57,2.01,0.0,14.4,386.0,16,3.62,0.0
2026-04-27T15:00:00+00:00,2026-04-27T18:00:00+03:00,0.5832675,17.1,202.0,97,1.62,0.0,14.4,195.0,84,2.32,0.0,14.3,201.0,21,3.5,0.0
2026-04-27T16:00:00+00:00,2026-04-27T19:00:00+03:00,0.64733,16.8,56.0,93,1.39,0.0,13.4,46.0,93,4.62,0.0,14.0,49.0,20,3.19,0.0
2026-04-27T17:00:00+00:00,2026-04-27T20:00:00+03:00,0.585495,14.5,1.0,93,1.58,0.0,11.3,0.0,98,7.02,0.0,10.4,0.0,13,3.78,0.0
2026-04-27T18:00:00+00:00,2026-04-27T21:00:00+03:00,0.9689925,12.2,0.0,75,1.87,0.0,9.9,0.0,96,7.79,0.0,9.6,0.0,10,5.46,0.0
2026-04-27T19:00:00+00:00,2026-04-27T22:00:00+03:00,0.916605,10.8,0.0,37,2.16,0.0,9.0,0.0,93,7.82,0.0,9.6,0.0,12,6.67,0.0
2026-04-27T20:00:00+00:00,2026-04-27T23:00:00+03:00,0.6587525,10.2,0.0,15,2.69,0.0,7.8,0.0,92,7.5,0.0,8.5,0.0,30,7.15,0.0
2026-04-27T21:00:00+00:00,2026-04-28T00:00:00+03:00,0.62206,8.8,0.0,7,3.61,0.0,7.7,0.0,79,7.05,0.0,8.1,0.0,57,7.27,0.0
2026-04-27T22:00:00+00:00,2026-04-28T01:00:00+03:00,0.601635,6.7,0.0,9,2.93,0.0,7.0,0.0,73,6.67,0.0,6.8,0.0,68,7.2,0.0
2026-04-27T23:00:00+00:00,2026-04-28T02:00:00+03:00,0.581615,5.7,0.0,0,3.0,0.0,6.6,0.0,13,6.32,0.0,6.5,0.0,19,7.07,0.0
2026-04-28T00:00:00+00:00,2026-04-28T03:00:00+03:00,0.56536,6.2,0.0,0,3.12,0.0,6.3,0.0,0,5.87,0.0,6.2,0.0,0,6.65,0.0
2026-04-28T01:00:00+00:00,2026-04-28T04:00:00+03:00,0.5664175,6.1,0.0,0,2.52,0.0,5.9,0.0,0,5.22,0.0,5.9,0.0,2,6.27,0.0
2026-04-28T02:00:00+00:00,2026-04-28T05:00:00+03:00,0.5797,5.5,0.0,0,1.95,0.0,5.3,0.0,0,4.92,0.0,5.2,0.0,0,5.72,0.0
2026-04-28T03:00:00+00:00,2026-04-28T06:00:00+03:00,0.61441,5.0,24.0,0,1.45,0.0,5.2,37.0,0,5.05,0.0,5.0,41.0,0,5.17,0.0
2026-04-28T04:00:00+00:00,2026-04-28T07:00:00+03:00,0.67128,4.1,155.0,4,0.71,0.0,6.0,184.0,0,5.14,0.0,5.2,187.0,0,4.53,0.0
2026-04-28T05:00:00+00:00,2026-04-28T08:00:00+03:00,0.5083175,6.4,337.0,16,0.4,0.0,9.1,370.0,0,3.97,0.0,8.9,367.0,18,3.58,0.0
2026-04-28T06:00:00+00:00,2026-04-28T09:00:00+03:00,0.4783875,9.3,495.0,73,1.21,0.0,10.7,554.0,11,3.66,0.0,10.5,526.0,81,3.47,0.0
2026-04-28T07:00:00+00:00,2026-04-28T10:00:00+03:00,0.2597575,12.5,656.0,78,1.7,0.0,12.0,705.0,48,3.35,0.0,11.8,665.0,82,3.65,0.0
2026-04-28T08:00:00+00:00,2026-04-28T11:00:00+03:00,0.0597375,15.1,784.0,19,1.75,0.0,13.8,811.0,67,3.31,0.0,14.6,776.0,87,3.72,0.0
2026-04-28T09:00:00+00:00,2026-04-28T12:00:00+03:00,1.25e-05,16.9,858.0,0,1.46,0.0,14.5,870.0,91,3.61,0.0,15.5,856.0,31,3.67,0.0
2026-04-28T10:00:00+00:00,2026-04-28T13:00:00+03:00,2.5e-05,18.3,871.0,1,0.79,0.0,15.5,883.0,38,4.3,0.0,16.9,859.0,1,4.04,0.0
2026-04-28T11:00:00+00:00,2026-04-28T14:00:00+03:00,0.0,19.2,723.0,79,0.67,0.0,15.9,830.0,0,4.52,0.0,17.5,797.0,0,4.16,0.0
2026-04-28T12:00:00+00:00,2026-04-28T15:00:00+03:00,3e-05,19.7,365.0,87,0.46,0.0,16.0,723.0,0,4.95,0.0,18.1,663.0,38,3.95,0.0
2026-04-28T13:00:00+00:00,2026-04-28T16:00:00+03:00,3.25e-05,19.7,304.0,68,0.11,0.0,15.8,558.0,85,5.43,0.0,18.4,326.0,97,3.52,0.0
2026-04-28T14:00:00+00:00,2026-04-28T17:00:00+03:00,0.069135,20.0,244.0,62,0.16,0.0,15.2,249.0,96,5.54,0.0,17.6,187.0,99,3.25,0.0
2026-04-28T15:00:00+00:00,2026-04-28T18:00:00+03:00,0.529825,20.1,221.0,32,0.9,0.0,13.9,124.0,80,5.49,0.0,17.0,142.0,90,3.91,0.0
2026-04-28T16:00:00+00:00,2026-04-28T19:00:00+03:00,0.75955,19.6,71.0,1,2.21,0.0,13.0,32.0,60,5.42,0.0,16.1,48.0,73,5.97,0.0
2026-04-28T17:00:00+00:00,2026-04-28T20:00:00+03:00,1.0162675,16.5,1.0,38,3.68,0.0,11.6,0.0,47,5.72,0.0,12.7,0.0,11,7.07,0.0
2026-04-28T18:00:00+00:00,2026-04-28T21:00:00+03:00,0.60048,14.2,0.0,43,4.43,0.0,10.4,0.0,20,5.93,0.0,11.2,0.0,4,6.56,0.0
2026-04-28T19:00:00+00:00,2026-04-28T22:00:00+03:00,0.5965375,13.1,0.0,22,4.85,0.0,9.3,0.0,65,5.87,0.0,10.3,0.0,4,5.76,0.0
2026-04-28T20:00:00+00:00,2026-04-28T23:00:00+03:00,0.6808125,12.3,0.0,24,5.48,0.0,7.9,0.0,10,5.57,0.0,8.9,0.0,8,5.26,0.0
2026-04-28T21:00:00+00:00,2026-04-29T00:00:00+03:00,0.6486675,11.7,0.0,26,5.86,0.0,7.6,0.0,0,5.56,0.0,8.9,0.0,7,4.69,0.0
2026-04-28T22:00:00+00:00,2026-04-29T01:00:00+03:00,0.71738,10.9,0.0,12,4.22,0.0,7.6,0.0,13,6.15,0.0,7.2,0.0,38,4.2,0.0
2026-04-28T23:00:00+00:00,2026-04-29T02:00:00+03:00,0.6829775,9.5,0.0,20,4.45,0.0,7.3,0.0,0,5.91,0.0,7.3,0.0,42,3.19,0.0
2026-04-29T00:00:00+00:00,2026-04-29T03:00:00+03:00,0.677995,9.0,0.0,13,5.42,0.0,7.0,0.0,0,5.3,0.0,8.1,0.0,37,2.48,0.0
2026-04-29T01:00:00+00:00,2026-04-29T04:00:00+03:00,0.6499675,8.6,0.0,12,6.62,0.0,6.6,0.0,4,4.99,0.0,7.4,0.0,24,2.06,0.0
2026-04-29T02:00:00+00:00,2026-04-29T05:00:00+03:00,0.6483075,8.3,0.0,17,7.44,0.0,6.0,0.0,8,4.76,0.0,6.0,0.0,18,1.87,0.0
2026-04-29T03:00:00+00:00,2026-04-29T06:00:00+03:00,0.6535625,8.1,22.0,44,7.8,0.0,5.6,39.0,5,4.35,0.0,6.0,40.0,15,1.85,0.0
2026-04-29T04:00:00+00:00,2026-04-29T07:00:00+03:00,0.8121975,7.9,135.0,84,7.8,0.0,6.7,185.0,2,3.8,0.0,7.0,169.0,55,1.57,0.0
2026-04-29T05:00:00+00:00,2026-04-29T08:00:00+03:00,0.66283,9.2,291.0,82,7.39,0.0,8.8,357.0,10,2.73,0.0,9.1,323.0,78,1.9,0.0
2026-04-29T06:00:00+00:00,2026-04-29T09:00:00+03:00,0.6196725,10.8,350.0,95,7.48,0.0,10.2,412.0,44,2.78,0.0,10.4,353.0,83,2.95,0.2
2026-04-29T07:00:00+00:00,2026-04-29T10:00:00+03:00,0.3974425,12.2,476.0,98,7.76,0.0,11.3,514.0,86,2.35,0.0,11.0,378.0,97,3.7,0.0
2026-04-29T08:00:00+00:00,2026-04-29T11:00:00+03:00,0.1794475,13.2,590.0,99,7.44,0.0,12.5,672.0,96,1.66,0.0,12.7,261.0,98,3.91,0.6
2026-04-29T09:00:00+00:00,2026-04-29T12:00:00+03:00,0.1405325,14.4,631.0,99,7.02,0.0,13.3,610.0,96,2.46,0.0,13.4,444.0,98,4.23,0.1
2026-04-29T10:00:00+00:00,2026-04-29T13:00:00+03:00,0.07795,14.9,582.0,98,6.71,0.0,14.3,679.0,99,4.03,0.0,12.5,257.0,98,5.11,0.1
2026-04-29T11:00:00+00:00,2026-04-29T14:00:00+03:00,0.0611775,15.0,592.0,100,6.5,0.0,14.5,578.0,98,4.94,0.0,12.2,309.0,97,5.57,0.2
2026-04-29T12:00:00+00:00,2026-04-29T15:00:00+03:00,0.07796,15.5,547.0,99,6.66,0.0,14.1,559.0,99,6.13,0.0,12.6,266.0,95,5.55,0.2
2026-04-29T13:00:00+00:00,2026-04-29T16:00:00+03:00,0.164775,15.3,418.0,100,6.51,0.0,13.4,404.0,99,6.42,0.0,12.5,302.0,88,5.41,0.3
2026-04-29T14:00:00+00:00,2026-04-29T17:00:00+03:00,0.38137,15.0,311.0,100,5.88,0.0,12.3,251.0,99,6.98,0.0,12.4,190.0,96,5.02,0.2
2026-04-29T15:00:00+00:00,2026-04-29T18:00:00+03:00,0.7613925,14.6,148.0,100,5.48,0.0,11.6,154.0,100,6.45,0.0,12.2,96.0,95,4.24,0.4
2026-04-29T16:00:00+00:00,2026-04-29T19:00:00+03:00,0.7473175,14.0,42.0,100,5.69,0.0,11.2,41.0,100,5.81,0.0,11.7,36.0,94,4.47,0.1
2026-04-29T17:00:00+00:00,2026-04-29T20:00:00+03:00,0.9885775,12.9,1.0,100,6.01,0.0,10.5,0.0,100,5.52,0.0,10.3,0.0,65,4.81,0.0
2026-04-29T18:00:00+00:00,2026-04-29T21:00:00+03:00,1.1574575,11.9,0.0,100,6.32,0.0,10.3,0.0,100,5.71,0.2,10.1,0.0,68,5.46,0.0
2026-04-29T19:00:00+00:00,2026-04-29T22:00:00+03:00,0.88089,11.3,0.0,100,6.96,0.0,10.1,0.0,100,5.73,0.3,10.2,0.0,79,5.34,0.0
2026-04-29T20:00:00+00:00,2026-04-29T23:00:00+03:00,0.698035,10.8,0.0,100,7.46,0.0,10.0,0.0,100,5.51,0.4,9.6,0.0,98,4.54,0.0
2026-04-29T21:00:00+00:00,2026-04-30T00:00:00+03:00,0.714785,10.2,0.0,100,7.74,0.0,10.1,0.0,100,5.35,0.5,9.6,0.0,99,4.09,0.0
2026-04-29T22:00:00+00:00,2026-04-30T01:00:00+03:00,0.6071175,9.8,0.0,100,8.2,0.1,10.2,0.0,100,5.52,0.5,7.6,0.0,100,3.67,0.0
2026-04-29T23:00:00+00:00,2026-04-30T02:00:00+03:00,0.57525,9.6,0.0,100,8.75,0.1,10.0,0.0,100,5.51,0.5,7.6,0.0,100,3.13,0.0
2026-04-30T00:00:00+00:00,2026-04-30T03:00:00+03:00,0.5546,9.4,0.0,100,8.72,0.2,10.0,0.0,100,5.65,0.4,7.8,0.0,94,3.6,0.0
2026-04-30T01:00:00+00:00,2026-04-30T04:00:00+03:00,0.556515,8.9,0.0,100,8.76,0.4,9.5,0.0,100,5.62,0.5,7.9,0.0,95,4.84,0.0
2026-04-30T02:00:00+00:00,2026-04-30T05:00:00+03:00,0.5826575,8.2,0.0,100,9.04,0.7,8.9,0.0,100,5.47,0.6,8.0,0.0,100,5.54,0.0
2026-04-30T03:00:00+00:00,2026-04-30T06:00:00+03:00,0.6400275,7.1,3.0,100,9.23,0.9,8.6,10.0,100,5.35,0.7,8.1,14.0,100,6.08,0.1
2026-04-30T04:00:00+00:00,2026-04-30T07:00:00+03:00,0.67923,6.4,19.0,100,9.44,1.0,8.6,42.0,100,5.01,0.9,8.2,51.0,100,6.44,0.1
2026-04-30T05:00:00+00:00,2026-04-30T08:00:00+03:00,0.619,5.3,31.0,100,9.76,1.0,8.8,73.0,100,4.95,0.9,8.6,115.0,100,6.18,0.1
2026-04-30T06:00:00+00:00,2026-04-30T09:00:00+03:00,0.532755,5.0,77.0,100,10.29,1.0,8.8,83.0,100,4.79,1.2,8.6,187.0,100,5.92,0.1
2026-04-30T07:00:00+00:00,2026-04-30T10:00:00+03:00,0.2488925,4.9,60.0,100,10.65,1.0,8.6,114.0,100,4.9,1.2,8.8,320.0,100,6.21,0.0
2026-04-30T08:00:00+00:00,2026-04-30T11:00:00+03:00,0.0077975,5.0,98.0,100,10.45,1.0,8.7,77.0,100,5.3,1.3,10.1,353.0,100,6.4,0.1
2026-04-30T09:00:00+00:00,2026-04-30T12:00:00+03:00,0.03659,5.5,152.0,100,10.36,0.9,9.0,136.0,100,5.55,1.3,10.6,413.0,100,6.47,0.1
2026-04-30T10:00:00+00:00,2026-04-30T13:00:00+03:00,0.0051025,5.2,156.0,100,11.24,0.8,9.2,134.0,100,7.42,1.2,11.6,418.0,91,7.97,0.2
2026-04-30T11:00:00+00:00,2026-04-30T14:00:00+03:00,0.00249,5.2,157.0,100,11.07,0.8,9.3,128.0,100,7.79,1.1,11.8,310.0,100,8.04,0.2
2026-04-30T12:00:00+00:00,2026-04-30T15:00:00+03:00,0.0065475,5.4,183.0,100,10.43,0.8,9.6,68.0,100,8.37,1.0,11.7,204.0,100,7.53,0.2
2026-04-30T13:00:00+00:00,2026-04-30T16:00:00+03:00,0.0034525,5.8,134.0,100,9.86,0.7,9.4,107.0,100,8.18,1.1,11.2,211.0,100,7.4,0.1
2026-04-30T14:00:00+00:00,2026-04-30T17:00:00+03:00,0.09147,5.6,103.0,100,9.55,0.5,9.2,65.0,100,9.2,1.1,11.0,148.0,100,7.25,0.1
2026-04-30T15:00:00+00:00,2026-04-30T18:00:00+03:00,0.4700725,5.7,71.0,100,9.6,0.3,9.1,38.0,100,9.27,0.8,10.9,62.0,100,6.37,0.1
2026-04-30T16:00:00+00:00,2026-04-30T19:00:00+03:00,0.6379125,5.8,30.0,100,8.6,0.2,9.1,15.0,100,8.95,0.5,10.5,20.0,100,5.55,0.1
2026-04-30T17:00:00+00:00,2026-04-30T20:00:00+03:00,0.9000025,5.9,1.0,100,8.17,0.1,8.8,0.0,100,8.57,0.3,9.3,0.0,100,4.68,0.0
2026-04-30T18:00:00+00:00,2026-04-30T21:00:00+03:00,1.0809325,5.7,0.0,100,6.97,0.3,8.6,0.0,100,8.22,0.3,9.0,0.0,100,4.04,0.0
2026-04-30T19:00:00+00:00,2026-04-30T22:00:00+03:00,0.99458,5.4,0.0,99,6.02,0.2,8.4,0.0,100,7.62,0.2,8.7,0.0,100,3.68,0.0
2026-04-30T20:00:00+00:00,2026-04-30T23:00:00+03:00,0.6693775,4.9,0.0,100,5.32,0.1,8.0,0.0,100,7.18,0.2,7.9,0.0,100,3.57,0.0
2026-06-30T21:00:00+00:00,2026-07-01T00:00:00+03:00,1.199395,23.5,0.0,26,5.07,3.6,25.6,0.0,13,3.94,0.0,25.3,0.0,14,6.68,0.0
2026-06-30T22:00:00+00:00,2026-07-01T01:00:00+03:00,0.89562,21.5,0.0,95,7.47,3.2,24.1,0.0,23,4.91,0.0,25.9,0.0,19,8.08,0.0
2026-06-30T23:00:00+00:00,2026-07-01T02:00:00+03:00,0.837305,21.4,0.0,53,6.36,0.9,24.0,0.0,22,5.76,0.0,25.5,0.0,7,7.94,0.0
2026-07-01T00:00:00+00:00,2026-07-01T03:00:00+03:00,0.80492,21.4,0.0,31,5.39,0.0,23.8,0.0,24,6.44,0.0,25.2,0.0,13,7.61,0.0
2026-07-01T01:00:00+00:00,2026-07-01T04:00:00+03:00,0.79305,21.5,0.0,21,5.53,0.0,23.9,0.0,13,6.42,0.0,25.2,0.0,9,7.38,0.0
2026-07-01T02:00:00+00:00,2026-07-01T05:00:00+03:00,0.841695,21.4,2.0,28,5.6,0.0,23.8,7.0,13,5.72,0.0,24.3,10.0,5,7.37,0.0
2026-07-01T03:00:00+00:00,2026-07-01T06:00:00+03:00,0.8833625,21.6,56.0,31,5.85,0.0,23.5,84.0,13,5.26,0.0,24.1,98.0,8,7.39,0.0
2026-07-01T04:00:00+00:00,2026-07-01T07:00:00+03:00,0.9611375,22.2,185.0,24,6.1,0.0,23.9,211.0,9,4.96,0.0,24.4,247.0,5,7.11,0.0
2026-07-01T05:00:00+00:00,2026-07-01T08:00:00+03:00,0.9897125,24.0,354.0,33,5.26,0.0,25.3,372.0,25,4.25,0.0,26.4,412.0,9,6.87,0.0
2026-07-01T06:00:00+00:00,2026-07-01T09:00:00+03:00,0.8912325,26.0,480.0,32,5.41,0.0,26.3,530.0,44,4.55,0.0,27.3,561.0,4,7.12,0.0
2026-07-01T07:00:00+00:00,2026-07-01T10:00:00+03:00,0.73678,28.1,466.0,42,5.95,0.3,27.1,595.0,63,4.58,0.0,28.1,614.0,3,7.03,0.0
2026-07-01T08:00:00+00:00,2026-07-01T11:00:00+03:00,0.6884375,30.2,712.0,77,5.42,0.5,28.6,614.0,54,4.62,0.0,30.4,666.0,9,6.72,0.0
2026-07-01T09:00:00+00:00,2026-07-01T12:00:00+03:00,0.7097,31.6,674.0,57,4.48,0.7,29.6,719.0,45,4.38,0.0,31.2,775.0,22,6.28,0.1
2026-07-01T10:00:00+00:00,2026-07-01T13:00:00+03:00,0.7187175,30.7,783.0,35,4.75,0.8,30.5,681.0,44,4.74,0.0,32.2,642.0,55,5.95,0.1
2026-07-01T11:00:00+00:00,2026-07-01T14:00:00+03:00,0.7103775,31.6,602.0,35,4.66,1.8,30.9,687.0,40,5.34,0.8,32.2,590.0,50,5.27,0.2
2026-07-01T12:00:00+00:00,2026-07-01T15:00:00+03:00,0.7702825,31.0,503.0,31,4.58,4.3,30.3,642.0,28,5.69,0.0,31.8,501.0,48,5.04,0.2
2026-07-01T13:00:00+00:00,2026-07-01T16:00:00+03:00,0.93,29.7,222.0,27,4.23,9.0,30.0,519.0,53,6.0,0.0,30.9,398.0,38,5.39,0.5
2026-07-01T14:00:00+00:00,2026-07-01T17:00:00+03:00,1.0196825,26.6,138.0,28,3.86,1.9,29.0,413.0,36,5.92,0.0,28.9,376.0,63,5.51,0.0
2026-07-01T15:00:00+00:00,2026-07-01T18:00:00+03:00,1.018025,25.9,203.0,63,4.72,2.6,28.7,230.0,27,4.77,0.0,29.8,246.0,46,5.31,0.0
2026-07-01T16:00:00+00:00,2026-07-01T19:00:00+03:00,2.490945,25.4,75.0,76,4.65,0.8,28.1,116.0,19,3.82,0.0,30.0,119.0,33,5.38,0.0
2026-07-01T17:00:00+00:00,2026-07-01T20:00:00+03:00,2.86919,23.9,13.0,72,6.55,0.0,27.0,23.0,4,3.7,0.0,28.6,23.0,17,4.82,0.0
2026-07-01T18:00:00+00:00,2026-07-01T21:00:00+03:00,2.72134,22.4,0.0,66,7.68,1.4,26.2,0.0,19,3.57,0.0,27.7,0.0,13,4.55,0.0
2026-07-01T19:00:00+00:00,2026-07-01T22:00:00+03:00,2.5098875,21.8,0.0,59,5.48,8.8,25.1,0.0,39,3.43,0.0,26.8,0.0,23,4.35,0.0
2026-07-01T20:00:00+00:00,2026-07-01T23:00:00+03:00,1.78241,21.2,0.0,88,2.77,5.6,23.5,0.0,65,2.46,0.0,24.4,0.0,30,3.8,0.0
2026-07-01T21:00:00+00:00,2026-07-02T00:00:00+03:00,1.0746225,20.8,0.0,96,5.08,0.4,23.2,0.0,69,1.91,0.0,24.2,0.0,21,3.12,0.0
2026-07-01T22:00:00+00:00,2026-07-02T01:00:00+03:00,0.81284,20.8,0.0,99,6.12,1.3,23.5,0.0,45,2.34,0.0,22.7,0.0,7,2.98,0.0
2026-07-01T23:00:00+00:00,2026-07-02T02:00:00+03:00,0.7971525,20.3,0.0,94,5.92,0.2,23.2,0.0,97,2.15,0.0,22.5,0.0,21,3.22,0.0
2026-07-02T00:00:00+00:00,2026-07-02T03:00:00+03:00,0.762245,20.0,0.0,81,5.02,0.0,21.9,0.0,96,1.1,0.0,22.2,0.0,28,2.85,0.0
2026-07-02T01:00:00+00:00,2026-07-02T04:00:00+03:00,0.78995,19.7,0.0,44,3.67,0.0,22.1,0.0,93,1.77,0.0,22.8,0.0,39,1.03,0.0
2026-07-02T02:00:00+00:00,2026-07-02T05:00:00+03:00,0.7622675,19.2,2.0,19,1.45,0.0,22.3,5.0,97,3.88,0.0,22.5,9.0,55,2.11,0.0
2026-07-02T03:00:00+00:00,2026-07-02T06:00:00+03:00,0.74801,19.2,45.0,19,1.48,0.0,22.0,71.0,93,4.21,0.0,21.9,95.0,34,2.5,0.0
2026-07-02T04:00:00+00:00,2026-07-02T07:00:00+03:00,0.77437,19.3,105.0,20,3.08,0.0,22.2,201.0,58,2.89,0.0,22.4,225.0,20,3.11,0.0
2026-07-02T05:00:00+00:00,2026-07-02T08:00:00+03:00,0.59581,20.5,178.0,26,2.36,0.0,23.9,364.0,26,2.06,0.0,25.3,383.0,23,3.09,0.0
2026-07-02T06:00:00+00:00,2026-07-02T09:00:00+03:00,0.5009575,21.7,364.0,68,1.45,0.0,25.0,466.0,31,1.72,0.6,26.3,533.0,23,2.9,0.0
2026-07-02T07:00:00+00:00,2026-07-02T10:00:00+03:00,0.381245,23.2,523.0,93,0.85,0.0,25.7,527.0,100,1.55,2.5,27.1,634.0,17,2.41,0.0
2026-07-02T08:00:00+00:00,2026-07-02T11:00:00+03:00,0.3803125,24.2,612.0,98,1.15,0.0,27.5,625.0,69,1.38,0.5,29.4,766.0,19,1.37,0.0
2026-07-02T09:00:00+00:00,2026-07-02T12:00:00+03:00,0.49777,25.2,599.0,96,1.55,0.1,27.8,583.0,57,1.98,0.4,28.8,631.0,38,0.46,0.0
2026-07-02T10:00:00+00:00,2026-07-02T13:00:00+03:00,0.5764175,27.2,733.0,42,1.51,0.1,26.9,781.0,69,2.34,0.3,30.5,752.0,56,1.49,0.0
2026-07-02T11:00:00+00:00,2026-07-02T14:00:00+03:00,0.57448,27.9,716.0,28,1.3,0.1,27.8,708.0,82,1.76,0.3,31.0,658.0,48,1.46,0.0
2026-07-02T12:00:00+00:00,2026-07-02T15:00:00+03:00,0.5244425,28.2,656.0,39,1.83,0.1,28.3,657.0,63,2.3,0.3,30.9,642.0,63,2.29,1.4
2026-07-02T13:00:00+00:00,2026-07-02T16:00:00+03:00,0.6879525,28.6,551.0,39,2.2,0.1,28.4,569.0,88,2.49,0.4,28.6,382.0,90,3.26,0.6
2026-07-02T14:00:00+00:00,2026-07-02T17:00:00+03:00,0.75555,28.3,454.0,35,2.72,0.1,27.6,420.0,47,2.2,1.9,25.8,364.0,89,1.69,0.0
2026-07-02T15:00:00+00:00,2026-07-02T18:00:00+03:00,0.9957775,28.4,267.0,42,2.55,0.0,26.5,208.0,80,1.86,6.2,26.5,192.0,87,1.24,0.0
2026-07-02T16:00:00+00:00,2026-07-02T19:00:00+03:00,1.29183,28.1,138.0,59,3.39,0.0,24.1,75.0,96,2.94,0.0,27.1,95.0,82,1.11,0.0
2026-07-02T17:00:00+00:00,2026-07-02T20:00:00+03:00,1.31066,27.3,34.0,75,3.36,0.0,23.4,12.0,96,2.78,0.0,26.2,19.0,86,1.13,0.0
2026-07-02T18:00:00+00:00,2026-07-02T21:00:00+03:00,1.1297425,26.0,0.0,90,3.36,0.0,23.6,0.0,99,2.98,0.0,25.5,0.0,83,0.95,0.0
2026-07-02T19:00:00+00:00,2026-07-02T22:00:00+03:00,1.0810675,23.9,0.0,68,2.79,0.0,23.4,0.0,84,3.78,0.0,24.9,0.0,70,0.6,0.0
2026-07-02T20:00:00+00:00,2026-07-02T23:00:00+03:00,0.9377225,22.8,0.0,9,4.04,0.0,22.1,0.0,21,3.86,0.0,23.8,0.0,43,0.76,0.0
2026-07-02T21:00:00+00:00,2026-07-03T00:00:00+03:00,0.9397575,22.2,0.0,24,5.39,0.0,21.8,0.0,3,3.51,0.0,23.4,0.0,13,1.06,0.0
2026-07-02T22:00:00+00:00,2026-07-03T01:00:00+03:00,0.8443575,21.8,0.0,13,5.65,0.0,21.0,0.0,7,4.9,0.0,22.5,0.0,6,2.97,0.0
2026-07-02T23:00:00+00:00,2026-07-03T02:00:00+03:00,0.7694275,21.4,0.0,7,4.71,0.0,21.1,0.0,5,5.18,0.0,22.3,0.0,2,3.11,0.0
2026-07-03T00:00:00+00:00,2026-07-03T03:00:00+03:00,0.7233675,21.0,0.0,8,3.83,0.0,21.1,0.0,5,5.63,0.0,21.6,0.0,2,3.2,0.0
2026-07-03T01:00:00+00:00,2026-07-03T04:00:00+03:00,0.71192,20.5,0.0,17,3.66,0.0,21.0,0.0,4,5.55,0.0,21.2,0.0,0,2.99,0.0
2026-07-03T02:00:00+00:00,2026-07-03T05:00:00+03:00,0.7148725,20.0,2.0,37,3.51,0.0,20.9,6.0,2,4.77,0.0,20.9,9.0,2,3.02,0.0
2026-07-03T03:00:00+00:00,2026-07-03T06:00:00+03:00,0.69163,19.2,71.0,36,3.26,0.0,20.6,86.0,6,4.01,0.0,20.7,98.0,16,3.18,0.0
2026-07-03T04:00:00+00:00,2026-07-03T07:00:00+03:00,0.76366,20.0,188.0,42,2.98,0.0,20.7,224.0,6,3.79,0.0,21.3,245.0,39,3.09,0.0
2026-07-03T05:00:00+00:00,2026-07-03T08:00:00+03:00,0.5870375,21.9,356.0,50,1.87,0.0,22.7,389.0,15,3.42,0.2,23.9,411.0,16,2.92,0.0
2026-07-03T06:00:00+00:00,2026-07-03T09:00:00+03:00,0.3969675,23.7,497.0,37,1.2,0.0,24.1,507.0,46,3.35,0.0,24.8,534.0,16,2.76,0.0
2026-07-03T07:00:00+00:00,2026-07-03T10:00:00+03:00,0.19629,25.4,584.0,23,1.13,0.0,24.9,682.0,21,2.35,0.0,25.6,691.0,17,2.61,0.0
2026-07-03T08:00:00+00:00,2026-07-03T11:00:00+03:00,0.05311,26.7,727.0,16,1.01,0.0,26.8,800.0,100,1.95,0.0,28.4,726.0,21,2.59,0.0
2026-07-03T09:00:00+00:00,2026-07-03T12:00:00+03:00,0.0505075,27.7,835.0,10,0.45,0.0,27.3,756.0,13,1.81,0.0,29.3,801.0,15,2.55,0.0
2026-07-03T10:00:00+00:00,2026-07-03T13:00:00+03:00,0.05269,28.6,819.0,17,0.99,0.0,28.4,800.0,20,2.43,0.0,30.4,793.0,17,3.09,0.0
2026-07-03T11:00:00+00:00,2026-07-03T14:00:00+03:00,0.067895,29.1,801.0,49,2.06,0.0,28.8,742.0,34,2.59,0.0,30.6,719.0,30,2.7,0.0
2026-07-03T12:00:00+00:00,2026-07-03T15:00:00+03:00,0.137125,29.1,749.0,46,2.87,0.0,28.9,686.0,44,2.79,0.0,30.4,531.0,49,2.49,0.0
2026-07-03T13:00:00+00:00,2026-07-03T16:00:00+03:00,0.19616,29.0,588.0,48,3.38,0.0,29.3,536.0,32,2.32,0.0,30.6,502.0,50,2.55,0.0
2026-07-03T14:00:00+00:00,2026-07-03T17:00:00+03:00,0.3274225,28.4,473.0,72,3.62,0.0,29.1,430.0,35,1.28,0.0,30.0,373.0,50,2.0,0.0
2026-07-03T15:00:00+00:00,2026-07-03T18:00:00+03:00,0.7740175,27.8,262.0,69,3.68,0.4,28.5,289.0,33,0.89,0.0,28.9,279.0,48,0.54,0.0
2026-07-03T16:00:00+00:00,2026-07-03T19:00:00+03:00,1.1074375,26.0,100.0,48,3.78,0.0,27.8,118.0,41,3.61,0.0,29.3,124.0,38,3.4,0.0
2026-07-03T17:00:00+00:00,2026-07-03T20:00:00+03:00,0.9,25.0,29.0,68,3.01,0.0,25.8,20.0,60,4.54,0.0,26.7,22.0,56,3.27,0.1
2026-07-03T18:00:00+00:00,2026-07-03T21:00:00+03:00,1.0336875,24.1,0.0,86,3.75,0.0,24.1,0.0,47,4.45,0.0,25.0,0.0,73,5.89,0.3
2026-07-03T19:00:00+00:00,2026-07-03T22:00:00+03:00,1.0552625,23.4,0.0,95,3.82,0.0,24.8,0.0,51,5.47,0.0,23.3,0.0,79,7.24,0.0
2026-07-03T20:00:00+00:00,2026-07-03T23:00:00+03:00,0.8101925,22.7,0.0,92,2.88,1.2,24.3,0.0,62,7.09,0.0,22.1,0.0,68,7.09,0.0
2026-07-03T21:00:00+00:00,2026-07-04T00:00:00+03:00,0.7404325,21.9,0.0,79,3.22,1.2,23.2,0.0,57,8.07,0.0,22.2,0.0,31,7.88,0.0
2026-07-03T22:00:00+00:00,2026-07-04T01:00:00+03:00,0.6869825,22.2,0.0,99,2.59,0.6,22.1,0.0,83,7.52,0.0,21.8,0.0,38,8.27,0.0
2026-07-03T23:00:00+00:00,2026-07-04T02:00:00+03:00,0.670365,21.9,0.0,99,3.67,0.1,21.8,0.0,52,7.54,0.0,21.4,0.0,24,8.56,0.0
2026-07-04T00:00:00+00:00,2026-07-04T03:00:00+03:00,0.672855,21.6,0.0,100,4.49,0.0,21.6,0.0,78,8.33,0.0,21.0,0.0,62,9.41,0.0
2026-07-04T01:00:00+00:00,2026-07-04T04:00:00+03:00,0.643195,21.4,0.0,99,4.9,0.0,21.3,0.0,100,9.28,0.0,20.6,0.0,81,9.48,0.0
2026-07-04T02:00:00+00:00,2026-07-04T05:00:00+03:00,0.58427,20.9,2.0,81,5.44,0.0,20.4,5.0,100,9.13,0.0,19.7,7.0,92,9.32,0.0
2026-07-04T03:00:00+00:00,2026-07-04T06:00:00+03:00,0.538625,20.8,47.0,94,4.71,0.0,20.0,53.0,99,8.6,0.0,19.5,50.0,100,9.06,0.2
2026-07-04T04:00:00+00:00,2026-07-04T07:00:00+03:00,0.498265,20.3,173.0,28,3.95,0.0,19.7,113.0,100,9.25,0.2,19.3,131.0,98,8.97,0.0
2026-07-04T05:00:00+00:00,2026-07-04T08:00:00+03:00,0.3993675,21.0,339.0,23,2.7,0.0,19.6,213.0,100,9.32,0.3,19.9,293.0,85,8.47,0.0
2026-07-04T06:00:00+00:00,2026-07-04T09:00:00+03:00,0.155165,21.9,485.0,26,2.05,0.0,19.9,110.0,99,9.27,1.2,20.6,427.0,47,7.8,0.0
2026-07-04T07:00:00+00:00,2026-07-04T10:00:00+03:00,0.0055375,22.7,585.0,20,1.43,0.0,21.0,329.0,73,7.75,0.1,21.5,619.0,18,8.87,0.0
2026-07-04T08:00:00+00:00,2026-07-04T11:00:00+03:00,-4.5e-05,23.4,690.0,30,1.31,0.0,23.2,624.0,20,7.8,0.0,24.2,815.0,22,9.3,0.0
2026-07-04T09:00:00+00:00,2026-07-04T12:00:00+03:00,-7.5e-06,24.2,567.0,41,0.92,0.1,24.5,819.0,9,8.35,0.0,25.1,858.0,14,9.4,0.0
2026-07-04T10:00:00+00:00,2026-07-04T13:00:00+03:00,-1.5e-05,24.7,513.0,79,1.4,0.1,26.3,902.0,14,7.04,0.0,26.3,842.0,25,8.74,0.0
2026-07-04T11:00:00+00:00,2026-07-04T14:00:00+03:00,-0.0008825,25.2,679.0,98,2.65,0.3,27.0,833.0,34,6.94,0.0,26.7,825.0,23,8.37,0.0
2026-07-04T12:00:00+00:00,2026-07-04T15:00:00+03:00,-0.0001175,25.1,553.0,93,3.05,0.2,27.2,764.0,37,7.21,0.0,26.8,784.0,18,8.65,0.0
2026-07-04T13:00:00+00:00,2026-07-04T16:00:00+03:00,-3e-05,24.3,362.0,76,2.25,1.1,27.1,601.0,50,7.53,0.0,26.8,650.0,8,8.65,0.0
2026-07-04T14:00:00+00:00,2026-07-04T17:00:00+03:00,0.0023575,23.8,375.0,43,1.7,0.1,26.8,445.0,47,7.45,0.0,26.6,483.0,21,8.35,0.0
2026-07-04T15:00:00+00:00,2026-07-04T18:00:00+03:00,0.19627,23.8,283.0,30,0.54,0.1,26.3,258.0,37,7.45,0.0,26.2,288.0,18,8.12,0.0
2026-07-04T16:00:00+00:00,2026-07-04T19:00:00+03:00,0.5232025,23.9,142.0,18,0.45,0.0,26.0,135.0,24,6.66,0.0,25.9,147.0,1,7.7,0.0
2026-07-04T17:00:00+00:00,2026-07-04T20:00:00+03:00,0.83866,23.9,33.0,17,1.15,0.2,24.5,22.0,15,5.94,0.0,24.3,27.0,1,6.49,0.0
2026-07-04T18:00:00+00:00,2026-07-04T21:00:00+03:00,0.677475,22.1,0.0,23,1.49,0.0,23.5,0.0,20,5.87,0.0,22.7,0.0,2,5.57,0.0
2026-07-04T19:00:00+00:00,2026-07-04T22:00:00+03:00,0.713335,20.2,0.0,26,1.33,0.0,22.0,0.0,17,5.8,0.0,21.8,0.0,4,5.42,0.0
2026-07-04T20:00:00+00:00,2026-07-04T23:00:00+03:00,0.8998675,18.7,0.0,23,1.0,0.0,19.8,0.0,14,5.57,0.0,20.5,0.0,6,5.89,0.0
2026-07-04T21:00:00+00:00,2026-07-05T00:00:00+03:00,0.8260025,18.0,0.0,32,0.81,0.0,18.9,0.0,7,5.52,0.0,20.0,0.0,3,6.45,0.0
2026-07-04T22:00:00+00:00,2026-07-05T01:00:00+03:00,0.7009625,18.4,0.0,10,3.05,0.0,18.6,0.0,9,5.5,0.0,18.7,0.0,0,7.15,0.0
2026-07-04T23:00:00+00:00,2026-07-05T02:00:00+03:00,0.7640575,17.9,0.0,67,4.4,0.0,18.2,0.0,19,5.67,0.0,18.4,0.0,0,6.86,0.0
2026-07-05T00:00:00+00:00,2026-07-05T03:00:00+03:00,0.588245,17.0,0.0,24,5.36,0.0,18.1,0.0,13,6.06,0.0,18.2,0.0,2,5.81,0.0
2026-07-05T01:00:00+00:00,2026-07-05T04:00:00+03:00,0.5847975,15.4,0.0,21,5.53,0.0,17.6,0.0,14,6.26,0.0,17.8,0.0,5,5.74,0.0
2026-07-05T02:00:00+00:00,2026-07-05T05:00:00+03:00,0.5755025,14.7,2.0,31,5.42,0.0,17.0,6.0,7,5.65,0.0,17.2,9.0,4,6.33,0.0
2026-07-05T03:00:00+00:00,2026-07-05T06:00:00+03:00,0.546465,14.5,73.0,46,4.51,0.0,16.9,93.0,4,5.0,0.0,16.9,99.0,2,6.33,0.0
2026-07-05T04:00:00+00:00,2026-07-05T07:00:00+03:00,0.4632725,15.3,208.0,37,3.58,0.0,17.4,248.0,14,4.85,0.0,16.9,252.0,1,5.82,0.0
2026-07-05T05:00:00+00:00,2026-07-05T08:00:00+03:00,0.19622,17.6,375.0,32,2.7,0.0,20.1,423.0,14,4.27,0.0,19.8,424.0,0,6.02,0.0
2026-07-05T06:00:00+00:00,2026-07-05T09:00:00+03:00,0.0595875,19.9,489.0,27,2.48,0.0,21.3,546.0,29,4.87,0.0,20.7,580.0,2,5.7,0.0
2026-07-05T07:00:00+00:00,2026-07-05T10:00:00+03:00,0.0056525,21.5,625.0,28,2.65,0.0,22.4,695.0,25,4.73,0.0,21.6,721.0,2,5.29,0.0
2026-07-05T08:00:00+00:00,2026-07-05T11:00:00+03:00,-5e-05,23.3,784.0,15,2.62,0.0,23.9,812.0,13,4.37,0.0,23.7,835.0,1,5.13,0.0
2026-07-05T09:00:00+00:00,2026-07-05T12:00:00+03:00,-2.75e-05,24.5,886.0,32,2.43,0.1,24.7,782.0,42,4.83,0.0,24.3,904.0,7,5.42,0.0
2026-07-05T10:00:00+00:00,2026-07-05T13:00:00+03:00,-1.25e-05,25.5,692.0,83,3.24,0.1,25.5,814.0,74,2.1,0.0,25.7,865.0,44,4.29,0.0
2026-07-05T11:00:00+00:00,2026-07-05T14:00:00+03:00,-3.5e-05,25.5,633.0,44,3.36,0.0,26.0,686.0,76,2.1,0.0,26.1,744.0,45,4.72,0.0
2026-07-05T12:00:00+00:00,2026-07-05T15:00:00+03:00,-5e-06,25.9,627.0,46,3.91,0.0,26.0,568.0,55,2.17,0.0,26.2,675.0,44,4.56,0.0
2026-07-05T13:00:00+00:00,2026-07-05T16:00:00+03:00,5e-06,26.2,570.0,36,4.23,0.0,26.2,482.0,45,1.57,0.0,26.4,574.0,29,3.92,0.0
2026-07-05T14:00:00+00:00,2026-07-05T17:00:00+03:00,0.0116875,26.4,399.0,27,4.2,0.0,26.1,406.0,18,0.99,0.0,26.3,429.0,22,3.92,0.0
2026-07-05T15:00:00+00:00,2026-07-05T18:00:00+03:00,0.3408475,26.5,298.0,8,3.96,0.0,26.1,224.0,13,1.15,0.0,26.2,279.0,35,4.31,0.0
2026-07-05T16:00:00+00:00,2026-07-05T19:00:00+03:00,0.73421,26.5,161.0,0,2.96,0.0,25.5,124.0,14,1.01,0.0,25.8,135.0,49,4.97,0.0
2026-07-05T17:00:00+00:00,2026-07-05T20:00:00+03:00,0.6933925,26.2,37.0,2,2.04,0.0,23.9,21.0,16,1.71,0.0,23.8,24.0,48,3.63,0.0
2026-07-05T18:00:00+00:00,2026-07-05T21:00:00+03:00,0.7469425,23.3,0.0,3,1.79,0.0,23.3,0.0,17,4.15,0.0,22.0,0.0,28,2.55,0.0
2026-07-05T19:00:00+00:00,2026-07-05T22:00:00+03:00,0.70303,20.2,0.0,8,1.42,0.0,20.6,0.0,8,6.0,0.0,21.4,0.0,26,2.7,0.0
2026-07-05T20:00:00+00:00,2026-07-05T23:00:00+03:00,0.720185,19.1,0.0,7,1.14,0.0,19.8,0.0,5,6.96,0.0,20.7,0.0,13,3.05,0.0
2026-07-05T21:00:00+00:00,2026-07-06T00:00:00+03:00,0.72186,18.1,0.0,6,1.46,0.0,19.1,0.0,3,7.21,0.0,20.3,0.0,5,3.38,0.0
2026-07-05T22:00:00+00:00,2026-07-06T01:00:00+03:00,0.7607825,18.2,0.0,13,1.89,0.0,19.4,0.0,15,7.42,0.0,17.5,0.0,77,4.92,0.0
2026-07-05T23:00:00+00:00,2026-07-06T02:00:00+03:00,0.7053475,17.2,0.0,14,1.08,0.0,19.1,0.0,35,6.56,0.0,17.4,0.0,25,6.3,0.0
2026-07-06T00:00:00+00:00,2026-07-06T03:00:00+03:00,0.67913,16.4,0.0,33,1.9,0.0,18.7,0.0,12,5.74,0.0,17.2,0.0,14,4.86,0.0
2026-07-06T01:00:00+00:00,2026-07-06T04:00:00+03:00,0.656075,16.1,0.0,31,2.84,0.0,18.2,0.0,5,5.3,0.0,16.8,0.0,7,4.21,0.0
2026-07-06T02:00:00+00:00,2026-07-06T05:00:00+03:00,0.65676,15.0,2.0,14,3.31,0.0,17.7,6.0,4,5.37,0.0,16.0,8.0,5,4.14,0.0
2026-07-06T03:00:00+00:00,2026-07-06T06:00:00+03:00,0.69712,14.7,64.0,1,2.83,0.0,17.4,89.0,1,5.55,0.0,15.8,96.0,0,4.35,0.0
2026-07-06T04:00:00+00:00,2026-07-06T07:00:00+03:00,0.715005,15.6,215.0,12,2.08,0.0,17.7,240.0,3,5.3,0.0,17.4,248.0,0,3.75,0.0
2026-07-06T05:00:00+00:00,2026-07-06T08:00:00+03:00,0.70964,18.0,385.0,16,1.52,0.0,20.1,414.0,2,4.17,0.0,20.7,420.0,2,3.15,0.0
2026-07-06T06:00:00+00:00,2026-07-06T09:00:00+03:00,0.6750325,20.8,502.0,20,0.56,0.0,22.0,585.0,0,3.87,0.0,21.9,566.0,3,3.15,0.0
2026-07-06T07:00:00+00:00,2026-07-06T10:00:00+03:00,0.5459525,23.3,687.0,45,1.0,0.0,24.0,726.0,0,3.56,0.0,23.3,717.0,2,2.9,0.0
2026-07-06T08:00:00+00:00,2026-07-06T11:00:00+03:00,0.337205,25.2,785.0,63,1.68,0.0,26.5,697.0,14,3.58,0.0,25.9,806.0,2,3.27,0.0
2026-07-06T09:00:00+00:00,2026-07-06T12:00:00+03:00,0.34893,26.4,807.0,57,1.97,0.0,27.4,811.0,13,3.72,0.0,26.6,817.0,13,4.0,0.0
2026-07-06T10:00:00+00:00,2026-07-06T13:00:00+03:00,0.2273475,27.4,643.0,51,1.64,0.0,27.9,821.0,25,1.97,0.0,27.7,730.0,35,2.44,0.0
2026-07-06T11:00:00+00:00,2026-07-06T14:00:00+03:00,0.192085,27.9,702.0,40,2.08,0.0,28.4,742.0,55,1.57,0.0,27.9,681.0,33,3.12,0.0
2026-07-06T12:00:00+00:00,2026-07-06T15:00:00+03:00,0.1961475,28.4,679.0,29,2.93,0.0,28.8,680.0,70,0.57,0.0,28.1,565.0,33,3.57,0.0
2026-07-06T13:00:00+00:00,2026-07-06T16:00:00+03:00,0.2075925,28.7,612.0,48,3.3,0.0,28.8,503.0,41,0.2,0.0,27.9,472.0,50,3.94,0.0
2026-07-06T14:00:00+00:00,2026-07-06T17:00:00+03:00,0.4580475,29.0,430.0,32,3.13,0.0,28.6,382.0,25,0.35,0.0,27.8,353.0,32,3.96,0.0
2026-07-06T15:00:00+00:00,2026-07-06T18:00:00+03:00,0.6162625,29.1,289.0,36,2.74,0.0,28.5,227.0,36,0.92,0.0,27.8,214.0,45,3.61,0.0
2026-07-06T16:00:00+00:00,2026-07-06T19:00:00+03:00,0.833785,28.8,157.0,31,1.86,0.0,28.2,100.0,41,0.68,0.0,27.5,98.0,42,2.73,0.0
2026-07-06T17:00:00+00:00,2026-07-06T20:00:00+03:00,0.8790325,27.7,33.0,35,1.21,0.0,26.7,20.0,40,1.68,0.0,25.7,20.0,43,1.98,0.0
2026-07-06T18:00:00+00:00,2026-07-06T21:00:00+03:00,1.113625,24.4,0.0,34,1.25,0.0,24.8,0.0,31,3.24,0.0,24.6,0.0,37,0.89,0.0
2026-07-06T19:00:00+00:00,2026-07-06T22:00:00+03:00,0.7993775,22.1,0.0,15,1.66,0.0,22.7,0.0,19,4.27,0.0,24.4,0.0,30,0.18,0.0
2026-07-06T20:00:00+00:00,2026-07-06T23:00:00+03:00,0.8601875,21.1,0.0,14,2.15,0.0,20.9,0.0,20,4.3,0.0,22.8,0.0,46,0.87,0.0
2026-07-06T21:00:00+00:00,2026-07-07T00:00:00+03:00,0.74625,20.2,0.0,13,2.77,0.0,20.6,0.0,18,3.79,0.0,21.9,0.0,64,1.55,0.0
2026-07-06T22:00:00+00:00,2026-07-07T01:00:00+03:00,0.7759825,19.9,0.0,36,5.52,0.0,19.7,0.0,25,2.55,0.0,20.6,0.0,28,0.53,0.0
2026-07-06T23:00:00+00:00,2026-07-07T02:00:00+03:00,0.689165,18.8,0.0,32,4.81,0.0,19.5,0.0,33,2.05,0.0,20.3,0.0,37,0.69,0.0
2026-07-07T00:00:00+00:00,2026-07-07T03:00:00+03:00,0.5891075,18.0,0.0,34,4.66,0.0,19.3,0.0,37,1.49,0.0,20.3,0.0,41,1.07,0.0
2026-07-07T01:00:00+00:00,2026-07-07T04:00:00+03:00,0.55176,17.2,0.0,33,5.17,0.0,18.9,0.0,25,1.25,0.0,20.0,0.0,29,1.42,0.0
2026-07-07T02:00:00+00:00,2026-07-07T05:00:00+03:00,0.5811375,16.7,2.0,28,5.13,0.0,18.3,5.0,81,1.61,0.0,18.8,7.0,10,1.6,0.0
2026-07-07T03:00:00+00:00,2026-07-07T06:00:00+03:00,0.6583225,16.1,69.0,21,4.48,0.0,18.2,87.0,97,2.21,0.0,17.8,89.0,6,1.72,0.0
2026-07-07T04:00:00+00:00,2026-07-07T07:00:00+03:00,0.7206475,17.0,208.0,25,3.87,0.0,19.1,236.0,19,2.69,0.0,18.6,245.0,4,1.77,0.0
2026-07-07T05:00:00+00:00,2026-07-07T08:00:00+03:00,0.6705325,19.0,380.0,29,2.62,0.0,21.6,405.0,13,2.72,0.0,22.3,414.0,3,1.43,0.0
2026-07-07T06:00:00+00:00,2026-07-07T09:00:00+03:00,0.520675,21.5,529.0,27,0.83,0.0,23.5,551.0,6,2.38,0.0,24.0,569.0,1,1.47,0.0
2026-07-07T07:00:00+00:00,2026-07-07T10:00:00+03:00,0.1961625,23.8,700.0,23,0.57,0.0,25.4,708.0,4,2.38,0.0,25.2,675.0,4,2.16,0.0
2026-07-07T08:00:00+00:00,2026-07-07T11:00:00+03:00,0.19614,25.6,818.0,1,1.38,0.0,27.7,761.0,22,2.64,0.0,27.4,746.0,13,2.98,0.0
2026-07-07T09:00:00+00:00,2026-07-07T12:00:00+03:00,0.131455,27.2,884.0,1,2.28,0.0,28.4,722.0,27,2.85,0.0,27.8,599.0,19,3.51,0.0
2026-07-07T10:00:00+00:00,2026-07-07T13:00:00+03:00,0.0845375,28.3,863.0,16,2.72,0.0,28.9,685.0,38,0.94,0.0,28.4,729.0,27,3.42,0.0
2026-07-07T11:00:00+00:00,2026-07-07T14:00:00+03:00,0.1154225,29.1,801.0,26,2.83,0.0,28.8,641.0,55,0.85,0.0,28.8,739.0,49,3.58,0.0
2026-07-07T12:00:00+00:00,2026-07-07T15:00:00+03:00,0.0885825,29.3,628.0,29,2.69,0.0,28.5,587.0,55,0.83,0.0,29.0,653.0,40,3.61,0.0
2026-07-07T13:00:00+00:00,2026-07-07T16:00:00+03:00,0.19614,29.3,552.0,32,2.62,0.0,28.8,467.0,55,1.71,0.0,29.3,523.0,44,3.68,0.0
2026-07-07T14:00:00+00:00,2026-07-07T17:00:00+03:00,0.48936,29.4,400.0,18,3.11,0.0,29.2,380.0,46,2.11,0.0,30.0,340.0,32,3.72,0.0
2026-07-07T15:00:00+00:00,2026-07-07T18:00:00+03:00,0.6677075,29.2,295.0,35,3.35,0.1,29.0,199.0,50,3.74,0.1,29.9,246.0,32,3.65,0.0
2026-07-07T16:00:00+00:00,2026-07-07T19:00:00+03:00,0.765145,28.8,118.0,33,2.67,0.0,28.2,113.0,44,5.33,0.0,29.8,92.0,22,3.54,0.0
2026-07-07T17:00:00+00:00,2026-07-07T20:00:00+03:00,0.9024675,27.5,31.0,18,1.64,0.0,26.9,19.0,45,6.25,0.0,27.4,18.0,20,3.72,0.0
2026-07-07T18:00:00+00:00,2026-07-07T21:00:00+03:00,0.9137275,26.1,0.0,12,1.18,0.0,26.0,0.0,28,6.76,0.0,25.9,0.0,7,4.09,0.0
2026-07-07T19:00:00+00:00,2026-07-07T22:00:00+03:00,0.87382,23.7,0.0,4,0.32,0.0,24.7,0.0,23,6.88,0.0,25.1,0.0,14,4.6,0.0
2026-07-07T20:00:00+00:00,2026-07-07T23:00:00+03:00,0.8312525,21.9,0.0,7,1.03,0.0,23.1,0.0,11,6.72,0.0,23.4,0.0,12,4.83,0.0
2026-07-07T21:00:00+00:00,2026-07-08T00:00:00+03:00,0.839915,20.6,0.0,16,1.5,0.0,22.4,0.0,6,6.46,0.0,22.6,0.0,1,4.94,0.0
2026-07-07T22:00:00+00:00,2026-07-08T01:00:00+03:00,0.81897,20.9,0.0,7,1.7,0.0,21.7,0.0,2,6.27,0.0,21.3,0.0,5,5.16,0.0
2026-07-07T23:00:00+00:00,2026-07-08T02:00:00+03:00,0.7491475,19.5,0.0,7,3.68,0.0,21.5,0.0,5,5.87,0.0,20.9,0.0,33,5.33,0.0
2026-07-08T00:00:00+00:00,2026-07-08T03:00:00+03:00,0.7194725,18.8,0.0,3,3.76,0.0,21.2,0.0,20,5.31,0.0,20.7,0.0,43,5.02,0.0
2026-07-08T01:00:00+00:00,2026-07-08T04:00:00+03:00,0.68598,18.4,0.0,21,3.41,0.0,20.7,0.0,6,4.73,0.0,20.4,0.0,47,4.7,0.0
2026-07-08T02:00:00+00:00,2026-07-08T05:00:00+03:00,0.685935,18.1,2.0,12,2.75,0.0,20.3,5.0,27,4.5,0.0,19.7,7.0,54,4.65,0.0
2026-07-08T03:00:00+00:00,2026-07-08T06:00:00+03:00,0.860315,17.3,64.0,12,1.04,0.0,20.0,84.0,32,4.15,0.0,19.4,83.0,61,3.99,0.0
2026-07-08T04:00:00+00:00,2026-07-08T07:00:00+03:00,0.8618725,17.3,210.0,6,1.04,0.0,20.3,233.0,11,3.72,0.0,19.8,212.0,78,3.5,0.0
2026-07-08T05:00:00+00:00,2026-07-08T08:00:00+03:00,0.8203625,19.4,381.0,0,2.39,0.0,22.4,399.0,24,2.71,0.0,22.7,368.0,41,2.65,0.0
2026-07-08T06:00:00+00:00,2026-07-08T09:00:00+03:00,0.7707475,21.7,547.0,12,3.1,0.0,24.2,569.0,10,2.57,0.0,24.0,575.0,11,2.9,0.0
2026-07-08T07:00:00+00:00,2026-07-08T10:00:00+03:00,0.6740175,24.0,695.0,10,4.05,0.0,26.0,717.0,3,2.72,0.0,25.4,719.0,3,3.8,0.0
2026-07-08T08:00:00+00:00,2026-07-08T11:00:00+03:00,0.5085275,25.9,813.0,3,4.5,0.0,28.2,794.0,2,3.13,0.0,28.0,825.0,10,4.9,0.0
2026-07-08T09:00:00+00:00,2026-07-08T12:00:00+03:00,0.40594,27.0,872.0,75,4.36,0.0,28.9,854.0,16,3.22,0.0,28.6,878.0,3,5.15,0.0
2026-07-08T10:00:00+00:00,2026-07-08T13:00:00+03:00,0.419255,28.4,884.0,99,3.98,0.0,29.8,870.0,9,1.7,0.0,28.7,862.0,1,4.63,0.0
2026-07-08T11:00:00+00:00,2026-07-08T14:00:00+03:00,0.4129625,29.6,690.0,98,4.42,1.6,30.1,803.0,46,2.51,0.0,29.1,828.0,18,5.47,0.0
2026-07-08T12:00:00+00:00,2026-07-08T15:00:00+03:00,0.26275,27.2,284.0,100,7.38,0.8,30.6,667.0,39,2.86,0.0,30.2,669.0,71,6.16,0.0
2026-07-08T13:00:00+00:00,2026-07-08T16:00:00+03:00,0.3927975,23.9,204.0,99,6.11,0.0,30.5,554.0,64,3.59,0.0,30.8,387.0,99,6.75,0.5
2026-07-08T14:00:00+00:00,2026-07-08T17:00:00+03:00,0.4859525,23.4,180.0,100,5.19,0.0,29.7,332.0,77,3.96,1.3,26.3,164.0,100,6.64,1.3
2026-07-08T15:00:00+00:00,2026-07-08T18:00:00+03:00,0.6619725,23.6,138.0,100,4.25,0.0,27.8,180.0,100,5.93,0.1,23.1,90.0,100,3.76,0.1
2026-07-08T16:00:00+00:00,2026-07-08T19:00:00+03:00,0.7593475,23.3,73.0,100,4.33,0.0,25.0,86.0,100,4.11,0.0,22.9,62.0,100,3.42,0.0
2026-07-08T17:00:00+00:00,2026-07-08T20:00:00+03:00,0.7213225,22.9,19.0,100,5.19,0.0,23.2,14.0,100,1.48,0.0,21.5,15.0,100,4.34,0.0
2026-07-08T18:00:00+00:00,2026-07-08T21:00:00+03:00,0.8500275,22.1,0.0,93,5.57,0.0,22.6,0.0,100,2.46,0.0,21.2,0.0,100,5.54,0.1
2026-07-08T19:00:00+00:00,2026-07-08T22:00:00+03:00,0.837375,20.9,0.0,100,5.0,0.0,21.6,0.0,100,3.61,0.0,21.3,0.0,100,6.06,0.0
2026-07-08T20:00:00+00:00,2026-07-08T23:00:00+03:00,0.8329775,20.6,0.0,100,4.15,0.0,20.8,0.0,41,4.5,0.0,20.2,0.0,74,4.94,0.0
2026-07-08T21:00:00+00:00,2026-07-09T00:00:00+03:00,0.759665,19.9,0.0,99,3.5,0.0,20.5,0.0,45,4.98,0.0,19.9,0.0,19,4.67,0.0
2026-07-08T22:00:00+00:00,2026-07-09T01:00:00+03:00,0.7662975,18.8,0.0,86,3.53,0.3,20.2,0.0,70,5.04,0.0,19.1,0.0,29,5.17,0.0
2026-07-08T23:00:00+00:00,2026-07-09T02:00:00+03:00,0.7150775,18.5,0.0,94,3.89,0.6,19.6,0.0,33,4.69,0.0,18.5,0.0,100,6.6,0.0
2026-07-09T00:00:00+00:00,2026-07-09T03:00:00+03:00,0.677685,17.6,0.0,98,5.06,0.3,19.4,0.0,5,5.68,0.0,18.2,0.0,56,7.06,0.0
2026-07-09T01:00:00+00:00,2026-07-09T04:00:00+03:00,0.6594625,18.1,0.0,97,5.88,0.0,18.9,0.0,11,6.6,0.0,18.0,0.0,84,6.31,0.0
2026-07-09T02:00:00+00:00,2026-07-09T05:00:00+03:00,0.6674525,17.5,1.0,92,5.64,0.0,18.3,3.0,57,6.53,0.0,17.3,6.0,98,5.9,0.0
2026-07-09T03:00:00+00:00,2026-07-09T06:00:00+03:00,0.7017225,17.0,49.0,50,5.13,0.0,18.1,50.0,100,6.54,0.0,17.1,80.0,100,5.86,0.0
2026-07-09T04:00:00+00:00,2026-07-09T07:00:00+03:00,0.7686475,16.8,186.0,25,4.49,0.0,18.2,122.0,100,6.31,0.0,17.4,218.0,100,5.65,0.0
2026-07-09T05:00:00+00:00,2026-07-09T08:00:00+03:00,0.7690975,18.2,356.0,27,4.0,0.0,18.8,279.0,100,5.56,0.0,19.3,348.0,98,5.51,0.0
2026-07-09T06:00:00+00:00,2026-07-09T09:00:00+03:00,0.6198475,20.0,512.0,21,4.49,0.0,19.5,183.0,100,5.57,0.3,19.8,444.0,93,5.46,0.0
2026-07-09T07:00:00+00:00,2026-07-09T10:00:00+03:00,0.4447475,21.1,662.0,26,4.12,0.0,20.2,300.0,100,5.22,0.1,20.4,594.0,94,4.99,0.0
2026-07-09T08:00:00+00:00,2026-07-09T11:00:00+03:00,0.31734,23.0,691.0,30,3.21,0.0,22.2,469.0,97,4.69,0.0,22.9,772.0,90,4.5,0.0
2026-07-09T09:00:00+00:00,2026-07-09T12:00:00+03:00,0.3960025,23.5,725.0,38,2.55,0.0,23.1,650.0,89,4.32,0.0,23.6,781.0,81,4.07,0.0
2026-07-09T10:00:00+00:00,2026-07-09T13:00:00+03:00,0.3174225,24.6,554.0,47,2.3,0.0,24.1,727.0,71,2.92,0.0,25.1,836.0,66,4.31,0.0
2026-07-09T11:00:00+00:00,2026-07-09T14:00:00+03:00,0.2070025,24.5,641.0,64,0.94,0.0,24.6,726.0,78,3.19,0.0,25.3,769.0,50,4.07,0.0
2026-07-09T12:00:00+00:00,2026-07-09T15:00:00+03:00,0.1916025,24.3,729.0,88,0.76,0.0,24.9,575.0,83,3.25,0.0,25.4,574.0,64,3.63,0.0
2026-07-09T13:00:00+00:00,2026-07-09T16:00:00+03:00,0.284735,24.3,578.0,94,2.45,0.0,24.9,519.0,54,3.44,0.0,25.1,469.0,60,2.95,0.0
2026-07-09T14:00:00+00:00,2026-07-09T17:00:00+03:00,0.4192925,24.1,343.0,97,3.06,1.4,24.7,435.0,73,3.69,0.0,24.8,452.0,46,2.53,0.0
2026-07-09T15:00:00+00:00,2026-07-09T18:00:00+03:00,0.5888325,20.4,165.0,99,2.25,0.6,24.0,246.0,71,3.1,0.0,24.7,241.0,35,1.59,0.0
2026-07-09T16:00:00+00:00,2026-07-09T19:00:00+03:00,0.74855,19.3,63.0,98,2.2,0.4,22.8,126.0,65,2.65,0.0,24.1,116.0,63,0.89,0.0
2026-07-09T17:00:00+00:00,2026-07-09T20:00:00+03:00,0.86916,18.1,13.0,99,3.68,0.0,20.9,16.0,74,2.56,0.0,21.7,18.0,67,3.37,0.0
2026-07-09T18:00:00+00:00,2026-07-09T21:00:00+03:00,1.067285,17.9,0.0,93,3.36,0.0,19.4,0.0,78,1.94,0.0,20.6,0.0,85,3.86,0.0
2026-07-09T19:00:00+00:00,2026-07-09T22:00:00+03:00,1.0767875,16.7,0.0,60,3.01,0.0,19.2,0.0,84,0.45,0.0,20.5,0.0,94,3.87,0.0
2026-07-09T20:00:00+00:00,2026-07-09T23:00:00+03:00,0.9525875,16.1,0.0,19,2.27,0.0,18.3,0.0,94,0.76,0.0,18.9,0.0,98,3.94,0.0
2026-07-09T21:00:00+00:00,2026-07-10T00:00:00+03:00,0.8457375,15.3,0.0,15,1.25,0.0,17.8,0.0,100,1.84,0.0,18.6,0.0,99,3.57,0.2
2026-07-09T22:00:00+00:00,2026-07-10T01:00:00+03:00,0.798235,15.1,0.0,62,1.39,0.0,17.1,0.0,98,4.3,0.0,18.1,0.0,100,3.8,0.1
2026-07-09T23:00:00+00:00,2026-07-10T02:00:00+03:00,0.7490875,14.1,0.0,59,2.24,0.0,17.1,0.0,83,4.86,0.0,17.8,0.0,98,3.58,0.1
2026-07-10T00:00:00+00:00,2026-07-10T03:00:00+03:00,0.7283525,13.9,0.0,33,3.34,0.0,16.4,0.0,40,5.06,0.0,17.5,0.0,91,3.87,0.1
2026-07-10T01:00:00+00:00,2026-07-10T04:00:00+03:00,0.72113,13.4,0.0,26,3.53,0.0,15.9,0.0,22,5.8,0.0,17.0,0.0,68,4.43,0.1
2026-07-10T02:00:00+00:00,2026-07-10T05:00:00+03:00,0.7278425,13.0,1.0,17,2.75,0.0,15.3,4.0,4,6.36,0.0,15.8,5.0,39,4.79,0.0
2026-07-10T03:00:00+00:00,2026-07-10T06:00:00+03:00,0.7420125,12.8,62.0,23,2.47,0.0,15.3,81.0,4,6.47,0.0,15.7,83.0,25,4.76,0.0
2026-07-10T04:00:00+00:00,2026-07-10T07:00:00+03:00,0.7870975,13.5,193.0,28,2.17,0.0,15.9,237.0,6,5.9,0.0,16.0,232.0,19,4.88,0.0
2026-07-10T05:00:00+00:00,2026-07-10T08:00:00+03:00,0.768745,15.5,329.0,36,1.15,0.0,18.2,413.0,8,5.01,0.0,17.6,402.0,21,4.73,0.0
2026-07-10T06:00:00+00:00,2026-07-10T09:00:00+03:00,0.2775525,17.6,486.0,40,1.37,0.0,19.6,581.0,8,4.09,0.0,18.5,571.0,23,4.38,0.0
2026-07-10T07:00:00+00:00,2026-07-10T10:00:00+03:00,0.19622,19.5,563.0,35,1.66,0.0,20.8,725.0,7,3.54,0.0,19.6,723.0,16,4.3,0.0
2026-07-10T08:00:00+00:00,2026-07-10T11:00:00+03:00,0.255675,21.3,675.0,34,1.44,0.0,23.1,827.0,12,3.02,0.0,22.3,821.0,14,4.05,0.0
2026-07-10T09:00:00+00:00,2026-07-10T12:00:00+03:00,0.410975,22.8,779.0,38,1.35,0.1,24.0,786.0,17,2.51,0.0,23.1,692.0,26,3.98,0.0
2026-07-10T10:00:00+00:00,2026-07-10T13:00:00+03:00,0.2854975,23.8,620.0,26,3.02,0.0,24.9,820.0,46,1.79,0.0,24.1,828.0,55,3.79,0.0
2026-07-10T11:00:00+00:00,2026-07-10T14:00:00+03:00,0.1955625,24.3,831.0,26,3.29,0.0,25.6,713.0,59,1.7,0.0,24.8,710.0,49,3.37,0.0
2026-07-10T12:00:00+00:00,2026-07-10T15:00:00+03:00,0.214345,24.9,574.0,41,3.35,0.0,25.4,520.0,52,1.63,0.0,24.7,600.0,44,2.75,0.0
2026-07-10T13:00:00+00:00,2026-07-10T16:00:00+03:00,0.3250625,25.0,561.0,36,3.4,0.0,25.5,450.0,41,1.52,0.0,24.8,437.0,37,2.77,0.0
2026-07-10T14:00:00+00:00,2026-07-10T17:00:00+03:00,0.4651525,25.0,231.0,59,3.44,0.2,25.3,324.0,41,1.59,0.0,24.0,376.0,50,2.81,0.0
2026-07-10T15:00:00+00:00,2026-07-10T18:00:00+03:00,0.68585,24.6,239.0,35,3.4,0.7,25.4,232.0,45,1.23,0.0,24.1,208.0,63,3.68,0.0
2026-07-10T16:00:00+00:00,2026-07-10T19:00:00+03:00,0.83947,23.8,91.0,43,2.8,0.1,25.2,109.0,47,1.53,0.0,23.8,117.0,59,4.55,0.0
2026-07-10T17:00:00+00:00,2026-07-10T20:00:00+03:00,0.871075,23.4,28.0,31,2.21,0.0,24.2,19.0,37,3.35,0.0,22.4,20.0,38,2.7,0.0
2026-07-10T18:00:00+00:00,2026-07-10T21:00:00+03:00,0.9522925,22.1,0.0,15,2.14,0.0,22.1,0.0,27,4.66,0.0,22.0,0.0,15,2.02,0.0
2026-07-10T19:00:00+00:00,2026-07-10T22:00:00+03:00,0.9181375,19.4,0.0,13,2.06,0.0,21.0,0.0,15,4.58,0.0,21.2,0.0,23,2.08,0.0
2026-07-10T20:00:00+00:00,2026-07-10T23:00:00+03:00,0.8793975,17.9,0.0,8,2.02,0.0,19.6,0.0,12,3.81,0.0,18.7,0.0,20,1.5,0.0
2026-07-10T21:00:00+00:00,2026-07-11T00:00:00+03:00,0.8085375,17.3,0.0,10,1.72,0.0,19.2,0.0,15,2.97,0.0,18.5,0.0,11,1.1,0.0
2026-07-10T22:00:00+00:00,2026-07-11T01:00:00+03:00,0.8193125,17.2,0.0,8,2.08,0.0,17.9,0.0,15,1.35,0.0,16.7,0.0,9,1.55,0.0
2026-07-10T23:00:00+00:00,2026-07-11T02:00:00+03:00,0.765645,16.3,0.0,6,1.9,0.0,17.6,0.0,15,0.81,0.0,16.6,0.0,5,1.44,0.0
2026-07-11T00:00:00+00:00,2026-07-11T03:00:00+03:00,0.743625,15.4,0.0,2,2.72,0.0,17.0,0.0,8,1.33,0.0,16.7,0.0,1,1.55,0.0
2026-07-11T01:00:00+00:00,2026-07-11T04:00:00+03:00,0.73242,14.3,0.0,1,3.05,0.0,16.3,0.0,1,2.08,0.0,16.6,0.0,1,2.2,0.0
2026-07-11T02:00:00+00:00,2026-07-11T05:00:00+03:00,0.7309425,13.5,1.0,0,2.6,0.0,15.9,4.0,0,2.79,0.0,16.1,6.0,1,2.37,0.0
2026-07-11T03:00:00+00:00,2026-07-11T06:00:00+03:00,0.7076225,13.1,64.0,0,1.39,0.0,16.1,84.0,0,3.5,0.0,15.4,89.0,7,1.63,0.0
2026-07-11T04:00:00+00:00,2026-07-11T07:00:00+03:00,0.69909,13.9,208.0,0,0.73,0.0,16.9,237.0,0,3.77,0.0,15.8,241.0,4,1.32,0.0
2026-07-11T05:00:00+00:00,2026-07-11T08:00:00+03:00,0.49381,16.6,381.0,1,0.63,0.0,20.3,413.0,0,2.69,0.0,20.0,397.0,1,1.19,0.0
2026-07-11T06:00:00+00:00,2026-07-11T09:00:00+03:00,0.46079,19.1,548.0,0,1.13,0.0,22.1,577.0,0,2.06,0.0,21.4,571.0,0,2.09,0.0
2026-07-11T07:00:00+00:00,2026-07-11T10:00:00+03:00,0.19989,21.6,702.0,0,2.44,0.0,23.5,723.0,0,2.5,0.0,22.6,701.0,2,3.4,0.0
2026-07-11T08:00:00+00:00,2026-07-11T11:00:00+03:00,0.084235,24.2,823.0,0,3.27,0.0,26.0,766.0,35,3.1,0.0,25.7,815.0,1,4.34,0.0
2026-07-11T09:00:00+00:00,2026-07-11T12:00:00+03:00,0.00172,26.3,872.0,6,3.89,0.0,26.8,663.0,39,3.4,0.0,26.6,739.0,20,4.84,0.0
2026-07-11T10:00:00+00:00,2026-07-11T13:00:00+03:00,2.5e-06,27.8,733.0,11,4.53,0.0,28.5,714.0,21,2.21,0.0,28.2,603.0,41,5.74,0.0
2026-07-11T11:00:00+00:00,2026-07-11T14:00:00+03:00,2.5e-06,28.4,620.0,31,5.04,0.0,29.1,748.0,29,2.55,0.0,28.0,652.0,48,5.82,0.0
2026-07-11T12:00:00+00:00,2026-07-11T15:00:00+03:00,7.5e-06,28.7,646.0,15,5.23,0.0,29.4,627.0,16,2.4,0.0,28.2,599.0,29,5.77,0.0
2026-07-11T13:00:00+00:00,2026-07-11T16:00:00+03:00,0.006055,29.2,535.0,10,4.95,0.0,29.6,541.0,20,2.09,0.0,28.6,488.0,23,5.65,0.0
2026-07-11T14:00:00+00:00,2026-07-11T17:00:00+03:00,0.0737425,29.6,485.0,0,4.38,0.0,29.5,379.0,52,2.16,0.0,28.7,376.0,14,5.48,0.0
2026-07-11T15:00:00+00:00,2026-07-11T18:00:00+03:00,0.4782675,30.0,333.0,1,3.92,0.0,29.3,284.0,2,2.17,0.0,28.7,284.0,14,5.19,0.0
2026-07-11T16:00:00+00:00,2026-07-11T19:00:00+03:00,0.7234075,29.8,162.0,5,3.25,0.0,29.4,134.0,0,3.9,0.0,28.5,134.0,15,4.3,0.0
2026-07-11T17:00:00+00:00,2026-07-11T20:00:00+03:00,0.824,28.6,34.0,0,2.68,0.0,27.2,20.0,0,5.4,0.0,25.9,22.0,13,3.84,0.0
2026-07-11T18:00:00+00:00,2026-07-11T21:00:00+03:00,0.832285,27.2,0.0,0,2.96,0.0,25.2,0.0,0,6.0,0.0,24.4,0.0,13,4.06,0.0
2026-07-11T19:00:00+00:00,2026-07-11T22:00:00+03:00,0.818855,24.6,0.0,11,3.5,0.0,23.8,0.0,0,6.2,0.0,23.2,0.0,14,4.78,0.0
2026-07-11T20:00:00+00:00,2026-07-11T23:00:00+03:00,0.81104,23.0,0.0,10,3.76,0.0,21.8,0.0,0,6.06,0.0,21.0,0.0,15,4.42,0.0
2026-07-11T21:00:00+00:00,2026-07-12T00:00:00+03:00,0.7755,21.3,0.0,16,4.0,0.0,21.4,0.0,2,5.88,0.0,20.8,0.0,18,3.03,0.0
2026-07-11T22:00:00+00:00,2026-07-12T01:00:00+03:00,0.71933,19.0,0.0,16,1.82,0.0,20.4,0.0,1,4.82,0.0,19.1,0.0,21,3.36,0.0
2026-07-11T23:00:00+00:00,2026-07-12T02:00:00+03:00,0.6902425,20.5,0.0,28,1.2,0.0,19.8,0.0,1,4.55,0.0,18.8,0.0,27,5.3,0.0
2026-07-12T00:00:00+00:00,2026-07-12T03:00:00+03:00,0.6571975,19.3,0.0,37,4.57,0.0,19.2,0.0,1,4.14,0.0,18.0,0.0,40,5.64,0.0
2026-07-12T01:00:00+00:00,2026-07-12T04:00:00+03:00,0.6547375,17.4,0.0,19,5.89,0.0,18.7,0.0,2,3.27,0.0,17.4,0.0,31,5.03,0.0
2026-07-12T02:00:00+00:00,2026-07-12T05:00:00+03:00,0.64313,16.4,1.0,16,6.75,0.0,17.7,4.0,0,3.07,0.0,16.6,6.0,31,4.98,0.0
2026-07-12T03:00:00+00:00,2026-07-12T06:00:00+03:00,0.6267325,16.3,44.0,25,7.27,0.0,17.0,81.0,0,3.81,0.0,16.6,87.0,14,4.54,0.0
2026-07-12T04:00:00+00:00,2026-07-12T07:00:00+03:00,0.584155,17.1,128.0,47,7.15,0.0,18.2,230.0,3,4.36,0.0,16.9,236.0,10,3.43,0.0
2026-07-12T05:00:00+00:00,2026-07-12T08:00:00+03:00,0.5221925,18.1,274.0,52,6.03,0.0,20.6,403.0,6,3.75,0.0,19.5,408.0,8,2.9,0.0
2026-07-12T06:00:00+00:00,2026-07-12T09:00:00+03:00,0.19623,19.6,449.0,42,5.0,0.0,21.9,570.0,3,3.68,0.0,20.4,534.0,10,2.83,0.0
2026-07-12T07:00:00+00:00,2026-07-12T10:00:00+03:00,0.0281825,21.1,529.0,42,4.37,0.1,23.0,709.0,8,3.83,0.0,21.4,562.0,19,2.83,0.1
2026-07-12T08:00:00+00:00,2026-07-12T11:00:00+03:00,-0.00023,23.3,548.0,47,4.13,0.0,24.3,696.0,9,3.87,0.0,22.9,553.0,43,2.3,0.2
2026-07-12T09:00:00+00:00,2026-07-12T12:00:00+03:00,-0.000295,25.0,772.0,44,3.59,0.0,24.7,795.0,13,3.95,0.0,23.3,465.0,70,1.44,0.0
2026-07-12T10:00:00+00:00,2026-07-12T13:00:00+03:00,-0.0006825,26.1,876.0,25,2.8,0.0,25.6,822.0,69,5.6,0.0,23.5,577.0,75,1.95,0.2
2026-07-12T11:00:00+00:00,2026-07-12T14:00:00+03:00,-0.000995,27.6,830.0,4,2.77,0.0,25.7,797.0,87,4.76,0.2,23.8,568.0,83,1.32,0.0
2026-07-12T12:00:00+00:00,2026-07-12T15:00:00+03:00,-0.0001875,28.6,691.0,86,2.27,0.0,25.4,694.0,24,5.64,0.2,24.5,608.0,55,1.81,0.0
2026-07-12T13:00:00+00:00,2026-07-12T16:00:00+03:00,0.002895,29.1,568.0,97,1.87,0.0,24.6,546.0,31,5.91,0.0,25.5,539.0,35,2.36,0.0
2026-07-12T14:00:00+00:00,2026-07-12T17:00:00+03:00,0.067275,29.0,434.0,66,1.25,0.0,25.7,374.0,22,5.82,0.0,26.6,410.0,17,3.13,0.0
2026-07-12T15:00:00+00:00,2026-07-12T18:00:00+03:00,0.394,28.1,279.0,83,0.98,0.0,25.7,254.0,13,6.08,0.0,26.8,263.0,35,3.46,0.0
2026-07-12T16:00:00+00:00,2026-07-12T19:00:00+03:00,0.58809,26.8,130.0,88,2.97,0.0,25.4,93.0,40,5.65,0.0,26.0,119.0,49,3.45,0.0
2026-07-12T17:00:00+00:00,2026-07-12T20:00:00+03:00,0.7230425,25.0,24.0,91,2.83,0.0,24.3,17.0,52,5.95,0.0,24.1,21.0,48,3.44,0.0
2026-07-12T18:00:00+00:00,2026-07-12T21:00:00+03:00,0.734675,23.4,0.0,82,2.04,0.1,23.4,0.0,77,6.84,0.0,22.8,0.0,54,3.55,0.0
2026-07-12T19:00:00+00:00,2026-07-12T22:00:00+03:00,0.7562075,22.4,0.0,69,1.97,0.1,22.5,0.0,60,6.57,0.0,22.1,0.0,58,4.26,0.3
2026-07-12T20:00:00+00:00,2026-07-12T23:00:00+03:00,0.7585225,21.7,0.0,64,3.3,0.1,21.7,0.0,90,6.3,0.2,20.7,0.0,82,4.81,0.1
2026-07-12T21:00:00+00:00,2026-07-13T00:00:00+03:00,0.7291525,21.2,0.0,61,4.31,0.1,21.8,0.0,81,6.26,0.2,20.7,0.0,76,4.78,1.4
2026-07-12T22:00:00+00:00,2026-07-13T01:00:00+03:00,0.6789625,20.0,0.0,57,1.52,0.1,21.4,0.0,96,5.81,2.2,20.0,0.0,66,4.95,1.6
2026-07-12T23:00:00+00:00,2026-07-13T02:00:00+03:00,0.650445,19.9,0.0,66,0.85,0.0,20.9,0.0,95,6.37,0.7,19.8,0.0,61,4.12,1.2
2026-07-13T00:00:00+00:00,2026-07-13T03:00:00+03:00,0.63487,19.1,0.0,56,0.61,0.0,20.3,0.0,97,6.08,2.6,19.6,0.0,62,3.46,0.5
2026-07-13T01:00:00+00:00,2026-07-13T04:00:00+03:00,0.63987,18.8,0.0,36,0.81,0.0,20.1,0.0,96,5.8,4.8,19.8,0.0,74,3.24,2.4
2026-07-13T02:00:00+00:00,2026-07-13T05:00:00+03:00,0.6474575,17.4,1.0,21,0.86,0.0,19.5,1.0,100,5.04,5.9,18.7,3.0,93,3.63,1.4
2026-07-13T03:00:00+00:00,2026-07-13T06:00:00+03:00,0.710095,17.2,55.0,7,0.49,0.0,19.2,35.0,100,4.14,1.6,18.3,24.0,93,3.78,0.5
2026-07-13T04:00:00+00:00,2026-07-13T07:00:00+03:00,0.7828775,17.5,174.0,17,1.46,0.0,19.1,93.0,100,2.66,0.3,18.1,62.0,95,4.3,0.3
2026-07-13T05:00:00+00:00,2026-07-13T08:00:00+03:00,0.6136075,18.9,317.0,21,1.2,0.5,19.7,218.0,72,2.32,0.1,18.8,171.0,91,4.7,0.4
2026-07-13T06:00:00+00:00,2026-07-13T09:00:00+03:00,0.278825,19.9,497.0,19,0.85,0.0,20.2,296.0,100,3.43,0.4,19.2,225.0,84,4.3,0.4
2026-07-13T07:00:00+00:00,2026-07-13T10:00:00+03:00,0.19622,21.1,624.0,23,1.5,0.1,21.4,495.0,61,4.47,0.1,19.9,409.0,76,3.58,0.1
2026-07-13T08:00:00+00:00,2026-07-13T11:00:00+03:00,0.1537175,23.3,729.0,33,1.59,0.1,23.3,602.0,68,4.62,0.1,22.1,486.0,67,3.04,0.0
2026-07-13T09:00:00+00:00,2026-07-13T12:00:00+03:00,0.3593325,24.4,719.0,63,1.17,0.0,24.3,755.0,77,4.37,0.2,23.1,704.0,53,2.87,0.1
2026-07-13T10:00:00+00:00,2026-07-13T13:00:00+03:00,0.3594175,24.9,641.0,90,2.33,0.0,24.4,867.0,18,3.87,0.2,24.1,751.0,33,3.49,0.1
2026-07-13T11:00:00+00:00,2026-07-13T14:00:00+03:00,0.398,24.9,786.0,97,0.7,0.0,24.6,820.0,28,3.54,0.1,24.7,755.0,29,3.62,0.1
2026-07-13T12:00:00+00:00,2026-07-13T15:00:00+03:00,0.4176825,25.0,622.0,78,0.35,0.0,25.2,687.0,52,3.0,0.0,25.3,694.0,52,3.42,1.6
2026-07-13T13:00:00+00:00,2026-07-13T16:00:00+03:00,0.4546425,24.4,434.0,71,1.1,2.1,25.6,443.0,84,2.65,0.1,24.5,448.0,70,3.49,0.5
2026-07-13T14:00:00+00:00,2026-07-13T17:00:00+03:00,0.5340625,22.8,300.0,64,2.47,0.9,25.4,306.0,100,2.13,1.0,23.9,217.0,80,3.36,0.1
2026-07-13T15:00:00+00:00,2026-07-13T18:00:00+03:00,0.699145,22.9,181.0,73,4.07,0.0,23.8,123.0,99,3.61,1.2,23.5,182.0,92,4.13,0.1
2026-07-13T16:00:00+00:00,2026-07-13T19:00:00+03:00,0.816335,22.7,121.0,63,3.0,0.0,22.6,87.0,99,3.75,0.1,23.6,89.0,96,5.63,1.2
2026-07-13T17:00:00+00:00,2026-07-13T20:00:00+03:00,0.9150625,22.1,29.0,43,3.11,0.0,21.7,15.0,97,2.85,0.0,22.0,17.0,84,5.73,1.5
2026-07-13T18:00:00+00:00,2026-07-13T21:00:00+03:00,0.9430475,20.3,0.0,21,3.4,0.0,21.9,0.0,83,2.71,0.0,20.7,0.0,79,4.26,0.0
2026-07-13T19:00:00+00:00,2026-07-13T22:00:00+03:00,0.88157,19.7,0.0,28,3.62,0.0,20.3,0.0,80,4.25,0.0,20.2,0.0,73,4.46,0.0
2026-07-13T20:00:00+00:00,2026-07-13T23:00:00+03:00,0.83253,19.0,0.0,24,3.35,0.0,19.6,0.0,56,4.78,0.0,19.0,0.0,71,5.71,0.0
2026-07-13T21:00:00+00:00,2026-07-14T00:00:00+03:00,0.7789,17.7,0.0,22,3.05,0.0,19.5,0.0,52,5.99,0.0,18.7,0.0,82,6.07,0.0
2026-07-13T22:00:00+00:00,2026-07-14T01:00:00+03:00,0.74666,16.7,0.0,36,3.43,0.0,18.8,0.0,94,4.73,0.0,18.5,0.0,53,6.06,0.0
2026-07-13T23:00:00+00:00,2026-07-14T02:00:00+03:00,0.70073,16.2,0.0,26,3.69,0.0,18.5,0.0,89,5.26,0.0,18.1,0.0,49,6.28,0.0
2026-07-14T00:00:00+00:00,2026-07-14T03:00:00+03:00,0.66651,15.4,0.0,33,2.8,0.0,18.2,0.0,31,5.59,0.0,18.0,0.0,28,6.04,0.0
2026-07-14T01:00:00+00:00,2026-07-14T04:00:00+03:00,0.66581,15.5,0.0,44,2.51,0.0,18.0,0.0,22,6.0,0.0,17.9,0.0,7,5.76,0.0
2026-07-14T02:00:00+00:00,2026-07-14T05:00:00+03:00,0.6680825,15.5,1.0,14,3.15,0.0,17.8,3.0,9,6.72,0.0,17.0,5.0,3,5.9,0.0
2026-07-14T03:00:00+00:00,2026-07-14T06:00:00+03:00,0.706655,15.4,55.0,8,3.35,0.0,17.7,68.0,1,7.0,0.0,16.9,79.0,2,5.98,0.0
2026-07-14T04:00:00+00:00,2026-07-14T07:00:00+03:00,0.7855675,16.0,186.0,8,3.92,0.0,17.9,220.0,1,6.68,0.0,17.2,210.0,0,5.48,0.0
2026-07-14T05:00:00+00:00,2026-07-14T08:00:00+03:00,0.6514025,18.3,353.0,10,3.34,0.0,20.0,390.0,1,5.41,0.0,19.6,389.0,0,4.76,0.0
2026-07-14T06:00:00+00:00,2026-07-14T09:00:00+03:00,0.58822,20.8,498.0,12,3.42,0.0,21.4,534.0,1,4.63,0.0,20.7,562.0,0,4.53,0.0
2026-07-14T07:00:00+00:00,2026-07-14T10:00:00+03:00,0.208595,22.8,674.0,4,3.87,0.1,23.0,703.0,3,4.22,0.0,22.0,704.0,2,3.76,0.0
2026-07-14T08:00:00+00:00,2026-07-14T11:00:00+03:00,0.1963,25.0,679.0,21,4.42,0.1,24.6,782.0,6,4.05,0.0,24.1,805.0,13,3.59,0.0
2026-07-14T09:00:00+00:00,2026-07-14T12:00:00+03:00,0.19621,26.1,711.0,53,4.23,0.0,25.4,799.0,26,4.3,0.0,24.8,847.0,16,3.68,0.0
2026-07-14T10:00:00+00:00,2026-07-14T13:00:00+03:00,0.3939975,27.1,575.0,45,3.64,0.0,26.2,736.0,24,4.16,0.0,26.5,775.0,12,3.22,0.0
2026-07-14T11:00:00+00:00,2026-07-14T14:00:00+03:00,0.4201325,27.5,618.0,32,3.48,0.0,26.7,719.0,28,3.76,0.0,26.9,736.0,21,3.33,0.0
2026-07-14T12:00:00+00:00,2026-07-14T15:00:00+03:00,0.4382725,28.1,474.0,51,3.06,0.0,27.3,624.0,50,3.48,0.0,27.3,580.0,29,3.68,0.0
2026-07-14T13:00:00+00:00,2026-07-14T16:00:00+03:00,0.52371,28.3,423.0,32,2.96,0.0,27.6,487.0,29,3.3,0.0,27.3,519.0,19,3.39,0.0
2026-07-14T14:00:00+00:00,2026-07-14T17:00:00+03:00,0.6133,28.7,342.0,57,2.53,0.0,27.7,414.0,64,3.4,0.0,27.7,370.0,37,3.52,0.3
2026-07-14T15:00:00+00:00,2026-07-14T18:00:00+03:00,0.7490075,28.5,263.0,73,2.45,0.0,27.9,229.0,88,3.04,0.0,25.9,201.0,62,5.37,0.0
2026-07-14T16:00:00+00:00,2026-07-14T19:00:00+03:00,0.88802,28.5,139.0,92,2.47,0.0,27.7,114.0,38,2.89,0.0,26.0,101.0,37,4.51,0.0
2026-07-14T17:00:00+00:00,2026-07-14T20:00:00+03:00,0.939515,27.1,27.0,98,2.92,0.0,25.8,15.0,36,3.18,0.0,24.3,14.0,29,4.57,0.0
2026-07-14T18:00:00+00:00,2026-07-14T21:00:00+03:00,0.9495575,25.8,0.0,90,2.98,0.0,24.0,0.0,25,4.03,0.0,23.9,0.0,57,5.31,0.0
2026-07-14T19:00:00+00:00,2026-07-14T22:00:00+03:00,0.91599,24.1,0.0,54,2.87,0.0,23.3,0.0,29,4.64,0.0,23.5,0.0,81,4.93,0.0
2026-07-14T20:00:00+00:00,2026-07-14T23:00:00+03:00,0.883255,22.4,0.0,53,3.05,0.0,22.4,0.0,46,4.81,0.0,22.1,0.0,81,3.8,0.0
2026-07-14T21:00:00+00:00,2026-07-15T00:00:00+03:00,0.7930025,21.0,0.0,39,3.2,0.0,22.3,0.0,41,4.87,0.0,21.7,0.0,78,3.69,0.0
2026-07-14T22:00:00+00:00,2026-07-15T01:00:00+03:00,0.802325,20.5,0.0,32,5.32,0.0,21.1,0.0,71,5.24,0.0,21.2,0.0,90,4.76,0.0
2026-07-14T23:00:00+00:00,2026-07-15T02:00:00+03:00,0.75604,20.0,0.0,15,5.4,0.0,20.6,0.0,74,6.16,0.0,20.8,0.0,92,6.21,0.0
2026-07-15T00:00:00+00:00,2026-07-15T03:00:00+03:00,0.7270925,19.1,0.0,17,4.95,0.0,20.4,0.0,9,5.93,0.0,20.6,0.0,12,5.79,0.0
2026-07-15T01:00:00+00:00,2026-07-15T04:00:00+03:00,0.7096375,18.5,0.0,2,4.57,0.0,20.1,0.0,5,5.7,0.0,20.3,0.0,8,5.88,0.0
2026-07-15T02:00:00+00:00,2026-07-15T05:00:00+03:00,0.7300375,17.7,1.0,0,4.42,0.0,19.7,3.0,10,6.04,0.0,19.7,4.0,14,5.59,0.0
2026-07-15T03:00:00+00:00,2026-07-15T06:00:00+03:00,0.78493,17.2,56.0,1,3.75,0.0,19.7,72.0,17,5.9,0.0,19.5,78.0,5,5.76,0.0
2026-07-15T04:00:00+00:00,2026-07-15T07:00:00+03:00,0.8703325,18.1,194.0,5,3.11,0.0,20.0,215.0,22,5.84,0.0,19.6,220.0,4,5.3,0.0
2026-07-15T05:00:00+00:00,2026-07-15T08:00:00+03:00,0.86667,20.7,363.0,19,1.78,0.0,22.1,383.0,13,4.81,0.0,22.2,387.0,1,4.86,0.0
2026-07-15T06:00:00+00:00,2026-07-15T09:00:00+03:00,0.693475,23.4,524.0,7,0.97,0.0,23.6,549.0,0,4.41,0.0,23.3,552.0,0,4.73,0.0
2026-07-15T07:00:00+00:00,2026-07-15T10:00:00+03:00,0.5855525,25.6,682.0,6,1.08,0.0,25.1,690.0,0,3.89,0.0,24.4,695.0,0,4.25,0.1
2026-07-15T08:00:00+00:00,2026-07-15T11:00:00+03:00,0.57,27.2,757.0,1,1.39,0.0,26.9,807.0,2,3.59,0.1,27.0,752.0,6,4.14,0.1
2026-07-15T09:00:00+00:00,2026-07-15T12:00:00+03:00,0.53055,28.4,846.0,1,1.32,0.0,27.8,811.0,30,3.77,0.0,27.9,736.0,22,4.65,0.0
2026-07-15T10:00:00+00:00,2026-07-15T13:00:00+03:00,0.5045675,29.6,834.0,3,1.25,0.0,28.8,806.0,23,2.91,0.0,29.1,675.0,21,4.4,0.0
2026-07-15T11:00:00+00:00,2026-07-15T14:00:00+03:00,0.49,30.5,758.0,11,1.3,0.0,29.4,756.0,21,2.99,0.0,29.6,728.0,18,4.38,0.0
2026-07-15T12:00:00+00:00,2026-07-15T15:00:00+03:00,0.4699975,30.9,714.0,56,1.28,0.0,29.7,646.0,22,2.89,0.0,30.2,623.0,27,4.65,0.0
2026-07-15T13:00:00+00:00,2026-07-15T16:00:00+03:00,0.51724,31.3,595.0,96,1.23,0.0,29.5,587.0,27,2.6,0.0,30.1,586.0,29,4.52,0.0
2026-07-15T14:00:00+00:00,2026-07-15T17:00:00+03:00,0.698185,31.6,371.0,98,1.8,0.0,29.7,399.0,32,2.52,0.0,30.5,381.0,28,4.44,0.0
2026-07-15T15:00:00+00:00,2026-07-15T18:00:00+03:00,0.8458925,31.7,223.0,100,1.8,0.0,29.7,258.0,22,2.04,0.0,30.4,233.0,23,4.46,0.0
2026-07-15T16:00:00+00:00,2026-07-15T19:00:00+03:00,1.00583,30.8,100.0,98,2.27,0.0,28.8,117.0,43,1.31,0.0,29.9,108.0,30,3.77,0.0
2026-07-15T17:00:00+00:00,2026-07-15T20:00:00+03:00,1.5063275,29.2,22.0,96,3.14,0.0,27.0,16.0,18,2.08,0.0,27.4,18.0,53,3.48,0.0
2026-07-15T18:00:00+00:00,2026-07-15T21:00:00+03:00,1.234095,26.5,0.0,98,3.46,0.0,25.5,0.0,9,2.95,0.0,26.9,0.0,69,3.83,0.0
2026-07-15T19:00:00+00:00,2026-07-15T22:00:00+03:00,1.0667025,25.0,0.0,96,3.75,0.0,24.7,0.0,72,3.48,0.0,26.2,0.0,99,4.14,0.0
2026-07-15T20:00:00+00:00,2026-07-15T23:00:00+03:00,0.9859675,24.0,0.0,96,4.32,0.0,23.3,0.0,89,3.38,0.0,24.4,0.0,100,4.49,0.0
2026-07-15T21:00:00+00:00,2026-07-16T00:00:00+03:00,0.8971675,23.7,0.0,94,4.44,0.0,23.0,0.0,89,3.11,0.0,24.2,0.0,99,5.0,0.0
2026-07-15T22:00:00+00:00,2026-07-16T01:00:00+03:00,0.870935,22.5,0.0,92,3.37,0.0,22.1,0.0,93,1.48,0.0,22.8,0.0,96,5.1,0.0
2026-07-15T23:00:00+00:00,2026-07-16T02:00:00+03:00,0.835095,22.5,0.0,84,4.75,0.0,22.1,0.0,83,2.84,0.0,22.4,0.0,89,6.14,0.0
2026-07-16T00:00:00+00:00,2026-07-16T03:00:00+03:00,0.80186,22.7,0.0,93,3.51,0.0,22.0,0.0,93,5.09,0.0,22.0,0.0,69,5.99,0.0
2026-07-16T01:00:00+00:00,2026-07-16T04:00:00+03:00,0.78121,22.4,0.0,98,3.0,0.0,21.9,0.0,63,5.82,0.0,21.8,0.0,41,5.45,0.0
2026-07-16T02:00:00+00:00,2026-07-16T05:00:00+03:00,0.7944475,22.0,0.0,77,3.45,0.0,21.6,2.0,85,5.6,0.0,21.2,4.0,31,5.05,0.0
2026-07-16T03:00:00+00:00,2026-07-16T06:00:00+03:00,0.83368,21.5,51.0,33,4.63,0.0,21.5,73.0,89,5.11,0.0,21.2,78.0,41,4.92,0.0
2026-07-16T04:00:00+00:00,2026-07-16T07:00:00+03:00,0.913505,21.8,175.0,20,4.73,0.0,21.8,219.0,93,4.82,0.0,21.5,223.0,45,4.79,0.0
2026-07-16T05:00:00+00:00,2026-07-16T08:00:00+03:00,0.9029675,23.1,325.0,35,3.45,0.0,24.2,381.0,63,4.23,0.0,24.2,382.0,48,4.1,0.0
2026-07-16T06:00:00+00:00,2026-07-16T09:00:00+03:00,0.63281,24.6,457.0,28,2.44,0.0,25.7,508.0,32,3.69,0.0,25.2,533.0,21,3.91,0.0
2026-07-16T07:00:00+00:00,2026-07-16T10:00:00+03:00,0.455,26.5,424.0,33,2.48,0.0,27.0,682.0,10,3.8,0.0,26.3,690.0,5,3.9,0.0
2026-07-16T08:00:00+00:00,2026-07-16T11:00:00+03:00,0.38,28.3,577.0,37,2.35,0.0,29.1,777.0,18,3.54,0.0,29.2,765.0,16,3.52,0.0
2026-07-16T09:00:00+00:00,2026-07-16T12:00:00+03:00,0.46378,29.7,714.0,21,1.77,0.0,29.3,820.0,18,3.28,0.0,29.8,827.0,10,3.39,0.0
2026-07-16T10:00:00+00:00,2026-07-16T13:00:00+03:00,0.523885,30.3,785.0,42,0.53,0.0,29.7,820.0,27,3.68,0.0,30.8,840.0,11,3.31,0.0
2026-07-16T11:00:00+00:00,2026-07-16T14:00:00+03:00,0.50366,30.9,714.0,38,0.07,0.0,29.6,811.0,28,3.62,0.0,31.0,800.0,18,2.95,0.0
2026-07-16T12:00:00+00:00,2026-07-16T15:00:00+03:00,0.53386,31.0,632.0,56,1.23,0.0,29.6,623.0,16,3.42,0.0,31.2,636.0,25,2.55,0.0
2026-07-16T13:00:00+00:00,2026-07-16T16:00:00+03:00,0.5801575,30.2,530.0,75,3.02,0.0,29.3,523.0,22,3.47,0.0,31.0,533.0,30,2.86,0.0
2026-07-16T14:00:00+00:00,2026-07-16T17:00:00+03:00,0.6403725,29.5,363.0,69,4.1,0.0,29.3,419.0,32,3.12,0.0,30.8,372.0,23,3.3,0.0
2026-07-16T15:00:00+00:00,2026-07-16T18:00:00+03:00,0.8040425,28.0,211.0,71,4.23,0.0,28.4,216.0,55,2.51,0.1,30.8,197.0,28,3.28,0.0
2026-07-16T16:00:00+00:00,2026-07-16T19:00:00+03:00,1.0536025,27.6,105.0,67,3.73,0.0,28.1,87.0,43,2.4,0.0,30.6,105.0,28,3.21,0.0
2026-07-16T17:00:00+00:00,2026-07-16T20:00:00+03:00,1.2705375,27.1,27.0,89,2.33,0.0,26.9,14.0,56,3.05,0.0,28.4,17.0,25,3.46,0.0
2026-07-16T18:00:00+00:00,2026-07-16T21:00:00+03:00,1.588,24.9,0.0,92,1.63,0.0,25.3,0.0,48,3.3,0.0,27.4,0.0,17,3.87,0.0
2026-07-16T19:00:00+00:00,2026-07-16T22:00:00+03:00,1.3577225,23.7,0.0,84,1.46,0.0,24.9,0.0,31,4.02,0.0,26.8,0.0,12,4.61,0.0
2026-07-16T20:00:00+00:00,2026-07-16T23:00:00+03:00,1.085,22.2,0.0,80,1.45,0.0,24.0,0.0,19,4.65,0.0,25.1,0.0,14,5.42,0.0
2026-07-16T21:00:00+00:00,2026-07-17T00:00:00+03:00,0.94584,22.2,0.0,71,2.28,0.0,23.6,0.0,10,5.48,0.0,23.9,0.0,6,5.73,0.0
2026-07-16T22:00:00+00:00,2026-07-17T01:00:00+03:00,0.893945,21.2,0.0,80,2.59,0.0,22.7,0.0,10,6.15,0.0,22.3,0.0,10,6.65,0.0
2026-07-16T23:00:00+00:00,2026-07-17T02:00:00+03:00,0.846175,20.6,0.0,64,3.42,0.0,22.2,0.0,7,6.35,0.0,21.8,0.0,7,6.3,0.0
2026-07-17T00:00:00+00:00,2026-07-17T03:00:00+03:00,0.796525,20.4,0.0,45,4.6,0.0,21.9,0.0,9,6.04,0.0,21.6,0.0,11,6.05,0.0
2026-07-17T01:00:00+00:00,2026-07-17T04:00:00+03:00,0.7544,19.8,0.0,28,4.85,0.0,21.3,0.0,12,5.94,0.0,21.3,0.0,10,5.9,0.0
2026-07-17T02:00:00+00:00,2026-07-17T05:00:00+03:00,0.7489525,19.5,0.0,19,4.74,0.0,20.9,2.0,9,5.98,0.0,20.5,3.0,10,5.66,0.0
2026-07-17T03:00:00+00:00,2026-07-17T06:00:00+03:00,0.801215,19.1,50.0,16,4.7,0.0,20.9,72.0,14,6.02,0.0,20.5,78.0,10,5.18,0.0
2026-07-17T04:00:00+00:00,2026-07-17T07:00:00+03:00,0.8603425,19.7,177.0,19,4.56,0.0,21.3,220.0,9,6.04,0.0,20.8,226.0,10,4.51,0.0
2026-07-17T05:00:00+00:00,2026-07-17T08:00:00+03:00,0.86463,21.8,284.0,24,3.4,0.0,23.7,366.0,7,5.35,0.0,23.4,381.0,9,3.18,0.0
2026-07-17T06:00:00+00:00,2026-07-17T09:00:00+03:00,0.4949975,24.1,445.0,21,2.08,0.0,25.5,547.0,2,4.62,0.0,24.6,544.0,6,2.45,0.0
2026-07-17T07:00:00+00:00,2026-07-17T10:00:00+03:00,0.7,27.0,600.0,13,2.02,0.0,26.8,698.0,1,4.0,0.0,25.8,643.0,3,1.86,0.0
2026-07-17T08:00:00+00:00,2026-07-17T11:00:00+03:00,0.6222025,29.3,731.0,7,1.6,0.0,28.8,812.0,1,3.74,0.0,28.5,791.0,6,1.72,0.0
2026-07-17T09:00:00+00:00,2026-07-17T12:00:00+03:00,0.55745,30.6,778.0,27,0.67,0.0,29.8,725.0,10,4.04,0.1,29.5,682.0,49,2.2,0.0
2026-07-17T10:00:00+00:00,2026-07-17T13:00:00+03:00,0.5252175,31.6,647.0,19,0.62,0.0,29.6,785.0,65,4.76,0.0,30.0,645.0,34,1.97,0.0
2026-07-17T11:00:00+00:00,2026-07-17T14:00:00+03:00,0.514675,31.7,624.0,23,0.79,0.0,29.6,637.0,60,4.97,0.4,29.9,585.0,42,2.2,0.0
2026-07-17T12:00:00+00:00,2026-07-17T15:00:00+03:00,0.5211625,32.0,687.0,51,1.3,0.0,28.8,585.0,50,4.67,0.0,30.1,487.0,50,1.99,0.0
2026-07-17T13:00:00+00:00,2026-07-17T16:00:00+03:00,0.588525,32.7,532.0,61,1.84,0.0,28.8,476.0,50,4.21,0.0,30.2,389.0,42,1.54,0.0
2026-07-17T14:00:00+00:00,2026-07-17T17:00:00+03:00,0.64439,32.6,331.0,56,2.31,0.0,28.4,395.0,35,4.39,0.0,30.3,375.0,32,1.46,0.0
2026-07-17T15:00:00+00:00,2026-07-17T18:00:00+03:00,0.8902925,32.3,223.0,80,3.4,0.0,27.9,232.0,42,4.66,0.0,30.3,234.0,39,1.91,0.0
2026-07-17T16:00:00+00:00,2026-07-17T19:00:00+03:00,1.093265,31.8,95.0,66,3.04,0.0,26.9,99.0,46,4.46,0.0,29.9,108.0,16,4.17,0.0
2026-07-17T17:00:00+00:00,2026-07-17T20:00:00+03:00,1.061605,30.0,19.0,67,3.33,0.0,25.7,14.0,40,4.37,0.0,27.6,17.0,20,5.83,0.0
2026-07-17T18:00:00+00:00,2026-07-17T21:00:00+03:00,1.3425825,27.7,0.0,54,3.54,0.0,24.7,0.0,29,3.82,0.0,26.7,0.0,15,6.55,0.0
2026-07-17T19:00:00+00:00,2026-07-17T22:00:00+03:00,1.399,26.1,0.0,45,4.07,0.0,23.6,0.0,18,3.49,0.0,25.8,0.0,17,6.08,0.0
2026-07-17T20:00:00+00:00,2026-07-17T23:00:00+03:00,1.1575925,24.4,0.0,37,4.41,0.0,22.2,0.0,17,3.62,0.0,23.8,0.0,14,5.51,0.0
2026-07-17T21:00:00+00:00,2026-07-18T00:00:00+03:00,0.85446,23.9,0.0,38,4.3,0.0,21.7,0.0,21,3.65,0.0,23.3,0.0,23,5.0,0.0
2026-07-17T22:00:00+00:00,2026-07-18T01:00:00+03:00,0.828255,22.8,0.0,21,5.0,0.0,20.6,0.0,14,2.11,0.0,21.1,0.0,19,3.29,0.0
2026-07-17T23:00:00+00:00,2026-07-18T02:00:00+03:00,0.7641475,21.8,0.0,39,2.26,0.0,20.1,0.0,17,1.24,0.0,20.4,0.0,26,3.13,0.0
2026-07-18T00:00:00+00:00,2026-07-18T03:00:00+03:00,0.7442675,21.3,0.0,50,2.39,0.0,20.0,0.0,100,1.05,0.0,20.5,0.0,18,2.53,0.0
2026-07-18T01:00:00+00:00,2026-07-18T04:00:00+03:00,0.70915,21.1,0.0,39,1.03,0.0,20.4,0.0,99,1.61,0.0,20.1,0.0,11,2.7,0.0
2026-07-18T02:00:00+00:00,2026-07-18T05:00:00+03:00,0.7264125,20.9,0.0,54,3.25,0.0,20.0,2.0,100,1.81,0.0,20.0,3.0,13,2.47,0.0
2026-07-18T03:00:00+00:00,2026-07-18T06:00:00+03:00,0.69609,19.8,51.0,64,4.4,0.0,20.2,68.0,100,1.81,0.0,20.1,71.0,10,1.99,0.0
2026-07-18T04:00:00+00:00,2026-07-18T07:00:00+03:00,0.665555,20.4,189.0,39,3.96,0.0,20.2,213.0,100,1.77,0.0,20.7,188.0,6,1.58,0.0
2026-07-18T05:00:00+00:00,2026-07-18T08:00:00+03:00,0.6287675,22.5,347.0,16,2.5,0.0,22.9,387.0,18,1.33,0.0,23.7,368.0,5,1.06,0.0
2026-07-18T06:00:00+00:00,2026-07-18T09:00:00+03:00,0.50313,24.8,504.0,15,1.38,0.0,24.5,555.0,4,1.78,0.0,25.2,529.0,5,0.92,0.0
2026-07-18T07:00:00+00:00,2026-07-18T10:00:00+03:00,0.236075,27.1,655.0,10,0.75,0.0,25.9,679.0,8,2.44,0.0,26.2,679.0,6,1.05,0.0
2026-07-18T08:00:00+00:00,2026-07-18T11:00:00+03:00,0.0561725,29.6,764.0,10,0.5,0.0,28.0,754.0,2,3.02,0.0,28.9,761.0,14,1.44,0.0
2026-07-18T09:00:00+00:00,2026-07-18T12:00:00+03:00,0.041545,31.3,857.0,3,1.17,0.0,28.6,778.0,16,3.27,0.0,29.6,758.0,40,1.3,0.1
2026-07-18T10:00:00+00:00,2026-07-18T13:00:00+03:00,0.04019,32.4,844.0,36,0.69,0.0,29.6,767.0,48,4.3,0.0,30.3,726.0,32,2.86,0.0
2026-07-18T11:00:00+00:00,2026-07-18T14:00:00+03:00,0.047535,33.2,772.0,59,1.52,0.0,30.0,777.0,44,4.66,0.0,30.6,615.0,49,3.06,0.0
2026-07-18T12:00:00+00:00,2026-07-18T15:00:00+03:00,0.0617675,33.1,713.0,76,2.34,0.0,30.2,703.0,32,5.13,0.0,30.7,631.0,52,3.19,0.0
2026-07-18T13:00:00+00:00,2026-07-18T16:00:00+03:00,0.1117625,33.5,470.0,82,1.49,0.0,30.3,530.0,40,5.33,0.0,30.9,507.0,46,3.46,0.0
2026-07-18T14:00:00+00:00,2026-07-18T17:00:00+03:00,0.3925975,33.2,324.0,83,1.73,0.2,30.1,387.0,47,6.06,0.0,30.5,359.0,40,3.9,0.1
2026-07-18T15:00:00+00:00,2026-07-18T18:00:00+03:00,0.7451925,31.9,218.0,71,2.52,0.0,29.6,237.0,47,6.53,0.0,30.0,210.0,36,4.72,0.0
2026-07-18T16:00:00+00:00,2026-07-18T19:00:00+03:00,1.015465,30.9,120.0,70,2.31,0.0,28.5,81.0,69,6.14,0.0,29.4,83.0,49,5.28,0.0
2026-07-18T17:00:00+00:00,2026-07-18T20:00:00+03:00,0.8859525,29.5,24.0,73,2.62,0.0,26.6,12.0,58,6.44,0.0,27.3,14.0,54,5.65,0.0
2026-07-18T18:00:00+00:00,2026-07-18T21:00:00+03:00,1.026275,27.1,0.0,52,3.27,0.0,25.8,0.0,73,6.74,0.0,26.5,0.0,81,6.29,0.0
2026-07-18T19:00:00+00:00,2026-07-18T22:00:00+03:00,1.18326,25.7,0.0,42,4.16,0.0,24.8,0.0,72,6.73,0.0,25.6,0.0,43,6.51,0.0
2026-07-18T20:00:00+00:00,2026-07-18T23:00:00+03:00,0.93745,24.6,0.0,32,4.56,0.0,23.4,0.0,12,6.65,0.0,23.8,0.0,9,6.49,0.0
2026-07-18T21:00:00+00:00,2026-07-19T00:00:00+03:00,0.8170675,23.7,0.0,17,4.09,0.0,23.0,0.0,12,6.45,0.0,23.5,0.0,9,6.46,0.0
2026-07-18T22:00:00+00:00,2026-07-19T01:00:00+03:00,0.72717,23.2,0.0,35,2.9,0.0,21.7,0.0,5,6.25,0.0,22.4,0.0,4,6.61,0.0
2026-07-18T23:00:00+00:00,2026-07-19T02:00:00+03:00,0.6854675,22.8,0.0,38,2.62,0.0,21.5,0.0,21,6.05,0.0,22.2,0.0,20,6.41,0.0
2026-07-19T00:00:00+00:00,2026-07-19T03:00:00+03:00,0.6391925,22.0,0.0,34,1.61,0.0,21.5,0.0,13,6.2,0.0,22.0,0.0,23,6.19,0.0
2026-07-19T01:00:00+00:00,2026-07-19T04:00:00+03:00,0.6245625,21.3,0.0,23,1.44,0.0,21.3,0.0,7,6.06,0.0,21.8,0.0,52,5.71,0.0
2026-07-19T02:00:00+00:00,2026-07-19T05:00:00+03:00,0.6152475,20.9,0.0,15,1.74,0.0,21.3,2.0,5,6.01,0.0,21.7,3.0,43,5.6,0.0
2026-07-19T03:00:00+00:00,2026-07-19T06:00:00+03:00,0.5910775,20.5,50.0,8,1.91,0.0,21.3,64.0,2,5.65,0.0,21.8,65.0,51,5.66,0.0
2026-07-19T04:00:00+00:00,2026-07-19T07:00:00+03:00,0.57497,21.3,185.0,16,2.4,0.0,21.7,202.0,14,4.9,0.0,21.8,193.0,40,5.66,0.0
2026-07-19T05:00:00+00:00,2026-07-19T08:00:00+03:00,0.515545,23.0,348.0,21,2.08,0.0,23.8,368.0,16,4.0,0.0,24.4,346.0,40,5.0,0.0
2026-07-19T06:00:00+00:00,2026-07-19T09:00:00+03:00,0.25046,24.9,485.0,26,1.61,0.0,25.1,450.0,36,3.91,0.0,25.4,412.0,36,4.6,0.0
2026-07-19T07:00:00+00:00,2026-07-19T10:00:00+03:00,0.0245425,26.6,655.0,11,1.7,0.0,26.3,561.0,33,3.75,0.0,26.5,536.0,51,4.27,0.0
2026-07-19T08:00:00+00:00,2026-07-19T11:00:00+03:00,9.25e-05,28.6,757.0,8,1.97,0.0,28.3,566.0,34,4.27,0.0,29.2,556.0,51,4.0,0.0
2026-07-19T09:00:00+00:00,2026-07-19T12:00:00+03:00,0.000895,30.5,701.0,7,2.23,0.0,29.1,781.0,38,5.02,0.0,30.0,769.0,53,4.15,0.0
2026-07-19T10:00:00+00:00,2026-07-19T13:00:00+03:00,0.02186,31.3,840.0,20,3.46,0.1,29.8,750.0,27,5.36,0.0,30.7,736.0,49,4.93,0.0
2026-07-19T11:00:00+00:00,2026-07-19T14:00:00+03:00,0.014665,31.7,749.0,11,3.86,0.1,29.5,792.0,27,6.17,0.0,30.7,749.0,38,5.55,0.0
2026-07-19T12:00:00+00:00,2026-07-19T15:00:00+03:00,0.0382725,31.7,451.0,43,3.31,0.9,29.7,731.0,41,6.64,0.0,30.9,710.0,41,6.11,0.1
2026-07-19T13:00:00+00:00,2026-07-19T16:00:00+03:00,0.0607875,29.5,432.0,28,2.56,0.0,29.7,604.0,34,7.15,0.0,30.5,547.0,62,6.46,0.0
2026-07-19T14:00:00+00:00,2026-07-19T17:00:00+03:00,0.2545,29.3,422.0,29,2.34,0.0,29.4,409.0,21,7.17,0.0,30.1,385.0,70,6.57,0.0
2026-07-19T15:00:00+00:00,2026-07-19T18:00:00+03:00,0.5717725,29.9,269.0,22,3.58,0.4,28.7,256.0,9,7.01,0.0,30.0,250.0,63,6.9,0.0
2026-07-19T16:00:00+00:00,2026-07-19T19:00:00+03:00,0.8080775,28.4,111.0,52,4.94,0.2,27.4,94.0,18,6.66,0.0,29.0,84.0,67,7.11,0.0
2026-07-19T17:00:00+00:00,2026-07-19T20:00:00+03:00,0.74395,26.9,24.0,73,3.06,0.0,25.3,12.0,12,6.83,0.0,26.2,12.0,63,7.14,0.0
2026-07-19T18:00:00+00:00,2026-07-19T21:00:00+03:00,0.77802,25.9,0.0,90,0.69,0.0,24.5,0.0,13,6.46,0.0,25.2,0.0,56,7.31,0.0
2026-07-19T19:00:00+00:00,2026-07-19T22:00:00+03:00,0.786115,24.1,0.0,55,1.12,0.0,23.8,0.0,14,6.1,0.0,24.5,0.0,49,7.35,0.0
2026-07-19T20:00:00+00:00,2026-07-19T23:00:00+03:00,0.78645,23.2,0.0,22,1.15,0.0,22.7,0.0,18,6.2,0.0,23.3,0.0,59,7.22,0.0
2026-07-19T21:00:00+00:00,2026-07-20T00:00:00+03:00,0.7251325,23.1,0.0,3,2.02,0.0,22.5,0.0,9,6.2,0.0,23.2,0.0,39,7.05,0.0
2026-07-19T22:00:00+00:00,2026-07-20T01:00:00+03:00,0.77308,22.2,0.0,23,1.82,0.0,21.9,0.0,19,6.87,0.0,22.8,0.0,45,7.1,0.0
2026-07-19T23:00:00+00:00,2026-07-20T02:00:00+03:00,0.726045,21.7,0.0,11,1.0,0.0,21.8,0.0,20,6.5,0.0,22.5,0.0,42,6.93,0.0
2026-07-20T00:00:00+00:00,2026-07-20T03:00:00+03:00,0.69824,21.1,0.0,4,2.58,0.0,21.7,0.0,9,6.12,0.0,22.2,0.0,26,6.71,0.0
2026-07-20T01:00:00+00:00,2026-07-20T04:00:00+03:00,0.6872225,20.7,0.0,17,3.77,0.0,21.6,0.0,8,5.66,0.0,22.1,0.0,31,5.93,0.0
2026-07-20T02:00:00+00:00,2026-07-20T05:00:00+03:00,0.8015975,20.4,0.0,46,3.71,0.0,21.5,2.0,6,5.36,0.0,21.5,2.0,63,5.39,0.0
2026-07-20T03:00:00+00:00,2026-07-20T06:00:00+03:00,0.8263425,19.9,43.0,77,2.65,0.0,21.4,66.0,7,4.6,0.0,21.7,51.0,56,5.2,0.0
2026-07-20T04:00:00+00:00,2026-07-20T07:00:00+03:00,0.7955225,20.3,173.0,91,1.41,0.0,21.8,213.0,9,4.07,0.0,21.9,151.0,34,4.7,0.0
2026-07-20T05:00:00+00:00,2026-07-20T08:00:00+03:00,0.7881775,22.1,321.0,91,0.87,0.0,24.1,383.0,8,3.43,0.0,23.9,275.0,31,3.76,0.0
2026-07-20T06:00:00+00:00,2026-07-20T09:00:00+03:00,0.68682,23.8,340.0,95,0.14,0.3,25.4,518.0,6,4.03,0.0,25.0,473.0,39,3.96,0.0
2026-07-20T07:00:00+00:00,2026-07-20T10:00:00+03:00,0.4861,25.3,481.0,97,0.96,0.1,26.4,660.0,14,4.04,0.0,25.8,655.0,24,4.27,0.0
2026-07-20T08:00:00+00:00,2026-07-20T11:00:00+03:00,0.31237,26.6,516.0,79,0.74,0.1,28.0,810.0,16,4.18,0.0,28.1,785.0,9,4.44,0.0
2026-07-20T09:00:00+00:00,2026-07-20T12:00:00+03:00,0.2301775,27.2,800.0,47,1.65,0.2,28.4,869.0,11,4.83,0.0,29.1,863.0,3,4.55,0.0
2026-07-20T10:00:00+00:00,2026-07-20T13:00:00+03:00,0.3480225,27.6,764.0,84,3.2,0.0,28.9,851.0,1,5.57,0.0,30.7,849.0,7,4.66,0.0
2026-07-20T11:00:00+00:00,2026-07-20T14:00:00+03:00,0.2224775,28.4,716.0,95,3.05,0.1,28.9,775.0,7,5.42,0.0,30.8,784.0,1,4.72,0.0
2026-07-20T12:00:00+00:00,2026-07-20T15:00:00+03:00,0.302065,29.3,693.0,42,3.38,0.0,28.9,687.0,9,5.53,0.0,30.7,674.0,8,4.95,0.0
2026-07-20T13:00:00+00:00,2026-07-20T16:00:00+03:00,0.427565,29.6,614.0,10,3.45,0.1,28.5,541.0,60,6.2,0.0,30.3,542.0,23,5.43,0.4
2026-07-20T14:00:00+00:00,2026-07-20T17:00:00+03:00,0.5147175,30.1,433.0,19,3.04,0.1,26.9,387.0,57,5.17,0.0,27.9,287.0,58,6.94,0.0
2026-07-20T15:00:00+00:00,2026-07-20T18:00:00+03:00,0.6693,30.0,229.0,21,2.39,3.4,26.4,175.0,56,6.6,0.0,27.2,157.0,60,6.56,0.1
2026-07-20T16:00:00+00:00,2026-07-20T19:00:00+03:00,0.9393275,27.8,102.0,64,2.68,2.5,26.4,88.0,65,6.04,0.0,27.3,68.0,88,4.86,0.1
2026-07-20T17:00:00+00:00,2026-07-20T20:00:00+03:00,0.94328,25.3,16.0,53,1.76,0.0,25.3,13.0,36,5.76,0.0,25.2,11.0,84,3.45,0.0
2026-07-20T18:00:00+00:00,2026-07-20T21:00:00+03:00,0.97623,24.9,0.0,47,2.45,0.0,24.5,0.0,30,5.99,0.0,24.4,0.0,65,4.36,0.0
2026-07-20T19:00:00+00:00,2026-07-20T22:00:00+03:00,0.999155,24.0,0.0,40,3.49,0.0,23.8,0.0,42,6.44,0.0,23.9,0.0,70,5.06,0.0
2026-07-20T20:00:00+00:00,2026-07-20T23:00:00+03:00,0.9165375,23.1,0.0,22,2.95,0.0,23.3,0.0,26,6.4,0.0,23.2,0.0,32,4.16,0.0
2026-07-20T21:00:00+00:00,2026-07-21T00:00:00+03:00,0.8667525,23.1,0.0,15,2.41,0.0,23.0,0.0,17,5.55,0.0,22.8,0.0,22,3.52,1.1
2026-07-20T22:00:00+00:00,2026-07-21T01:00:00+03:00,0.9068075,21.3,0.0,33,4.43,0.4,22.2,0.0,47,3.68,0.2,22.2,0.0,80,3.51,3.5
2026-07-20T23:00:00+00:00,2026-07-21T02:00:00+03:00,0.8536875,21.0,0.0,35,5.71,0.3,22.2,0.0,19,4.04,2.8,21.9,0.0,88,0.85,2.0
2026-07-21T00:00:00+00:00,2026-07-21T03:00:00+03:00,0.845995,20.7,0.0,46,6.56,0.4,21.9,0.0,13,3.56,5.2,21.7,0.0,99,2.43,0.1
2026-07-21T01:00:00+00:00,2026-07-21T04:00:00+03:00,0.7900725,20.3,0.0,31,5.93,0.1,21.4,0.0,92,3.3,3.1,21.6,0.0,99,2.78,0.0
2026-07-21T02:00:00+00:00,2026-07-21T05:00:00+03:00,0.7793125,20.2,0.0,14,5.11,0.4,20.7,1.0,94,2.35,1.7,21.1,1.0,100,3.82,0.0
2026-07-21T03:00:00+00:00,2026-07-21T06:00:00+03:00,0.80957,19.9,34.0,38,5.58,0.3,20.8,39.0,66,0.29,1.0,21.0,39.0,98,4.09,0.0
2026-07-21T04:00:00+00:00,2026-07-21T07:00:00+03:00,0.831225,19.5,122.0,51,5.48,0.1,20.5,114.0,91,1.0,0.0,20.8,127.0,100,2.69,0.0
2026-07-21T05:00:00+00:00,2026-07-21T08:00:00+03:00,0.80964,20.6,192.0,76,5.66,0.0,20.9,258.0,98,1.79,0.0,20.7,274.0,99,3.05,0.0
2026-07-21T06:00:00+00:00,2026-07-21T09:00:00+03:00,0.7622075,21.6,365.0,81,5.43,0.0,21.6,258.0,73,3.7,3.0,20.8,192.0,93,2.81,0.7
2026-07-21T07:00:00+00:00,2026-07-21T10:00:00+03:00,0.5749,23.5,532.0,75,3.81,0.0,22.6,427.0,99,5.0,3.1,21.0,260.0,100,2.02,0.0
2026-07-21T08:00:00+00:00,2026-07-21T11:00:00+03:00,0.4830375,25.2,694.0,70,2.89,0.0,23.7,477.0,99,6.31,0.6,23.1,506.0,98,2.21,0.1
2026-07-21T09:00:00+00:00,2026-07-21T12:00:00+03:00,0.48,26.3,767.0,22,2.37,0.0,24.3,585.0,63,5.0,0.2,24.1,625.0,91,2.06,0.0
2026-07-21T10:00:00+00:00,2026-07-21T13:00:00+03:00,0.41942,28.1,825.0,48,2.88,0.0,24.2,692.0,85,5.06,0.0,25.5,659.0,61,3.56,0.1
2026-07-21T11:00:00+00:00,2026-07-21T14:00:00+03:00,0.36427,28.9,674.0,35,1.89,0.0,25.4,685.0,76,4.15,0.2,26.1,761.0,50,3.0,0.0
2026-07-21T12:00:00+00:00,2026-07-21T15:00:00+03:00,0.329605,29.3,703.0,38,1.52,0.0,25.9,626.0,98,3.51,0.1,27.1,666.0,36,2.33,0.0
2026-07-21T13:00:00+00:00,2026-07-21T16:00:00+03:00,0.3324325,29.6,338.0,31,1.36,0.1,26.5,542.0,51,3.22,0.1,27.4,512.0,22,1.77,0.0
2026-07-21T14:00:00+00:00,2026-07-21T17:00:00+03:00,0.5187275,28.9,394.0,19,1.47,0.1,26.9,444.0,52,2.55,0.0,28.2,401.0,6,0.96,0.0
2026-07-21T15:00:00+00:00,2026-07-21T18:00:00+03:00,0.7672125,28.7,231.0,29,1.64,0.0,26.9,259.0,76,2.31,0.0,28.3,244.0,5,0.47,0.0
2026-07-21T16:00:00+00:00,2026-07-21T19:00:00+03:00,0.9868075,28.4,115.0,52,0.89,0.0,26.5,107.0,21,3.42,0.0,28.3,105.0,13,0.25,0.0
2026-07-21T17:00:00+00:00,2026-07-21T20:00:00+03:00,1.09407,27.8,23.0,71,0.4,0.0,25.4,13.0,20,3.9,0.0,26.3,14.0,16,1.35,0.0
2026-07-21T18:00:00+00:00,2026-07-21T21:00:00+03:00,0.965665,26.1,0.0,35,0.49,0.0,24.1,0.0,14,3.83,0.0,25.0,0.0,14,2.6,0.0
2026-07-21T19:00:00+00:00,2026-07-21T22:00:00+03:00,0.912815,24.1,0.0,26,0.5,0.0,23.2,0.0,14,3.72,0.0,23.5,0.0,15,3.4,0.0
2026-07-21T20:00:00+00:00,2026-07-21T23:00:00+03:00,0.99522,23.6,0.0,12,0.45,0.0,22.2,0.0,13,3.5,0.0,21.9,0.0,13,4.0,0.0
2026-07-21T21:00:00+00:00,2026-07-22T00:00:00+03:00,0.8370225,22.8,0.0,24,0.25,0.0,21.9,0.0,17,2.94,0.0,21.8,0.0,12,4.53,0.0
2026-07-21T22:00:00+00:00,2026-07-22T01:00:00+03:00,0.84276,21.0,0.0,41,6.02,0.0,21.8,0.0,12,0.85,0.0,20.8,0.0,48,3.12,0.0
2026-07-21T23:00:00+00:00,2026-07-22T02:00:00+03:00,0.7876425,20.5,0.0,61,6.07,0.0,22.1,0.0,14,0.92,0.0,20.5,0.0,30,3.03,0.0
2026-07-22T00:00:00+00:00,2026-07-22T03:00:00+03:00,0.804785,20.0,0.0,52,5.54,0.0,20.5,0.0,9,1.59,0.0,20.3,0.0,51,2.82,0.0
2026-07-22T01:00:00+00:00,2026-07-22T04:00:00+03:00,0.7177,19.5,0.0,78,5.06,0.0,20.3,0.0,91,1.86,0.0,19.9,0.0,81,3.47,0.0
2026-07-22T02:00:00+00:00,2026-07-22T05:00:00+03:00,0.6890525,19.4,0.0,71,5.96,0.1,20.9,1.0,100,2.45,0.0,19.4,2.0,27,3.4,0.0
2026-07-22T03:00:00+00:00,2026-07-22T06:00:00+03:00,0.7500025,19.3,24.0,100,6.74,1.1,21.1,57.0,99,2.35,0.0,19.3,61.0,22,2.92,0.0
2026-07-22T04:00:00+00:00,2026-07-22T07:00:00+03:00,0.80899,20.0,67.0,99,7.0,0.3,21.4,187.0,86,1.36,0.0,19.9,198.0,24,2.15,0.0
2026-07-22T05:00:00+00:00,2026-07-22T08:00:00+03:00,0.77539,19.9,74.0,99,7.6,1.0,22.4,360.0,89,1.19,0.0,21.7,370.0,39,1.07,0.0
2026-07-22T06:00:00+00:00,2026-07-22T09:00:00+03:00,0.733555,19.1,118.0,100,7.49,1.4,23.0,369.0,98,2.13,0.0,22.7,454.0,61,0.67,0.0
2026-07-22T07:00:00+00:00,2026-07-22T10:00:00+03:00,0.5295425,18.1,118.0,99,7.27,1.5,23.4,430.0,100,2.73,0.1,23.1,584.0,69,0.75,0.0
2026-07-22T08:00:00+00:00,2026-07-22T11:00:00+03:00,0.401685,17.4,73.0,100,6.53,2.7,24.1,325.0,98,2.98,0.1,24.2,463.0,99,0.62,0.0
2026-07-22T09:00:00+00:00,2026-07-22T12:00:00+03:00,0.2747375,16.7,230.0,99,6.22,3.7,23.5,314.0,95,2.84,0.1,23.9,298.0,100,1.19,0.1
2026-07-22T10:00:00+00:00,2026-07-22T13:00:00+03:00,0.262,17.2,290.0,100,7.57,3.6,21.5,238.0,100,2.56,0.4,21.5,188.0,100,1.14,0.4
2026-07-22T11:00:00+00:00,2026-07-22T14:00:00+03:00,0.2734325,17.3,358.0,98,5.5,2.8,20.6,254.0,100,2.97,0.5,20.2,181.0,100,2.3,0.5
2026-07-22T12:00:00+00:00,2026-07-22T15:00:00+03:00,0.249965,17.8,337.0,100,5.66,1.6,20.6,67.0,100,4.06,3.0,19.8,100.0,100,2.57,0.8
2026-07-22T13:00:00+00:00,2026-07-22T16:00:00+03:00,0.2599025,18.1,147.0,100,4.15,2.4,19.8,77.0,100,5.97,2.5,19.8,92.0,96,2.83,0.8
2026-07-22T14:00:00+00:00,2026-07-22T17:00:00+03:00,0.35786,17.5,78.0,100,3.18,3.5,20.1,66.0,100,6.1,6.5,19.3,64.0,97,4.39,0.8
2026-07-22T15:00:00+00:00,2026-07-22T18:00:00+03:00,0.57705,17.4,46.0,98,2.88,1.9,20.6,46.0,98,5.48,8.5,19.3,70.0,98,4.83,1.6
2026-07-22T16:00:00+00:00,2026-07-22T19:00:00+03:00,0.7199675,17.6,28.0,100,2.75,0.7,20.4,41.0,97,3.8,11.4,19.3,44.0,100,3.24,1.4
2026-07-22T17:00:00+00:00,2026-07-22T20:00:00+03:00,0.89707,17.5,12.0,100,2.94,0.5,19.9,3.0,98,3.65,9.0,18.5,2.0,76,3.71,1.5
2026-07-22T18:00:00+00:00,2026-07-22T21:00:00+03:00,1.09899,17.6,0.0,100,3.4,0.1,19.8,0.0,99,4.91,0.6,18.3,0.0,100,5.24,5.5
2026-07-22T19:00:00+00:00,2026-07-22T22:00:00+03:00,0.8652675,16.9,0.0,86,3.54,0.2,19.1,0.0,95,6.52,0.6,18.2,0.0,88,6.46,6.0
2026-07-22T20:00:00+00:00,2026-07-22T23:00:00+03:00,0.8542125,16.7,0.0,90,3.8,0.3,18.4,0.0,66,6.8,0.3,17.6,0.0,98,8.01,4.9
2026-07-22T21:00:00+00:00,2026-07-23T00:00:00+03:00,0.777555,16.7,0.0,96,3.9,0.2,18.4,0.0,64,6.98,0.1,17.4,0.0,99,9.32,3.7
2026-07-22T22:00:00+00:00,2026-07-23T01:00:00+03:00,0.794085,17.2,0.0,96,3.1,0.1,17.0,0.0,98,8.99,0.1,17.3,0.0,100,7.53,3.0
2026-07-22T23:00:00+00:00,2026-07-23T02:00:00+03:00,0.7553075,17.2,0.0,90,3.43,0.0,17.2,0.0,99,10.88,0.2,17.3,0.0,100,7.65,2.2
2026-07-23T00:00:00+00:00,2026-07-23T03:00:00+03:00,0.735415,17.0,0.0,95,3.04,0.0,17.2,0.0,92,9.43,0.1,17.2,0.0,96,8.06,2.1
2026-07-23T01:00:00+00:00,2026-07-23T04:00:00+03:00,0.7310325,16.8,0.0,87,2.91,0.0,17.1,0.0,77,9.46,0.1,17.2,0.0,98,8.2,1.4
2026-07-23T02:00:00+00:00,2026-07-23T05:00:00+03:00,0.749705,16.5,0.0,65,3.64,0.0,17.2,1.0,40,9.61,0.2,16.9,1.0,100,8.01,1.3
2026-07-23T03:00:00+00:00,2026-07-23T06:00:00+03:00,0.7855675,16.3,31.0,88,3.63,0.0,17.1,41.0,48,9.99,0.1,17.0,41.0,94,8.21,0.2
2026-07-23T04:00:00+00:00,2026-07-23T07:00:00+03:00,0.849825,16.2,162.0,94,3.16,0.0,16.9,148.0,22,9.79,0.0,16.9,105.0,84,7.78,0.0
2026-07-23T05:00:00+00:00,2026-07-23T08:00:00+03:00,0.884775,17.0,327.0,83,2.62,0.0,17.3,326.0,28,9.68,0.0,17.2,197.0,78,7.73,0.0
2026-07-23T06:00:00+00:00,2026-07-23T09:00:00+03:00,0.5998,18.5,443.0,44,1.97,0.0,18.1,396.0,30,9.77,0.1,17.3,462.0,49,7.56,0.0
2026-07-23T07:00:00+00:00,2026-07-23T10:00:00+03:00,0.053415,20.0,625.0,24,1.5,0.0,18.7,595.0,47,9.5,0.2,18.0,504.0,69,7.45,0.0
2026-07-23T08:00:00+00:00,2026-07-23T11:00:00+03:00,0.0821375,21.4,715.0,32,1.45,0.0,20.9,691.0,39,8.96,0.1,20.4,769.0,32,7.22,0.0
2026-07-23T09:00:00+00:00,2026-07-23T12:00:00+03:00,0.3828525,22.4,648.0,37,1.5,0.0,21.9,780.0,30,8.83,0.1,21.4,833.0,18,7.25,0.0
2026-07-23T10:00:00+00:00,2026-07-23T13:00:00+03:00,0.20954,23.0,623.0,30,0.89,0.1,23.1,742.0,49,7.57,0.1,23.1,789.0,39,7.27,0.0
2026-07-23T11:00:00+00:00,2026-07-23T14:00:00+03:00,0.2165475,23.4,572.0,35,0.8,0.0,23.5,711.0,51,7.1,0.1,23.6,622.0,35,6.69,0.0
2026-07-23T12:00:00+00:00,2026-07-23T15:00:00+03:00,0.2142325,23.9,467.0,71,1.25,0.0,23.9,643.0,60,6.82,0.0,23.9,544.0,52,5.82,0.0
2026-07-23T13:00:00+00:00,2026-07-23T16:00:00+03:00,0.2617525,24.2,463.0,60,1.36,0.0,24.1,501.0,50,6.53,0.0,24.2,381.0,54,4.9,0.0
2026-07-23T14:00:00+00:00,2026-07-23T17:00:00+03:00,0.5335225,24.5,337.0,48,1.27,0.0,24.3,356.0,42,6.03,0.0,24.2,357.0,54,4.41,0.0
2026-07-23T15:00:00+00:00,2026-07-23T18:00:00+03:00,0.618525,24.4,303.0,36,1.4,0.0,24.6,242.0,32,5.35,0.0,24.3,229.0,52,4.08,0.0
2026-07-23T16:00:00+00:00,2026-07-23T19:00:00+03:00,0.8054,24.6,118.0,29,1.25,0.1,24.3,106.0,28,4.27,0.0,23.9,98.0,41,3.36,0.0
2026-07-23T17:00:00+00:00,2026-07-23T20:00:00+03:00,0.8700975,23.4,19.0,32,1.04,0.7,22.6,10.0,24,3.21,0.0,22.1,12.0,25,2.39,0.0
2026-07-23T18:00:00+00:00,2026-07-23T21:00:00+03:00,0.98447,20.9,0.0,24,1.25,0.0,23.0,0.0,27,1.98,0.0,20.2,0.0,27,1.5,0.0
2026-07-23T19:00:00+00:00,2026-07-23T22:00:00+03:00,0.995295,18.6,0.0,24,0.73,0.0,20.9,0.0,13,1.1,0.0,19.9,0.0,26,1.25,0.0
2026-07-23T20:00:00+00:00,2026-07-23T23:00:00+03:00,0.9771875,18.0,0.0,24,1.59,0.0,18.2,0.0,16,0.71,0.0,18.5,0.0,25,2.12,0.0
2026-07-23T21:00:00+00:00,2026-07-24T00:00:00+03:00,0.892725,17.9,0.0,40,1.93,0.0,18.3,0.0,17,2.4,0.0,18.4,0.0,13,3.23,0.0
2026-07-23T22:00:00+00:00,2026-07-24T01:00:00+03:00,0.8434625,17.8,0.0,38,1.19,0.0,18.0,0.0,61,2.74,0.0,17.3,0.0,71,1.75,0.0
2026-07-23T23:00:00+00:00,2026-07-24T02:00:00+03:00,0.8235,18.1,0.0,25,0.76,0.0,18.1,0.0,40,6.62,0.0,16.8,0.0,51,4.65,0.0
2026-07-24T00:00:00+00:00,2026-07-24T03:00:00+03:00,0.802775,17.0,0.0,25,1.08,0.0,17.8,0.0,22,6.74,0.0,16.8,0.0,43,5.03,0.0
2026-07-24T01:00:00+00:00,2026-07-24T04:00:00+03:00,0.7598325,16.1,0.0,37,1.9,0.0,17.5,0.0,32,6.01,0.0,16.5,0.0,56,5.01,0.0
2026-07-24T02:00:00+00:00,2026-07-24T05:00:00+03:00,0.7310375,15.4,0.0,65,2.78,0.0,17.0,1.0,57,5.08,0.0,15.7,2.0,72,4.52,0.0
2026-07-24T03:00:00+00:00,2026-07-24T06:00:00+03:00,0.845535,14.9,42.0,36,3.53,0.0,16.7,62.0,63,4.34,0.0,15.5,65.0,70,3.96,0.0
2026-07-24T04:00:00+00:00,2026-07-24T07:00:00+03:00,0.9051125,14.8,180.0,45,3.78,0.0,16.6,206.0,73,4.23,0.0,16.5,211.0,73,3.72,0.0
2026-07-24T05:00:00+00:00,2026-07-24T08:00:00+03:00,0.87738,17.0,352.0,37,3.15,0.0,18.6,384.0,79,4.35,0.0,19.1,387.0,74,3.31,0.0
2026-07-24T06:00:00+00:00,2026-07-24T09:00:00+03:00,0.7513125,19.5,443.0,35,2.28,0.0,20.0,542.0,83,3.58,0.0,20.1,552.0,77,2.79,0.0
2026-07-24T07:00:00+00:00,2026-07-24T10:00:00+03:00,0.59986,21.4,632.0,49,2.38,0.0,21.6,705.0,53,2.94,0.0,21.3,700.0,70,2.65,0.0
2026-07-24T08:00:00+00:00,2026-07-24T11:00:00+03:00,0.5115875,23.1,658.0,66,1.92,0.0,24.2,820.0,3,2.47,0.0,24.2,791.0,57,2.69,0.0
2026-07-24T09:00:00+00:00,2026-07-24T12:00:00+03:00,0.378645,24.1,769.0,79,0.92,0.0,25.0,865.0,48,1.94,0.1,24.7,733.0,47,2.41,0.0
2026-07-24T10:00:00+00:00,2026-07-24T13:00:00+03:00,0.2060375,24.8,672.0,87,1.77,0.0,25.0,757.0,13,4.63,0.0,25.6,807.0,42,4.0,0.0
2026-07-24T11:00:00+00:00,2026-07-24T14:00:00+03:00,0.0914625,24.4,576.0,67,1.9,0.0,24.6,727.0,31,4.85,0.0,25.4,650.0,57,3.17,0.0
2026-07-24T12:00:00+00:00,2026-07-24T15:00:00+03:00,0.06943,24.1,563.0,76,2.55,0.0,25.0,605.0,69,4.83,0.0,25.3,680.0,43,2.83,0.0
2026-07-24T13:00:00+00:00,2026-07-24T16:00:00+03:00,0.2466325,23.8,502.0,72,3.05,0.0,25.2,533.0,68,2.89,0.0,25.7,541.0,65,2.59,0.0
2026-07-24T14:00:00+00:00,2026-07-24T17:00:00+03:00,0.4615025,22.8,398.0,89,3.05,0.1,24.9,359.0,80,1.44,1.2,25.2,404.0,87,2.66,0.0
2026-07-24T15:00:00+00:00,2026-07-24T18:00:00+03:00,0.6218475,22.3,230.0,99,1.2,0.5,22.9,221.0,70,0.89,0.0,25.4,210.0,84,2.09,0.0
2026-07-24T16:00:00+00:00,2026-07-24T19:00:00+03:00,0.8243625,21.1,115.0,100,3.36,0.2,22.8,80.0,69,1.22,0.0,24.8,77.0,88,2.1,0.0
2026-07-24T17:00:00+00:00,2026-07-24T20:00:00+03:00,0.9460425,19.8,16.0,100,3.96,0.1,21.4,10.0,73,2.93,0.0,22.9,11.0,95,4.35,0.0
2026-07-24T18:00:00+00:00,2026-07-24T21:00:00+03:00,1.0351175,18.9,0.0,100,4.16,0.0,20.6,0.0,75,3.93,0.0,21.1,0.0,96,6.24,0.0
2026-07-24T19:00:00+00:00,2026-07-24T22:00:00+03:00,1.051735,17.6,0.0,97,4.68,0.0,20.6,0.0,79,5.25,0.0,20.5,0.0,96,6.5,0.0
2026-07-24T20:00:00+00:00,2026-07-24T23:00:00+03:00,1.014405,17.8,0.0,93,5.03,0.0,19.4,0.0,81,6.81,0.0,19.4,0.0,86,6.33,0.0
2026-07-24T21:00:00+00:00,2026-07-25T00:00:00+03:00,0.9436025,18.0,0.0,92,5.16,0.0,19.0,0.0,88,7.53,0.0,19.3,0.0,58,6.15,0.0
2026-07-24T22:00:00+00:00,2026-07-25T01:00:00+03:00,0.8801225,17.3,0.0,97,3.25,0.0,18.3,0.0,92,8.94,0.0,18.2,0.0,69,8.1,0.0
2026-07-24T23:00:00+00:00,2026-07-25T02:00:00+03:00,0.782035,17.1,0.0,95,3.07,0.0,17.9,0.0,64,8.49,0.0,17.8,0.0,55,7.66,0.0
2026-07-25T00:00:00+00:00,2026-07-25T03:00:00+03:00,0.8485275,16.5,0.0,96,4.0,0.0,17.7,0.0,36,8.52,0.0,17.7,0.0,64,7.16,0.0
2026-07-25T01:00:00+00:00,2026-07-25T04:00:00+03:00,0.772775,16.3,0.0,94,5.1,0.0,17.7,0.0,34,8.37,0.0,17.4,0.0,51,7.57,0.0
2026-07-25T02:00:00+00:00,2026-07-25T05:00:00+03:00,0.814925,15.8,0.0,97,5.3,0.0,17.6,1.0,58,8.35,0.0,16.8,1.0,28,8.35,0.0
2026-07-25T03:00:00+00:00,2026-07-25T06:00:00+03:00,0.7342325,15.1,38.0,97,5.1,0.0,17.4,60.0,70,8.83,0.0,16.6,65.0,27,8.4,0.0
2026-07-25T04:00:00+00:00,2026-07-25T07:00:00+03:00,0.716785,15.0,159.0,37,5.16,0.0,17.2,207.0,67,9.18,0.0,16.3,212.0,4,8.2,0.0
2026-07-25T05:00:00+00:00,2026-07-25T08:00:00+03:00,0.59977,16.4,329.0,17,4.1,0.0,18.6,382.0,7,8.42,0.0,18.2,382.0,3,7.8,0.0
2026-07-25T06:00:00+00:00,2026-07-25T09:00:00+03:00,0.0149575,18.6,481.0,22,3.16,0.0,19.6,538.0,13,8.69,0.0,19.2,505.0,11,8.06,0.0
2026-07-25T07:00:00+00:00,2026-07-25T10:00:00+03:00,0.0022025,20.6,613.0,25,2.72,0.0,20.9,688.0,17,8.79,0.0,20.3,697.0,5,8.13,0.0
2026-07-25T08:00:00+00:00,2026-07-25T11:00:00+03:00,-0.00062,22.4,735.0,10,2.5,0.0,23.2,811.0,28,8.85,0.0,23.3,799.0,9,8.06,0.0
2026-07-25T09:00:00+00:00,2026-07-25T12:00:00+03:00,-0.013645,23.1,662.0,33,2.8,0.0,24.4,885.0,37,8.63,0.0,24.3,823.0,16,7.76,0.0
2026-07-25T10:00:00+00:00,2026-07-25T13:00:00+03:00,-0.0311875,24.2,587.0,41,2.55,0.0,25.5,795.0,36,7.53,0.0,25.4,732.0,20,7.07,0.0
2026-07-25T11:00:00+00:00,2026-07-25T14:00:00+03:00,-0.0482475,24.3,668.0,39,2.26,0.0,26.0,769.0,55,7.53,0.0,25.8,717.0,40,6.84,0.0
2026-07-25T12:00:00+00:00,2026-07-25T15:00:00+03:00,-0.032285,25.1,538.0,40,2.18,0.0,26.2,681.0,65,7.25,0.0,25.8,608.0,50,6.77,0.0
2026-07-25T13:00:00+00:00,2026-07-25T16:00:00+03:00,-0.0017175,25.1,489.0,41,2.55,0.0,26.0,546.0,66,7.11,0.0,25.6,523.0,37,6.74,0.0
2026-07-25T14:00:00+00:00,2026-07-25T17:00:00+03:00,-0.0001175,25.6,391.0,37,2.3,0.0,25.5,352.0,54,6.83,0.0,25.2,361.0,30,6.64,0.0
2026-07-25T15:00:00+00:00,2026-07-25T18:00:00+03:00,0.256255,25.9,254.0,39,2.44,0.0,25.6,202.0,36,6.66,0.0,25.4,195.0,48,6.46,0.0
2026-07-25T16:00:00+00:00,2026-07-25T19:00:00+03:00,0.64022,25.8,107.0,32,3.03,0.0,25.4,103.0,36,5.93,0.0,25.2,88.0,42,6.2,0.0
2026-07-25T17:00:00+00:00,2026-07-25T20:00:00+03:00,0.8425175,24.8,19.0,30,3.3,0.0,24.1,9.0,31,6.05,0.0,23.7,10.0,32,6.18,0.0
2026-07-25T18:00:00+00:00,2026-07-25T21:00:00+03:00,0.90147,22.9,0.0,25,3.69,0.0,22.9,0.0,17,6.45,0.0,23.0,0.0,30,6.28,0.0
2026-07-25T19:00:00+00:00,2026-07-25T22:00:00+03:00,0.879305,21.0,0.0,17,4.13,0.0,21.7,0.0,9,7.08,0.0,21.9,0.0,19,6.5,0.0
2026-07-25T20:00:00+00:00,2026-07-25T23:00:00+03:00,0.8664025,19.1,0.0,18,4.24,0.0,20.0,0.0,4,7.54,0.0,20.0,0.0,11,6.65,0.0
2026-07-25T21:00:00+00:00,2026-07-26T00:00:00+03:00,0.8376975,18.2,0.0,28,3.75,0.0,19.4,0.0,11,7.64,0.0,19.5,0.0,7,6.61,0.0
2026-07-25T22:00:00+00:00,2026-07-26T01:00:00+03:00,0.704805,16.7,0.0,22,4.0,0.0,18.3,0.0,1,7.69,0.0,18.1,0.0,1,7.07,0.0
2026-07-25T23:00:00+00:00,2026-07-26T02:00:00+03:00,0.6935775,16.6,0.0,13,3.49,0.0,18.0,0.0,4,7.65,0.0,17.8,0.0,0,6.77,0.0
2026-07-26T00:00:00+00:00,2026-07-26T03:00:00+03:00,0.6846825,16.6,0.0,9,3.62,0.0,17.6,0.0,1,7.25,0.0,17.5,0.0,0,6.51,0.0
2026-07-26T01:00:00+00:00,2026-07-26T04:00:00+03:00,0.8357025,15.8,0.0,12,3.61,0.0,17.2,0.0,0,6.58,0.0,17.2,0.0,0,6.21,0.0
2026-07-26T02:00:00+00:00,2026-07-26T05:00:00+03:00,0.7920325,14.6,0.0,12,3.52,0.0,16.7,1.0,0,6.06,0.0,16.7,1.0,0,6.32,0.0
2026-07-26T03:00:00+00:00,2026-07-26T06:00:00+03:00,0.6781875,13.8,42.0,14,3.29,0.0,16.2,59.0,0,5.82,0.0,16.5,65.0,0,6.23,0.0
2026-07-26T04:00:00+00:00,2026-07-26T07:00:00+03:00,0.689315,14.1,179.0,16,3.01,0.0,16.1,206.0,0,5.71,0.0,16.4,211.0,0,5.95,0.0
2026-07-26T05:00:00+00:00,2026-07-26T08:00:00+03:00,0.5997725,16.8,351.0,15,2.28,0.0,18.7,381.0,0,4.85,0.0,19.4,384.0,0,4.89,0.0
2026-07-26T06:00:00+00:00,2026-07-26T09:00:00+03:00,0.282285,19.7,447.0,18,1.3,0.0,20.5,548.0,0,4.06,0.0,20.7,546.0,0,4.46,0.0
2026-07-26T07:00:00+00:00,2026-07-26T10:00:00+03:00,0.0615025,22.1,611.0,22,1.56,0.0,22.1,701.0,1,3.78,0.0,21.9,701.0,0,4.22,0.0
2026-07-26T08:00:00+00:00,2026-07-26T11:00:00+03:00,1.25e-05,24.3,753.0,23,1.66,0.1,25.1,767.0,0,3.6,0.0,25.0,763.0,6,4.39,0.0
2026-07-26T09:00:00+00:00,2026-07-26T12:00:00+03:00,-5e-06,25.6,752.0,41,1.86,0.0,26.0,818.0,31,3.94,0.0,25.7,822.0,10,4.66,0.0
2026-07-26T10:00:00+00:00,2026-07-26T13:00:00+03:00,-5e-05,26.6,556.0,26,2.48,0.0,26.6,755.0,46,2.97,0.0,26.9,816.0,25,4.24,0.0
2026-07-26T11:00:00+00:00,2026-07-26T14:00:00+03:00,-0.0004225,27.2,632.0,31,2.58,0.0,27.0,655.0,50,2.72,0.0,27.5,708.0,26,4.05,0.0
2026-07-26T12:00:00+00:00,2026-07-26T15:00:00+03:00,-5.25e-05,27.9,609.0,26,2.7,0.0,27.2,588.0,38,2.4,0.0,27.6,692.0,24,4.15,0.0
2026-07-26T13:00:00+00:00,2026-07-26T16:00:00+03:00,0.000695,28.4,610.0,9,2.62,0.0,27.2,416.0,25,1.93,0.0,27.8,506.0,31,4.11,0.0
2026-07-26T14:00:00+00:00,2026-07-26T17:00:00+03:00,0.044495,29.0,477.0,3,2.77,0.0,27.1,351.0,17,1.96,0.0,27.8,402.0,22,3.88,0.0
2026-07-26T15:00:00+00:00,2026-07-26T18:00:00+03:00,0.4850725,29.1,301.0,2,2.38,0.0,27.2,242.0,12,2.65,0.0,27.8,258.0,17,3.8,0.0
2026-07-26T16:00:00+00:00,2026-07-26T19:00:00+03:00,0.812515,29.0,138.0,0,2.05,0.0,27.0,100.0,8,4.28,0.0,27.4,104.0,10,3.86,0.0
2026-07-26T17:00:00+00:00,2026-07-26T20:00:00+03:00,0.869205,28.4,20.0,0,1.56,0.0,25.3,10.0,0,6.53,0.0,25.1,11.0,7,4.55,0.0
2026-07-26T18:00:00+00:00,2026-07-26T21:00:00+03:00,0.83158,26.1,0.0,3,0.85,0.0,23.8,0.0,4,7.43,0.0,23.7,0.0,3,5.88,0.0
2026-07-26T19:00:00+00:00,2026-07-26T22:00:00+03:00,0.765285,21.5,0.0,6,1.36,0.0,22.7,0.0,1,7.46,0.0,22.7,0.0,1,6.87,0.0
2026-07-26T20:00:00+00:00,2026-07-26T23:00:00+03:00,0.77106,19.4,0.0,0,1.9,0.0,21.1,0.0,0,7.18,0.0,20.9,0.0,1,7.46,0.0
2026-07-26T21:00:00+00:00,2026-07-27T00:00:00+03:00,0.7160875,18.8,0.0,0,2.63,0.0,20.7,0.0,0,7.07,0.0,20.7,0.0,1,7.63,0.0
2026-07-26T22:00:00+00:00,2026-07-27T01:00:00+03:00,0.59993,17.9,0.0,34,2.09,0.0,20.1,0.0,0,7.25,0.0,19.8,0.0,0,7.65,0.0
2026-07-26T23:00:00+00:00,2026-07-27T02:00:00+03:00,0.486095,17.4,0.0,56,1.81,0.0,20.2,0.0,0,7.35,0.0,19.6,0.0,0,7.35,0.0
2026-07-27T00:00:00+00:00,2026-07-27T03:00:00+03:00,0.423265,17.5,0.0,68,1.96,0.0,20.2,0.0,0,7.3,0.0,19.4,0.0,0,6.84,0.0
2026-07-27T01:00:00+00:00,2026-07-27T04:00:00+03:00,0.4035425,17.8,0.0,46,2.49,0.0,20.3,0.0,2,7.1,0.0,19.4,0.0,21,6.79,0.0
2026-07-27T02:00:00+00:00,2026-07-27T05:00:00+03:00,0.4017275,17.9,0.0,97,2.07,0.0,20.4,0.0,5,6.96,0.0,19.1,1.0,42,6.6,0.0
2026-07-27T03:00:00+00:00,2026-07-27T06:00:00+03:00,0.59981,17.1,26.0,97,0.81,0.0,20.5,56.0,50,6.96,0.0,18.9,62.0,34,6.16,0.0
2026-07-27T04:00:00+00:00,2026-07-27T07:00:00+03:00,0.63555,17.4,110.0,97,1.14,0.0,20.5,198.0,46,6.64,0.0,19.2,202.0,93,5.65,0.0
2026-07-27T05:00:00+00:00,2026-07-27T08:00:00+03:00,0.6798775,18.4,209.0,88,1.74,0.0,22.6,369.0,13,5.33,0.0,22.3,360.0,57,4.85,0.0
2026-07-27T06:00:00+00:00,2026-07-27T09:00:00+03:00,0.63817,19.8,420.0,71,2.25,0.0,23.7,489.0,92,4.67,0.0,23.2,497.0,97,4.6,0.0
2026-07-27T07:00:00+00:00,2026-07-27T10:00:00+03:00,0.3926875,21.9,611.0,45,1.03,0.0,24.6,519.0,96,4.22,0.0,24.0,552.0,92,4.36,0.0
2026-07-27T08:00:00+00:00,2026-07-27T11:00:00+03:00,0.1802625,24.3,643.0,50,0.39,0.0,26.2,670.0,73,3.65,0.0,25.6,658.0,72,3.91,0.0
2026-07-27T09:00:00+00:00,2026-07-27T12:00:00+03:00,0.187705,26.5,705.0,65,2.8,0.1,27.0,824.0,44,3.22,0.0,26.5,736.0,52,3.64,0.0
2026-07-27T10:00:00+00:00,2026-07-27T13:00:00+03:00,0.1479675,27.7,690.0,69,2.87,0.0,28.3,843.0,24,2.81,0.0,27.7,661.0,66,3.65,0.0
2026-07-27T11:00:00+00:00,2026-07-27T14:00:00+03:00,0.108315,28.7,541.0,41,3.25,0.0,28.9,779.0,53,2.95,0.0,28.1,689.0,72,4.15,0.0
2026-07-27T12:00:00+00:00,2026-07-27T15:00:00+03:00,0.0563675,29.3,719.0,29,4.42,0.0,29.2,666.0,34,2.11,0.0,28.9,613.0,74,4.67,0.0
2026-07-27T13:00:00+00:00,2026-07-27T16:00:00+03:00,0.0536525,30.5,581.0,28,5.17,0.0,29.3,422.0,68,4.14,3.1,29.5,541.0,79,3.86,0.4
2026-07-27T14:00:00+00:00,2026-07-27T17:00:00+03:00,0.249005,31.0,402.0,37,6.1,0.0,28.2,390.0,65,3.11,0.0,29.4,356.0,71,3.47,0.1
2026-07-27T15:00:00+00:00,2026-07-27T18:00:00+03:00,0.590415,31.2,246.0,40,5.67,0.0,29.1,247.0,33,3.57,0.0,28.5,166.0,50,3.76,0.0
2026-07-27T16:00:00+00:00,2026-07-27T19:00:00+03:00,0.7576225,30.2,111.0,32,4.94,0.0,29.1,97.0,22,4.46,0.0,28.3,83.0,14,3.84,0.0
2026-07-27T17:00:00+00:00,2026-07-27T20:00:00+03:00,0.8081675,28.6,17.0,18,5.27,0.0,27.9,8.0,24,4.94,0.0,26.8,9.0,9,4.26,0.0
2026-07-27T18:00:00+00:00,2026-07-27T21:00:00+03:00,0.912585,25.6,0.0,14,5.94,0.0,26.9,0.0,24,5.33,0.0,25.3,0.0,12,4.13,0.0
2026-07-27T19:00:00+00:00,2026-07-27T22:00:00+03:00,0.93856,24.6,0.0,5,6.06,0.0,25.6,0.0,23,5.4,0.0,24.7,0.0,16,4.14,0.0
2026-07-27T20:00:00+00:00,2026-07-27T23:00:00+03:00,0.8998275,23.4,0.0,5,6.57,0.0,23.8,0.0,11,5.64,0.0,23.0,0.0,10,4.32,0.0
2026-07-27T21:00:00+00:00,2026-07-28T00:00:00+03:00,0.8444575,22.5,0.0,1,6.47,0.0,23.3,0.0,12,5.94,0.0,22.8,0.0,12,4.65,0.0
2026-07-27T22:00:00+00:00,2026-07-28T01:00:00+03:00,0.8524375,21.3,0.0,3,4.1,0.0,22.3,0.0,4,5.63,0.0,21.3,0.0,3,5.17,0.0
2026-07-27T23:00:00+00:00,2026-07-28T02:00:00+03:00,0.7989225,20.3,0.0,6,3.8,0.0,22.2,0.0,1,6.6,0.0,21.4,0.0,1,6.13,0.0
2026-07-28T00:00:00+00:00,2026-07-28T03:00:00+03:00,0.7639875,19.6,0.0,8,3.59,0.0,22.2,0.0,0,7.23,0.0,21.6,0.0,8,7.61,0.0
2026-07-28T01:00:00+00:00,2026-07-28T04:00:00+03:00,0.7161925,19.0,0.0,7,3.35,0.0,21.8,0.0,0,7.52,0.0,21.5,0.0,2,8.62,0.0
2026-07-28T02:00:00+00:00,2026-07-28T05:00:00+03:00,0.745655,18.4,0.0,4,2.87,0.0,20.8,0.0,0,7.93,0.0,20.6,1.0,2,8.55,0.0
2026-07-28T03:00:00+00:00,2026-07-28T06:00:00+03:00,0.836445,17.7,38.0,1,2.5,0.0,20.5,53.0,0,8.08,0.0,20.2,59.0,0,8.38,0.0
2026-07-28T04:00:00+00:00,2026-07-28T07:00:00+03:00,0.894455,18.1,170.0,8,1.88,0.0,20.5,195.0,0,8.19,0.0,20.0,198.0,2,8.47,0.0
2026-07-28T05:00:00+00:00,2026-07-28T08:00:00+03:00,0.59998,19.8,341.0,4,1.77,0.0,22.2,367.0,0,7.6,0.0,21.4,368.0,3,8.11,0.0
2026-07-28T06:00:00+00:00,2026-07-28T09:00:00+03:00,0.1326325,22.2,509.0,0,1.82,0.0,23.4,537.0,0,7.22,0.0,22.2,536.0,1,7.48,0.0
2026-07-28T07:00:00+00:00,2026-07-28T10:00:00+03:00,0.02938,24.3,652.0,0,2.59,0.0,24.4,684.0,0,6.59,0.0,23.1,663.0,3,7.35,0.0
2026-07-28T08:00:00+00:00,2026-07-28T11:00:00+03:00,0.0568425,26.3,726.0,5,2.46,0.0,26.1,797.0,0,6.38,0.0,24.8,693.0,6,7.7,0.0
2026-07-28T09:00:00+00:00,2026-07-28T12:00:00+03:00,0.04762,27.1,688.0,12,1.7,0.0,26.6,849.0,0,6.24,0.0,25.4,822.0,12,7.61,0.0
2026-07-28T10:00:00+00:00,2026-07-28T13:00:00+03:00,0.0473925,27.9,804.0,45,2.15,0.1,27.0,841.0,30,4.9,0.0,26.3,805.0,15,6.54,0.0
2026-07-28T11:00:00+00:00,2026-07-28T14:00:00+03:00,0.04436,28.9,712.0,34,0.78,0.0,27.4,720.0,30,4.68,0.0,26.7,723.0,17,6.52,0.0
2026-07-28T12:00:00+00:00,2026-07-28T15:00:00+03:00,0.0558725,29.4,596.0,43,1.64,0.2,27.4,615.0,33,4.6,0.0,26.8,619.0,26,6.77,0.0
2026-07-28T13:00:00+00:00,2026-07-28T16:00:00+03:00,0.083965,28.9,338.0,38,2.64,0.1,27.7,560.0,35,4.81,0.0,26.9,567.0,32,7.0,0.0
2026-07-28T14:00:00+00:00,2026-07-28T17:00:00+03:00,0.3610475,27.8,321.0,45,3.29,0.0,27.8,365.0,48,5.15,0.0,27.0,412.0,29,6.93,0.0
2026-07-28T15:00:00+00:00,2026-07-28T18:00:00+03:00,0.6222,27.7,253.0,39,3.38,0.0,27.6,217.0,40,4.96,0.0,26.9,264.0,15,6.31,0.0
2026-07-28T16:00:00+00:00,2026-07-28T19:00:00+03:00,0.9735925,27.5,105.0,17,3.36,0.0,26.9,89.0,27,4.45,0.0,26.5,107.0,7,4.6,0.0
2026-07-28T17:00:00+00:00,2026-07-28T20:00:00+03:00,1.09004,26.5,18.0,2,3.69,0.0,25.3,8.0,29,4.22,0.0,23.9,10.0,1,3.04,0.0
2026-07-28T18:00:00+00:00,2026-07-28T21:00:00+03:00,1.14083,24.2,0.0,1,4.61,0.0,23.5,0.0,25,3.98,0.0,24.3,0.0,1,2.54,0.0
2026-07-28T19:00:00+00:00,2026-07-28T22:00:00+03:00,1.0989325,21.5,0.0,1,5.51,0.0,22.3,0.0,15,3.14,0.0,21.8,0.0,3,3.0,0.0
2026-07-28T20:00:00+00:00,2026-07-28T23:00:00+03:00,1.0153325,20.7,0.0,0,5.76,0.0,21.4,0.0,9,2.4,0.0,19.1,0.0,3,4.08,0.0
2026-07-28T21:00:00+00:00,2026-07-29T00:00:00+03:00,0.91032,20.1,0.0,1,5.43,0.0,19.9,0.0,1,2.53,0.0,19.1,0.0,0,4.62,0.0
2026-07-28T22:00:00+00:00,2026-07-29T01:00:00+03:00,0.8469075,19.4,0.0,0,4.79,0.0,18.0,0.0,0,1.47,0.0,18.2,0.0,1,3.87,0.0
2026-07-28T23:00:00+00:00,2026-07-29T02:00:00+03:00,0.7843525,18.3,0.0,1,4.11,0.0,17.6,0.0,0,1.85,0.0,17.5,0.0,1,3.27,0.0
2026-07-29T00:00:00+00:00,2026-07-29T03:00:00+03:00,0.7215525,18.8,0.0,1,3.87,0.0,17.4,0.0,0,2.15,0.0,17.9,0.0,3,2.78,0.0
2026-07-29T01:00:00+00:00,2026-07-29T04:00:00+03:00,0.706415,18.7,0.0,0,3.76,0.0,17.4,0.0,0,2.23,0.0,18.5,0.0,4,2.57,0.0
2026-07-29T02:00:00+00:00,2026-07-29T05:00:00+03:00,0.7437325,17.3,0.0,0,3.82,0.0,17.1,0.0,2,2.69,0.0,17.2,1.0,12,2.98,0.0
2026-07-29T03:00:00+00:00,2026-07-29T06:00:00+03:00,0.8162225,15.5,37.0,0,4.42,0.0,17.1,54.0,3,3.34,0.0,17.0,59.0,10,3.68,0.0
2026-07-29T04:00:00+00:00,2026-07-29T07:00:00+03:00,0.9070975,15.9,171.0,0,5.08,0.0,18.1,200.0,0,3.65,0.0,17.4,198.0,8,3.98,0.0
2026-07-29T05:00:00+00:00,2026-07-29T08:00:00+03:00,0.855,18.1,343.0,0,4.65,0.0,21.3,375.0,0,3.17,0.0,20.8,361.0,6,3.23,0.0
2026-07-29T06:00:00+00:00,2026-07-29T09:00:00+03:00,0.699,20.8,514.0,0,3.76,0.0,23.0,545.0,0,2.69,0.0,21.9,542.0,6,2.95,0.0
2026-07-29T07:00:00+00:00,2026-07-29T10:00:00+03:00,0.53819,23.5,667.0,0,3.41,0.0,24.1,695.0,0,2.8,0.0,23.2,678.0,6,2.71,0.0
2026-07-29T08:00:00+00:00,2026-07-29T11:00:00+03:00,0.371705,25.6,784.0,0,2.78,0.0,25.5,804.0,0,2.67,0.0,25.5,799.0,2,2.4,0.0
2026-07-29T09:00:00+00:00,2026-07-29T12:00:00+03:00,0.15194,27.3,861.0,0,2.14,0.0,26.1,867.0,0,2.34,0.0,26.1,861.0,3,2.28,0.0
2026-07-29T10:00:00+00:00,2026-07-29T13:00:00+03:00,0.0611475,28.6,880.0,0,1.1,0.0,26.6,864.0,2,2.57,0.0,27.3,839.0,20,2.01,0.0
2026-07-29T11:00:00+00:00,2026-07-29T14:00:00+03:00,0.08348,29.3,849.0,0,0.43,0.0,26.8,735.0,0,3.01,0.0,27.7,656.0,48,2.4,0.0
2026-07-29T12:00:00+00:00,2026-07-29T15:00:00+03:00,0.11031,30.0,683.0,5,0.94,0.0,27.1,614.0,20,2.8,0.0,27.8,459.0,75,3.13,0.0
2026-07-29T13:00:00+00:00,2026-07-29T16:00:00+03:00,0.208565,30.7,559.0,0,1.57,0.0,27.5,412.0,59,3.22,0.0,27.9,375.0,85,3.11,0.0
2026-07-29T14:00:00+00:00,2026-07-29T17:00:00+03:00,0.54721,30.8,484.0,3,1.77,0.0,27.2,283.0,15,4.64,0.0,28.2,318.0,78,2.61,0.0
2026-07-29T15:00:00+00:00,2026-07-29T18:00:00+03:00,0.7413375,31.1,298.0,0,1.72,0.0,26.7,234.0,1,5.45,0.0,28.3,235.0,56,1.73,0.0
2026-07-29T16:00:00+00:00,2026-07-29T19:00:00+03:00,0.9323925,30.8,128.0,1,1.51,0.0,25.9,103.0,0,5.77,0.0,28.0,98.0,23,0.25,0.0
2026-07-29T17:00:00+00:00,2026-07-29T20:00:00+03:00,1.3929375,29.8,17.0,0,1.15,0.0,24.4,8.0,0,6.18,0.0,25.1,9.0,16,2.26,0.0
2026-07-29T18:00:00+00:00,2026-07-29T21:00:00+03:00,1.401435,27.3,0.0,0,0.49,0.0,23.4,0.0,0,6.67,0.0,23.2,0.0,21,3.66,0.0
2026-07-29T19:00:00+00:00,2026-07-29T22:00:00+03:00,1.1795775,22.6,0.0,0,0.53,0.0,22.3,0.0,2,6.55,0.0,22.9,0.0,28,4.84,0.0
2026-07-29T20:00:00+00:00,2026-07-29T23:00:00+03:00,1.0095175,21.2,0.0,0,1.14,0.0,20.9,0.0,9,6.12,0.0,21.0,0.0,33,5.17,0.0
2026-07-29T21:00:00+00:00,2026-07-30T00:00:00+03:00,0.87649,20.7,0.0,0,1.82,0.0,20.6,0.0,7,5.6,0.0,21.1,0.0,44,5.01,0.0
2026-07-29T22:00:00+00:00,2026-07-30T01:00:00+03:00,0.7833675,19.3,0.0,0,1.31,0.0,19.9,0.0,15,6.15,0.0,20.0,0.0,51,5.2,0.0
2026-07-29T23:00:00+00:00,2026-07-30T02:00:00+03:00,0.7448175,18.9,0.0,0,1.61,0.0,19.5,0.0,19,5.61,0.0,19.2,0.0,65,4.34,0.0
2026-07-30T00:00:00+00:00,2026-07-30T03:00:00+03:00,0.7323375,18.3,0.0,0,1.43,0.0,19.1,0.0,25,5.13,0.0,19.4,0.0,76,3.07,0.0
2026-07-30T01:00:00+00:00,2026-07-30T04:00:00+03:00,0.71592,18.5,0.0,0,0.9,0.0,18.8,0.0,43,4.65,0.0,19.1,0.0,15,2.37,0.0
2026-07-30T02:00:00+00:00,2026-07-30T05:00:00+03:00,0.6990725,18.5,0.0,0,1.1,0.0,18.2,0.0,47,4.29,0.0,18.8,0.0,10,2.52,0.0
2026-07-30T03:00:00+00:00,2026-07-30T06:00:00+03:00,0.760515,16.8,35.0,0,2.26,0.0,18.3,45.0,55,4.05,0.0,18.5,49.0,8,2.44,0.0
2026-07-30T04:00:00+00:00,2026-07-30T07:00:00+03:00,0.8164575,16.8,167.0,0,4.04,0.0,18.4,174.0,52,3.87,0.0,18.3,186.0,7,2.18,0.0
2026-07-30T05:00:00+00:00,2026-07-30T08:00:00+03:00,0.7841075,19.2,338.0,0,4.58,0.0,20.8,360.0,21,2.82,0.0,21.4,366.0,11,1.67,0.0
2026-07-30T06:00:00+00:00,2026-07-30T09:00:00+03:00,0.54,21.8,509.0,0,4.15,0.0,22.6,532.0,10,1.56,0.0,22.6,517.0,6,1.47,0.0
2026-07-30T07:00:00+00:00,2026-07-30T10:00:00+03:00,0.3115525,24.7,660.0,0,3.99,0.0,24.3,682.0,1,0.73,0.0,23.8,667.0,6,1.9,0.0
2026-07-30T08:00:00+00:00,2026-07-30T11:00:00+03:00,0.356,26.2,778.0,0,3.29,0.0,26.4,780.0,1,0.36,0.0,26.6,770.0,7,2.55,0.0
2026-07-30T09:00:00+00:00,2026-07-30T12:00:00+03:00,0.1816025,28.0,852.0,0,2.41,0.0,27.1,854.0,3,0.45,0.0,27.5,849.0,14,2.62,0.0
2026-07-30T10:00:00+00:00,2026-07-30T13:00:00+03:00,0.063325,29.3,872.0,0,1.86,0.0,27.9,792.0,2,0.87,0.0,28.8,778.0,4,2.58,0.0
2026-07-30T11:00:00+00:00,2026-07-30T14:00:00+03:00,0.10899,30.2,839.0,0,1.81,0.0,28.2,669.0,2,1.42,0.0,28.9,794.0,2,2.23,0.0
2026-07-30T12:00:00+00:00,2026-07-30T15:00:00+03:00,0.1860725,30.8,741.0,0,2.06,0.0,28.3,551.0,14,1.95,0.0,29.3,693.0,0,1.91,0.0
2026-07-30T13:00:00+00:00,2026-07-30T16:00:00+03:00,0.327155,31.3,608.0,1,2.39,0.0,28.2,501.0,34,3.1,0.0,29.7,491.0,0,1.95,0.0
2026-07-30T14:00:00+00:00,2026-07-30T17:00:00+03:00,0.5770925,31.4,467.0,7,2.77,0.0,27.9,357.0,11,4.16,0.0,29.7,396.0,0,2.24,0.0
2026-07-30T15:00:00+00:00,2026-07-30T18:00:00+03:00,0.7452175,31.5,293.0,0,2.28,0.0,27.0,211.0,1,4.92,0.0,29.7,255.0,0,2.15,0.0
2026-07-30T16:00:00+00:00,2026-07-30T19:00:00+03:00,1.007565,31.2,128.0,0,1.99,0.0,26.2,100.0,2,4.9,0.0,29.3,104.0,2,1.41,0.0
2026-07-30T17:00:00+00:00,2026-07-30T20:00:00+03:00,1.6048325,29.5,16.0,1,2.13,0.0,24.9,7.0,0,5.07,0.0,26.2,8.0,1,1.39,0.0
2026-07-30T18:00:00+00:00,2026-07-30T21:00:00+03:00,1.2699925,26.1,0.0,0,2.86,0.0,23.8,0.0,0,5.01,0.0,25.8,0.0,2,3.19,0.0
2026-07-30T19:00:00+00:00,2026-07-30T22:00:00+03:00,1.1350925,24.5,0.0,0,4.23,0.0,22.4,0.0,0,4.48,0.0,25.0,0.0,5,3.75,0.0
2026-07-30T20:00:00+00:00,2026-07-30T23:00:00+03:00,0.9954475,23.2,0.0,0,5.61,0.0,20.6,0.0,0,3.95,0.0,21.5,0.0,3,3.28,0.0
2026-07-30T21:00:00+00:00,2026-07-31T00:00:00+03:00,0.8936125,22.6,0.0,0,6.09,0.0,20.0,0.0,0,3.54,0.0,20.4,0.0,3,2.16,0.0
2026-07-30T22:00:00+00:00,2026-07-31T01:00:00+03:00,0.881225,21.7,0.0,0,5.32,0.0,20.2,0.0,0,1.84,0.0,19.7,0.0,1,1.1,0.0
2026-07-30T23:00:00+00:00,2026-07-31T02:00:00+03:00,0.85737,20.4,0.0,0,4.15,0.0,21.1,0.0,2,0.25,0.0,19.1,0.0,1,0.92,0.0
2026-07-31T00:00:00+00:00,2026-07-31T03:00:00+03:00,0.818265,19.1,0.0,0,3.47,0.0,19.9,0.0,1,1.1,0.0,19.1,0.0,1,0.67,0.0
2026-07-31T01:00:00+00:00,2026-07-31T04:00:00+03:00,0.8206675,18.1,0.0,0,3.88,0.0,18.2,0.0,0,1.66,0.0,19.3,0.0,2,0.07,0.0
2026-07-31T02:00:00+00:00,2026-07-31T05:00:00+03:00,0.8420425,17.7,0.0,1,5.13,0.0,18.2,0.0,0,2.0,0.0,18.4,0.0,3,0.98,0.0
2026-07-31T03:00:00+00:00,2026-07-31T06:00:00+03:00,0.9198175,17.6,34.0,0,5.81,0.0,17.9,50.0,0,1.99,0.0,17.8,55.0,3,1.75,0.0
2026-07-31T04:00:00+00:00,2026-07-31T07:00:00+03:00,0.94583,18.0,166.0,0,5.6,0.0,18.8,192.0,0,1.92,0.0,18.1,197.0,5,2.3,0.0
2026-07-31T05:00:00+00:00,2026-07-31T08:00:00+03:00,0.905655,20.3,337.0,0,4.65,0.0,21.4,367.0,2,2.13,0.0,21.4,369.0,6,2.06,0.0
2026-07-31T06:00:00+00:00,2026-07-31T09:00:00+03:00,0.6840825,23.1,507.0,0,3.83,0.0,23.4,539.0,6,1.83,0.0,22.9,532.0,1,1.72,0.0
2026-07-31T07:00:00+00:00,2026-07-31T10:00:00+03:00,0.59986,25.6,661.0,0,3.64,0.0,24.9,684.0,1,2.01,0.0,24.3,668.0,3,1.82,0.0
2026-07-31T08:00:00+00:00,2026-07-31T11:00:00+03:00,0.5361075,27.8,779.0,0,3.18,0.0,26.7,795.0,6,2.11,0.0,27.3,787.0,3,1.6,0.0
2026-07-31T09:00:00+00:00,2026-07-31T12:00:00+03:00,0.52051,29.3,851.0,0,2.79,0.0,27.2,851.0,2,2.25,0.0,28.0,749.0,53,1.8,0.0
2026-07-31T10:00:00+00:00,2026-07-31T13:00:00+03:00,0.492815,30.1,877.0,0,2.37,0.0,27.6,811.0,2,2.29,0.0,29.0,714.0,57,2.67,0.0
2026-07-31T11:00:00+00:00,2026-07-31T14:00:00+03:00,0.4357975,30.9,845.0,1,2.59,0.0,27.8,780.0,9,2.6,0.0,29.4,609.0,76,3.32,0.0
2026-07-31T12:00:00+00:00,2026-07-31T15:00:00+03:00,0.4515825,31.4,727.0,3,2.87,0.0,27.9,678.0,20,3.11,0.0,29.5,517.0,69,3.41,0.0
2026-07-31T13:00:00+00:00,2026-07-31T16:00:00+03:00,0.5575225,31.8,631.0,5,3.29,0.0,27.7,563.0,46,3.72,0.0,29.5,476.0,17,3.5,0.0
2026-07-31T14:00:00+00:00,2026-07-31T17:00:00+03:00,0.6556425,32.1,466.0,2,3.41,0.0,27.3,428.0,39,4.25,0.0,29.5,420.0,1,3.54,0.0
2026-07-31T15:00:00+00:00,2026-07-31T18:00:00+03:00,0.8247175,32.1,258.0,2,3.19,0.0,26.7,259.0,17,4.41,0.0,29.2,261.0,0,3.88,0.0
2026-07-31T16:00:00+00:00,2026-07-31T19:00:00+03:00,1.0467675,31.5,121.0,2,3.22,0.0,26.1,99.0,0,3.87,0.0,28.6,101.0,0,4.34,0.0
2026-07-31T17:00:00+00:00,2026-07-31T20:00:00+03:00,1.4191375,29.8,15.0,1,3.41,0.0,24.2,7.0,0,3.53,0.0,26.0,8.0,0,4.94,0.0
2026-07-31T18:00:00+00:00,2026-07-31T21:00:00+03:00,1.3016025,26.8,0.0,2,3.84,0.0,22.3,0.0,0,2.96,0.0,24.6,0.0,0,5.11,0.0
2026-07-31T19:00:00+00:00,2026-07-31T22:00:00+03:00,1.1140075,24.5,0.0,0,4.61,0.0,22.4,0.0,0,2.37,0.0,23.3,0.0,0,4.67,0.0
2026-07-31T20:00:00+00:00,2026-07-31T23:00:00+03:00,0.9883175,23.1,0.0,0,5.36,0.0,21.5,0.0,0,1.7,0.0,20.5,0.0,0,3.96,0.0
2026-08-31T21:00:00+00:00,2026-09-01T00:00:00+03:00,1.131235,22.0,0.0,6,6.31,0.0,19.9,0.0,0,2.21,0.0,18.5,0.0,0,2.79,0.0
2026-08-31T22:00:00+00:00,2026-09-01T01:00:00+03:00,0.9986875,20.6,0.0,2,5.33,0.0,19.2,0.0,0,3.02,0.0,17.5,0.0,0,2.82,0.0
2026-08-31T23:00:00+00:00,2026-09-01T02:00:00+03:00,0.853775,19.3,0.0,5,4.95,0.0,17.9,0.0,0,3.5,0.0,16.7,0.0,0,2.85,0.0
2026-09-01T00:00:00+00:00,2026-09-01T03:00:00+03:00,0.86188,18.6,0.0,8,3.61,0.0,17.8,0.0,0,3.99,0.0,16.0,0.0,0,3.61,0.0
2026-09-01T01:00:00+00:00,2026-09-01T04:00:00+03:00,0.855355,18.2,0.0,24,3.85,0.0,17.8,0.0,4,3.34,0.0,16.5,0.0,12,3.09,0.0
2026-09-01T02:00:00+00:00,2026-09-01T05:00:00+03:00,0.85,17.5,0.0,34,4.68,0.0,16.7,0.0,8,2.2,0.0,16.0,0.0,32,2.38,0.0
2026-09-01T03:00:00+00:00,2026-09-01T06:00:00+03:00,0.9403075,17.1,3.0,36,4.93,0.0,14.9,8.0,30,1.74,0.0,16.6,9.0,59,2.19,0.0
2026-09-01T04:00:00+00:00,2026-09-01T07:00:00+03:00,1.074435,16.6,84.0,18,4.31,0.0,14.9,111.0,100,0.55,0.0,16.2,115.0,85,1.35,0.0
2026-09-01T05:00:00+00:00,2026-09-01T08:00:00+03:00,1.1008325,17.4,236.0,25,3.53,0.0,17.8,286.0,98,0.87,0.0,18.3,285.0,84,1.05,0.0
2026-09-01T06:00:00+00:00,2026-09-01T09:00:00+03:00,1.02611,19.5,358.0,35,2.28,0.0,20.1,411.0,76,1.3,0.0,20.1,423.0,77,0.62,0.0
2026-09-01T07:00:00+00:00,2026-09-01T10:00:00+03:00,0.8222875,22.2,480.0,57,1.87,0.0,22.0,608.0,5,1.49,0.0,22.0,593.0,43,0.67,0.0
2026-09-01T08:00:00+00:00,2026-09-01T11:00:00+03:00,0.63639,25.0,581.0,56,1.5,0.2,24.8,718.0,17,1.96,0.0,26.0,708.0,28,1.32,0.0
2026-09-01T09:00:00+00:00,2026-09-01T12:00:00+03:00,0.473235,26.8,591.0,56,1.19,0.1,25.7,773.0,12,2.46,0.0,27.0,764.0,16,2.23,0.0
2026-09-01T10:00:00+00:00,2026-09-01T13:00:00+03:00,0.4195975,28.4,616.0,52,1.03,0.0,26.9,785.0,15,2.42,0.0,28.6,764.0,22,2.21,0.0
2026-09-01T11:00:00+00:00,2026-09-01T14:00:00+03:00,0.4436675,29.5,532.0,17,1.29,0.0,27.2,738.0,10,2.86,0.0,29.2,704.0,33,2.87,0.0
2026-09-01T12:00:00+00:00,2026-09-01T15:00:00+03:00,0.4533575,30.4,572.0,12,1.97,0.0,27.4,638.0,6,2.83,0.0,29.6,563.0,40,2.93,0.0
2026-09-01T13:00:00+00:00,2026-09-01T16:00:00+03:00,0.533795,31.4,475.0,7,1.71,0.0,27.7,490.0,6,3.11,0.0,29.9,408.0,45,2.43,0.0
2026-09-01T14:00:00+00:00,2026-09-01T17:00:00+03:00,0.8101175,31.9,333.0,3,1.72,0.0,27.2,313.0,0,3.13,0.0,29.5,242.0,34,1.86,0.0
2026-09-01T15:00:00+00:00,2026-09-01T18:00:00+03:00,1.2009725,31.9,164.0,2,2.0,0.0,26.6,134.0,9,3.16,0.0,29.1,87.0,31,1.72,0.0
2026-09-01T16:00:00+00:00,2026-09-01T19:00:00+03:00,1.4450375,31.3,28.0,3,2.04,0.0,25.9,16.0,7,4.05,0.0,28.1,14.0,44,2.76,0.0
2026-09-01T17:00:00+00:00,2026-09-01T20:00:00+03:00,1.4889325,29.2,0.0,5,1.95,0.0,23.3,0.0,2,4.58,0.0,25.1,0.0,27,3.81,0.0
2026-09-01T18:00:00+00:00,2026-09-01T21:00:00+03:00,1.337435,26.9,0.0,5,2.44,0.0,21.9,0.0,2,4.34,0.0,23.9,0.0,24,4.32,0.0
2026-09-01T19:00:00+00:00,2026-09-01T22:00:00+03:00,1.3075325,25.1,0.0,3,3.06,0.0,21.0,0.0,7,3.88,0.0,23.1,0.0,27,4.35,0.0
2026-09-01T20:00:00+00:00,2026-09-01T23:00:00+03:00,1.2315875,23.1,0.0,4,4.07,0.0,20.0,0.0,10,3.56,0.0,21.1,0.0,17,3.79,0.0
2026-09-01T21:00:00+00:00,2026-09-02T00:00:00+03:00,1.2072075,22.7,0.0,4,5.24,0.0,19.9,0.0,4,3.34,0.0,19.9,0.0,12,3.09,0.0
2026-09-01T22:00:00+00:00,2026-09-02T01:00:00+03:00,1.0836325,23.3,0.0,7,7.06,0.0,19.1,0.0,4,2.34,0.0,19.2,0.0,19,3.4,0.0
2026-09-01T23:00:00+00:00,2026-09-02T02:00:00+03:00,1.0888625,22.8,0.0,11,7.03,0.0,19.1,0.0,95,1.77,0.0,18.6,0.0,18,3.75,0.0
2026-09-02T00:00:00+00:00,2026-09-02T03:00:00+03:00,1.0164075,22.0,0.0,34,6.77,0.0,18.6,0.0,87,1.55,0.0,18.9,0.0,30,4.46,0.0
2026-09-02T01:00:00+00:00,2026-09-02T04:00:00+03:00,0.9743425,21.5,0.0,42,6.27,0.0,18.3,0.0,96,2.41,0.0,19.1,0.0,30,5.11,0.0
2026-09-02T02:00:00+00:00,2026-09-02T05:00:00+03:00,0.9159275,20.9,0.0,38,5.96,0.0,18.1,0.0,10,3.74,0.0,18.9,0.0,46,5.03,0.0
2026-09-02T03:00:00+00:00,2026-09-02T06:00:00+03:00,1.00635,20.6,2.0,51,5.87,0.0,17.7,7.0,17,4.2,0.0,19.0,7.0,46,5.09,0.0
2026-09-02T04:00:00+00:00,2026-09-02T07:00:00+03:00,1.1725375,20.2,53.0,63,5.6,0.0,17.8,101.0,4,4.11,0.0,18.5,103.0,21,5.12,0.0
2026-09-02T05:00:00+00:00,2026-09-02T08:00:00+03:00,1.12154,20.2,167.0,55,5.14,0.0,20.0,249.0,4,4.09,0.0,20.3,242.0,19,4.76,0.0
2026-09-02T06:00:00+00:00,2026-09-02T09:00:00+03:00,1.0505525,21.6,296.0,44,4.62,0.0,21.7,430.0,5,3.15,0.0,21.3,367.0,10,4.43,0.0
2026-09-02T07:00:00+00:00,2026-09-02T10:00:00+03:00,0.85,23.2,466.0,53,4.9,0.0,23.0,555.0,16,2.93,0.0,22.2,529.0,16,3.87,0.0
2026-09-02T08:00:00+00:00,2026-09-02T11:00:00+03:00,0.7557575,25.0,516.0,45,4.71,0.0,25.5,669.0,11,2.46,0.0,25.4,630.0,10,3.26,0.0
2026-09-02T09:00:00+00:00,2026-09-02T12:00:00+03:00,0.629455,26.7,661.0,49,4.15,0.0,26.3,698.0,21,2.05,0.0,26.1,681.0,23,2.66,0.0
2026-09-02T10:00:00+00:00,2026-09-02T13:00:00+03:00,0.564385,28.6,678.0,78,4.49,0.0,27.4,713.0,16,2.89,0.0,28.2,669.0,20,2.25,0.0
2026-09-02T11:00:00+00:00,2026-09-02T14:00:00+03:00,0.5695475,30.0,640.0,47,4.05,0.0,28.1,682.0,14,2.96,0.0,28.9,635.0,21,1.75,0.0
2026-09-02T12:00:00+00:00,2026-09-02T15:00:00+03:00,0.6327725,30.6,544.0,32,3.28,0.0,28.4,585.0,12,3.2,0.0,29.2,544.0,16,1.46,0.0
2026-09-02T13:00:00+00:00,2026-09-02T16:00:00+03:00,0.81397,30.9,399.0,19,2.89,0.0,28.3,448.0,13,3.26,0.0,29.3,444.0,18,1.17,0.0
2026-09-02T14:00:00+00:00,2026-09-02T17:00:00+03:00,0.9949,31.1,289.0,22,2.84,0.1,28.1,283.0,12,3.26,0.0,29.3,253.0,36,0.87,0.1
2026-09-02T15:00:00+00:00,2026-09-02T18:00:00+03:00,1.261175,30.4,135.0,22,2.94,0.0,27.6,120.0,9,3.51,0.0,29.0,98.0,42,0.76,0.2
2026-09-02T16:00:00+00:00,2026-09-02T19:00:00+03:00,1.57,29.7,22.0,24,4.0,0.0,26.9,12.0,10,3.7,0.0,28.1,13.0,33,0.6,0.1
2026-09-02T17:00:00+00:00,2026-09-02T20:00:00+03:00,1.58257,27.7,0.0,22,5.47,0.0,24.1,0.0,7,4.0,0.0,25.2,0.0,25,1.36,0.2
2026-09-02T18:00:00+00:00,2026-09-02T21:00:00+03:00,1.498385,25.1,0.0,16,6.03,0.0,23.0,0.0,9,3.75,0.0,23.7,0.0,22,2.02,0.0
2026-09-02T19:00:00+00:00,2026-09-02T22:00:00+03:00,1.44,23.9,0.0,5,6.13,0.0,22.7,0.0,4,2.95,0.0,22.7,0.0,15,2.26,0.0
2026-09-02T20:00:00+00:00,2026-09-02T23:00:00+03:00,1.17335,23.0,0.0,7,6.21,0.0,22.4,0.0,7,2.14,0.0,21.2,0.0,13,2.41,0.0
2026-09-02T21:00:00+00:00,2026-09-03T00:00:00+03:00,1.12045,22.1,0.0,6,6.09,0.0,20.7,0.0,8,1.58,0.0,20.5,0.0,13,2.24,0.0
2026-09-02T22:00:00+00:00,2026-09-03T01:00:00+03:00,1.13422,21.6,0.0,62,7.16,0.0,21.0,0.0,48,1.36,0.0,20.3,0.0,50,1.63,0.0
2026-09-02T23:00:00+00:00,2026-09-03T02:00:00+03:00,1.0829425,21.1,0.0,81,7.25,0.0,21.0,0.0,99,0.7,0.0,20.0,0.0,43,2.19,0.0
2026-09-03T00:00:00+00:00,2026-09-03T03:00:00+03:00,1.041555,20.6,0.0,95,7.3,0.0,21.2,0.0,100,1.1,0.0,20.0,0.0,46,2.23,0.0
2026-09-03T01:00:00+00:00,2026-09-03T04:00:00+03:00,1.0386975,20.1,0.0,100,7.24,0.0,19.7,0.0,100,2.04,0.0,19.5,0.0,90,2.44,0.0
2026-09-03T02:00:00+00:00,2026-09-03T05:00:00+03:00,0.9543525,19.7,0.0,98,7.1,0.0,19.2,0.0,100,2.6,0.0,19.0,0.0,100,2.93,0.0
2026-09-03T03:00:00+00:00,2026-09-03T06:00:00+03:00,1.08041,19.3,2.0,92,7.02,0.0,19.5,6.0,100,2.89,0.0,18.6,6.0,100,3.05,0.0
2026-09-03T04:00:00+00:00,2026-09-03T07:00:00+03:00,1.1826625,18.9,70.0,72,6.89,0.0,19.4,83.0,100,2.91,0.0,19.0,87.0,97,2.76,0.0
2026-09-03T05:00:00+00:00,2026-09-03T08:00:00+03:00,1.11084,19.0,234.0,46,6.37,0.0,20.3,210.0,99,2.93,0.0,20.5,212.0,97,2.75,0.0
2026-09-03T06:00:00+00:00,2026-09-03T09:00:00+03:00,0.9921525,20.7,341.0,33,5.34,0.0,22.1,348.0,97,2.09,0.0,21.3,360.0,95,2.7,0.0
2026-09-03T07:00:00+00:00,2026-09-03T10:00:00+03:00,0.786435,23.0,516.0,19,4.56,0.0,23.2,486.0,94,1.98,0.0,22.3,486.0,75,2.75,0.0
2026-09-03T08:00:00+00:00,2026-09-03T11:00:00+03:00,0.682775,25.4,619.0,26,4.15,0.0,25.2,579.0,79,1.89,0.0,25.3,577.0,55,2.47,0.0
2026-09-03T09:00:00+00:00,2026-09-03T12:00:00+03:00,0.5818675,26.8,692.0,39,3.72,0.1,25.8,672.0,31,2.0,0.0,26.4,626.0,36,2.29,0.0
2026-09-03T10:00:00+00:00,2026-09-03T13:00:00+03:00,0.5748025,28.1,661.0,72,3.91,0.0,27.4,660.0,24,2.77,0.0,28.0,625.0,49,2.35,0.0
2026-09-03T11:00:00+00:00,2026-09-03T14:00:00+03:00,0.677265,29.0,528.0,78,3.57,0.0,27.9,682.0,44,3.4,0.0,28.5,623.0,50,2.19,0.0
2026-09-03T12:00:00+00:00,2026-09-03T15:00:00+03:00,0.72051,29.3,511.0,58,3.02,0.0,28.3,557.0,45,3.73,0.0,28.9,459.0,48,2.11,0.0
2026-09-03T13:00:00+00:00,2026-09-03T16:00:00+03:00,0.7854625,29.6,456.0,56,2.62,0.0,28.2,419.0,58,3.98,2.3,28.9,367.0,65,2.05,0.3
2026-09-03T14:00:00+00:00,2026-09-03T17:00:00+03:00,1.005505,30.2,260.0,30,2.65,0.0,26.3,243.0,49,4.12,0.0,28.6,223.0,47,2.06,0.2
2026-09-03T15:00:00+00:00,2026-09-03T18:00:00+03:00,1.324225,29.9,125.0,72,2.94,0.1,26.7,103.0,53,4.0,0.0,28.0,98.0,68,2.04,0.0
2026-09-03T16:00:00+00:00,2026-09-03T19:00:00+03:00,1.51436,29.1,22.0,50,3.14,0.0,26.1,10.0,55,3.57,0.0,27.4,10.0,57,2.13,0.0
2026-09-03T17:00:00+00:00,2026-09-03T20:00:00+03:00,1.5509425,25.7,0.0,28,3.7,0.0,24.0,0.0,54,2.45,0.0,24.4,0.0,53,1.88,0.0
2026-09-03T18:00:00+00:00,2026-09-03T21:00:00+03:00,1.342585,23.3,0.0,25,3.58,0.0,22.7,0.0,38,1.88,0.0,23.3,0.0,39,1.58,0.0
2026-09-03T19:00:00+00:00,2026-09-03T22:00:00+03:00,1.236975,22.3,0.0,21,3.87,0.0,21.4,0.0,28,1.42,0.0,22.4,0.0,25,1.52,0.0
2026-09-03T20:00:00+00:00,2026-09-03T23:00:00+03:00,1.27,22.0,0.0,13,4.53,0.0,20.0,0.0,29,0.9,0.0,20.2,0.0,13,1.45,0.0
2026-09-03T21:00:00+00:00,2026-09-04T00:00:00+03:00,1.16299,21.5,0.0,14,5.12,0.0,20.1,0.0,11,0.63,0.0,19.8,0.0,12,2.1,0.0
2026-09-03T22:00:00+00:00,2026-09-04T01:00:00+03:00,1.10132,20.5,0.0,56,4.07,0.0,19.5,0.0,86,2.16,0.0,18.6,0.0,7,3.3,0.0
2026-09-03T23:00:00+00:00,2026-09-04T02:00:00+03:00,0.898885,19.8,0.0,98,5.29,0.0,18.7,0.0,99,3.26,0.0,18.4,0.0,4,3.36,0.0
2026-09-04T00:00:00+00:00,2026-09-04T03:00:00+03:00,0.9016325,18.7,0.0,97,4.92,0.0,19.1,0.0,99,3.76,0.0,18.2,0.0,9,3.29,0.0
2026-09-04T01:00:00+00:00,2026-09-04T04:00:00+03:00,0.9523175,18.4,0.0,97,4.21,0.0,19.1,0.0,100,3.8,0.0,18.4,0.0,11,3.26,0.0
2026-09-04T02:00:00+00:00,2026-09-04T05:00:00+03:00,0.9633575,17.6,0.0,97,3.64,0.0,18.6,0.0,100,3.92,0.0,17.4,0.0,13,2.67,0.0
2026-09-04T03:00:00+00:00,2026-09-04T06:00:00+03:00,1.0394225,17.6,2.0,89,3.34,0.0,18.4,5.0,16,3.84,0.0,16.8,6.0,37,2.44,0.0
2026-09-04T04:00:00+00:00,2026-09-04T07:00:00+03:00,1.1876675,17.5,71.0,5,2.52,0.0,18.1,97.0,39,3.46,0.0,16.9,100.0,57,2.92,0.0
2026-09-04T05:00:00+00:00,2026-09-04T08:00:00+03:00,1.099,17.8,220.0,34,1.27,0.0,19.7,259.0,40,3.3,0.0,19.5,260.0,50,3.1,0.0
2026-09-04T06:00:00+00:00,2026-09-04T09:00:00+03:00,0.9160725,19.6,391.0,56,0.34,0.0,21.2,407.0,74,2.67,0.0,20.6,430.0,28,2.35,0.0
2026-09-04T07:00:00+00:00,2026-09-04T10:00:00+03:00,0.7407775,22.2,557.0,0,0.53,0.0,22.6,550.0,75,2.6,0.0,21.8,578.0,1,2.21,0.0
2026-09-04T08:00:00+00:00,2026-09-04T11:00:00+03:00,0.6025725,24.7,666.0,8,0.78,0.0,25.2,666.0,56,2.29,0.0,25.4,686.0,0,1.87,0.0
2026-09-04T09:00:00+00:00,2026-09-04T12:00:00+03:00,0.514085,26.6,738.0,95,1.61,0.0,26.2,738.0,15,2.22,0.0,26.4,730.0,3,1.38,0.0
2026-09-04T10:00:00+00:00,2026-09-04T13:00:00+03:00,0.2701525,27.9,716.0,45,2.98,0.0,27.1,688.0,13,2.53,0.0,27.9,734.0,6,0.25,0.0
2026-09-04T11:00:00+00:00,2026-09-04T14:00:00+03:00,0.29126,29.1,573.0,20,3.43,0.0,27.2,644.0,7,2.95,0.0,28.3,653.0,9,0.74,0.0
2026-09-04T12:00:00+00:00,2026-09-04T15:00:00+03:00,0.3112125,29.4,500.0,26,3.51,0.0,26.9,556.0,13,2.82,0.0,28.4,547.0,19,1.77,0.0
2026-09-04T13:00:00+00:00,2026-09-04T16:00:00+03:00,0.4573875,29.8,420.0,13,3.67,0.0,27.2,403.0,33,2.72,0.0,28.7,351.0,17,2.33,0.0
2026-09-04T14:00:00+00:00,2026-09-04T17:00:00+03:00,0.8030725,30.1,250.0,33,3.67,0.0,26.9,252.0,40,3.16,0.0,28.6,213.0,26,2.57,0.0
2026-09-04T15:00:00+00:00,2026-09-04T18:00:00+03:00,1.210605,29.9,145.0,35,3.54,0.0,26.6,86.0,29,2.86,0.0,28.5,92.0,31,2.77,0.0
2026-09-04T16:00:00+00:00,2026-09-04T19:00:00+03:00,1.31375,29.3,23.0,3,2.64,0.0,25.9,10.0,33,3.72,0.0,27.5,10.0,39,3.6,0.0
2026-09-04T17:00:00+00:00,2026-09-04T20:00:00+03:00,1.3413625,27.3,0.0,0,0.83,0.0,23.6,0.0,26,4.33,0.0,25.0,0.0,23,4.94,0.0
2026-09-04T18:00:00+00:00,2026-09-04T21:00:00+03:00,1.457695,24.1,0.0,9,0.85,0.0,22.8,0.0,24,5.07,0.0,23.4,0.0,8,6.09,0.0
2026-09-04T19:00:00+00:00,2026-09-04T22:00:00+03:00,1.33258,22.9,0.0,51,1.92,0.0,22.6,0.0,2,5.41,0.0,23.3,0.0,3,6.32,0.0
2026-09-04T20:00:00+00:00,2026-09-04T23:00:00+03:00,1.2767975,22.2,0.0,88,2.75,0.0,21.6,0.0,0,5.54,0.0,21.9,0.0,2,6.1,0.0
2026-09-04T21:00:00+00:00,2026-09-05T00:00:00+03:00,1.2061875,21.8,0.0,93,2.98,0.0,21.3,0.0,0,5.7,0.0,21.6,0.0,76,6.08,0.0
2026-09-04T22:00:00+00:00,2026-09-05T01:00:00+03:00,1.1528075,19.2,0.0,77,4.21,0.0,20.6,0.0,61,6.35,0.0,20.5,0.0,37,6.88,0.0
2026-09-04T23:00:00+00:00,2026-09-05T02:00:00+03:00,1.0083625,18.2,0.0,42,4.7,0.0,20.4,0.0,63,6.33,0.0,20.4,0.0,24,6.8,0.0
2026-09-05T00:00:00+00:00,2026-09-05T03:00:00+03:00,0.91054,17.8,0.0,20,4.21,0.0,20.1,0.0,0,6.48,0.0,20.2,0.0,4,6.49,0.0
2026-09-05T01:00:00+00:00,2026-09-05T04:00:00+03:00,0.85,16.7,0.0,13,2.88,0.0,19.9,0.0,0,6.48,0.0,19.9,0.0,0,6.22,0.0
2026-09-05T02:00:00+00:00,2026-09-05T05:00:00+03:00,0.85,16.4,0.0,27,1.41,0.0,19.3,0.0,0,6.32,0.0,19.2,0.0,0,6.12,0.0
2026-09-05T03:00:00+00:00,2026-09-05T06:00:00+03:00,0.85,16.0,1.0,9,0.3,0.0,19.0,5.0,0,6.36,0.0,19.0,6.0,0,5.83,0.0
2026-09-05T04:00:00+00:00,2026-09-05T07:00:00+03:00,0.85,15.4,76.0,0,1.81,0.0,18.8,97.0,0,6.43,0.0,18.9,100.0,0,5.46,0.0
2026-09-05T05:00:00+00:00,2026-09-05T08:00:00+03:00,0.6135675,16.9,236.0,0,3.12,0.0,20.4,261.0,0,6.0,0.0,21.4,262.0,6,5.05,0.0
2026-09-05T06:00:00+00:00,2026-09-05T09:00:00+03:00,0.35652,19.8,407.0,0,2.9,0.0,22.2,432.0,0,4.71,0.0,22.9,430.0,14,3.94,0.0
2026-09-05T07:00:00+00:00,2026-09-05T10:00:00+03:00,0.3210525,23.0,562.0,0,2.86,0.0,24.2,581.0,0,3.92,0.0,24.3,572.0,1,3.95,0.0
2026-09-05T08:00:00+00:00,2026-09-05T11:00:00+03:00,0.0671275,26.6,679.0,0,3.23,0.0,27.7,691.0,0,3.92,0.0,28.4,683.0,0,4.2,0.0
2026-09-05T09:00:00+00:00,2026-09-05T12:00:00+03:00,0.0904025,29.1,747.0,0,3.97,0.0,28.9,751.0,0,4.37,0.0,29.5,740.0,0,5.13,0.0
2026-09-05T10:00:00+00:00,2026-09-05T13:00:00+03:00,0.19964,30.7,761.0,0,4.02,0.0,30.8,754.0,0,3.71,0.0,31.3,742.0,0,5.39,0.0
2026-09-05T11:00:00+00:00,2026-09-05T14:00:00+03:00,0.21018,31.7,719.0,0,4.01,0.0,31.3,705.0,0,3.69,0.0,31.8,691.0,0,5.59,0.0
2026-09-05T12:00:00+00:00,2026-09-05T15:00:00+03:00,0.191855,32.6,624.0,0,4.3,0.0,31.7,602.0,0,3.94,0.0,32.2,590.0,0,5.99,0.0
2026-09-05T13:00:00+00:00,2026-09-05T16:00:00+03:00,0.1549475,33.1,487.0,0,4.31,0.0,32.1,458.0,0,4.08,0.0,32.5,448.0,0,6.26,0.0
2026-09-05T14:00:00+00:00,2026-09-05T17:00:00+03:00,0.5408125,33.4,321.0,0,4.47,0.0,31.9,288.0,0,4.27,0.0,32.5,282.0,0,6.16,0.0
2026-09-05T15:00:00+00:00,2026-09-05T18:00:00+03:00,0.9325675,33.4,149.0,0,4.52,0.0,31.2,119.0,0,5.49,0.0,32.4,117.0,1,5.43,0.0
2026-09-05T16:00:00+00:00,2026-09-05T19:00:00+03:00,1.2904375,32.3,21.0,0,4.0,0.0,29.9,11.0,0,6.82,0.0,31.4,10.0,3,5.1,0.0
2026-09-05T17:00:00+00:00,2026-09-05T20:00:00+03:00,1.2350825,28.1,0.0,0,4.09,0.0,27.4,0.0,0,7.79,0.0,27.3,0.0,0,5.7,0.0
2026-09-05T18:00:00+00:00,2026-09-05T21:00:00+03:00,0.9694875,25.1,0.0,0,4.68,0.0,25.7,0.0,0,8.03,0.0,26.3,0.0,0,6.49,0.0
2026-09-05T19:00:00+00:00,2026-09-05T22:00:00+03:00,0.95036,23.5,0.0,2,4.95,0.0,24.4,0.0,0,7.95,0.0,25.8,0.0,15,6.61,0.0
2026-09-05T20:00:00+00:00,2026-09-05T23:00:00+03:00,1.1203175,22.3,0.0,16,4.59,0.0,22.5,0.0,0,7.28,0.0,23.7,0.0,43,6.41,0.0
2026-09-05T21:00:00+00:00,2026-09-06T00:00:00+03:00,1.0053525,21.3,0.0,32,4.2,0.0,22.1,0.0,0,6.79,0.0,23.9,0.0,38,5.87,0.0
2026-09-05T22:00:00+00:00,2026-09-06T01:00:00+03:00,0.85,20.8,0.0,28,4.0,0.0,21.0,0.0,0,5.53,0.0,22.5,0.0,75,5.95,0.0
2026-09-05T23:00:00+00:00,2026-09-06T02:00:00+03:00,0.85,20.3,0.0,20,5.04,0.0,20.8,0.0,0,5.16,0.0,22.1,0.0,60,8.72,0.0
2026-09-06T00:00:00+00:00,2026-09-06T03:00:00+03:00,0.8349475,20.1,0.0,2,6.08,0.0,20.5,0.0,1,6.58,0.0,21.0,0.0,71,9.53,0.2
2026-09-06T01:00:00+00:00,2026-09-06T04:00:00+03:00,0.8225325,20.3,0.0,0,8.04,0.0,20.6,0.0,0,8.86,0.0,19.9,0.0,58,8.16,0.5
2026-09-06T02:00:00+00:00,2026-09-06T05:00:00+03:00,0.8282525,20.4,0.0,3,8.44,0.0,20.8,0.0,0,9.68,0.0,18.4,0.0,39,7.19,1.3
2026-09-06T03:00:00+00:00,2026-09-06T06:00:00+03:00,0.837975,19.9,1.0,3,7.53,0.0,20.3,4.0,1,9.11,0.0,17.7,4.0,57,6.52,0.9
2026-09-06T04:00:00+00:00,2026-09-06T07:00:00+03:00,0.85,18.9,72.0,1,6.4,0.0,19.7,85.0,10,8.62,0.0,17.1,69.0,23,4.68,0.1
2026-09-06T05:00:00+00:00,2026-09-06T08:00:00+03:00,0.7385975,18.8,229.0,0,4.4,0.0,20.1,233.0,4,6.94,0.0,17.7,208.0,3,4.34,0.0
2026-09-06T06:00:00+00:00,2026-09-06T09:00:00+03:00,0.353025,20.4,398.0,3,3.01,0.0,20.8,422.0,1,5.97,0.0,18.6,426.0,6,4.49,0.0
2026-09-06T07:00:00+00:00,2026-09-06T10:00:00+03:00,0.07521,22.0,551.0,2,1.8,0.0,21.5,572.0,0,4.85,0.0,19.7,484.0,9,4.52,0.0
2026-09-06T08:00:00+00:00,2026-09-06T11:00:00+03:00,0.0020175,23.6,656.0,3,0.52,0.0,23.7,654.0,2,4.7,0.0,22.2,622.0,19,4.68,0.0
2026-09-06T09:00:00+00:00,2026-09-06T12:00:00+03:00,-0.0001625,25.0,692.0,6,1.26,0.0,24.5,742.0,12,4.87,0.0,23.4,627.0,24,5.24,0.0
2026-09-06T10:00:00+00:00,2026-09-06T13:00:00+03:00,-0.00102,26.4,656.0,11,2.82,0.0,26.3,752.0,22,3.98,0.0,24.6,537.0,54,4.69,0.0
2026-09-06T11:00:00+00:00,2026-09-06T14:00:00+03:00,-0.005045,27.4,597.0,14,4.16,0.0,26.6,633.0,14,4.39,0.0,24.3,567.0,28,4.96,0.0
2026-09-06T12:00:00+00:00,2026-09-06T15:00:00+03:00,-0.00294,28.4,498.0,20,5.13,0.0,26.9,503.0,22,5.31,0.0,24.6,488.0,40,6.4,0.0
2026-09-06T13:00:00+00:00,2026-09-06T16:00:00+03:00,7.5e-06,29.1,433.0,23,5.46,0.0,26.7,329.0,32,6.03,0.0,24.7,348.0,38,6.71,0.0
2026-09-06T14:00:00+00:00,2026-09-06T17:00:00+03:00,0.1047575,29.6,317.0,13,5.24,0.0,26.4,204.0,51,6.33,0.0,24.6,177.0,42,6.61,0.0
2026-09-06T15:00:00+00:00,2026-09-06T18:00:00+03:00,0.6880425,29.6,141.0,2,4.98,0.0,25.5,76.0,56,5.54,0.0,23.8,96.0,26,6.41,0.0
2026-09-06T16:00:00+00:00,2026-09-06T19:00:00+03:00,1.03548,28.5,19.0,1,4.07,0.0,24.6,7.0,38,5.54,0.0,23.2,8.0,42,7.1,0.0
2026-09-06T17:00:00+00:00,2026-09-06T20:00:00+03:00,1.1714525,25.7,0.0,1,5.6,0.0,22.3,0.0,33,6.35,0.0,20.9,0.0,14,6.97,0.0
2026-09-06T18:00:00+00:00,2026-09-06T21:00:00+03:00,1.19574,23.6,0.0,0,8.14,0.0,20.9,0.0,29,6.8,0.0,20.0,0.0,20,7.0,0.0
2026-09-06T19:00:00+00:00,2026-09-06T22:00:00+03:00,1.08281,22.1,0.0,0,9.1,0.0,19.8,0.0,62,6.99,0.0,19.4,0.0,8,7.01,0.0
2026-09-06T20:00:00+00:00,2026-09-06T23:00:00+03:00,0.9947275,20.7,0.0,0,8.52,0.0,19.4,0.0,44,7.24,0.0,18.2,0.0,1,6.93,0.0
2026-09-06T21:00:00+00:00,2026-09-07T00:00:00+03:00,1.00582,19.5,0.0,0,7.3,0.0,18.6,0.0,25,7.29,0.0,17.7,0.0,0,6.72,0.0
2026-09-06T22:00:00+00:00,2026-09-07T01:00:00+03:00,0.9701175,17.8,0.0,0,7.06,0.0,18.4,0.0,35,7.34,0.0,16.8,0.0,0,6.37,0.0
2026-09-06T23:00:00+00:00,2026-09-07T02:00:00+03:00,0.817835,16.8,0.0,0,6.89,0.0,17.9,0.0,32,6.69,0.0,16.7,0.0,0,6.43,0.0
2026-09-07T00:00:00+00:00,2026-09-07T03:00:00+03:00,0.8199175,16.2,0.0,1,6.79,0.0,17.1,0.0,11,6.35,0.0,16.6,0.0,2,6.45,0.0
2026-09-07T01:00:00+00:00,2026-09-07T04:00:00+03:00,0.8333375,15.6,0.0,2,6.58,0.0,16.2,0.0,1,6.76,0.0,16.2,0.0,1,6.24,0.0
2026-09-07T02:00:00+00:00,2026-09-07T05:00:00+03:00,0.8569975,14.5,0.0,3,6.21,0.0,15.6,0.0,1,7.25,0.0,15.3,0.0,0,5.77,0.0
2026-09-07T03:00:00+00:00,2026-09-07T06:00:00+03:00,0.963275,13.5,1.0,1,5.82,0.0,15.3,4.0,1,7.36,0.0,14.7,5.0,1,5.73,0.0
2026-09-07T04:00:00+00:00,2026-09-07T07:00:00+03:00,1.1554225,12.9,73.0,2,5.57,0.0,14.9,96.0,0,7.2,0.0,14.4,97.0,0,5.92,0.0
2026-09-07T05:00:00+00:00,2026-09-07T08:00:00+03:00,1.0937275,14.4,235.0,1,4.96,0.0,16.0,263.0,1,6.35,0.0,15.7,262.0,0,5.38,0.0
2026-09-07T06:00:00+00:00,2026-09-07T09:00:00+03:00,1.1151225,17.0,410.0,0,4.49,0.0,17.9,437.0,0,5.75,0.0,17.0,430.0,0,5.76,0.0
2026-09-07T07:00:00+00:00,2026-09-07T10:00:00+03:00,0.6311925,19.6,558.0,1,4.05,0.0,19.4,590.0,2,5.36,0.0,18.3,576.0,0,5.59,0.0
2026-09-07T08:00:00+00:00,2026-09-07T11:00:00+03:00,0.321095,21.6,680.0,0,2.98,0.0,21.2,704.0,0,4.46,0.0,20.6,679.0,3,4.94,0.0
2026-09-07T09:00:00+00:00,2026-09-07T12:00:00+03:00,0.4871375,23.1,751.0,0,1.7,0.0,22.0,766.0,0,3.89,0.0,21.4,673.0,15,4.95,0.0
2026-09-07T10:00:00+00:00,2026-09-07T13:00:00+03:00,0.5165025,24.1,752.0,0,0.47,0.0,23.3,775.0,0,3.38,0.0,22.9,591.0,23,4.68,0.0
2026-09-07T11:00:00+00:00,2026-09-07T14:00:00+03:00,0.424445,25.1,709.0,0,0.76,0.0,24.1,718.0,0,3.26,0.0,23.5,467.0,41,5.2,0.0
2026-09-07T12:00:00+00:00,2026-09-07T15:00:00+03:00,0.455775,25.7,618.0,1,1.66,0.0,24.6,591.0,0,3.61,0.0,23.7,472.0,45,5.55,0.0
2026-09-07T13:00:00+00:00,2026-09-07T16:00:00+03:00,0.573375,26.1,473.0,0,2.02,0.0,24.7,447.0,8,3.82,0.0,24.1,341.0,44,5.49,0.0
2026-09-07T14:00:00+00:00,2026-09-07T17:00:00+03:00,0.7555575,26.4,315.0,0,2.27,0.0,24.6,278.0,1,3.69,0.0,24.2,251.0,32,5.16,0.0
2026-09-07T15:00:00+00:00,2026-09-07T18:00:00+03:00,1.25346,26.4,142.0,0,2.08,0.0,24.3,113.0,0,3.2,0.0,24.0,112.0,0,4.62,0.0
2026-09-07T16:00:00+00:00,2026-09-07T19:00:00+03:00,1.36958,26.0,17.0,0,1.44,0.0,23.1,8.0,0,2.45,0.0,23.1,8.0,0,3.74,0.0
2026-09-07T17:00:00+00:00,2026-09-07T20:00:00+03:00,1.5380725,23.9,0.0,0,0.72,0.0,20.5,0.0,0,2.1,0.0,19.9,0.0,0,3.26,0.0
2026-09-07T18:00:00+00:00,2026-09-07T21:00:00+03:00,1.4181625,21.3,0.0,20,0.21,0.0,18.8,0.0,0,2.01,0.0,18.5,0.0,0,3.29,0.0
2026-09-07T19:00:00+00:00,2026-09-07T22:00:00+03:00,1.299005,19.9,0.0,57,0.43,0.0,17.9,0.0,0,2.07,0.0,17.3,0.0,1,3.58,0.0
2026-09-07T20:00:00+00:00,2026-09-07T23:00:00+03:00,1.29812,19.0,0.0,39,0.9,0.0,17.6,0.0,1,2.44,0.0,15.3,0.0,1,3.73,0.0
2026-09-07T21:00:00+00:00,2026-09-08T00:00:00+03:00,1.18177,17.0,0.0,0,1.85,0.0,18.9,0.0,0,2.76,0.0,15.4,0.0,1,3.13,0.0
2026-09-07T22:00:00+00:00,2026-09-08T01:00:00+03:00,1.0769575,15.0,0.0,0,2.74,0.0,15.3,0.0,0,2.07,0.0,16.3,0.0,0,3.0,0.0
2026-09-07T23:00:00+00:00,2026-09-08T02:00:00+03:00,0.9979975,14.8,0.0,6,3.19,0.0,14.7,0.0,1,1.28,0.0,16.3,0.0,0,2.17,0.0
2026-09-08T00:00:00+00:00,2026-09-08T03:00:00+03:00,1.0350075,14.0,0.0,0,3.4,0.0,14.2,0.0,5,0.97,0.0,16.3,0.0,1,1.72,0.0
2026-09-08T01:00:00+00:00,2026-09-08T04:00:00+03:00,1.01723,13.6,0.0,0,2.75,0.0,14.0,0.0,0,1.39,0.0,15.6,0.0,9,1.6,0.0
2026-09-08T02:00:00+00:00,2026-09-08T05:00:00+03:00,1.0040975,13.0,0.0,1,2.86,0.0,13.6,0.0,1,2.25,0.0,14.0,0.0,46,1.83,0.0
2026-09-08T03:00:00+00:00,2026-09-08T06:00:00+03:00,1.0552375,12.5,1.0,48,3.07,0.0,13.3,3.0,21,2.6,0.0,13.5,4.0,26,2.1,0.0
2026-09-08T04:00:00+00:00,2026-09-08T07:00:00+03:00,1.1956025,12.0,69.0,65,3.43,0.0,13.1,91.0,63,2.67,0.0,13.2,94.0,24,2.35,0.0
2026-09-08T05:00:00+00:00,2026-09-08T08:00:00+03:00,1.2104625,13.6,226.0,43,3.26,0.0,15.9,256.0,79,2.52,0.0,15.9,257.0,7,2.3,0.0
2026-09-08T06:00:00+00:00,2026-09-08T09:00:00+03:00,1.054335,16.2,397.0,29,2.12,0.0,18.3,420.0,63,1.9,0.0,17.8,424.0,15,1.32,0.0
2026-09-08T07:00:00+00:00,2026-09-08T10:00:00+03:00,0.7246325,19.2,552.0,10,1.85,0.0,20.5,580.0,16,1.84,0.0,19.3,572.0,0,1.07,0.0
2026-09-08T08:00:00+00:00,2026-09-08T11:00:00+03:00,0.4304275,22.5,658.0,40,2.21,0.0,23.1,687.0,15,1.57,0.0,22.7,681.0,2,0.85,0.0
2026-09-08T09:00:00+00:00,2026-09-08T12:00:00+03:00,0.338695,25.0,718.0,61,2.55,0.0,24.1,745.0,12,1.76,0.0,23.7,741.0,5,1.2,0.0
2026-09-08T10:00:00+00:00,2026-09-08T13:00:00+03:00,0.1464825,26.6,707.0,83,1.93,0.0,24.9,746.0,55,1.69,0.0,25.1,746.0,23,1.82,0.0
2026-09-08T11:00:00+00:00,2026-09-08T14:00:00+03:00,0.13306,27.4,644.0,90,1.23,0.0,25.3,680.0,89,1.76,0.0,25.7,683.0,14,2.1,0.0
2026-09-08T12:00:00+00:00,2026-09-08T15:00:00+03:00,0.2219475,28.0,476.0,87,0.87,0.0,25.4,552.0,46,2.8,0.0,25.9,570.0,11,1.56,0.0
2026-09-08T13:00:00+00:00,2026-09-08T16:00:00+03:00,0.4086825,28.4,372.0,82,0.92,0.0,25.3,366.0,48,3.59,0.0,26.0,383.0,18,1.05,0.0
2026-09-08T14:00:00+00:00,2026-09-08T17:00:00+03:00,0.8500025,28.5,249.0,83,0.87,0.0,24.6,234.0,97,4.85,0.0,25.8,257.0,19,1.59,0.0
2026-09-08T15:00:00+00:00,2026-09-08T18:00:00+03:00,1.2315225,28.3,123.0,33,1.84,0.0,23.8,89.0,97,5.69,0.0,25.6,102.0,22,2.61,0.0
2026-09-08T16:00:00+00:00,2026-09-08T19:00:00+03:00,1.52809,26.9,15.0,0,3.72,0.0,23.1,6.0,98,5.73,0.0,24.1,6.0,2,4.56,0.0
2026-09-08T17:00:00+00:00,2026-09-08T20:00:00+03:00,1.5779475,23.6,0.0,0,4.85,0.0,21.1,0.0,63,5.56,0.0,21.2,0.0,4,6.48,0.0
2026-09-08T18:00:00+00:00,2026-09-08T21:00:00+03:00,1.3990125,21.2,0.0,3,4.84,0.0,20.3,0.0,31,5.46,0.0,20.5,0.0,2,7.13,0.0
2026-09-08T19:00:00+00:00,2026-09-08T22:00:00+03:00,1.2081925,20.2,0.0,0,4.84,0.0,19.8,0.0,45,5.38,0.0,19.8,0.0,0,6.84,0.0
2026-09-08T20:00:00+00:00,2026-09-08T23:00:00+03:00,1.266985,19.5,0.0,1,4.86,0.0,18.4,0.0,26,5.25,0.0,18.0,0.0,2,6.59,0.0
2026-09-08T21:00:00+00:00,2026-09-09T00:00:00+03:00,1.1556575,18.8,0.0,11,4.54,0.0,18.1,0.0,21,5.05,0.0,17.8,0.0,0,6.39,0.0
2026-09-08T22:00:00+00:00,2026-09-09T01:00:00+03:00,0.86934,17.1,0.0,24,2.91,0.0,17.3,0.0,5,4.19,0.0,17.1,0.0,0,5.76,0.0
2026-09-08T23:00:00+00:00,2026-09-09T02:00:00+03:00,0.85,16.1,0.0,25,2.48,0.0,16.6,0.0,3,3.49,0.0,16.7,0.0,0,5.26,0.0
2026-09-09T00:00:00+00:00,2026-09-09T03:00:00+03:00,0.8611525,15.0,0.0,0,3.15,0.0,16.2,0.0,0,3.06,0.0,16.1,0.0,0,4.67,0.0
2026-09-09T01:00:00+00:00,2026-09-09T04:00:00+03:00,0.88924,14.3,0.0,0,3.86,0.0,16.4,0.0,0,2.77,0.0,15.4,0.0,0,4.1,0.0
2026-09-09T02:00:00+00:00,2026-09-09T05:00:00+03:00,0.858985,13.9,0.0,0,4.5,0.0,16.5,0.0,1,2.75,0.0,14.5,0.0,0,3.77,0.0
2026-09-09T03:00:00+00:00,2026-09-09T06:00:00+03:00,1.0624575,13.5,1.0,0,4.39,0.0,16.4,3.0,2,2.93,0.0,14.2,4.0,0,3.35,0.0
2026-09-09T04:00:00+00:00,2026-09-09T07:00:00+03:00,1.1282675,13.1,66.0,0,3.77,0.0,15.7,87.0,4,3.26,0.0,14.2,90.0,0,2.75,0.0
2026-09-09T05:00:00+00:00,2026-09-09T08:00:00+03:00,1.10506,14.2,224.0,0,3.24,0.0,18.0,250.0,5,3.37,0.0,17.5,250.0,0,2.37,0.0
2026-09-09T06:00:00+00:00,2026-09-09T09:00:00+03:00,0.9443625,17.1,398.0,0,2.4,0.0,20.4,410.0,10,3.08,0.0,19.6,418.0,0,1.9,0.0
2026-09-09T07:00:00+00:00,2026-09-09T10:00:00+03:00,0.427,20.1,554.0,0,2.65,0.0,21.8,559.0,29,3.75,0.0,21.2,562.0,8,3.04,0.0
2026-09-09T08:00:00+00:00,2026-09-09T11:00:00+03:00,0.228345,23.4,673.0,0,2.96,0.0,24.0,640.0,30,3.93,0.0,24.2,639.0,21,3.54,0.0
2026-09-09T09:00:00+00:00,2026-09-09T12:00:00+03:00,0.2585,25.9,743.0,0,3.34,0.0,24.6,682.0,20,4.12,0.0,25.0,710.0,24,3.56,0.0
2026-09-09T10:00:00+00:00,2026-09-09T13:00:00+03:00,0.29373,27.7,757.0,0,3.67,0.0,24.9,726.0,29,5.03,0.0,25.9,683.0,25,4.32,0.0
2026-09-09T11:00:00+00:00,2026-09-09T14:00:00+03:00,0.30756,28.9,714.0,0,3.76,0.0,25.1,659.0,47,5.2,0.0,26.3,648.0,14,4.64,0.0
2026-09-09T12:00:00+00:00,2026-09-09T15:00:00+03:00,0.286875,29.6,617.0,0,3.31,0.0,24.9,586.0,48,5.34,0.0,26.5,573.0,2,4.97,0.0
2026-09-09T13:00:00+00:00,2026-09-09T16:00:00+03:00,0.5088825,30.0,477.0,0,3.11,0.0,24.7,440.0,0,5.51,0.0,26.4,430.0,0,5.29,0.0
2026-09-09T14:00:00+00:00,2026-09-09T17:00:00+03:00,0.85,30.1,306.0,0,3.15,0.0,24.1,270.0,0,5.49,0.0,25.5,263.0,0,5.47,0.0
2026-09-09T15:00:00+00:00,2026-09-09T18:00:00+03:00,1.232565,29.9,133.0,0,3.48,0.0,23.7,103.0,0,5.55,0.0,24.9,100.0,0,5.73,0.0
2026-09-09T16:00:00+00:00,2026-09-09T19:00:00+03:00,1.3333725,28.1,14.0,9,4.16,0.0,22.8,6.0,0,5.59,0.0,23.9,6.0,0,6.22,0.0
2026-09-09T17:00:00+00:00,2026-09-09T20:00:00+03:00,1.47883,25.0,0.0,25,5.76,0.0,20.8,0.0,0,5.78,0.0,21.0,0.0,0,6.49,0.0
2026-09-09T18:00:00+00:00,2026-09-09T21:00:00+03:00,1.365265,23.1,0.0,29,6.94,0.0,19.9,0.0,0,5.81,0.0,20.0,0.0,0,6.36,0.0
2026-09-09T19:00:00+00:00,2026-09-09T22:00:00+03:00,1.230705,22.1,0.0,25,7.44,0.0,19.5,0.0,0,5.98,0.0,19.4,0.0,0,6.27,0.0
2026-09-09T20:00:00+00:00,2026-09-09T23:00:00+03:00,1.099,21.1,0.0,17,7.4,0.0,18.6,0.0,0,5.95,0.0,17.8,0.0,0,6.12,0.0
2026-09-09T21:00:00+00:00,2026-09-10T00:00:00+03:00,1.03321,19.9,0.0,10,6.83,0.0,18.1,0.0,1,5.54,0.0,17.4,0.0,0,5.68,0.0
2026-09-09T22:00:00+00:00,2026-09-10T01:00:00+03:00,0.9011775,18.6,0.0,2,5.52,0.0,17.3,0.0,9,4.7,0.0,16.4,0.0,0,4.96,0.0
2026-09-09T23:00:00+00:00,2026-09-10T02:00:00+03:00,0.85076,17.3,0.0,0,4.41,0.0,16.8,0.0,15,4.14,0.0,15.9,0.0,2,4.26,0.0
2026-09-10T00:00:00+00:00,2026-09-10T03:00:00+03:00,0.8633,16.5,0.0,9,4.05,0.0,16.6,0.0,35,3.79,0.0,15.7,0.0,8,3.82,0.0
2026-09-10T01:00:00+00:00,2026-09-10T04:00:00+03:00,0.871835,15.7,0.0,0,3.96,0.0,16.6,0.0,23,3.57,0.0,15.5,0.0,9,3.4,0.0
2026-09-10T02:00:00+00:00,2026-09-10T05:00:00+03:00,0.8911575,15.0,0.0,0,3.71,0.0,16.2,0.0,18,3.79,0.0,14.9,0.0,8,3.48,0.0
2026-09-10T03:00:00+00:00,2026-09-10T06:00:00+03:00,1.0310875,14.9,0.0,0,3.4,0.0,15.9,3.0,16,4.59,0.0,15.2,3.0,17,4.16,0.0
2026-09-10T04:00:00+00:00,2026-09-10T07:00:00+03:00,1.15138,14.5,63.0,0,4.07,0.0,16.0,85.0,18,5.08,0.0,15.3,87.0,4,4.57,0.0
2026-09-10T05:00:00+00:00,2026-09-10T08:00:00+03:00,1.2222625,15.1,219.0,0,4.48,0.0,18.6,247.0,29,4.31,0.0,18.2,246.0,7,3.96,0.0
2026-09-10T06:00:00+00:00,2026-09-10T09:00:00+03:00,1.16626,17.7,389.0,0,3.22,0.0,21.0,381.0,41,3.9,0.0,20.4,355.0,10,3.21,0.0
2026-09-10T07:00:00+00:00,2026-09-10T10:00:00+03:00,0.9719975,20.3,543.0,0,2.8,0.0,22.6,497.0,33,4.85,0.0,22.1,549.0,23,5.44,0.0
2026-09-10T08:00:00+00:00,2026-09-10T11:00:00+03:00,0.8153575,23.3,664.0,0,2.71,0.0,24.5,648.0,26,5.08,0.0,24.9,628.0,27,5.35,0.0
2026-09-10T09:00:00+00:00,2026-09-10T12:00:00+03:00,0.6600025,25.6,729.0,0,2.48,0.0,25.0,711.0,29,4.89,0.0,25.4,685.0,17,5.29,0.0
2026-09-10T10:00:00+00:00,2026-09-10T13:00:00+03:00,0.69061,27.7,742.0,0,1.68,0.0,25.8,737.0,1,4.92,0.0,26.8,718.0,4,5.48,0.0
2026-09-10T11:00:00+00:00,2026-09-10T14:00:00+03:00,0.6566525,29.0,698.0,0,1.22,0.0,26.0,678.0,1,4.97,0.0,27.1,674.0,0,5.61,0.0
2026-09-10T12:00:00+00:00,2026-09-10T15:00:00+03:00,0.65946,30.0,602.0,0,0.85,0.0,26.0,582.0,0,5.02,0.0,27.3,570.0,0,5.47,0.0
2026-09-10T13:00:00+00:00,2026-09-10T16:00:00+03:00,0.757745,30.8,463.0,0,0.46,0.0,26.0,436.0,0,5.02,0.0,27.3,426.0,0,5.4,0.0
2026-09-10T14:00:00+00:00,2026-09-10T17:00:00+03:00,0.85,31.0,295.0,0,0.75,0.0,25.4,264.0,0,4.7,0.0,26.6,258.0,0,5.45,0.0
2026-09-10T15:00:00+00:00,2026-09-10T18:00:00+03:00,1.16779,30.9,125.0,0,1.38,0.0,24.9,98.0,0,5.09,0.0,26.0,96.0,0,5.72,0.0
2026-09-10T16:00:00+00:00,2026-09-10T19:00:00+03:00,1.3261875,29.2,12.0,0,2.52,0.0,24.1,5.0,0,5.52,0.0,25.1,5.0,0,5.95,0.0
2026-09-10T17:00:00+00:00,2026-09-10T20:00:00+03:00,2.2257725,24.5,0.0,0,2.74,0.0,21.8,0.0,0,5.54,0.0,21.9,0.0,0,6.75,0.0
2026-09-10T18:00:00+00:00,2026-09-10T21:00:00+03:00,2.1,22.6,0.0,0,2.83,0.0,21.1,0.0,0,5.62,0.0,21.2,0.0,0,6.99,0.0
2026-09-10T19:00:00+00:00,2026-09-10T22:00:00+03:00,1.337875,21.5,0.0,0,3.45,0.0,20.5,0.0,0,5.91,0.0,20.8,0.0,0,6.89,0.0
2026-09-10T20:00:00+00:00,2026-09-10T23:00:00+03:00,1.223585,20.7,0.0,0,4.1,0.0,19.7,0.0,0,5.97,0.0,19.7,0.0,0,6.7,0.0
2026-09-10T21:00:00+00:00,2026-09-11T00:00:00+03:00,1.1288725,20.1,0.0,0,3.91,0.0,19.5,0.0,0,5.92,0.0,19.6,0.0,0,6.61,0.0
2026-09-10T22:00:00+00:00,2026-09-11T01:00:00+03:00,1.019755,19.3,0.0,0,2.85,0.0,18.9,0.0,0,4.75,0.0,18.7,0.0,0,5.46,0.0
2026-09-10T23:00:00+00:00,2026-09-11T02:00:00+03:00,0.94954,18.3,0.0,0,2.07,0.0,18.2,0.0,0,4.38,0.0,18.4,0.0,0,4.85,0.0
2026-09-11T00:00:00+00:00,2026-09-11T03:00:00+03:00,0.9482325,17.3,0.0,0,2.22,0.0,17.6,0.0,1,4.27,0.0,18.2,0.0,0,4.12,0.0
2026-09-11T01:00:00+00:00,2026-09-11T04:00:00+03:00,0.99998,16.8,0.0,0,2.43,0.0,16.8,0.0,4,4.2,0.0,17.5,0.0,0,2.91,0.0
2026-09-11T02:00:00+00:00,2026-09-11T05:00:00+03:00,0.9164675,16.7,0.0,0,3.37,0.0,16.2,0.0,6,3.68,0.0,17.4,0.0,0,1.87,0.0
2026-09-11T03:00:00+00:00,2026-09-11T06:00:00+03:00,1.0675575,16.6,0.0,2,4.79,0.0,17.5,2.0,4,2.45,0.0,16.9,3.0,0,1.79,0.0
2026-09-11T04:00:00+00:00,2026-09-11T07:00:00+03:00,1.2071675,16.3,60.0,14,5.24,0.0,17.5,79.0,6,1.75,0.0,16.1,81.0,4,1.99,0.0
2026-09-11T05:00:00+00:00,2026-09-11T08:00:00+03:00,1.2331625,16.7,213.0,12,5.73,0.0,18.3,237.0,4,2.51,0.0,18.8,237.0,0,1.92,0.0
2026-09-11T06:00:00+00:00,2026-09-11T09:00:00+03:00,1.1525425,18.7,378.0,14,5.26,0.0,21.4,398.0,3,2.27,0.0,20.7,400.0,6,1.36,0.0
2026-09-11T07:00:00+00:00,2026-09-11T10:00:00+03:00,1.056335,21.3,531.0,7,5.13,0.0,22.7,551.0,21,2.62,0.0,22.0,539.0,1,1.66,0.0
2026-09-11T08:00:00+00:00,2026-09-11T11:00:00+03:00,0.9369975,24.3,647.0,2,4.92,0.0,24.7,660.0,9,2.66,0.0,25.0,643.0,0,1.35,0.0
2026-09-11T09:00:00+00:00,2026-09-11T12:00:00+03:00,0.899845,26.8,716.0,0,4.65,0.0,25.4,703.0,9,3.22,0.0,26.0,702.0,6,1.22,0.0
2026-09-11T10:00:00+00:00,2026-09-11T13:00:00+03:00,0.9163575,28.8,728.0,14,3.91,0.0,26.3,717.0,17,4.31,0.0,27.5,690.0,9,1.78,0.0
2026-09-11T11:00:00+00:00,2026-09-11T14:00:00+03:00,0.89889,30.3,684.0,6,3.92,0.0,26.6,679.0,2,4.42,0.0,28.0,654.0,10,2.05,0.0
2026-09-11T12:00:00+00:00,2026-09-11T15:00:00+03:00,0.8902475,31.6,590.0,0,3.89,0.0,26.7,575.0,0,4.53,0.0,28.5,553.0,8,2.6,0.0
2026-09-11T13:00:00+00:00,2026-09-11T16:00:00+03:00,0.948455,32.2,452.0,0,3.95,0.0,26.4,429.0,0,5.06,0.0,28.6,411.0,19,3.68,0.0
2026-09-11T14:00:00+00:00,2026-09-11T17:00:00+03:00,1.0154725,32.5,286.0,6,4.27,0.0,25.5,259.0,0,5.45,0.0,27.9,247.0,57,4.75,0.0
2026-09-11T15:00:00+00:00,2026-09-11T18:00:00+03:00,1.228415,32.3,120.0,19,4.05,0.0,24.9,94.0,0,5.81,0.0,27.1,89.0,62,5.71,0.0
2026-09-11T16:00:00+00:00,2026-09-11T19:00:00+03:00,1.3320625,30.5,10.0,6,5.14,0.0,23.8,4.0,0,5.61,0.0,25.9,4.0,7,6.22,0.0
2026-09-11T17:00:00+00:00,2026-09-11T20:00:00+03:00,1.5906225,27.5,0.0,34,6.53,0.0,21.7,0.0,0,5.51,0.0,22.7,0.0,4,6.29,0.0
2026-09-11T18:00:00+00:00,2026-09-11T21:00:00+03:00,1.5016775,25.9,0.0,48,6.91,0.0,21.1,0.0,0,6.03,0.0,21.7,0.0,4,6.71,0.0
2026-09-11T19:00:00+00:00,2026-09-11T22:00:00+03:00,1.285225,24.8,0.0,47,6.57,0.0,20.6,0.0,0,6.39,0.0,21.1,0.0,0,6.95,0.0
2026-09-11T20:00:00+00:00,2026-09-11T23:00:00+03:00,1.1820125,23.4,0.0,16,6.27,0.0,19.9,0.0,5,6.89,0.0,19.8,0.0,0,6.66,0.0
2026-09-11T21:00:00+00:00,2026-09-12T00:00:00+03:00,1.10978,22.3,0.0,7,6.25,0.0,19.8,0.0,31,6.85,0.0,19.5,0.0,14,5.8,0.0
2026-09-11T22:00:00+00:00,2026-09-12T01:00:00+03:00,1.1865375,21.1,0.0,10,5.61,0.0,19.4,0.0,24,6.22,0.0,18.7,0.0,38,5.0,0.0
2026-09-11T23:00:00+00:00,2026-09-12T02:00:00+03:00,1.04566,20.2,0.0,18,5.17,0.0,18.9,0.0,30,5.47,0.0,18.5,0.0,44,4.9,0.0
2026-09-12T00:00:00+00:00,2026-09-12T03:00:00+03:00,1.0317525,19.2,0.0,10,5.36,0.0,18.4,0.0,39,5.28,0.0,18.4,0.0,37,5.16,0.0
2026-09-12T01:00:00+00:00,2026-09-12T04:00:00+03:00,0.9945275,18.7,0.0,14,5.27,0.0,18.2,0.0,43,4.92,0.0,18.1,0.0,32,5.05,0.0
2026-09-12T02:00:00+00:00,2026-09-12T05:00:00+03:00,0.9679075,18.3,0.0,25,4.89,0.0,17.5,0.0,50,4.25,0.0,17.0,0.0,43,4.72,0.0
2026-09-12T03:00:00+00:00,2026-09-12T06:00:00+03:00,0.98115,17.7,0.0,48,5.2,0.0,17.1,2.0,33,4.09,0.0,16.7,2.0,44,4.31,0.0
2026-09-12T04:00:00+00:00,2026-09-12T07:00:00+03:00,1.015505,17.4,53.0,64,5.72,0.0,16.9,79.0,53,4.01,0.0,16.9,81.0,51,3.91,0.0
2026-09-12T05:00:00+00:00,2026-09-12T08:00:00+03:00,1.0175825,17.5,172.0,74,4.64,0.0,18.9,241.0,40,4.12,0.0,18.8,238.0,59,3.51,0.0
2026-09-12T06:00:00+00:00,2026-09-12T09:00:00+03:00,0.9085925,18.9,307.0,85,2.89,0.0,21.2,379.0,37,4.56,0.0,20.5,349.0,49,3.85,0.0
2026-09-12T07:00:00+00:00,2026-09-12T10:00:00+03:00,0.7336525,20.6,446.0,93,1.99,0.0,22.3,552.0,25,4.05,0.0,21.7,510.0,40,3.12,0.0
2026-09-12T08:00:00+00:00,2026-09-12T11:00:00+03:00,0.4836725,22.5,540.0,71,1.63,0.0,24.6,664.0,19,4.16,0.0,24.9,638.0,23,3.02,0.0
2026-09-12T09:00:00+00:00,2026-09-12T12:00:00+03:00,0.1888525,24.1,679.0,48,1.38,0.0,25.3,707.0,9,4.34,0.0,25.9,688.0,10,3.06,0.0
2026-09-12T10:00:00+00:00,2026-09-12T13:00:00+03:00,0.012685,25.3,651.0,74,1.48,0.0,26.3,723.0,8,4.5,0.0,27.5,675.0,16,2.52,0.0
2026-09-12T11:00:00+00:00,2026-09-12T14:00:00+03:00,0.004315,26.2,596.0,67,2.56,0.0,26.5,670.0,6,4.85,0.0,28.0,664.0,6,2.83,0.0
2026-09-12T12:00:00+00:00,2026-09-12T15:00:00+03:00,0.17043,26.9,417.0,87,2.97,0.0,26.4,545.0,7,5.16,0.0,28.1,554.0,11,3.29,0.0
2026-09-12T13:00:00+00:00,2026-09-12T16:00:00+03:00,0.3901825,27.4,348.0,96,2.62,0.1,26.1,423.0,7,5.27,0.0,28.0,409.0,14,3.68,0.0
2026-09-12T14:00:00+00:00,2026-09-12T17:00:00+03:00,0.69131,26.4,209.0,91,2.27,0.0,24.8,241.0,9,5.55,0.0,26.8,245.0,19,3.59,0.0
2026-09-12T15:00:00+00:00,2026-09-12T18:00:00+03:00,1.1973875,25.4,63.0,89,2.8,0.1,23.6,85.0,11,5.98,0.0,25.7,84.0,19,3.94,0.0
2026-09-12T16:00:00+00:00,2026-09-12T19:00:00+03:00,1.1028625,24.0,5.0,74,3.23,0.0,23.1,3.0,51,6.17,0.0,24.6,3.0,55,5.22,0.0
2026-09-12T17:00:00+00:00,2026-09-12T20:00:00+03:00,1.132435,22.5,0.0,40,3.47,0.2,21.3,0.0,34,5.91,0.0,21.7,0.0,77,5.11,0.0
2026-09-12T18:00:00+00:00,2026-09-12T21:00:00+03:00,1.104275,21.3,0.0,57,4.56,0.4,20.8,0.0,40,5.35,0.0,20.9,0.0,80,4.96,0.0
2026-09-12T19:00:00+00:00,2026-09-12T22:00:00+03:00,1.0636575,20.0,0.0,88,5.06,0.1,20.8,0.0,35,5.11,0.0,20.6,0.0,63,3.55,0.0
2026-09-12T20:00:00+00:00,2026-09-12T23:00:00+03:00,1.057595,19.4,0.0,100,3.9,0.1,20.2,0.0,43,5.12,0.0,19.4,0.0,75,2.55,0.3
2026-09-12T21:00:00+00:00,2026-09-13T00:00:00+03:00,1.0618075,19.0,0.0,100,2.75,0.9,19.9,0.0,74,4.15,0.0,18.8,0.0,90,2.04,0.0
2026-09-12T22:00:00+00:00,2026-09-13T01:00:00+03:00,0.9346125,18.5,0.0,100,6.05,1.2,18.9,0.0,78,4.42,0.0,19.6,0.0,86,3.5,0.0
2026-09-12T23:00:00+00:00,2026-09-13T02:00:00+03:00,0.88083,16.4,0.0,100,5.95,2.9,19.2,0.0,81,5.46,0.0,19.3,0.0,90,5.95,0.0
2026-09-13T00:00:00+00:00,2026-09-13T03:00:00+03:00,0.85683,15.4,0.0,100,5.61,3.7,18.4,0.0,99,7.76,0.0,18.9,0.0,88,7.89,0.2
2026-09-13T01:00:00+00:00,2026-09-13T04:00:00+03:00,0.8500025,14.9,0.0,100,4.08,2.5,18.8,0.0,100,8.39,0.0,18.2,0.0,99,8.49,0.5
2026-09-13T02:00:00+00:00,2026-09-13T05:00:00+03:00,0.8622175,14.8,0.0,100,2.93,1.4,18.7,0.0,93,8.14,0.1,17.1,0.0,100,8.44,0.7
2026-09-13T03:00:00+00:00,2026-09-13T06:00:00+03:00,0.8831075,14.7,0.0,100,2.59,0.7,18.8,1.0,100,7.87,0.2,16.6,1.0,100,8.04,1.5
2026-09-13T04:00:00+00:00,2026-09-13T07:00:00+03:00,0.98032,14.6,12.0,100,2.25,0.5,18.4,29.0,100,7.55,0.4,16.0,15.0,100,7.75,2.2
2026-09-13T05:00:00+00:00,2026-09-13T08:00:00+03:00,0.990035,14.5,51.0,100,2.02,0.4,17.6,57.0,99,7.63,1.0,15.3,28.0,100,7.2,2.5
2026-09-13T06:00:00+00:00,2026-09-13T09:00:00+03:00,0.8500025,15.1,57.0,100,1.56,0.2,16.8,83.0,99,7.47,0.9,15.0,53.0,100,7.37,3.5
2026-09-13T07:00:00+00:00,2026-09-13T10:00:00+03:00,0.489445,15.8,129.0,100,1.86,0.2,16.2,87.0,100,7.56,1.7,14.9,35.0,100,7.45,3.6
2026-09-13T08:00:00+00:00,2026-09-13T11:00:00+03:00,0.53144,16.9,143.0,100,2.47,0.1,16.2,65.0,100,7.25,3.0,14.9,58.0,100,7.12,2.6
2026-09-13T09:00:00+00:00,2026-09-13T12:00:00+03:00,0.448825,17.8,164.0,100,2.8,0.1,16.7,119.0,100,8.1,1.9,14.8,92.0,100,6.88,1.7
2026-09-13T10:00:00+00:00,2026-09-13T13:00:00+03:00,0.43101,17.9,159.0,100,2.48,0.1,16.2,100.0,100,8.01,0.9,15.2,83.0,100,8.2,0.9
2026-09-13T11:00:00+00:00,2026-09-13T14:00:00+03:00,0.4156825,18.5,230.0,92,1.35,0.3,16.1,92.0,100,7.06,1.2,15.0,102.0,100,8.02,0.7
2026-09-13T12:00:00+00:00,2026-09-13T15:00:00+03:00,0.41372,19.1,319.0,97,0.29,0.2,16.0,81.0,100,7.65,1.1,15.2,65.0,100,7.63,0.8
2026-09-13T13:00:00+00:00,2026-09-13T16:00:00+03:00,0.5143625,19.9,263.0,94,0.7,0.2,15.9,90.0,100,8.72,0.5,15.1,57.0,100,8.03,0.6
2026-09-13T14:00:00+00:00,2026-09-13T17:00:00+03:00,0.782335,20.2,103.0,76,1.46,0.0,15.8,50.0,100,8.92,0.1,15.1,32.0,100,8.46,0.3
2026-09-13T15:00:00+00:00,2026-09-13T18:00:00+03:00,0.99864,19.7,63.0,60,1.91,0.0,15.9,16.0,100,8.77,0.0,15.5,22.0,100,8.35,0.1
2026-09-13T16:00:00+00:00,2026-09-13T19:00:00+03:00,1.10527,19.5,5.0,49,1.83,0.0,15.8,1.0,100,8.21,0.0,15.8,1.0,100,7.99,0.1
2026-09-13T17:00:00+00:00,2026-09-13T20:00:00+03:00,1.2088575,17.5,0.0,35,2.53,0.0,15.6,0.0,96,8.2,0.0,15.6,0.0,100,7.59,0.0
2026-09-13T18:00:00+00:00,2026-09-13T21:00:00+03:00,1.22894,16.4,0.0,28,3.16,0.0,15.5,0.0,85,7.41,0.2,15.6,0.0,100,7.42,0.5
2026-09-13T19:00:00+00:00,2026-09-13T22:00:00+03:00,1.2212675,16.3,0.0,32,2.96,0.0,15.3,0.0,97,6.56,0.5,15.6,0.0,100,7.4,0.7
2026-09-13T20:00:00+00:00,2026-09-13T23:00:00+03:00,1.195465,15.7,0.0,40,2.04,0.0,15.1,0.0,100,6.83,0.3,15.6,0.0,100,7.5,0.8
2026-09-13T21:00:00+00:00,2026-09-14T00:00:00+03:00,1.10678,14.6,0.0,54,1.78,0.0,15.1,0.0,98,7.43,0.3,15.4,0.0,100,7.83,0.9
2026-09-13T22:00:00+00:00,2026-09-14T01:00:00+03:00,1.0601,13.8,0.0,60,1.28,0.0,14.9,0.0,98,8.34,0.0,15.3,0.0,100,8.52,0.8
2026-09-13T23:00:00+00:00,2026-09-14T02:00:00+03:00,0.9875075,13.5,0.0,49,1.22,0.0,14.9,0.0,38,8.67,0.0,15.4,0.0,87,8.46,0.7
2026-09-14T00:00:00+00:00,2026-09-14T03:00:00+03:00,0.967945,12.9,0.0,38,1.95,0.0,14.9,0.0,16,8.61,0.0,15.3,0.0,63,7.86,0.6
2026-09-14T01:00:00+00:00,2026-09-14T04:00:00+03:00,0.966355,12.7,0.0,41,3.1,0.0,14.9,0.0,25,8.3,0.0,15.2,0.0,66,7.38,0.6
2026-09-14T02:00:00+00:00,2026-09-14T05:00:00+03:00,0.9657675,12.3,0.0,51,3.95,0.0,14.8,0.0,27,8.56,0.0,15.0,0.0,71,7.38,0.3
2026-09-14T03:00:00+00:00,2026-09-14T06:00:00+03:00,1.0629225,12.5,0.0,39,4.31,0.0,14.8,1.0,25,9.14,0.0,14.8,1.0,73,7.66,0.7
2026-09-14T04:00:00+00:00,2026-09-14T07:00:00+03:00,1.316525,12.2,48.0,33,4.52,0.0,14.5,70.0,16,9.56,0.0,14.7,38.0,100,8.27,0.9
2026-09-14T05:00:00+00:00,2026-09-14T08:00:00+03:00,1.59887,12.8,158.0,40,4.46,0.0,14.6,204.0,18,9.55,0.0,14.6,76.0,100,8.75,0.8
2026-09-14T06:00:00+00:00,2026-09-14T09:00:00+03:00,1.33285,14.5,283.0,32,3.31,0.0,15.5,352.0,11,8.49,0.0,14.8,89.0,100,8.84,0.4
2026-09-14T07:00:00+00:00,2026-09-14T10:00:00+03:00,0.8500025,17.1,452.0,18,2.97,0.0,16.6,418.0,10,9.62,0.0,15.0,65.0,100,8.94,0.3
2026-09-14T08:00:00+00:00,2026-09-14T11:00:00+03:00,0.7861875,18.9,567.0,20,2.57,0.1,18.3,436.0,32,9.98,0.0,16.4,91.0,100,9.1,0.1
2026-09-14T09:00:00+00:00,2026-09-14T12:00:00+03:00,0.76367,20.2,633.0,43,2.28,0.1,19.1,479.0,52,9.89,0.0,16.7,173.0,100,8.44,0.0
2026-09-14T10:00:00+00:00,2026-09-14T13:00:00+03:00,0.83554,21.6,448.0,72,1.48,0.0,20.1,468.0,77,8.63,0.0,17.8,233.0,100,8.07,0.0
2026-09-14T11:00:00+00:00,2026-09-14T14:00:00+03:00,0.82235,21.9,502.0,62,1.36,0.0,20.4,316.0,65,8.4,0.0,18.3,165.0,100,7.8,0.0
2026-09-14T12:00:00+00:00,2026-09-14T15:00:00+03:00,0.84995,22.6,304.0,67,1.56,0.0,20.6,247.0,74,8.22,0.0,18.8,220.0,99,6.6,0.0
2026-09-14T13:00:00+00:00,2026-09-14T16:00:00+03:00,0.866665,22.5,235.0,61,1.81,0.0,20.4,154.0,56,7.17,0.0,19.5,140.0,94,6.1,0.0
2026-09-14T14:00:00+00:00,2026-09-14T17:00:00+03:00,0.9530225,22.8,116.0,66,1.51,0.0,20.1,141.0,55,6.02,0.0,19.4,121.0,77,5.8,0.0
2026-09-14T15:00:00+00:00,2026-09-14T18:00:00+03:00,1.238935,22.5,73.0,48,1.74,0.0,19.8,41.0,44,6.22,0.0,19.4,47.0,59,5.95,0.0
2026-09-14T16:00:00+00:00,2026-09-14T19:00:00+03:00,1.9520425,21.7,5.0,40,3.03,0.0,19.7,1.0,54,6.67,0.0,19.4,1.0,54,6.22,0.0
2026-09-14T17:00:00+00:00,2026-09-14T20:00:00+03:00,3.236635,19.2,0.0,22,4.17,0.0,18.5,0.0,58,6.94,0.0,17.7,0.0,50,6.58,0.0
2026-09-14T18:00:00+00:00,2026-09-14T21:00:00+03:00,2.5301525,17.7,0.0,22,4.83,0.0,18.1,0.0,39,6.85,0.0,17.3,0.0,36,6.58,0.0
2026-09-14T19:00:00+00:00,2026-09-14T22:00:00+03:00,1.55686,16.1,0.0,31,4.6,0.0,17.6,0.0,26,6.68,0.0,17.2,0.0,33,6.5,0.0
2026-09-14T20:00:00+00:00,2026-09-14T23:00:00+03:00,1.2960725,15.0,0.0,30,3.96,0.0,16.7,0.0,21,6.65,0.0,16.2,0.0,30,6.56,0.0
2026-09-14T21:00:00+00:00,2026-09-15T00:00:00+03:00,1.1748525,14.3,0.0,32,3.42,0.0,16.1,0.0,2,6.64,0.0,15.9,0.0,7,6.72,0.0
2026-09-14T22:00:00+00:00,2026-09-15T01:00:00+03:00,1.1819975,14.0,0.0,17,1.84,0.0,15.5,0.0,0,6.47,0.0,14.9,0.0,5,6.5,0.0
2026-09-14T23:00:00+00:00,2026-09-15T02:00:00+03:00,1.04071,14.0,0.0,10,1.39,0.0,15.3,0.0,0,6.09,0.0,14.8,0.0,8,6.24,0.0
2026-09-15T00:00:00+00:00,2026-09-15T03:00:00+03:00,1.0523275,13.6,0.0,51,0.49,0.0,14.9,0.0,1,5.9,0.0,14.6,0.0,2,6.09,0.0
2026-09-15T01:00:00+00:00,2026-09-15T04:00:00+03:00,0.975755,13.1,0.0,51,1.25,0.0,14.4,0.0,7,5.92,0.0,14.1,0.0,2,5.91,0.0
2026-09-15T02:00:00+00:00,2026-09-15T05:00:00+03:00,0.9646675,12.8,0.0,42,1.42,0.0,13.7,0.0,22,5.75,0.0,13.2,0.0,24,5.91,0.0
2026-09-15T03:00:00+00:00,2026-09-15T06:00:00+03:00,1.094135,12.6,0.0,49,1.1,0.0,13.6,1.0,18,5.33,0.0,13.0,1.0,71,5.9,0.0
2026-09-15T04:00:00+00:00,2026-09-15T07:00:00+03:00,1.293625,12.9,51.0,62,0.59,0.0,13.2,72.0,36,5.34,0.0,12.8,75.0,85,5.83,0.0
2026-09-15T05:00:00+00:00,2026-09-15T08:00:00+03:00,1.3709875,12.7,184.0,86,1.03,0.0,14.2,225.0,82,5.16,0.0,14.4,231.0,72,5.66,0.0
2026-09-15T06:00:00+00:00,2026-09-15T09:00:00+03:00,1.2251725,14.8,220.0,93,1.38,0.0,15.9,359.0,90,4.24,0.0,15.5,369.0,31,4.67,0.0
2026-09-15T07:00:00+00:00,2026-09-15T10:00:00+03:00,1.00502,17.7,322.0,85,0.95,0.0,18.0,499.0,96,3.87,0.0,16.9,503.0,61,4.56,0.0
2026-09-15T08:00:00+00:00,2026-09-15T11:00:00+03:00,0.76712,20.3,472.0,84,1.25,0.0,21.3,627.0,92,3.76,0.0,20.6,593.0,55,4.7,0.1
2026-09-15T09:00:00+00:00,2026-09-15T12:00:00+03:00,0.439465,22.3,534.0,80,1.54,0.0,22.5,604.0,95,3.44,0.0,21.6,489.0,79,5.06,0.0
2026-09-15T10:00:00+00:00,2026-09-15T13:00:00+03:00,0.3198075,23.4,512.0,73,2.18,0.0,23.4,652.0,93,2.69,0.0,22.4,527.0,76,4.43,0.0
2026-09-15T11:00:00+00:00,2026-09-15T14:00:00+03:00,0.37398,24.3,439.0,83,1.86,0.0,24.1,545.0,98,2.92,0.0,22.8,457.0,86,4.42,0.0
2026-09-15T12:00:00+00:00,2026-09-15T15:00:00+03:00,0.45922,24.7,333.0,73,2.06,0.0,24.2,429.0,100,3.21,0.0,22.9,437.0,78,4.38,0.0
2026-09-15T13:00:00+00:00,2026-09-15T16:00:00+03:00,0.6389025,24.9,303.0,66,2.51,0.0,24.4,249.0,100,3.16,0.0,23.5,253.0,72,4.46,0.0
2026-09-15T14:00:00+00:00,2026-09-15T17:00:00+03:00,0.8958275,24.8,189.0,63,2.3,0.0,23.7,161.0,94,2.91,0.0,22.8,134.0,55,4.09,0.0
2026-09-15T15:00:00+00:00,2026-09-15T18:00:00+03:00,1.1886975,24.6,67.0,59,1.81,0.0,23.5,58.0,80,2.85,0.0,22.6,48.0,59,3.07,0.0
2026-09-15T16:00:00+00:00,2026-09-15T19:00:00+03:00,1.455225,24.2,3.0,49,1.35,0.0,22.2,1.0,82,3.21,0.0,21.2,1.0,44,2.41,0.0
2026-09-15T17:00:00+00:00,2026-09-15T20:00:00+03:00,1.6034575,20.2,0.0,55,1.45,0.0,19.5,0.0,83,3.15,0.0,19.3,0.0,32,2.16,0.0
2026-09-15T18:00:00+00:00,2026-09-15T21:00:00+03:00,1.3433375,18.8,0.0,39,1.9,0.0,18.9,0.0,85,2.62,0.0,18.3,0.0,16,2.09,0.0
2026-09-15T19:00:00+00:00,2026-09-15T22:00:00+03:00,1.1684475,18.4,0.0,42,2.26,0.0,18.2,0.0,73,2.07,0.0,17.7,0.0,20,2.37,0.0
2026-09-15T20:00:00+00:00,2026-09-15T23:00:00+03:00,1.079105,17.9,0.0,37,2.45,0.0,16.9,0.0,50,1.81,0.0,16.6,0.0,26,2.83,0.0
2026-09-15T21:00:00+00:00,2026-09-16T00:00:00+03:00,0.9759775,18.2,0.0,35,2.35,0.0,16.6,0.0,51,1.92,0.0,16.5,0.0,26,3.26,0.0
2026-09-15T22:00:00+00:00,2026-09-16T01:00:00+03:00,0.9400775,16.8,0.0,45,1.3,0.0,15.2,0.0,30,2.88,0.0,14.8,0.0,32,4.36,0.0
2026-09-15T23:00:00+00:00,2026-09-16T02:00:00+03:00,0.9040675,16.5,0.0,34,0.67,0.0,14.8,0.0,31,3.39,0.0,14.8,0.0,35,4.85,0.0
2026-09-16T00:00:00+00:00,2026-09-16T03:00:00+03:00,0.900165,15.3,0.0,46,1.59,0.0,15.0,0.0,33,3.93,0.0,14.7,0.0,54,5.05,0.0
2026-09-16T01:00:00+00:00,2026-09-16T04:00:00+03:00,0.89141,14.7,0.0,43,3.05,0.0,15.0,0.0,42,4.63,0.0,14.7,0.0,69,4.86,0.0
2026-09-16T02:00:00+00:00,2026-09-16T05:00:00+03:00,0.893785,14.5,0.0,48,4.53,0.0,14.9,0.0,15,5.25,0.0,14.3,0.0,39,4.8,0.0
2026-09-16T03:00:00+00:00,2026-09-16T06:00:00+03:00,1.0354575,14.5,0.0,43,5.6,0.0,15.0,1.0,1,5.58,0.0,14.3,1.0,4,4.9,0.0
2026-09-16T04:00:00+00:00,2026-09-16T07:00:00+03:00,1.214185,13.9,45.0,51,5.89,0.0,15.1,71.0,9,5.76,0.0,14.2,70.0,1,4.68,0.0
2026-09-16T05:00:00+00:00,2026-09-16T08:00:00+03:00,1.2458275,14.2,192.0,40,5.67,0.0,16.7,215.0,1,5.69,0.0,15.8,232.0,0,4.08,0.0
2026-09-16T06:00:00+00:00,2026-09-16T09:00:00+03:00,1.18271,16.2,262.0,32,4.51,0.0,18.3,371.0,0,4.36,0.0,16.6,398.0,0,2.71,0.0
2026-09-16T07:00:00+00:00,2026-09-16T10:00:00+03:00,0.4928475,18.8,405.0,28,3.85,0.0,19.4,557.0,0,4.08,0.0,17.6,544.0,0,2.37,0.0
2026-09-16T08:00:00+00:00,2026-09-16T11:00:00+03:00,0.075335,21.6,545.0,23,3.5,0.0,22.0,668.0,10,3.76,0.0,21.2,653.0,0,2.0,0.0
2026-09-16T09:00:00+00:00,2026-09-16T12:00:00+03:00,0.1257275,23.5,601.0,21,2.91,0.0,22.9,640.0,18,3.92,0.0,22.4,621.0,12,2.17,0.0
2026-09-16T10:00:00+00:00,2026-09-16T13:00:00+03:00,0.2347925,24.6,567.0,25,2.0,0.0,23.7,584.0,59,4.25,0.0,23.5,596.0,29,2.02,0.0
2026-09-16T11:00:00+00:00,2026-09-16T14:00:00+03:00,0.376195,25.3,576.0,22,1.36,0.0,23.8,521.0,62,4.36,0.0,23.8,504.0,22,2.01,0.0
2026-09-16T12:00:00+00:00,2026-09-16T15:00:00+03:00,0.49904,25.8,492.0,35,0.42,0.0,23.5,409.0,58,4.45,0.0,23.8,404.0,16,1.77,0.0
2026-09-16T13:00:00+00:00,2026-09-16T16:00:00+03:00,0.65003,26.3,329.0,28,0.67,0.0,23.5,308.0,44,4.56,0.0,24.1,281.0,16,1.8,0.0
2026-09-16T14:00:00+00:00,2026-09-16T17:00:00+03:00,0.851515,26.6,216.0,19,1.23,0.0,23.1,204.0,16,4.75,0.0,24.0,184.0,11,2.02,0.0
2026-09-16T15:00:00+00:00,2026-09-16T18:00:00+03:00,1.11986,25.9,83.0,23,2.01,0.0,22.4,63.0,19,4.62,0.0,23.6,64.0,13,2.66,0.0
2026-09-16T16:00:00+00:00,2026-09-16T19:00:00+03:00,1.3470375,25.2,4.0,14,3.47,0.0,21.2,1.0,10,4.46,0.0,23.1,1.0,9,3.79,0.0
2026-09-16T17:00:00+00:00,2026-09-16T20:00:00+03:00,1.6077275,21.1,0.0,8,4.92,0.0,18.8,0.0,7,4.49,0.0,19.8,0.0,7,5.06,0.0
2026-09-16T18:00:00+00:00,2026-09-16T21:00:00+03:00,1.2979325,19.0,0.0,11,6.03,0.0,18.5,0.0,3,4.22,0.0,17.8,0.0,3,5.71,0.0
2026-09-16T19:00:00+00:00,2026-09-16T22:00:00+03:00,1.2225575,18.2,0.0,7,6.37,0.0,19.9,0.0,1,3.66,0.0,16.7,0.0,2,5.61,0.0
2026-09-16T20:00:00+00:00,2026-09-16T23:00:00+03:00,1.11895,17.6,0.0,6,6.37,0.0,18.7,0.0,1,3.06,0.0,15.2,0.0,2,5.14,0.0
2026-09-16T21:00:00+00:00,2026-09-17T00:00:00+03:00,1.11606,16.8,0.0,10,5.89,0.0,18.3,0.0,3,2.49,0.0,15.0,0.0,1,4.38,0.0
2026-09-16T22:00:00+00:00,2026-09-17T01:00:00+03:00,0.970345,16.0,0.0,11,5.12,0.0,17.4,0.0,1,1.9,0.0,13.4,0.0,0,4.16,0.0
2026-09-16T23:00:00+00:00,2026-09-17T02:00:00+03:00,0.8939375,15.3,0.0,11,3.67,0.0,17.0,0.0,0,1.12,0.0,13.2,0.0,0,3.66,0.0
2026-09-17T00:00:00+00:00,2026-09-17T03:00:00+03:00,0.884225,14.3,0.0,7,2.8,0.0,15.4,0.0,0,1.23,0.0,13.2,0.0,0,3.41,0.0
2026-09-17T01:00:00+00:00,2026-09-17T04:00:00+03:00,0.8855825,13.7,0.0,4,2.93,0.0,14.3,0.0,0,1.58,0.0,13.2,0.0,0,3.22,0.0
2026-09-17T02:00:00+00:00,2026-09-17T05:00:00+03:00,0.8872025,13.2,0.0,7,3.26,0.0,13.9,0.0,0,1.96,0.0,12.8,0.0,0,3.01,0.0
2026-09-17T03:00:00+00:00,2026-09-17T06:00:00+03:00,1.0601375,12.8,0.0,9,3.26,0.0,14.1,1.0,0,2.17,0.0,13.4,1.0,0,2.74,0.0
2026-09-17T04:00:00+00:00,2026-09-17T07:00:00+03:00,1.19883,12.7,48.0,5,3.08,0.0,14.0,69.0,0,2.39,0.0,13.6,71.0,3,2.02,0.0
2026-09-17T05:00:00+00:00,2026-09-17T08:00:00+03:00,1.16641,13.5,198.0,4,2.84,0.0,15.1,229.0,0,2.54,0.0,15.0,228.0,1,1.11,0.0
2026-09-17T06:00:00+00:00,2026-09-17T09:00:00+03:00,0.865675,15.8,360.0,4,2.06,0.0,17.9,385.0,1,2.39,0.0,17.1,393.0,0,0.45,0.0
2026-09-17T07:00:00+00:00,2026-09-17T10:00:00+03:00,0.6989525,18.6,519.0,3,1.64,0.0,19.8,549.0,0,2.44,0.0,18.5,543.0,0,0.4,0.0
2026-09-17T08:00:00+00:00,2026-09-17T11:00:00+03:00,0.338205,21.8,636.0,0,2.02,0.0,22.3,634.0,14,3.0,0.0,22.0,651.0,1,1.0,0.0
2026-09-17T09:00:00+00:00,2026-09-17T12:00:00+03:00,0.2747825,24.0,704.0,1,2.48,0.0,23.2,674.0,21,3.23,0.0,23.1,703.0,0,1.75,0.0
2026-09-17T10:00:00+00:00,2026-09-17T13:00:00+03:00,0.362345,25.7,711.0,6,2.31,0.0,23.9,700.0,14,3.56,0.0,24.4,687.0,0,3.06,0.0
2026-09-17T11:00:00+00:00,2026-09-17T14:00:00+03:00,0.3124175,26.6,653.0,3,2.15,0.0,24.1,615.0,2,3.47,0.0,24.7,573.0,0,3.51,0.0
2026-09-17T12:00:00+00:00,2026-09-17T15:00:00+03:00,0.27653,27.4,527.0,2,1.69,0.0,24.3,514.0,4,3.36,0.0,24.9,483.0,1,3.56,0.0
2026-09-17T13:00:00+00:00,2026-09-17T16:00:00+03:00,0.5172725,27.7,298.0,1,1.2,0.0,24.1,400.0,2,3.56,0.0,25.0,361.0,0,3.69,0.0
2026-09-17T14:00:00+00:00,2026-09-17T17:00:00+03:00,0.82645,27.6,187.0,7,0.89,0.0,23.5,228.0,0,3.9,0.0,24.5,215.0,0,3.72,0.0
2026-09-17T15:00:00+00:00,2026-09-17T18:00:00+03:00,1.208675,27.6,84.0,14,1.25,0.0,23.1,69.0,0,4.15,0.0,24.0,67.0,0,4.06,0.0
2026-09-17T16:00:00+00:00,2026-09-17T19:00:00+03:00,1.3479975,25.9,3.0,5,2.93,0.0,22.0,1.0,0,4.56,0.0,22.5,1.0,0,4.84,0.0
2026-09-17T17:00:00+00:00,2026-09-17T20:00:00+03:00,1.476315,22.5,0.0,0,4.63,0.0,19.0,0.0,0,4.56,0.0,19.3,0.0,0,5.37,0.0
2026-09-17T18:00:00+00:00,2026-09-17T21:00:00+03:00,1.3548525,20.2,0.0,0,5.42,0.0,18.0,0.0,0,4.12,0.0,18.5,0.0,0,5.4,0.0
2026-09-17T19:00:00+00:00,2026-09-17T22:00:00+03:00,1.2354325,18.7,0.0,0,5.89,0.0,17.3,0.0,0,3.94,0.0,17.8,0.0,0,5.4,0.0
2026-09-17T20:00:00+00:00,2026-09-17T23:00:00+03:00,1.131275,17.6,0.0,0,5.84,0.0,16.3,0.0,0,3.94,0.0,16.1,0.0,0,5.35,0.0
2026-09-17T21:00:00+00:00,2026-09-18T00:00:00+03:00,1.198975,16.8,0.0,0,5.24,0.0,16.4,0.0,0,3.76,0.0,15.6,0.0,0,5.08,0.0
2026-09-17T22:00:00+00:00,2026-09-18T01:00:00+03:00,1.0999975,15.8,0.0,0,4.55,0.0,17.1,0.0,0,3.45,0.0,14.1,0.0,0,5.08,0.0
2026-09-17T23:00:00+00:00,2026-09-18T02:00:00+03:00,1.09861,15.3,0.0,0,2.9,0.0,17.4,0.0,0,2.8,0.0,14.1,0.0,0,4.72,0.0
2026-09-18T00:00:00+00:00,2026-09-18T03:00:00+03:00,1.1000025,14.9,0.0,3,1.57,0.0,16.6,0.0,0,2.26,0.0,13.7,0.0,0,4.35,0.0
2026-09-18T01:00:00+00:00,2026-09-18T04:00:00+03:00,1.1000025,14.7,0.0,7,1.56,0.0,15.9,0.0,0,1.75,0.0,13.9,0.0,0,3.61,0.0
2026-09-18T02:00:00+00:00,2026-09-18T05:00:00+03:00,1.1,13.8,0.0,2,1.59,0.0,15.5,0.0,97,1.3,0.0,14.2,0.0,0,2.55,0.0
2026-09-18T03:00:00+00:00,2026-09-18T06:00:00+03:00,1.1898425,12.9,0.0,2,1.68,0.0,15.0,0.0,100,0.78,0.0,14.1,1.0,0,1.8,0.0
2026-09-18T04:00:00+00:00,2026-09-18T07:00:00+03:00,1.2858925,12.2,46.0,6,2.01,0.0,14.4,66.0,97,0.63,0.0,13.7,68.0,42,1.05,0.0
2026-09-18T05:00:00+00:00,2026-09-18T08:00:00+03:00,1.2317,12.8,194.0,9,2.27,0.0,15.5,225.0,100,0.86,0.0,15.0,211.0,100,0.07,0.0
2026-09-18T06:00:00+00:00,2026-09-18T09:00:00+03:00,1.0940025,15.7,362.0,3,1.55,0.0,18.0,387.0,11,1.24,0.0,16.9,384.0,52,1.04,0.0
2026-09-18T07:00:00+00:00,2026-09-18T10:00:00+03:00,0.85857,18.5,514.0,3,1.1,0.0,20.0,534.0,10,1.81,0.0,18.7,531.0,7,1.25,0.0
2026-09-18T08:00:00+00:00,2026-09-18T11:00:00+03:00,0.5367025,21.7,629.0,7,1.23,0.0,22.5,640.0,45,2.4,0.0,22.2,645.0,9,1.77,0.0
2026-09-18T09:00:00+00:00,2026-09-18T12:00:00+03:00,0.25585,24.2,694.0,5,1.6,0.0,23.2,700.0,51,2.51,0.0,23.1,699.0,4,2.01,0.0
2026-09-18T10:00:00+00:00,2026-09-18T13:00:00+03:00,0.11674,26.3,704.0,0,1.11,0.0,24.3,704.0,24,2.89,0.0,24.5,696.0,4,2.42,0.0
2026-09-18T11:00:00+00:00,2026-09-18T14:00:00+03:00,0.10037,27.9,657.0,1,1.1,0.0,24.5,649.0,0,3.03,0.0,24.9,630.0,1,2.42,0.0
2026-09-18T12:00:00+00:00,2026-09-18T15:00:00+03:00,0.17962,28.2,559.0,0,0.98,0.0,24.5,543.0,0,3.29,0.0,25.1,531.0,0,2.19,0.0
2026-09-18T13:00:00+00:00,2026-09-18T16:00:00+03:00,0.2962425,28.5,418.0,5,0.94,0.0,24.5,390.0,0,3.54,0.0,25.4,381.0,0,2.12,0.0
2026-09-18T14:00:00+00:00,2026-09-18T17:00:00+03:00,0.8321725,28.8,251.0,0,1.09,0.0,23.7,223.0,0,3.76,0.0,24.9,216.0,0,2.26,0.0
2026-09-18T15:00:00+00:00,2026-09-18T18:00:00+03:00,1.24475,28.4,88.0,1,1.46,0.0,23.3,66.0,0,4.18,0.0,24.5,63.0,0,2.96,0.0
2026-09-18T16:00:00+00:00,2026-09-18T19:00:00+03:00,1.285005,26.2,3.0,0,2.79,0.0,22.6,0.0,0,4.66,0.0,22.7,0.0,7,4.27,0.0
2026-09-18T17:00:00+00:00,2026-09-18T20:00:00+03:00,1.378855,22.6,0.0,2,4.64,0.0,19.9,0.0,0,4.96,0.0,19.7,0.0,2,5.65,0.0
2026-09-18T18:00:00+00:00,2026-09-18T21:00:00+03:00,1.2710825,20.5,0.0,3,5.77,0.0,19.2,0.0,0,5.02,0.0,19.0,0.0,0,6.03,0.0
2026-09-18T19:00:00+00:00,2026-09-18T22:00:00+03:00,1.214745,19.9,0.0,1,6.19,0.0,18.7,0.0,0,4.74,0.0,18.4,0.0,0,5.75,0.0
2026-09-18T20:00:00+00:00,2026-09-18T23:00:00+03:00,1.2241225,18.7,0.0,0,5.72,0.0,17.4,0.0,0,4.41,0.0,16.9,0.0,0,5.24,0.0
2026-09-18T21:00:00+00:00,2026-09-19T00:00:00+03:00,1.1990075,17.9,0.0,0,4.88,0.0,16.5,0.0,0,4.18,0.0,16.4,0.0,1,4.89,0.0
2026-09-18T22:00:00+00:00,2026-09-19T01:00:00+03:00,1.18468,16.4,0.0,4,3.68,0.0,15.7,0.0,0,3.58,0.0,14.7,0.0,0,4.29,0.0
2026-09-18T23:00:00+00:00,2026-09-19T02:00:00+03:00,1.1918275,15.6,0.0,4,2.62,0.0,16.8,0.0,0,2.8,0.0,14.7,0.0,0,3.7,0.0
2026-09-19T00:00:00+00:00,2026-09-19T03:00:00+03:00,1.19074,15.3,0.0,2,2.81,0.0,16.8,0.0,0,2.3,0.0,15.4,0.0,2,2.98,0.0
2026-09-19T01:00:00+00:00,2026-09-19T04:00:00+03:00,1.1914725,15.0,0.0,10,3.51,0.0,16.6,0.0,0,1.95,0.0,15.2,0.0,3,2.17,0.0
2026-09-19T02:00:00+00:00,2026-09-19T05:00:00+03:00,1.1920975,14.4,0.0,28,4.09,0.0,16.1,0.0,100,1.6,0.0,14.6,0.0,2,1.48,0.0
2026-09-19T03:00:00+00:00,2026-09-19T06:00:00+03:00,1.1910875,14.0,0.0,36,4.22,0.0,16.2,0.0,100,1.2,0.0,13.6,0.0,3,0.71,0.0
2026-09-19T04:00:00+00:00,2026-09-19T07:00:00+03:00,1.25035,14.0,41.0,31,3.83,0.0,16.3,62.0,100,1.37,0.0,12.8,49.0,68,0.6,0.0
2026-09-19T05:00:00+00:00,2026-09-19T08:00:00+03:00,1.1211675,14.4,190.0,41,3.5,0.0,16.9,217.0,100,1.52,0.0,14.9,140.0,91,1.1,0.0
2026-09-19T06:00:00+00:00,2026-09-19T09:00:00+03:00,0.66826,16.7,297.0,58,2.56,0.0,19.2,388.0,0,1.29,0.0,16.2,279.0,71,1.39,0.0
2026-09-19T07:00:00+00:00,2026-09-19T10:00:00+03:00,0.1481925,19.5,409.0,72,2.28,0.0,20.7,523.0,4,2.05,0.0,18.2,439.0,19,1.12,0.0
2026-09-19T08:00:00+00:00,2026-09-19T11:00:00+03:00,0.01932,22.5,505.0,89,2.56,0.0,23.2,634.0,11,2.43,0.0,22.3,579.0,21,0.74,0.0
2026-09-19T09:00:00+00:00,2026-09-19T12:00:00+03:00,0.0269025,24.6,624.0,97,2.85,0.0,23.9,663.0,5,2.15,0.0,23.3,611.0,18,0.59,0.0
2026-09-19T10:00:00+00:00,2026-09-19T13:00:00+03:00,0.0228025,26.2,657.0,98,1.97,0.0,24.8,654.0,1,2.0,0.0,24.7,606.0,25,0.07,0.0
2026-09-19T11:00:00+00:00,2026-09-19T14:00:00+03:00,0.0059925,27.9,590.0,98,1.58,0.0,25.3,636.0,4,2.1,0.0,25.4,559.0,25,0.83,0.0
2026-09-19T12:00:00+00:00,2026-09-19T15:00:00+03:00,0.0119025,28.5,444.0,99,1.23,0.0,25.3,520.0,7,2.41,0.0,25.5,469.0,21,0.51,0.0
2026-09-19T13:00:00+00:00,2026-09-19T16:00:00+03:00,0.1309075,29.0,330.0,100,1.0,0.0,25.2,374.0,44,3.08,0.0,25.7,347.0,40,0.32,0.0
2026-09-19T14:00:00+00:00,2026-09-19T17:00:00+03:00,0.8168475,29.0,181.0,88,1.5,0.0,24.5,201.0,74,4.17,0.0,25.2,185.0,65,0.5,0.0
2026-09-19T15:00:00+00:00,2026-09-19T18:00:00+03:00,1.2499975,28.5,75.0,51,2.55,0.0,23.6,54.0,97,5.04,0.0,24.8,53.0,95,1.15,0.0
2026-09-19T16:00:00+00:00,2026-09-19T19:00:00+03:00,1.3,27.1,2.0,41,4.53,0.0,22.5,0.0,96,5.51,0.0,24.0,0.0,99,1.72,0.0
2026-09-19T17:00:00+00:00,2026-09-19T20:00:00+03:00,1.3,24.0,0.0,52,5.58,0.0,20.1,0.0,98,5.21,0.0,22.1,0.0,100,2.01,0.0
2026-09-19T18:00:00+00:00,2026-09-19T21:00:00+03:00,1.2845925,22.4,0.0,48,6.12,0.0,19.7,0.0,98,4.88,0.0,21.9,0.0,100,2.65,0.0
2026-09-19T19:00:00+00:00,2026-09-19T22:00:00+03:00,1.2328725,21.2,0.0,44,6.25,0.0,19.0,0.0,98,4.25,0.0,20.6,0.0,100,3.28,0.0
2026-09-19T20:00:00+00:00,2026-09-19T23:00:00+03:00,1.2999975,20.1,0.0,40,6.04,0.0,17.4,0.0,89,3.49,0.0,19.0,0.0,100,3.31,0.0
2026-09-19T21:00:00+00:00,2026-09-20T00:00:00+03:00,1.2373525,19.4,0.0,31,5.34,0.0,17.6,0.0,79,3.03,0.0,18.7,0.0,98,3.0,0.0
2026-09-19T22:00:00+00:00,2026-09-20T01:00:00+03:00,1.1235125,18.0,0.0,19,4.35,0.0,17.9,0.0,59,1.87,0.0,16.9,0.0,91,2.19,0.0
2026-09-19T23:00:00+00:00,2026-09-20T02:00:00+03:00,1.1323275,17.4,0.0,20,3.9,0.0,16.8,0.0,67,1.76,0.0,16.6,0.0,80,2.22,0.0
2026-09-20T00:00:00+00:00,2026-09-20T03:00:00+03:00,1.132945,16.9,0.0,21,5.01,0.0,16.6,0.0,78,2.24,0.0,16.1,0.0,72,2.75,0.0
2026-09-20T01:00:00+00:00,2026-09-20T04:00:00+03:00,1.11584,16.3,0.0,18,5.62,0.0,16.5,0.0,65,2.57,0.0,16.1,0.0,37,3.8,0.0
2026-09-20T02:00:00+00:00,2026-09-20T05:00:00+03:00,1.1166675,15.7,0.0,9,5.29,0.0,15.9,0.0,61,2.84,0.0,16.0,0.0,24,4.24,0.0
2026-09-20T03:00:00+00:00,2026-09-20T06:00:00+03:00,1.1,15.0,0.0,10,4.9,0.0,15.5,0.0,40,3.1,0.0,16.0,0.0,19,4.2,0.0
2026-09-20T04:00:00+00:00,2026-09-20T07:00:00+03:00,1.145015,14.7,41.0,7,4.75,0.0,15.3,56.0,23,3.11,0.0,16.2,58.0,12,3.96,0.0
2026-09-20T05:00:00+00:00,2026-09-20T08:00:00+03:00,0.80542,15.7,184.0,9,4.75,0.0,16.8,204.0,10,2.93,0.0,17.1,207.0,10,3.51,0.0
2026-09-20T06:00:00+00:00,2026-09-20T09:00:00+03:00,0.21634,17.6,350.0,14,3.65,0.0,18.7,365.0,4,2.29,0.0,18.4,357.0,6,2.41,0.0
2026-09-20T07:00:00+00:00,2026-09-20T10:00:00+03:00,0.019685,20.6,471.0,7,3.44,0.0,20.8,504.0,3,1.92,0.0,19.7,471.0,7,1.71,0.0
2026-09-20T08:00:00+00:00,2026-09-20T11:00:00+03:00,1e-05,23.7,536.0,9,3.52,0.0,23.6,627.0,4,2.34,0.0,23.2,585.0,6,1.88,0.0
2026-09-20T09:00:00+00:00,2026-09-20T12:00:00+03:00,-0.00022,25.8,631.0,7,3.11,0.0,24.5,674.0,5,2.48,0.0,24.2,576.0,21,2.18,0.0
2026-09-20T10:00:00+00:00,2026-09-20T13:00:00+03:00,-7.5e-05,27.2,680.0,14,2.67,0.0,25.7,653.0,11,2.91,0.0,25.7,573.0,13,1.17,0.0
2026-09-20T11:00:00+00:00,2026-09-20T14:00:00+03:00,-0.00191,28.3,607.0,20,2.1,0.0,26.1,535.0,17,2.85,0.0,26.1,492.0,17,0.5,0.0
2026-09-20T12:00:00+00:00,2026-09-20T15:00:00+03:00,-0.0003775,28.8,419.0,27,1.42,0.0,26.3,454.0,18,2.69,0.0,26.4,472.0,13,0.25,0.0
2026-09-20T13:00:00+00:00,2026-09-20T16:00:00+03:00,0.000495,28.8,318.0,25,0.72,0.0,26.2,305.0,17,2.47,0.0,26.5,343.0,7,0.7,0.0
2026-09-20T14:00:00+00:00,2026-09-20T17:00:00+03:00,0.3976825,28.7,185.0,41,0.65,0.1,25.8,178.0,21,2.71,0.0,26.2,194.0,2,1.05,0.0
2026-09-20T15:00:00+00:00,2026-09-20T18:00:00+03:00,1.0999975,28.5,59.0,35,1.39,0.0,25.3,52.0,13,3.15,0.0,26.0,53.0,3,1.4,0.0
2026-09-20T16:00:00+00:00,2026-09-20T19:00:00+03:00,1.1990375,26.2,1.0,19,2.61,0.0,24.2,0.0,7,3.65,0.0,24.1,0.0,5,1.41,0.0
2026-09-20T17:00:00+00:00,2026-09-20T20:00:00+03:00,1.1990375,23.4,0.0,21,3.72,0.0,21.2,0.0,5,3.69,0.0,21.0,0.0,10,1.56,0.0
2026-09-20T18:00:00+00:00,2026-09-20T21:00:00+03:00,1.2917125,21.9,0.0,11,4.36,0.0,20.0,0.0,3,3.72,0.0,20.6,0.0,7,2.07,0.0
2026-09-20T19:00:00+00:00,2026-09-20T22:00:00+03:00,1.160085,21.3,0.0,13,4.98,0.0,19.5,0.0,9,3.71,0.0,20.4,0.0,10,2.62,0.0
2026-09-20T20:00:00+00:00,2026-09-20T23:00:00+03:00,1.166785,20.4,0.0,11,4.89,0.0,18.6,0.0,3,4.04,0.0,18.6,0.0,5,3.24,0.0
2026-09-20T21:00:00+00:00,2026-09-21T00:00:00+03:00,1.1304775,19.9,0.0,8,4.28,0.0,18.2,0.0,7,4.23,0.0,18.4,0.0,4,3.97,0.0
2026-09-20T22:00:00+00:00,2026-09-21T01:00:00+03:00,1.2415025,19.7,0.0,44,3.77,0.0,17.4,0.0,3,4.1,0.0,16.9,0.0,2,4.96,0.0
2026-09-20T23:00:00+00:00,2026-09-21T02:00:00+03:00,1.18422,19.5,0.0,29,2.97,0.0,17.1,0.0,5,4.0,0.0,17.0,0.0,3,5.16,0.0
2026-09-21T00:00:00+00:00,2026-09-21T03:00:00+03:00,1.168475,18.5,0.0,20,1.66,0.0,16.9,0.0,9,3.83,0.0,17.0,0.0,6,4.99,0.0
2026-09-21T01:00:00+00:00,2026-09-21T04:00:00+03:00,1.166595,17.4,0.0,11,0.93,0.0,16.9,0.0,7,3.73,0.0,16.8,0.0,10,4.69,0.0
2026-09-21T02:00:00+00:00,2026-09-21T05:00:00+03:00,1.19832,17.1,0.0,9,1.44,0.0,16.5,0.0,4,3.88,0.0,16.4,0.0,31,4.66,0.0
2026-09-21T03:00:00+00:00,2026-09-21T06:00:00+03:00,1.329075,16.9,0.0,7,0.8,0.0,16.2,0.0,17,3.97,0.0,16.2,0.0,30,4.83,0.0
2026-09-21T04:00:00+00:00,2026-09-21T07:00:00+03:00,1.3795075,16.6,38.0,9,0.05,0.0,16.1,57.0,25,4.0,0.0,16.2,58.0,20,5.19,0.0
2026-09-21T05:00:00+00:00,2026-09-21T08:00:00+03:00,1.277135,15.6,182.0,20,0.96,0.0,17.5,204.0,29,4.16,0.0,18.1,206.0,18,5.5,0.0
2026-09-21T06:00:00+00:00,2026-09-21T09:00:00+03:00,1.03509,17.7,310.0,17,2.01,0.0,18.9,276.0,45,4.01,0.0,19.3,311.0,21,5.28,0.0
2026-09-21T07:00:00+00:00,2026-09-21T10:00:00+03:00,0.594965,19.7,340.0,23,2.29,0.0,20.3,461.0,55,3.4,0.0,20.2,456.0,35,5.0,0.1
2026-09-21T08:00:00+00:00,2026-09-21T11:00:00+03:00,0.2669775,22.6,452.0,84,3.35,0.0,23.0,428.0,54,3.52,0.0,22.9,381.0,53,5.5,0.2
2026-09-21T09:00:00+00:00,2026-09-21T12:00:00+03:00,0.1379725,24.1,457.0,100,4.62,0.0,24.4,405.0,58,3.59,0.0,23.9,466.0,54,5.33,0.3
2026-09-21T10:00:00+00:00,2026-09-21T13:00:00+03:00,0.22685,25.6,512.0,88,5.02,0.0,26.0,466.0,47,2.57,0.0,23.9,456.0,71,4.8,0.1
2026-09-21T11:00:00+00:00,2026-09-21T14:00:00+03:00,0.1833675,27.0,527.0,83,4.44,0.0,26.5,532.0,50,3.56,0.0,24.4,468.0,80,5.27,0.0
2026-09-21T12:00:00+00:00,2026-09-21T15:00:00+03:00,0.1925525,28.2,533.0,20,2.69,0.0,27.5,340.0,74,3.85,0.2,24.9,255.0,96,6.41,1.8
2026-09-21T13:00:00+00:00,2026-09-21T16:00:00+03:00,0.49412,29.0,337.0,23,4.18,0.0,25.7,207.0,66,3.02,0.1,22.9,132.0,90,7.41,0.9
2026-09-21T14:00:00+00:00,2026-09-21T17:00:00+03:00,0.926175,27.9,202.0,57,5.15,0.0,24.1,126.0,31,2.05,0.0,20.5,95.0,49,7.3,0.0
2026-09-21T15:00:00+00:00,2026-09-21T18:00:00+03:00,1.38171,26.3,41.0,100,4.89,0.0,23.5,48.0,3,2.65,0.0,20.6,40.0,21,7.59,0.0
2026-09-21T16:00:00+00:00,2026-09-21T19:00:00+03:00,1.45625,24.3,1.0,100,5.16,0.0,22.1,0.0,16,4.94,0.0,19.7,0.0,10,8.88,0.0
2026-09-21T17:00:00+00:00,2026-09-21T20:00:00+03:00,1.34744,21.7,0.0,99,7.1,0.0,19.4,0.0,18,8.7,0.0,16.6,0.0,82,9.16,0.0
2026-09-21T18:00:00+00:00,2026-09-21T21:00:00+03:00,1.2688525,19.7,0.0,86,8.43,0.0,18.9,0.0,100,10.78,0.0,15.3,0.0,100,7.65,0.0
2026-09-21T19:00:00+00:00,2026-09-21T22:00:00+03:00,1.3240025,18.5,0.0,96,7.74,0.0,18.3,0.0,100,9.34,0.1,14.9,0.0,100,6.78,0.0
2026-09-21T20:00:00+00:00,2026-09-21T23:00:00+03:00,1.24622,17.1,0.0,98,5.82,0.0,16.7,0.0,97,7.96,0.0,14.0,0.0,96,6.71,0.0
2026-09-21T21:00:00+00:00,2026-09-22T00:00:00+03:00,1.1284575,16.0,0.0,91,5.18,0.0,15.9,0.0,93,7.41,0.0,13.6,0.0,96,6.79,0.0
2026-09-21T22:00:00+00:00,2026-09-22T01:00:00+03:00,1.1380025,15.0,0.0,62,4.91,0.0,14.9,0.0,97,7.14,0.0,13.0,0.0,96,6.8,0.0
2026-09-21T23:00:00+00:00,2026-09-22T02:00:00+03:00,1.0981225,13.8,0.0,56,3.66,0.0,14.5,0.0,81,6.91,0.0,12.6,0.0,99,5.8,0.0
2026-09-22T00:00:00+00:00,2026-09-22T03:00:00+03:00,1.1244875,12.7,0.0,47,3.62,0.2,14.3,0.0,66,6.5,0.0,12.3,0.0,72,4.55,0.0
2026-09-22T01:00:00+00:00,2026-09-22T04:00:00+03:00,1.08084,11.7,0.0,48,2.88,0.2,14.1,0.0,80,5.86,0.0,11.6,0.0,13,4.27,0.0
2026-09-22T02:00:00+00:00,2026-09-22T05:00:00+03:00,1.0228,11.2,0.0,44,1.76,0.1,13.3,0.0,100,5.61,0.0,10.9,0.0,74,4.96,0.0
2026-09-22T03:00:00+00:00,2026-09-22T06:00:00+03:00,1.15736,11.3,0.0,42,1.86,0.1,13.0,0.0,99,5.88,0.0,11.0,0.0,89,5.17,0.0
2026-09-22T04:00:00+00:00,2026-09-22T07:00:00+03:00,1.3658175,10.6,27.0,41,1.13,0.0,12.5,44.0,96,5.37,0.0,10.7,57.0,13,5.11,0.0
2026-09-22T05:00:00+00:00,2026-09-22T08:00:00+03:00,1.4660075,10.2,154.0,48,1.79,0.1,12.3,169.0,95,4.54,0.0,11.7,210.0,5,4.83,0.0
2026-09-22T06:00:00+00:00,2026-09-22T09:00:00+03:00,1.310955,12.0,286.0,43,2.1,0.0,13.2,272.0,77,4.71,0.0,12.6,367.0,8,4.51,0.0
2026-09-22T07:00:00+00:00,2026-09-22T10:00:00+03:00,1.090055,14.2,376.0,36,0.85,0.0,14.7,459.0,83,4.43,0.0,13.7,527.0,2,3.91,0.0
2026-09-22T08:00:00+00:00,2026-09-22T11:00:00+03:00,0.8882275,16.3,420.0,27,1.07,0.1,17.2,519.0,91,3.73,0.0,16.5,536.0,9,3.1,0.0
2026-09-22T09:00:00+00:00,2026-09-22T12:00:00+03:00,0.7862725,17.9,580.0,39,1.05,0.1,18.2,534.0,74,2.86,0.0,17.4,479.0,55,2.84,0.0
2026-09-22T10:00:00+00:00,2026-09-22T13:00:00+03:00,0.693045,18.7,467.0,25,1.57,0.0,18.9,586.0,72,3.53,0.1,18.4,525.0,35,1.71,0.0
2026-09-22T11:00:00+00:00,2026-09-22T14:00:00+03:00,0.65028,19.2,563.0,18,1.4,0.0,19.3,429.0,98,2.88,0.1,18.8,509.0,65,1.24,0.0
2026-09-22T12:00:00+00:00,2026-09-22T15:00:00+03:00,0.6454425,20.1,448.0,27,1.05,0.0,19.6,326.0,87,2.55,0.1,19.2,401.0,67,1.63,0.0
2026-09-22T13:00:00+00:00,2026-09-22T16:00:00+03:00,0.7414075,20.3,325.0,33,0.34,0.0,19.6,200.0,54,2.68,0.0,19.4,256.0,43,1.86,0.0
2026-09-22T14:00:00+00:00,2026-09-22T17:00:00+03:00,0.9842475,20.7,202.0,28,0.89,0.0,19.4,100.0,42,2.79,0.0,19.2,114.0,28,1.77,0.0
2026-09-22T15:00:00+00:00,2026-09-22T18:00:00+03:00,1.4,19.9,63.0,33,0.96,0.8,19.1,34.0,40,2.63,0.0,18.9,39.0,30,1.45,0.0
2026-09-22T16:00:00+00:00,2026-09-22T19:00:00+03:00,1.8186375,17.0,1.0,55,5.78,1.1,17.8,0.0,28,3.03,0.0,18.0,0.0,27,1.11,0.0
2026-09-22T17:00:00+00:00,2026-09-22T20:00:00+03:00,2.79509,14.5,0.0,58,7.25,0.5,15.5,0.0,79,3.94,0.0,15.5,0.0,35,1.13,0.0
2026-09-22T18:00:00+00:00,2026-09-22T21:00:00+03:00,2.11898,13.5,0.0,61,6.18,0.2,15.1,0.0,100,3.75,0.0,14.5,0.0,70,1.29,0.0
2026-09-22T19:00:00+00:00,2026-09-22T22:00:00+03:00,1.4820475,13.3,0.0,50,5.55,0.0,14.9,0.0,100,3.39,0.0,13.9,0.0,98,1.57,0.0
2026-09-22T20:00:00+00:00,2026-09-22T23:00:00+03:00,1.3,13.1,0.0,50,6.27,0.0,14.2,0.0,100,3.25,0.0,12.4,0.0,100,2.44,0.0
2026-09-22T21:00:00+00:00,2026-09-23T00:00:00+03:00,1.1215925,12.9,0.0,42,6.75,0.0,14.6,0.0,100,4.06,0.0,12.1,0.0,100,3.59,0.0
2026-09-22T22:00:00+00:00,2026-09-23T01:00:00+03:00,1.01468,12.0,0.0,42,5.77,0.0,14.2,0.0,100,4.91,0.0,12.2,0.0,100,5.0,0.0
2026-09-22T23:00:00+00:00,2026-09-23T02:00:00+03:00,0.982565,11.8,0.0,54,5.66,0.0,14.0,0.0,100,4.69,0.0,12.2,0.0,100,5.67,0.0
2026-09-23T00:00:00+00:00,2026-09-23T03:00:00+03:00,0.937475,11.3,0.0,41,5.68,0.0,13.8,0.0,100,5.2,0.0,12.3,0.0,100,5.87,0.0
2026-09-23T01:00:00+00:00,2026-09-23T04:00:00+03:00,0.9676725,10.6,0.0,53,5.43,0.0,13.6,0.0,100,6.11,0.0,12.2,0.0,100,6.8,0.0
2026-09-23T02:00:00+00:00,2026-09-23T05:00:00+03:00,0.95724,10.7,0.0,66,4.46,0.0,13.5,0.0,90,6.92,0.0,11.9,0.0,100,7.45,0.0
2026-09-23T03:00:00+00:00,2026-09-23T06:00:00+03:00,1.0561675,10.5,0.0,65,4.05,0.0,13.7,0.0,91,8.24,0.0,11.7,0.0,99,7.9,0.0
2026-09-23T04:00:00+00:00,2026-09-23T07:00:00+03:00,1.46229,10.4,32.0,62,4.22,0.0,13.6,31.0,77,9.02,0.0,11.6,26.0,100,8.02,0.0
2026-09-23T05:00:00+00:00,2026-09-23T08:00:00+03:00,1.580025,10.2,138.0,44,3.86,0.0,13.2,113.0,34,8.66,0.0,11.5,111.0,97,7.72,0.0
2026-09-23T06:00:00+00:00,2026-09-23T09:00:00+03:00,1.22405,11.3,291.0,47,2.77,0.0,13.4,332.0,15,8.29,0.0,11.7,227.0,99,8.18,0.0
2026-09-23T07:00:00+00:00,2026-09-23T10:00:00+03:00,0.9616725,12.7,370.0,72,2.39,0.1,14.1,503.0,32,8.25,0.0,12.4,410.0,98,8.4,0.0
2026-09-23T08:00:00+00:00,2026-09-23T11:00:00+03:00,0.73838,14.3,421.0,91,2.62,0.0,16.0,530.0,19,8.29,0.0,14.9,533.0,87,8.3,0.0
2026-09-23T09:00:00+00:00,2026-09-23T12:00:00+03:00,0.4964175,15.7,496.0,87,3.72,0.1,17.0,594.0,39,8.59,0.0,15.9,591.0,68,8.93,0.0
2026-09-23T10:00:00+00:00,2026-09-23T13:00:00+03:00,0.4132175,17.1,505.0,87,3.54,0.0,18.4,496.0,100,8.02,0.0,17.1,507.0,71,9.15,0.0
2026-09-23T11:00:00+00:00,2026-09-23T14:00:00+03:00,0.3453925,17.8,542.0,82,3.39,0.0,18.5,381.0,99,8.79,0.0,17.3,395.0,78,8.82,0.1
2026-09-23T12:00:00+00:00,2026-09-23T15:00:00+03:00,0.485835,18.4,484.0,54,3.4,0.0,18.5,275.0,78,7.82,0.0,17.3,344.0,100,8.7,0.0
2026-09-23T13:00:00+00:00,2026-09-23T16:00:00+03:00,0.654005,18.4,336.0,32,3.62,0.0,17.7,216.0,75,7.48,0.0,17.2,213.0,100,7.54,0.0
2026-09-23T14:00:00+00:00,2026-09-23T17:00:00+03:00,0.91293,18.3,148.0,47,3.88,0.6,17.2,133.0,74,6.9,0.0,16.6,94.0,98,6.69,0.0
2026-09-23T15:00:00+00:00,2026-09-23T18:00:00+03:00,1.20479,17.7,54.0,80,4.97,0.2,16.8,33.0,58,6.02,0.0,16.3,32.0,93,6.1,0.0
2026-09-23T16:00:00+00:00,2026-09-23T19:00:00+03:00,1.4094275,16.0,0.0,90,4.96,0.1,16.1,0.0,71,6.38,0.0,15.7,0.0,91,6.73,0.0
2026-09-23T17:00:00+00:00,2026-09-23T20:00:00+03:00,1.6825425,14.5,0.0,87,3.83,0.0,14.7,0.0,73,7.84,0.0,14.0,0.0,89,7.16,0.0
2026-09-23T18:00:00+00:00,2026-09-23T21:00:00+03:00,1.53271,13.2,0.0,81,3.26,0.0,14.0,0.0,61,7.69,0.0,13.4,0.0,89,7.28,0.0
2026-09-23T19:00:00+00:00,2026-09-23T22:00:00+03:00,1.34827,12.4,0.0,79,3.06,0.0,13.9,0.0,33,6.9,0.0,13.5,0.0,73,7.42,0.0
2026-09-23T20:00:00+00:00,2026-09-23T23:00:00+03:00,1.41674,11.6,0.0,92,3.51,0.0,13.3,0.0,0,6.0,0.0,13.6,0.0,61,7.62,0.0
2026-09-23T21:00:00+00:00,2026-09-24T00:00:00+03:00,1.2205625,11.5,0.0,91,3.98,0.0,12.7,0.0,9,5.97,0.0,13.3,0.0,64,7.83,0.0
2026-09-23T22:00:00+00:00,2026-09-24T01:00:00+03:00,1.1989825,11.7,0.0,57,4.26,0.0,11.9,0.0,10,6.02,0.0,12.6,0.0,67,7.2,0.0
2026-09-23T23:00:00+00:00,2026-09-24T02:00:00+03:00,1.157005,11.3,0.0,92,4.87,0.0,11.8,0.0,61,6.63,0.0,12.4,0.0,89,7.69,0.1
2026-09-24T00:00:00+00:00,2026-09-24T03:00:00+03:00,1.1578575,11.0,0.0,99,4.01,0.0,11.7,0.0,98,6.82,0.0,12.2,0.0,96,7.85,0.2
2026-09-24T01:00:00+00:00,2026-09-24T04:00:00+03:00,1.0633325,10.5,0.0,100,3.26,0.0,11.8,0.0,95,6.46,0.0,12.2,0.0,100,7.75,0.2
2026-09-24T02:00:00+00:00,2026-09-24T05:00:00+03:00,1.217585,9.8,0.0,100,4.0,0.0,11.4,0.0,99,5.82,0.0,11.9,0.0,100,7.12,0.1
2026-09-24T03:00:00+00:00,2026-09-24T06:00:00+03:00,1.27543,9.2,0.0,100,3.96,0.0,11.4,0.0,100,5.86,0.0,12.0,0.0,100,6.41,0.0
2026-09-24T04:00:00+00:00,2026-09-24T07:00:00+03:00,1.622495,8.3,31.0,87,3.58,0.0,11.3,48.0,100,5.86,0.0,11.8,39.0,100,5.97,0.0
2026-09-24T05:00:00+00:00,2026-09-24T08:00:00+03:00,1.36272,8.4,175.0,37,3.35,0.0,11.7,183.0,100,5.32,0.0,12.0,140.0,100,5.66,0.0
2026-09-24T06:00:00+00:00,2026-09-24T09:00:00+03:00,1.1418225,10.2,339.0,57,2.59,0.0,13.1,366.0,67,4.6,0.0,12.9,240.0,100,5.18,0.0
2026-09-24T07:00:00+00:00,2026-09-24T10:00:00+03:00,0.9220475,13.0,475.0,49,2.68,0.0,14.8,502.0,18,4.7,0.0,13.7,377.0,100,4.6,0.0
2026-09-24T08:00:00+00:00,2026-09-24T11:00:00+03:00,0.8075975,16.1,603.0,16,3.21,0.0,17.8,626.0,25,4.51,0.0,16.4,479.0,100,4.66,0.0
2026-09-24T09:00:00+00:00,2026-09-24T12:00:00+03:00,0.7954775,18.3,607.0,5,3.77,0.0,18.9,675.0,61,4.6,0.0,17.4,515.0,99,5.12,0.0
2026-09-24T10:00:00+00:00,2026-09-24T13:00:00+03:00,0.80601,19.9,577.0,39,3.87,0.0,20.3,663.0,87,4.27,0.0,18.6,571.0,100,5.28,0.0
2026-09-24T11:00:00+00:00,2026-09-24T14:00:00+03:00,0.8525875,20.6,460.0,33,4.44,0.0,20.8,548.0,74,4.21,0.0,19.2,478.0,81,5.54,0.0
2026-09-24T12:00:00+00:00,2026-09-24T15:00:00+03:00,0.846805,21.1,299.0,50,5.46,0.0,21.2,432.0,40,4.15,0.0,19.5,293.0,53,5.91,0.0
2026-09-24T13:00:00+00:00,2026-09-24T16:00:00+03:00,0.9,21.1,210.0,49,5.65,0.0,21.0,215.0,33,4.1,0.0,19.2,214.0,65,5.5,0.0
2026-09-24T14:00:00+00:00,2026-09-24T17:00:00+03:00,1.2612275,21.2,139.0,64,5.13,0.0,20.7,100.0,30,4.2,0.0,19.0,130.0,58,4.53,0.0
2026-09-24T15:00:00+00:00,2026-09-24T18:00:00+03:00,1.7752025,20.7,55.0,86,3.85,0.0,20.5,21.0,39,3.39,0.0,18.8,32.0,37,3.15,0.0
2026-09-24T16:00:00+00:00,2026-09-24T19:00:00+03:00,2.001,20.1,0.0,88,2.64,0.0,19.6,0.0,39,2.09,0.0,17.7,0.0,13,1.87,0.0
2026-09-24T17:00:00+00:00,2026-09-24T20:00:00+03:00,1.7350375,17.1,0.0,58,2.17,0.0,18.9,0.0,36,1.0,0.0,14.2,0.0,17,0.78,0.0
2026-09-24T18:00:00+00:00,2026-09-24T21:00:00+03:00,1.3688225,15.0,0.0,24,1.84,0.0,16.5,0.0,57,3.73,0.0,13.7,0.0,22,1.87,0.0
2026-09-24T19:00:00+00:00,2026-09-24T22:00:00+03:00,1.3261925,13.1,0.0,12,1.19,0.0,16.4,0.0,76,6.42,0.0,13.4,0.0,56,3.2,0.0
2026-09-24T20:00:00+00:00,2026-09-24T23:00:00+03:00,1.4112225,12.0,0.0,9,0.3,0.0,15.4,0.0,87,7.25,0.0,12.4,0.0,90,4.36,0.0
2026-09-24T21:00:00+00:00,2026-09-25T00:00:00+03:00,1.371,11.2,0.0,75,0.45,0.0,15.0,0.0,17,7.16,0.0,12.8,0.0,76,5.12,0.0
2026-09-24T22:00:00+00:00,2026-09-25T01:00:00+03:00,1.028025,10.5,0.0,89,1.85,0.0,14.2,0.0,17,6.43,0.0,13.5,0.0,44,4.7,0.0
2026-09-24T23:00:00+00:00,2026-09-25T02:00:00+03:00,0.9715625,10.2,0.0,86,1.01,0.0,14.0,0.0,23,6.25,0.0,14.0,0.0,35,4.83,0.0
2026-09-25T00:00:00+00:00,2026-09-25T03:00:00+03:00,1.16762,10.0,0.0,82,1.0,0.0,13.9,0.0,27,6.07,0.0,14.6,0.0,39,4.61,0.0
2026-09-25T01:00:00+00:00,2026-09-25T04:00:00+03:00,1.1408275,9.4,0.0,84,1.55,0.0,13.7,0.0,23,5.85,0.0,14.3,0.0,42,4.21,0.0
2026-09-25T02:00:00+00:00,2026-09-25T05:00:00+03:00,1.0589775,8.8,0.0,85,2.04,0.0,13.5,0.0,19,5.53,0.0,14.0,0.0,47,3.78,0.0
2026-09-25T03:00:00+00:00,2026-09-25T06:00:00+03:00,1.31441,8.6,0.0,87,2.48,0.0,13.7,0.0,24,5.2,0.0,14.0,0.0,55,3.34,0.0
2026-09-25T04:00:00+00:00,2026-09-25T07:00:00+03:00,1.5125625,8.8,28.0,90,2.94,0.0,14.2,53.0,46,4.73,0.0,14.4,53.0,68,3.0,0.0
2026-09-25T05:00:00+00:00,2026-09-25T08:00:00+03:00,1.4346525,9.2,118.0,93,3.25,0.0,15.0,162.0,76,4.19,0.0,15.0,160.0,84,2.82,0.0
2026-09-25T06:00:00+00:00,2026-09-25T09:00:00+03:00,1.307265,10.3,223.0,96,3.36,0.0,16.0,266.0,98,3.71,0.0,15.9,267.0,96,2.74,0.0
2026-09-25T07:00:00+00:00,2026-09-25T10:00:00+03:00,1.0410025,12.4,333.0,98,3.08,0.0,17.2,345.0,100,3.21,0.0,17.0,354.0,100,2.76,0.0
2026-09-25T08:00:00+00:00,2026-09-25T11:00:00+03:00,0.8558375,15.0,440.0,99,2.71,0.0,18.6,374.0,100,2.86,0.0,18.3,403.0,100,2.86,0.0
2026-09-25T09:00:00+00:00,2026-09-25T12:00:00+03:00,0.7560025,17.4,530.0,99,2.53,0.0,19.6,357.0,100,2.85,0.0,19.3,411.0,99,3.08,0.0
2026-09-25T10:00:00+00:00,2026-09-25T13:00:00+03:00,0.8156075,19.1,560.0,98,2.55,0.0,20.0,318.0,100,3.4,0.0,19.7,384.0,100,3.47,0.0
2026-09-25T11:00:00+00:00,2026-09-25T14:00:00+03:00,0.8269125,20.5,508.0,96,2.66,0.0,20.0,273.0,100,4.26,0.0,19.9,327.0,100,3.98,0.0
2026-09-25T12:00:00+00:00,2026-09-25T15:00:00+03:00,0.8463475,21.4,402.0,94,2.78,0.0,19.9,218.0,100,4.97,0.0,19.9,250.0,100,4.4,0.0
2026-09-25T13:00:00+00:00,2026-09-25T16:00:00+03:00,0.8576825,21.7,281.0,93,2.85,0.0,19.7,156.0,98,5.33,0.0,19.8,169.0,100,4.64,0.0
2026-09-25T14:00:00+00:00,2026-09-25T17:00:00+03:00,1.0924275,21.5,159.0,92,2.96,0.0,19.4,90.0,96,5.46,0.0,19.5,92.0,100,4.81,0.0
2026-09-25T15:00:00+00:00,2026-09-25T18:00:00+03:00,1.349345,20.8,51.0,89,3.2,0.0,19.0,25.0,93,5.51,0.0,19.1,23.0,99,4.88,0.0
2026-09-25T16:00:00+00:00,2026-09-25T19:00:00+03:00,1.3992,19.2,0.0,82,3.82,0.0,18.4,0.0,87,5.46,0.0,18.5,0.0,97,4.85,0.0
2026-09-25T17:00:00+00:00,2026-09-25T20:00:00+03:00,1.564315,17.2,0.0,72,4.7,0.0,17.6,0.0,81,5.26,0.0,17.7,0.0,94,4.75,0.0
2026-09-25T18:00:00+00:00,2026-09-25T21:00:00+03:00,1.4236,15.6,0.0,68,5.3,0.0,16.8,0.0,78,5.1,0.0,16.9,0.0,92,4.57,0.0
2026-09-25T19:00:00+00:00,2026-09-25T22:00:00+03:00,1.45545,14.9,0.0,73,5.45,0.0,16.2,0.0,83,5.02,0.0,16.4,0.0,92,4.38,0.0
2026-09-25T20:00:00+00:00,2026-09-25T23:00:00+03:00,1.4156625,14.6,0.0,83,5.4,0.0,15.6,0.0,92,5.05,0.0,15.9,0.0,94,4.14,0.0
2026-09-25T21:00:00+00:00,2026-09-26T00:00:00+03:00,1.217085,14.2,0.0,90,5.25,0.0,15.2,0.0,98,5.2,0.0,15.5,0.0,95,3.96,0.0
2026-09-25T22:00:00+00:00,2026-09-26T01:00:00+03:00,1.1,13.7,0.0,92,5.17,0.0,15.1,0.0,99,5.53,0.0,15.3,0.0,96,4.05,0.0
2026-09-25T23:00:00+00:00,2026-09-26T02:00:00+03:00,1.0739725,13.1,0.0,93,5.08,0.0,15.3,0.0,99,6.09,0.0,15.2,0.0,96,4.57,0.0
2026-09-26T00:00:00+00:00,2026-09-26T03:00:00+03:00,1.1000025,13.0,0.0,99,4.83,0.0,15.1,0.0,97,6.43,0.0,13.6,0.0,96,5.24,0.0
2026-09-26T01:00:00+00:00,2026-09-26T04:00:00+03:00,1.07225,12.6,0.0,99,5.4,0.0,15.2,0.0,100,6.77,0.0,12.6,0.0,99,5.6,0.0
2026-09-26T02:00:00+00:00,2026-09-26T05:00:00+03:00,1.0403825,12.1,0.0,98,5.51,0.0,15.1,0.0,100,6.88,0.0,12.2,0.0,100,5.74,0.0
2026-09-26T03:00:00+00:00,2026-09-26T06:00:00+03:00,1.0625525,12.2,0.0,98,5.63,0.0,15.1,0.0,100,7.2,0.0,12.3,0.0,100,5.87,0.0
2026-09-26T04:00:00+00:00,2026-09-26T07:00:00+03:00,1.1,12.3,25.0,83,5.62,0.0,15.2,27.0,99,7.05,0.0,12.3,33.0,100,5.82,0.0
2026-09-26T05:00:00+00:00,2026-09-26T08:00:00+03:00,1.14754,12.4,134.0,76,5.72,0.0,15.8,99.0,100,6.99,0.0,13.5,118.0,99,5.56,0.0
2026-09-26T06:00:00+00:00,2026-09-26T09:00:00+03:00,1.0140425,13.3,242.0,87,5.23,0.0,16.2,193.0,99,6.57,0.2,14.0,232.0,99,5.0,0.0
2026-09-26T07:00:00+00:00,2026-09-26T10:00:00+03:00,0.825535,15.2,346.0,86,5.21,0.0,16.7,233.0,100,6.3,0.1,15.0,314.0,100,4.66,0.0
2026-09-26T08:00:00+00:00,2026-09-26T11:00:00+03:00,0.593485,17.3,425.0,93,5.48,0.0,18.6,356.0,100,7.1,0.0,18.2,378.0,100,4.96,0.0
2026-09-26T09:00:00+00:00,2026-09-26T12:00:00+03:00,0.282175,18.8,495.0,92,5.57,0.1,19.6,377.0,100,7.25,0.0,19.1,392.0,99,4.93,0.0
2026-09-26T10:00:00+00:00,2026-09-26T13:00:00+03:00,0.06316,20.1,531.0,92,5.66,0.1,20.5,443.0,99,8.93,0.0,19.6,377.0,100,5.26,0.0
2026-09-26T11:00:00+00:00,2026-09-26T14:00:00+03:00,0.010315,20.8,454.0,95,5.54,0.0,20.6,382.0,100,9.0,0.1,20.0,334.0,100,5.3,0.0
2026-09-26T12:00:00+00:00,2026-09-26T15:00:00+03:00,0.096455,21.3,339.0,95,5.13,0.1,20.6,336.0,99,8.81,0.0,20.1,280.0,99,5.4,0.0
2026-09-26T13:00:00+00:00,2026-09-26T16:00:00+03:00,0.2611875,21.2,213.0,97,4.8,0.0,20.7,238.0,99,8.67,0.0,20.1,197.0,95,5.55,0.1
2026-09-26T14:00:00+00:00,2026-09-26T17:00:00+03:00,0.68011,20.8,105.0,100,4.85,0.0,20.2,116.0,99,8.54,0.0,19.6,108.0,100,5.64,0.0
2026-09-26T15:00:00+00:00,2026-09-26T18:00:00+03:00,1.04571,20.5,29.0,97,4.69,0.0,19.8,25.0,100,8.15,0.0,19.1,22.0,98,5.37,0.0
2026-09-26T16:00:00+00:00,2026-09-26T19:00:00+03:00,1.13609,19.5,0.0,95,4.44,0.0,19.2,0.0,100,8.1,0.0,18.6,0.0,99,5.61,0.0
2026-09-26T17:00:00+00:00,2026-09-26T20:00:00+03:00,1.2495175,17.6,0.0,94,4.48,0.0,17.8,0.0,100,7.99,0.0,16.5,0.0,99,5.73,0.0
2026-09-26T18:00:00+00:00,2026-09-26T21:00:00+03:00,1.1944975,16.5,0.0,91,4.8,0.0,17.4,0.0,100,8.01,0.0,16.0,0.0,100,5.45,0.0
2026-09-26T19:00:00+00:00,2026-09-26T22:00:00+03:00,1.10018,15.9,0.0,87,5.19,0.0,17.1,0.0,100,8.07,0.0,15.5,0.0,99,5.38,0.0
2026-09-26T20:00:00+00:00,2026-09-26T23:00:00+03:00,1.0517525,14.7,0.0,82,5.48,0.0,16.2,0.0,99,8.02,0.0,14.1,0.0,95,5.72,0.0
2026-09-26T21:00:00+00:00,2026-09-27T00:00:00+03:00,0.9815225,14.4,0.0,48,5.71,0.0,16.0,0.0,99,8.16,0.0,13.8,0.0,62,6.11,0.0
2026-09-26T22:00:00+00:00,2026-09-27T01:00:00+03:00,0.97399,14.0,0.0,29,5.41,0.0,15.0,0.0,55,8.91,0.0,12.9,0.0,48,6.88,0.0
2026-09-26T23:00:00+00:00,2026-09-27T02:00:00+03:00,0.9405875,13.2,0.0,22,5.28,0.0,14.7,0.0,87,8.55,0.0,12.6,0.0,35,6.49,0.0
2026-09-27T00:00:00+00:00,2026-09-27T03:00:00+03:00,0.9032775,12.5,0.0,12,5.66,0.0,14.5,0.0,94,8.57,0.0,12.4,0.0,25,6.27,0.0
2026-09-27T01:00:00+00:00,2026-09-27T04:00:00+03:00,0.8774,11.9,0.0,19,6.25,0.0,14.3,0.0,98,8.51,0.0,11.9,0.0,44,7.11,0.0
2026-09-27T02:00:00+00:00,2026-09-27T05:00:00+03:00,0.8517475,11.5,0.0,24,6.33,0.0,14.0,0.0,100,8.92,0.0,11.4,0.0,36,7.51,0.0
2026-09-27T03:00:00+00:00,2026-09-27T06:00:00+03:00,0.8364775,11.1,0.0,21,6.22,0.0,13.7,0.0,99,9.52,0.0,11.4,0.0,44,7.83,0.0
2026-09-27T04:00:00+00:00,2026-09-27T07:00:00+03:00,0.84932,10.6,28.0,9,6.02,0.0,13.3,41.0,100,9.67,0.0,11.2,46.0,18,8.14,0.0
2026-09-27T05:00:00+00:00,2026-09-27T08:00:00+03:00,0.8232025,10.5,164.0,12,6.02,0.0,13.7,182.0,61,9.71,0.0,12.2,193.0,0,8.07,0.0
2026-09-27T06:00:00+00:00,2026-09-27T09:00:00+03:00,0.676255,12.6,327.0,1,5.12,0.0,14.8,318.0,12,8.99,0.0,13.1,356.0,0,7.42,0.0
2026-09-27T07:00:00+00:00,2026-09-27T10:00:00+03:00,0.1218325,16.0,475.0,2,4.94,0.0,16.7,476.0,76,9.08,0.0,15.0,503.0,0,7.09,0.0
2026-09-27T08:00:00+00:00,2026-09-27T11:00:00+03:00,0.009705,18.9,581.0,14,5.8,0.0,19.5,563.0,72,9.27,0.0,19.1,606.0,3,7.24,0.0
2026-09-27T09:00:00+00:00,2026-09-27T12:00:00+03:00,-0.00358,20.7,634.0,16,5.77,0.0,20.7,639.0,15,9.53,0.0,20.2,658.0,12,7.45,0.0
2026-09-27T10:00:00+00:00,2026-09-27T13:00:00+03:00,-0.011715,22.0,642.0,26,5.55,0.0,22.1,629.0,19,10.19,0.0,21.8,652.0,14,7.84,0.0
2026-09-27T11:00:00+00:00,2026-09-27T14:00:00+03:00,-0.01414,22.6,556.0,45,6.11,0.0,22.3,581.0,56,10.13,0.0,22.1,590.0,52,8.18,0.0
2026-09-27T12:00:00+00:00,2026-09-27T15:00:00+03:00,-0.003995,23.1,500.0,85,6.42,0.0,22.4,431.0,76,9.79,0.0,22.3,469.0,80,7.72,0.0
2026-09-27T13:00:00+00:00,2026-09-27T16:00:00+03:00,-3.5e-05,23.2,347.0,80,5.99,0.0,22.2,296.0,93,9.57,0.0,22.4,308.0,84,7.16,0.0
2026-09-27T14:00:00+00:00,2026-09-27T17:00:00+03:00,0.0690825,23.1,170.0,76,5.66,0.0,21.9,149.0,99,8.81,0.0,21.9,150.0,83,6.69,0.0
2026-09-27T15:00:00+00:00,2026-09-27T18:00:00+03:00,0.70369,22.7,47.0,71,5.23,0.0,21.6,28.0,98,8.17,0.0,21.6,22.0,78,6.71,0.0
2026-09-27T16:00:00+00:00,2026-09-27T19:00:00+03:00,1.0008,20.4,0.0,47,5.42,0.0,20.6,0.0,89,8.1,0.0,20.7,0.0,61,7.12,0.0
2026-09-27T17:00:00+00:00,2026-09-27T20:00:00+03:00,1.0631025,17.1,0.0,44,5.76,0.0,18.6,0.0,93,8.35,0.0,18.5,0.0,53,7.69,0.0
2026-09-27T18:00:00+00:00,2026-09-27T21:00:00+03:00,1.0324975,16.1,0.0,37,5.8,0.0,18.0,0.0,99,8.64,0.0,17.9,0.0,57,8.2,0.0
2026-09-27T19:00:00+00:00,2026-09-27T22:00:00+03:00,0.956245,15.5,0.0,23,6.03,0.0,17.6,0.0,99,9.21,0.0,17.3,0.0,57,8.44,0.0
2026-09-27T20:00:00+00:00,2026-09-27T23:00:00+03:00,0.94079,14.9,0.0,14,6.63,0.0,17.1,0.0,100,9.73,0.0,15.7,0.0,63,8.64,0.0
2026-09-27T21:00:00+00:00,2026-09-28T00:00:00+03:00,0.87995,14.3,0.0,8,7.12,0.0,16.9,0.0,98,9.84,0.0,15.5,0.0,66,8.9,0.0
2026-09-27T22:00:00+00:00,2026-09-28T01:00:00+03:00,0.8621925,13.8,0.0,23,7.43,0.0,16.2,0.0,92,11.37,0.0,14.9,0.0,64,10.37,0.0
2026-09-27T23:00:00+00:00,2026-09-28T02:00:00+03:00,0.8270625,13.5,0.0,32,7.61,0.0,16.0,0.0,34,11.51,0.0,14.4,0.0,64,9.99,0.0
2026-09-28T00:00:00+00:00,2026-09-28T03:00:00+03:00,0.83156,13.4,0.0,56,7.71,0.0,15.6,0.0,60,10.78,0.0,14.1,0.0,74,9.38,0.0
2026-09-28T01:00:00+00:00,2026-09-28T04:00:00+03:00,0.8404875,12.9,0.0,77,7.5,0.0,15.1,0.0,54,10.66,0.0,13.7,0.0,74,9.15,0.0
2026-09-28T02:00:00+00:00,2026-09-28T05:00:00+03:00,0.861975,12.5,0.0,94,7.28,0.0,14.4,0.0,28,10.86,0.0,13.2,0.0,69,9.6,0.0
2026-09-28T03:00:00+00:00,2026-09-28T06:00:00+03:00,0.9419475,11.8,0.0,94,7.15,0.0,13.7,0.0,37,10.89,0.0,13.0,0.0,55,10.24,0.0
2026-09-28T04:00:00+00:00,2026-09-28T07:00:00+03:00,1.11305,11.3,27.0,15,7.0,0.0,13.4,36.0,54,11.13,0.0,12.7,34.0,66,10.42,0.0
2026-09-28T05:00:00+00:00,2026-09-28T08:00:00+03:00,1.12304,11.5,165.0,9,7.11,0.0,13.6,123.0,58,11.47,0.0,12.9,158.0,65,10.56,0.0
2026-09-28T06:00:00+00:00,2026-09-28T09:00:00+03:00,0.6642075,13.7,338.0,6,6.78,0.0,14.4,185.0,63,11.56,0.0,13.6,225.0,58,10.29,0.0
2026-09-28T07:00:00+00:00,2026-09-28T10:00:00+03:00,0.05,17.2,496.0,2,7.19,0.0,15.5,267.0,82,12.04,0.0,14.5,303.0,49,10.81,0.0
2026-09-28T08:00:00+00:00,2026-09-28T11:00:00+03:00,0.05,19.7,608.0,2,7.83,0.0,16.8,285.0,83,11.31,0.3,16.2,342.0,42,10.65,0.2
2026-09-28T09:00:00+00:00,2026-09-28T12:00:00+03:00,0.05,20.9,667.0,9,7.42,0.0,17.0,352.0,82,11.08,0.1,17.1,286.0,52,11.05,0.1
2026-09-28T10:00:00+00:00,2026-09-28T13:00:00+03:00,0.0541525,22.2,681.0,7,6.4,0.0,18.3,225.0,48,10.38,0.0,18.2,198.0,79,9.2,0.5
2026-09-28T11:00:00+00:00,2026-09-28T14:00:00+03:00,0.05,23.4,565.0,23,7.04,0.0,18.6,208.0,93,12.66,0.0,18.1,279.0,92,11.11,0.9
2026-09-28T12:00:00+00:00,2026-09-28T15:00:00+03:00,0.2053375,23.6,397.0,69,8.07,0.0,18.4,224.0,100,12.44,0.0,17.9,323.0,91,10.96,0.4
2026-09-28T13:00:00+00:00,2026-09-28T16:00:00+03:00,0.67487,23.4,230.0,93,8.79,0.0,18.4,135.0,100,12.55,0.0,17.8,105.0,100,10.55,0.0
2026-09-28T14:00:00+00:00,2026-09-28T17:00:00+03:00,0.951705,22.5,95.0,100,8.46,0.0,17.9,72.0,100,11.59,0.0,17.2,51.0,100,9.93,0.0
2026-09-28T15:00:00+00:00,2026-09-28T18:00:00+03:00,1.2476725,21.6,24.0,90,8.04,0.0,17.2,11.0,100,11.19,0.0,17.3,9.0,100,10.18,0.0
2026-09-28T16:00:00+00:00,2026-09-28T19:00:00+03:00,1.622695,21.1,0.0,98,7.72,0.1,16.9,0.0,100,11.11,0.0,17.6,0.0,100,9.9,0.0
2026-09-28T17:00:00+00:00,2026-09-28T20:00:00+03:00,1.8040825,19.2,0.0,100,7.4,0.1,16.9,0.0,100,11.35,0.0,17.5,0.0,100,9.66,0.0
2026-09-28T18:00:00+00:00,2026-09-28T21:00:00+03:00,1.461915,18.5,0.0,100,7.36,0.0,17.1,0.0,100,11.5,0.0,17.7,0.0,100,9.36,0.0
2026-09-28T19:00:00+00:00,2026-09-28T22:00:00+03:00,1.2072425,18.0,0.0,100,7.21,0.0,17.5,0.0,100,11.23,0.0,17.8,0.0,100,9.02,0.0
2026-09-28T20:00:00+00:00,2026-09-28T23:00:00+03:00,1.072025,17.7,0.0,100,7.13,0.0,17.5,0.0,100,10.85,0.0,17.1,0.0,90,9.18,0.0
