house,target_day,source_day,weekday_matched,hour,load_kwh,source_utc
2,2026-01-01,2017-01-05,True,0,0.22999999999956344,2017-01-04T23:00:00Z
2,2026-01-01,2017-01-05,True,1,0.1500000000005457,2017-01-05T00:00:00Z
2,2026-01-01,2017-01-05,True,2,0.13000000000010914,2017-01-05T01:00:00Z
2,2026-01-01,2017-01-05,True,3,0.10999999999967258,2017-01-05T02:00:00Z
2,2026-01-01,2017-01-05,True,4,0.23499999999967258,2017-01-05T03:00:00Z
2,2026-01-01,2017-01-05,True,5,0.21500000000014552,2017-01-05T04:00:00Z
2,2026-01-01,2017-01-05,True,6,0.16499999999996362,2017-01-05T05:00:00Z
2,2026-01-01,2017-01-05,True,7,0.19000000000050932,2017-01-05T06:00:00Z
2,2026-01-01,2017-01-05,True,8,0.16499999999996362,2017-01-05T07:00:00Z
2,2026-01-01,2017-01-05,True,9,0.23499999999967258,2017-01-05T08:00:00Z
2,2026-01-01,2017-01-05,True,10,0.18500000000040018,2017-01-05T09:00:00Z
2,2026-01-01,2017-01-05,True,11,0.14499999999952706,2017-01-05T10:00:00Z
2,2026-01-01,2017-01-05,True,12,0.15999999999985448,2017-01-05T11:00:00Z
2,2026-01-01,2017-01-05,True,13,0.2250000000003638,2017-01-05T12:00:00Z
2,2026-01-01,2017-01-05,True,14,0.26999999999952706,2017-01-05T13:00:00Z
2,2026-01-01,2017-01-05,True,15,0.14500000000043656,2017-01-05T14:00:00Z
2,2026-01-01,2017-01-05,True,16,0.1750000000001819,2017-01-05T15:00:00Z
2,2026-01-01,2017-01-05,True,17,0.20499999999992724,2017-01-05T16:00:00Z
2,2026-01-01,2017-01-05,True,18,0.2649999999994179,2017-01-05T17:00:00Z
2,2026-01-01,2017-01-05,True,19,0.24500000000080036,2017-01-05T18:00:00Z
2,2026-01-01,2017-01-05,True,20,0.14499999999952706,2017-01-05T19:00:00Z
2,2026-01-01,2017-01-05,True,21,0.16499999999996362,2017-01-05T20:00:00Z
2,2026-01-01,2017-01-05,True,22,0.25500000000010914,2017-01-05T21:00:00Z
2,2026-01-01,2017-01-05,True,23,0.20499999999992724,2017-01-05T22:00:00Z
2,2026-01-02,2016-01-01,True,0,0.13099999999985812,2015-12-31T23:00:00Z
2,2026-01-02,2016-01-01,True,1,0.16399999999998727,2016-01-01T00:00:00Z
2,2026-01-02,2016-01-01,True,2,0.1950000000001637,2016-01-01T01:00:00Z
2,2026-01-02,2016-01-01,True,3,0.10999999999989996,2016-01-01T02:00:00Z
2,2026-01-02,2016-01-01,True,4,0.17000000000007276,2016-01-01T03:00:00Z
2,2026-01-02,2016-01-01,True,5,0.20499999999992724,2016-01-01T04:00:00Z
2,2026-01-02,2016-01-01,True,6,0.125,2016-01-01T05:00:00Z
2,2026-01-02,2016-01-01,True,7,0.125,2016-01-01T06:00:00Z
2,2026-01-02,2016-01-01,True,8,0.16599999999993997,2016-01-01T07:00:00Z
2,2026-01-02,2016-01-01,True,9,0.11900000000014188,2016-01-01T08:00:00Z
2,2026-01-02,2016-01-01,True,10,0.12599999999997635,2016-01-01T09:00:00Z
2,2026-01-02,2016-01-01,True,11,0.18899999999985084,2016-01-01T10:00:00Z
2,2026-01-02,2016-01-01,True,12,0.10599999999999454,2016-01-01T11:00:00Z
2,2026-01-02,2016-01-01,True,13,0.1590000000001055,2016-01-01T12:00:00Z
2,2026-01-02,2016-01-01,True,14,0.7449999999998909,2016-01-01T13:00:00Z
2,2026-01-02,2016-01-01,True,15,1.0800000000001546,2016-01-01T14:00:00Z
2,2026-01-02,2016-01-01,True,16,0.47100000000000364,2016-01-01T15:00:00Z
2,2026-01-02,2016-01-01,True,17,0.6240000000000236,2016-01-01T16:00:00Z
2,2026-01-02,2016-01-01,True,18,0.31999999999993634,2016-01-01T17:00:00Z
2,2026-01-02,2016-01-01,True,19,0.36999999999989086,2016-01-01T18:00:00Z
2,2026-01-02,2016-01-01,True,20,0.49500000000011823,2016-01-01T19:00:00Z
2,2026-01-02,2016-01-01,True,21,0.2899999999999636,2016-01-01T20:00:00Z
2,2026-01-02,2016-01-01,True,22,0.1510000000000673,2016-01-01T21:00:00Z
2,2026-01-02,2016-01-01,True,23,0.1289999999999054,2016-01-01T22:00:00Z
2,2026-01-03,2016-01-02,True,0,0.22000000000002728,2016-01-01T23:00:00Z
2,2026-01-03,2016-01-02,True,1,0.17599999999993088,2016-01-02T00:00:00Z
2,2026-01-03,2016-01-02,True,2,0.11900000000014188,2016-01-02T01:00:00Z
2,2026-01-03,2016-01-02,True,3,0.12099999999986721,2016-01-02T02:00:00Z
2,2026-01-03,2016-01-02,True,4,0.17399999999997817,2016-01-02T03:00:00Z
2,2026-01-03,2016-01-02,True,5,0.2800000000002001,2016-01-02T04:00:00Z
2,2026-01-03,2016-01-02,True,6,0.209999999999809,2016-01-02T05:00:00Z
2,2026-01-03,2016-01-02,True,7,0.4550000000001546,2016-01-02T06:00:00Z
2,2026-01-03,2016-01-02,True,8,1.1699999999998454,2016-01-02T07:00:00Z
2,2026-01-03,2016-01-02,True,9,0.375,2016-01-02T08:00:00Z
2,2026-01-03,2016-01-02,True,10,0.33600000000001273,2016-01-02T09:00:00Z
2,2026-01-03,2016-01-02,True,11,0.34900000000016007,2016-01-02T10:00:00Z
2,2026-01-03,2016-01-02,True,12,0.7300000000000182,2016-01-02T11:00:00Z
2,2026-01-03,2016-01-02,True,13,0.724999999999909,2016-01-02T12:00:00Z
2,2026-01-03,2016-01-02,True,14,0.7699999999999818,2016-01-02T13:00:00Z
2,2026-01-03,2016-01-02,True,15,1.0150000000001,2016-01-02T14:00:00Z
2,2026-01-03,2016-01-02,True,16,0.43099999999981264,2016-01-02T15:00:00Z
2,2026-01-03,2016-01-02,True,17,0.33900000000016917,2016-01-02T16:00:00Z
2,2026-01-03,2016-01-02,True,18,0.41099999999983083,2016-01-02T17:00:00Z
2,2026-01-03,2016-01-02,True,19,0.41399999999998727,2016-01-02T18:00:00Z
2,2026-01-03,2016-01-02,True,20,0.375,2016-01-02T19:00:00Z
2,2026-01-03,2016-01-02,True,21,0.3450000000000273,2016-01-02T20:00:00Z
2,2026-01-03,2016-01-02,True,22,0.12599999999997635,2016-01-02T21:00:00Z
2,2026-01-03,2016-01-02,True,23,0.05900000000019645,2016-01-02T22:00:00Z
2,2026-01-04,2016-01-03,True,0,0.13599999999996726,2016-01-02T23:00:00Z
2,2026-01-04,2016-01-03,True,1,0.10400000000004184,2016-01-03T00:00:00Z
2,2026-01-04,2016-01-03,True,2,0.05999999999994543,2016-01-03T01:00:00Z
2,2026-01-04,2016-01-03,True,3,0.09600000000000364,2016-01-03T02:00:00Z
2,2026-01-04,2016-01-03,True,4,0.1289999999999054,2016-01-03T03:00:00Z
2,2026-01-04,2016-01-03,True,5,0.21500000000014552,2016-01-03T04:00:00Z
2,2026-01-04,2016-01-03,True,6,0.18599999999992178,2016-01-03T05:00:00Z
2,2026-01-04,2016-01-03,True,7,0.5,2016-01-03T06:00:00Z
2,2026-01-04,2016-01-03,True,8,0.35400000000004184,2016-01-03T07:00:00Z
2,2026-01-04,2016-01-03,True,9,2.009999999999991,2016-01-03T08:00:00Z
2,2026-01-04,2016-01-03,True,10,0.4800000000000182,2016-01-03T09:00:00Z
2,2026-01-04,2016-01-03,True,11,0.6949999999999363,2016-01-03T10:00:00Z
2,2026-01-04,2016-01-03,True,12,0.8599999999999,2016-01-03T11:00:00Z
2,2026-01-04,2016-01-03,True,13,0.43000000000006366,2016-01-03T12:00:00Z
2,2026-01-04,2016-01-03,True,14,0.6200000000001182,2016-01-03T13:00:00Z
2,2026-01-04,2016-01-03,True,15,0.31599999999980355,2016-01-03T14:00:00Z
2,2026-01-04,2016-01-03,True,16,0.21500000000014552,2016-01-03T15:00:00Z
2,2026-01-04,2016-01-03,True,17,0.8540000000000418,2016-01-03T16:00:00Z
2,2026-01-04,2016-01-03,True,18,0.25499999999988177,2016-01-03T17:00:00Z
2,2026-01-04,2016-01-03,True,19,0.3500000000001364,2016-01-03T18:00:00Z
2,2026-01-04,2016-01-03,True,20,0.31599999999980355,2016-01-03T19:00:00Z
2,2026-01-04,2016-01-03,True,21,0.3040000000000873,2016-01-03T20:00:00Z
2,2026-01-04,2016-01-03,True,22,0.1959999999999127,2016-01-03T21:00:00Z
2,2026-01-04,2016-01-03,True,23,0.11400000000003274,2016-01-03T22:00:00Z
2,2026-01-05,2016-01-04,True,0,0.18000000000006366,2016-01-03T23:00:00Z
2,2026-01-05,2016-01-04,True,1,0.1710000000000491,2016-01-04T00:00:00Z
2,2026-01-05,2016-01-04,True,2,0.11899999999991451,2016-01-04T01:00:00Z
2,2026-01-05,2016-01-04,True,3,0.1510000000000673,2016-01-04T02:00:00Z
2,2026-01-05,2016-01-04,True,4,0.23499999999989996,2016-01-04T03:00:00Z
2,2026-01-05,2016-01-04,True,5,0.18399999999996908,2016-01-04T04:00:00Z
2,2026-01-05,2016-01-04,True,6,0.21000000000003638,2016-01-04T05:00:00Z
2,2026-01-05,2016-01-04,True,7,0.2300000000000182,2016-01-04T06:00:00Z
2,2026-01-05,2016-01-04,True,8,0.1410000000000764,2016-01-04T07:00:00Z
2,2026-01-05,2016-01-04,True,9,0.12400000000002365,2016-01-04T08:00:00Z
2,2026-01-05,2016-01-04,True,10,0.16999999999984539,2016-01-04T09:00:00Z
2,2026-01-05,2016-01-04,True,11,0.20600000000013097,2016-01-04T10:00:00Z
2,2026-01-05,2016-01-04,True,12,0.11899999999991451,2016-01-04T11:00:00Z
2,2026-01-05,2016-01-04,True,13,0.1310000000000855,2016-01-04T12:00:00Z
2,2026-01-05,2016-01-04,True,14,0.19900000000006912,2016-01-04T13:00:00Z
2,2026-01-05,2016-01-04,True,15,0.5399999999999636,2016-01-04T14:00:00Z
2,2026-01-05,2016-01-04,True,16,1.2699999999999818,2016-01-04T15:00:00Z
2,2026-01-05,2016-01-04,True,17,1.099999999999909,2016-01-04T16:00:00Z
2,2026-01-05,2016-01-04,True,18,0.37599999999997635,2016-01-04T17:00:00Z
2,2026-01-05,2016-01-04,True,19,0.37400000000002365,2016-01-04T18:00:00Z
2,2026-01-05,2016-01-04,True,20,0.3350000000000364,2016-01-04T19:00:00Z
2,2026-01-05,2016-01-04,True,21,0.32600000000002183,2016-01-04T20:00:00Z
2,2026-01-05,2016-01-04,True,22,0.16399999999998727,2016-01-04T21:00:00Z
2,2026-01-05,2016-01-04,True,23,0.1009999999998854,2016-01-04T22:00:00Z
2,2026-01-06,2016-01-05,True,0,0.13400000000001455,2016-01-04T23:00:00Z
2,2026-01-06,2016-01-05,True,1,0.17000000000007276,2016-01-05T00:00:00Z
2,2026-01-06,2016-01-05,True,2,0.11000000000012733,2016-01-05T01:00:00Z
2,2026-01-06,2016-01-05,True,3,0.08999999999991815,2016-01-05T02:00:00Z
2,2026-01-06,2016-01-05,True,4,0.1959999999999127,2016-01-05T03:00:00Z
2,2026-01-06,2016-01-05,True,5,0.2400000000000091,2016-01-05T04:00:00Z
2,2026-01-06,2016-01-05,True,6,0.18900000000007822,2016-01-05T05:00:00Z
2,2026-01-06,2016-01-05,True,7,0.23499999999989996,2016-01-05T06:00:00Z
2,2026-01-06,2016-01-05,True,8,0.19000000000005457,2016-01-05T07:00:00Z
2,2026-01-06,2016-01-05,True,9,0.12000000000011823,2016-01-05T08:00:00Z
2,2026-01-06,2016-01-05,True,10,0.12999999999988177,2016-01-05T09:00:00Z
2,2026-01-06,2016-01-05,True,11,0.19499999999993634,2016-01-05T10:00:00Z
2,2026-01-06,2016-01-05,True,12,0.16000000000008185,2016-01-05T11:00:00Z
2,2026-01-06,2016-01-05,True,13,0.07099999999991269,2016-01-05T12:00:00Z
2,2026-01-06,2016-01-05,True,14,0.08400000000006003,2016-01-05T13:00:00Z
2,2026-01-06,2016-01-05,True,15,0.2599999999999909,2016-01-05T14:00:00Z
2,2026-01-06,2016-01-05,True,16,0.20000000000004547,2016-01-05T15:00:00Z
2,2026-01-06,2016-01-05,True,17,0.31999999999993634,2016-01-05T16:00:00Z
2,2026-01-06,2016-01-05,True,18,0.35599999999999454,2016-01-05T17:00:00Z
2,2026-01-06,2016-01-05,True,19,1.06899999999996,2016-01-05T18:00:00Z
2,2026-01-06,2016-01-05,True,20,1.1050000000000182,2016-01-05T19:00:00Z
2,2026-01-06,2016-01-05,True,21,0.20000000000004547,2016-01-05T20:00:00Z
2,2026-01-06,2016-01-05,True,22,0.18000000000006366,2016-01-05T21:00:00Z
2,2026-01-06,2016-01-05,True,23,0.1150000000000091,2016-01-05T22:00:00Z
2,2026-01-07,2016-01-06,True,0,0.1449999999999818,2016-01-05T23:00:00Z
2,2026-01-07,2016-01-06,True,1,0.2059999999999036,2016-01-06T00:00:00Z
2,2026-01-07,2016-01-06,True,2,0.1290000000001328,2016-01-06T01:00:00Z
2,2026-01-07,2016-01-06,True,3,0.12099999999986721,2016-01-06T02:00:00Z
2,2026-01-07,2016-01-06,True,4,0.2300000000000182,2016-01-06T03:00:00Z
2,2026-01-07,2016-01-06,True,5,0.19900000000006912,2016-01-06T04:00:00Z
2,2026-01-07,2016-01-06,True,6,0.375,2016-01-06T05:00:00Z
2,2026-01-07,2016-01-06,True,7,0.2599999999999909,2016-01-06T06:00:00Z
2,2026-01-07,2016-01-06,True,8,0.2799999999999727,2016-01-06T07:00:00Z
2,2026-01-07,2016-01-06,True,9,0.1410000000000764,2016-01-06T08:00:00Z
2,2026-01-07,2016-01-06,True,10,0.14899999999988722,2016-01-06T09:00:00Z
2,2026-01-07,2016-01-06,True,11,0.5050000000001091,2016-01-06T10:00:00Z
2,2026-01-07,2016-01-06,True,12,0.3949999999999818,2016-01-06T11:00:00Z
2,2026-01-07,2016-01-06,True,13,0.4659999999998945,2016-01-06T12:00:00Z
2,2026-01-07,2016-01-06,True,14,0.9190000000000964,2016-01-06T13:00:00Z
2,2026-01-07,2016-01-06,True,15,0.8550000000000182,2016-01-06T14:00:00Z
2,2026-01-07,2016-01-06,True,16,0.4149999999999636,2016-01-06T15:00:00Z
2,2026-01-07,2016-01-06,True,17,0.7760000000000673,2016-01-06T16:00:00Z
2,2026-01-07,2016-01-06,True,18,0.42899999999985994,2016-01-06T17:00:00Z
2,2026-01-07,2016-01-06,True,19,0.40000000000009095,2016-01-06T18:00:00Z
2,2026-01-07,2016-01-06,True,20,0.31999999999993634,2016-01-06T19:00:00Z
2,2026-01-07,2016-01-06,True,21,0.25,2016-01-06T20:00:00Z
2,2026-01-07,2016-01-06,True,22,0.16599999999993997,2016-01-06T21:00:00Z
2,2026-01-07,2016-01-06,True,23,0.05900000000019645,2016-01-06T22:00:00Z
2,2026-01-08,2016-01-07,True,0,0.08999999999991815,2016-01-06T23:00:00Z
2,2026-01-08,2016-01-07,True,1,0.14000000000010004,2016-01-07T00:00:00Z
2,2026-01-08,2016-01-07,True,2,0.0649999999998272,2016-01-07T01:00:00Z
2,2026-01-08,2016-01-07,True,3,0.07000000000016371,2016-01-07T02:00:00Z
2,2026-01-08,2016-01-07,True,4,0.14999999999986358,2016-01-07T03:00:00Z
2,2026-01-08,2016-01-07,True,5,0.10599999999999454,2016-01-07T04:00:00Z
2,2026-01-08,2016-01-07,True,6,0.1790000000000873,2016-01-07T05:00:00Z
2,2026-01-08,2016-01-07,True,7,0.2849999999998545,2016-01-07T06:00:00Z
2,2026-01-08,2016-01-07,True,8,0.1349999999999909,2016-01-07T07:00:00Z
2,2026-01-08,2016-01-07,True,9,0.12000000000011823,2016-01-07T08:00:00Z
2,2026-01-08,2016-01-07,True,10,0.19499999999993634,2016-01-07T09:00:00Z
2,2026-01-08,2016-01-07,True,11,0.15599999999994907,2016-01-07T10:00:00Z
2,2026-01-08,2016-01-07,True,12,0.11400000000003274,2016-01-07T11:00:00Z
2,2026-01-08,2016-01-07,True,13,0.15499999999997272,2016-01-07T12:00:00Z
2,2026-01-08,2016-01-07,True,14,0.20100000000002183,2016-01-07T13:00:00Z
2,2026-01-08,2016-01-07,True,15,0.21000000000003638,2016-01-07T14:00:00Z
2,2026-01-08,2016-01-07,True,16,0.1690000000000964,2016-01-07T15:00:00Z
2,2026-01-08,2016-01-07,True,17,0.9500000000000455,2016-01-07T16:00:00Z
2,2026-01-08,2016-01-07,True,18,0.75,2016-01-07T17:00:00Z
2,2026-01-08,2016-01-07,True,19,0.36999999999989086,2016-01-07T18:00:00Z
2,2026-01-08,2016-01-07,True,20,0.4149999999999636,2016-01-07T19:00:00Z
2,2026-01-08,2016-01-07,True,21,0.36599999999998545,2016-01-07T20:00:00Z
2,2026-01-08,2016-01-07,True,22,0.18399999999996908,2016-01-07T21:00:00Z
2,2026-01-08,2016-01-07,True,23,0.12000000000011823,2016-01-07T22:00:00Z
2,2026-01-09,2016-01-08,True,0,0.20100000000002183,2016-01-07T23:00:00Z
2,2026-01-09,2016-01-08,True,1,0.14899999999988722,2016-01-08T00:00:00Z
2,2026-01-09,2016-01-08,True,2,0.10599999999999454,2016-01-08T01:00:00Z
2,2026-01-09,2016-01-08,True,3,0.18399999999996908,2016-01-08T02:00:00Z
2,2026-01-09,2016-01-08,True,4,0.1850000000001728,2016-01-08T03:00:00Z
2,2026-01-09,2016-01-08,True,5,0.16999999999984539,2016-01-08T04:00:00Z
2,2026-01-09,2016-01-08,True,6,0.2699999999999818,2016-01-08T05:00:00Z
2,2026-01-09,2016-01-08,True,7,0.2400000000000091,2016-01-08T06:00:00Z
2,2026-01-09,2016-01-08,True,8,0.1449999999999818,2016-01-08T07:00:00Z
2,2026-01-09,2016-01-08,True,9,0.15000000000009095,2016-01-08T08:00:00Z
2,2026-01-09,2016-01-08,True,10,0.20000000000004547,2016-01-08T09:00:00Z
2,2026-01-09,2016-01-08,True,11,0.1150000000000091,2016-01-08T10:00:00Z
2,2026-01-09,2016-01-08,True,12,0.2849999999998545,2016-01-08T11:00:00Z
2,2026-01-09,2016-01-08,True,13,0.7700000000002092,2016-01-08T12:00:00Z
2,2026-01-09,2016-01-08,True,14,1.099999999999909,2016-01-08T13:00:00Z
2,2026-01-09,2016-01-08,True,15,0.27500000000009095,2016-01-08T14:00:00Z
2,2026-01-09,2016-01-08,True,16,0.3049999999998363,2016-01-08T15:00:00Z
2,2026-01-09,2016-01-08,True,17,0.2400000000000091,2016-01-08T16:00:00Z
2,2026-01-09,2016-01-08,True,18,0.3410000000001219,2016-01-08T17:00:00Z
2,2026-01-09,2016-01-08,True,19,0.3989999999998872,2016-01-08T18:00:00Z
2,2026-01-09,2016-01-08,True,20,0.4800000000000182,2016-01-08T19:00:00Z
2,2026-01-09,2016-01-08,True,21,0.22000000000002728,2016-01-08T20:00:00Z
2,2026-01-09,2016-01-08,True,22,0.21100000000001273,2016-01-08T21:00:00Z
2,2026-01-09,2016-01-08,True,23,0.14400000000000546,2016-01-08T22:00:00Z
2,2026-01-10,2016-01-09,True,0,0.07099999999991269,2016-01-08T23:00:00Z
2,2026-01-10,2016-01-09,True,1,0.06400000000007822,2016-01-09T00:00:00Z
2,2026-01-10,2016-01-09,True,2,0.14000000000010004,2016-01-09T01:00:00Z
2,2026-01-10,2016-01-09,True,3,0.08599999999978536,2016-01-09T02:00:00Z
2,2026-01-10,2016-01-09,True,4,0.05900000000019645,2016-01-09T03:00:00Z
2,2026-01-10,2016-01-09,True,5,0.26499999999987267,2016-01-09T04:00:00Z
2,2026-01-10,2016-01-09,True,6,0.2999999999999545,2016-01-09T05:00:00Z
2,2026-01-10,2016-01-09,True,7,0.21500000000014552,2016-01-09T06:00:00Z
2,2026-01-10,2016-01-09,True,8,0.39599999999995816,2016-01-09T07:00:00Z
2,2026-01-10,2016-01-09,True,9,1.2049999999999272,2016-01-09T08:00:00Z
2,2026-01-10,2016-01-09,True,10,0.49500000000011823,2016-01-09T09:00:00Z
2,2026-01-10,2016-01-09,True,11,1.3889999999998963,2016-01-09T10:00:00Z
2,2026-01-10,2016-01-09,True,12,1.6700000000000728,2016-01-09T11:00:00Z
2,2026-01-10,2016-01-09,True,13,1.4099999999998545,2016-01-09T12:00:00Z
2,2026-01-10,2016-01-09,True,14,1.5410000000001673,2016-01-09T13:00:00Z
2,2026-01-10,2016-01-09,True,15,1.0299999999999727,2016-01-09T14:00:00Z
2,2026-01-10,2016-01-09,True,16,0.30399999999985994,2016-01-09T15:00:00Z
2,2026-01-10,2016-01-09,True,17,0.31500000000005457,2016-01-09T16:00:00Z
2,2026-01-10,2016-01-09,True,18,0.5050000000001091,2016-01-09T17:00:00Z
2,2026-01-10,2016-01-09,True,19,0.4800000000000182,2016-01-09T18:00:00Z
2,2026-01-10,2016-01-09,True,20,0.4900000000000091,2016-01-09T19:00:00Z
2,2026-01-10,2016-01-09,True,21,0.26499999999987267,2016-01-09T20:00:00Z
2,2026-01-10,2016-01-09,True,22,0.2400000000000091,2016-01-09T21:00:00Z
2,2026-01-10,2016-01-09,True,23,0.11100000000010368,2016-01-09T22:00:00Z
2,2026-01-11,2016-01-10,True,0,0.05499999999983629,2016-01-09T23:00:00Z
2,2026-01-11,2016-01-10,True,1,0.11900000000014188,2016-01-10T00:00:00Z
2,2026-01-11,2016-01-10,True,2,0.12099999999986721,2016-01-10T01:00:00Z
2,2026-01-11,2016-01-10,True,3,0.05900000000019645,2016-01-10T02:00:00Z
2,2026-01-11,2016-01-10,True,4,0.08999999999991815,2016-01-10T03:00:00Z
2,2026-01-11,2016-01-10,True,5,0.25499999999988177,2016-01-10T04:00:00Z
2,2026-01-11,2016-01-10,True,6,0.21500000000014552,2016-01-10T05:00:00Z
2,2026-01-11,2016-01-10,True,7,0.36599999999998545,2016-01-10T06:00:00Z
2,2026-01-11,2016-01-10,True,8,0.37400000000002365,2016-01-10T07:00:00Z
2,2026-01-11,2016-01-10,True,9,0.8299999999999272,2016-01-10T08:00:00Z
2,2026-01-11,2016-01-10,True,10,1.2550000000001091,2016-01-10T09:00:00Z
2,2026-01-11,2016-01-10,True,11,1.1499999999998636,2016-01-10T10:00:00Z
2,2026-01-11,2016-01-10,True,12,0.6259999999999764,2016-01-10T11:00:00Z
2,2026-01-11,2016-01-10,True,13,0.35400000000004184,2016-01-10T12:00:00Z
2,2026-01-11,2016-01-10,True,14,0.2300000000000182,2016-01-10T13:00:00Z
2,2026-01-11,2016-01-10,True,15,0.21100000000001273,2016-01-10T14:00:00Z
2,2026-01-11,2016-01-10,True,16,0.26900000000000546,2016-01-10T15:00:00Z
2,2026-01-11,2016-01-10,True,17,0.30500000000006366,2016-01-10T16:00:00Z
2,2026-01-11,2016-01-10,True,18,0.42099999999982174,2016-01-10T17:00:00Z
2,2026-01-11,2016-01-10,True,19,0.4500000000000455,2016-01-10T18:00:00Z
2,2026-01-11,2016-01-10,True,20,0.38400000000001455,2016-01-10T19:00:00Z
2,2026-01-11,2016-01-10,True,21,0.19000000000005457,2016-01-10T20:00:00Z
2,2026-01-11,2016-01-10,True,22,0.07500000000004547,2016-01-10T21:00:00Z
2,2026-01-11,2016-01-10,True,23,0.11099999999987631,2016-01-10T22:00:00Z
2,2026-01-12,2016-01-11,True,0,0.1390000000001237,2016-01-10T23:00:00Z
2,2026-01-12,2016-01-11,True,1,0.0909999999998945,2016-01-11T00:00:00Z
2,2026-01-12,2016-01-11,True,2,0.06500000000005457,2016-01-11T01:00:00Z
2,2026-01-12,2016-01-11,True,3,0.1289999999999054,2016-01-11T02:00:00Z
2,2026-01-12,2016-01-11,True,4,0.165000000000191,2016-01-11T03:00:00Z
2,2026-01-12,2016-01-11,True,5,0.19099999999980355,2016-01-11T04:00:00Z
2,2026-01-12,2016-01-11,True,6,0.2940000000000964,2016-01-11T05:00:00Z
2,2026-01-12,2016-01-11,True,7,0.26500000000010004,2016-01-11T06:00:00Z
2,2026-01-12,2016-01-11,True,8,0.125,2016-01-11T07:00:00Z
2,2026-01-12,2016-01-11,True,9,0.06599999999980355,2016-01-11T08:00:00Z
2,2026-01-12,2016-01-11,True,10,0.06400000000007822,2016-01-11T09:00:00Z
2,2026-01-12,2016-01-11,True,11,0.15599999999994907,2016-01-11T10:00:00Z
2,2026-01-12,2016-01-11,True,12,0.09900000000016007,2016-01-11T11:00:00Z
2,2026-01-12,2016-01-11,True,13,0.06999999999993634,2016-01-11T12:00:00Z
2,2026-01-12,2016-01-11,True,14,0.06099999999992178,2016-01-11T13:00:00Z
2,2026-01-12,2016-01-11,True,15,0.27500000000009095,2016-01-11T14:00:00Z
2,2026-01-12,2016-01-11,True,16,0.25,2016-01-11T15:00:00Z
2,2026-01-12,2016-01-11,True,17,0.5149999999998727,2016-01-11T16:00:00Z
2,2026-01-12,2016-01-11,True,18,1.009999999999991,2016-01-11T17:00:00Z
2,2026-01-12,2016-01-11,True,19,1.1590000000001055,2016-01-11T18:00:00Z
2,2026-01-12,2016-01-11,True,20,0.27500000000009095,2016-01-11T19:00:00Z
2,2026-01-12,2016-01-11,True,21,0.1349999999999909,2016-01-11T20:00:00Z
2,2026-01-12,2016-01-11,True,22,0.07999999999992724,2016-01-11T21:00:00Z
2,2026-01-12,2016-01-11,True,23,0.14999999999986358,2016-01-11T22:00:00Z
2,2026-01-13,2016-01-12,True,0,0.11000000000012733,2016-01-11T23:00:00Z
2,2026-01-13,2016-01-12,True,1,0.06099999999992178,2016-01-12T00:00:00Z
2,2026-01-13,2016-01-12,True,2,0.06899999999995998,2016-01-12T01:00:00Z
2,2026-01-13,2016-01-12,True,3,0.1349999999999909,2016-01-12T02:00:00Z
2,2026-01-13,2016-01-12,True,4,0.14000000000010004,2016-01-12T03:00:00Z
2,2026-01-13,2016-01-12,True,5,0.1710000000000491,2016-01-12T04:00:00Z
2,2026-01-13,2016-01-12,True,6,0.44399999999996,2016-01-12T05:00:00Z
2,2026-01-13,2016-01-12,True,7,0.3949999999999818,2016-01-12T06:00:00Z
2,2026-01-13,2016-01-12,True,8,0.1959999999999127,2016-01-12T07:00:00Z
2,2026-01-13,2016-01-12,True,9,0.12400000000002365,2016-01-12T08:00:00Z
2,2026-01-13,2016-01-12,True,10,0.12100000000009459,2016-01-12T09:00:00Z
2,2026-01-13,2016-01-12,True,11,0.19000000000005457,2016-01-12T10:00:00Z
2,2026-01-13,2016-01-12,True,12,0.19899999999984175,2016-01-12T11:00:00Z
2,2026-01-13,2016-01-12,True,13,0.11599999999998545,2016-01-12T12:00:00Z
2,2026-01-13,2016-01-12,True,14,0.08900000000016917,2016-01-12T13:00:00Z
2,2026-01-13,2016-01-12,True,15,0.32999999999992724,2016-01-12T14:00:00Z
2,2026-01-13,2016-01-12,True,16,0.3160000000000309,2016-01-12T15:00:00Z
2,2026-01-13,2016-01-12,True,17,0.27899999999999636,2016-01-12T16:00:00Z
2,2026-01-13,2016-01-12,True,18,0.7649999999998727,2016-01-12T17:00:00Z
2,2026-01-13,2016-01-12,True,19,0.5450000000000728,2016-01-12T18:00:00Z
2,2026-01-13,2016-01-12,True,20,0.3400000000001455,2016-01-12T19:00:00Z
2,2026-01-13,2016-01-12,True,21,0.24499999999989086,2016-01-12T20:00:00Z
2,2026-01-13,2016-01-12,True,22,0.20000000000004547,2016-01-12T21:00:00Z
2,2026-01-13,2016-01-12,True,23,0.13599999999996726,2016-01-12T22:00:00Z
2,2026-01-14,2016-01-13,True,0,0.11899999999991451,2016-01-12T23:00:00Z
2,2026-01-14,2016-01-13,True,1,0.20000000000004547,2016-01-13T00:00:00Z
2,2026-01-14,2016-01-13,True,2,0.16599999999993997,2016-01-13T01:00:00Z
2,2026-01-14,2016-01-13,True,3,0.12400000000002365,2016-01-13T02:00:00Z
2,2026-01-14,2016-01-13,True,4,0.19000000000005457,2016-01-13T03:00:00Z
2,2026-01-14,2016-01-13,True,5,0.2599999999999909,2016-01-13T04:00:00Z
2,2026-01-14,2016-01-13,True,6,0.39599999999995816,2016-01-13T05:00:00Z
2,2026-01-14,2016-01-13,True,7,0.15399999999999636,2016-01-13T06:00:00Z
2,2026-01-14,2016-01-13,True,8,0.22000000000002728,2016-01-13T07:00:00Z
2,2026-01-14,2016-01-13,True,9,0.1610000000000582,2016-01-13T08:00:00Z
2,2026-01-14,2016-01-13,True,10,0.1169999999999618,2016-01-13T09:00:00Z
2,2026-01-14,2016-01-13,True,11,0.17000000000007276,2016-01-13T10:00:00Z
2,2026-01-14,2016-01-13,True,12,0.2079999999998563,2016-01-13T11:00:00Z
2,2026-01-14,2016-01-13,True,13,0.11200000000008004,2016-01-13T12:00:00Z
2,2026-01-14,2016-01-13,True,14,0.1330000000000382,2016-01-13T13:00:00Z
2,2026-01-14,2016-01-13,True,15,0.2699999999999818,2016-01-13T14:00:00Z
2,2026-01-14,2016-01-13,True,16,0.28700000000003456,2016-01-13T15:00:00Z
2,2026-01-14,2016-01-13,True,17,0.8599999999999,2016-01-13T16:00:00Z
2,2026-01-14,2016-01-13,True,18,1.0320000000001528,2016-01-13T17:00:00Z
2,2026-01-14,2016-01-13,True,19,0.7199999999997999,2016-01-13T18:00:00Z
2,2026-01-14,2016-01-13,True,20,0.7400000000000091,2016-01-13T19:00:00Z
2,2026-01-14,2016-01-13,True,21,0.2599999999999909,2016-01-13T20:00:00Z
2,2026-01-14,2016-01-13,True,22,0.22800000000006548,2016-01-13T21:00:00Z
2,2026-01-14,2016-01-13,True,23,0.18000000000006366,2016-01-13T22:00:00Z
2,2026-01-15,2017-01-12,True,0,0.22000000000025466,2017-01-11T23:00:00Z
2,2026-01-15,2017-01-12,True,1,0.25,2017-01-12T00:00:00Z
2,2026-01-15,2017-01-12,True,2,0.22000000000025466,2017-01-12T01:00:00Z
2,2026-01-15,2017-01-12,True,3,0.14499999999952706,2017-01-12T02:00:00Z
2,2026-01-15,2017-01-12,True,4,0.18000000000029104,2017-01-12T03:00:00Z
2,2026-01-15,2017-01-12,True,5,0.2249999999994543,2017-01-12T04:00:00Z
2,2026-01-15,2017-01-12,True,6,0.5850000000000364,2017-01-12T05:00:00Z
2,2026-01-15,2017-01-12,True,7,0.6000000000003638,2017-01-12T06:00:00Z
2,2026-01-15,2017-01-12,True,8,0.4149999999999636,2017-01-12T07:00:00Z
2,2026-01-15,2017-01-12,True,9,0.18000000000029104,2017-01-12T08:00:00Z
2,2026-01-15,2017-01-12,True,10,0.17999999999938154,2017-01-12T09:00:00Z
2,2026-01-15,2017-01-12,True,11,0.7750000000005457,2017-01-12T10:00:00Z
2,2026-01-15,2017-01-12,True,12,0.3149999999995998,2017-01-12T11:00:00Z
2,2026-01-15,2017-01-12,True,13,0.2650000000003274,2017-01-12T12:00:00Z
2,2026-01-15,2017-01-12,True,14,1.0599999999994907,2017-01-12T13:00:00Z
2,2026-01-15,2017-01-12,True,15,0.9650000000001455,2017-01-12T14:00:00Z
2,2026-01-15,2017-01-12,True,16,0.2899999999999636,2017-01-12T15:00:00Z
2,2026-01-15,2017-01-12,True,17,0.6999999999998181,2017-01-12T16:00:00Z
2,2026-01-15,2017-01-12,True,18,0.7450000000008004,2017-01-12T17:00:00Z
2,2026-01-15,2017-01-12,True,19,0.34499999999934516,2017-01-12T18:00:00Z
2,2026-01-15,2017-01-12,True,20,0.09000000000014552,2017-01-12T19:00:00Z
2,2026-01-15,2017-01-12,True,21,0.09000000000014552,2017-01-12T20:00:00Z
2,2026-01-15,2017-01-12,True,22,0.10999999999967258,2017-01-12T21:00:00Z
2,2026-01-15,2017-01-12,True,23,0.15500000000065484,2017-01-12T22:00:00Z
2,2026-01-16,2017-01-13,True,0,0.14499999999952706,2017-01-12T23:00:00Z
2,2026-01-16,2017-01-13,True,1,0.0749999999998181,2017-01-13T00:00:00Z
2,2026-01-16,2017-01-13,True,2,0.05500000000029104,2017-01-13T01:00:00Z
2,2026-01-16,2017-01-13,True,3,0.06000000000040018,2017-01-13T02:00:00Z
2,2026-01-16,2017-01-13,True,4,0.16999999999916326,2017-01-13T03:00:00Z
2,2026-01-16,2017-01-13,True,5,0.27000000000043656,2017-01-13T04:00:00Z
2,2026-01-16,2017-01-13,True,6,0.8149999999995998,2017-01-13T05:00:00Z
2,2026-01-16,2017-01-13,True,7,0.23000000000047294,2017-01-13T06:00:00Z
2,2026-01-16,2017-01-13,True,8,0.7899999999999636,2017-01-13T07:00:00Z
2,2026-01-16,2017-01-13,True,9,0.38000000000010914,2017-01-13T08:00:00Z
2,2026-01-16,2017-01-13,True,10,1.319999999999709,2017-01-13T09:00:00Z
2,2026-01-16,2017-01-13,True,11,0.8000000000001819,2017-01-13T10:00:00Z
2,2026-01-16,2017-01-13,True,12,0.3249999999998181,2017-01-13T11:00:00Z
2,2026-01-16,2017-01-13,True,13,0.2899999999999636,2017-01-13T12:00:00Z
2,2026-01-16,2017-01-13,True,14,0.22000000000025466,2017-01-13T13:00:00Z
2,2026-01-16,2017-01-13,True,15,0.3400000000001455,2017-01-13T14:00:00Z
2,2026-01-16,2017-01-13,True,16,0.7749999999996362,2017-01-13T15:00:00Z
2,2026-01-16,2017-01-13,True,17,0.5600000000004002,2017-01-13T16:00:00Z
2,2026-01-16,2017-01-13,True,18,1.3449999999993452,2017-01-13T17:00:00Z
2,2026-01-16,2017-01-13,True,19,0.9750000000003638,2017-01-13T18:00:00Z
2,2026-01-16,2017-01-13,True,20,0.40499999999974534,2017-01-13T19:00:00Z
2,2026-01-16,2017-01-13,True,21,0.3000000000001819,2017-01-13T20:00:00Z
2,2026-01-16,2017-01-13,True,22,0.2250000000003638,2017-01-13T21:00:00Z
2,2026-01-16,2017-01-13,True,23,0.20499999999992724,2017-01-13T22:00:00Z
2,2026-01-17,2017-01-14,True,0,0.15999999999985448,2017-01-13T23:00:00Z
2,2026-01-17,2017-01-14,True,1,0.17000000000007276,2017-01-14T00:00:00Z
2,2026-01-17,2017-01-14,True,2,0.1750000000001819,2017-01-14T01:00:00Z
2,2026-01-17,2017-01-14,True,3,0.25500000000010914,2017-01-14T02:00:00Z
2,2026-01-17,2017-01-14,True,4,0.20499999999992724,2017-01-14T03:00:00Z
2,2026-01-17,2017-01-14,True,5,0.3499999999994543,2017-01-14T04:00:00Z
2,2026-01-17,2017-01-14,True,6,0.6050000000004729,2017-01-14T05:00:00Z
2,2026-01-17,2017-01-14,True,7,0.4749999999994543,2017-01-14T06:00:00Z
2,2026-01-17,2017-01-14,True,8,0.4400000000005093,2017-01-14T07:00:00Z
2,2026-01-17,2017-01-14,True,9,0.5149999999994179,2017-01-14T08:00:00Z
2,2026-01-17,2017-01-14,True,10,0.35500000000047294,2017-01-14T09:00:00Z
2,2026-01-17,2017-01-14,True,11,0.4899999999997817,2017-01-14T10:00:00Z
2,2026-01-17,2017-01-14,True,12,0.22000000000025466,2017-01-14T11:00:00Z
2,2026-01-17,2017-01-14,True,13,0.4149999999999636,2017-01-14T12:00:00Z
2,2026-01-17,2017-01-14,True,14,0.4849999999996726,2017-01-14T13:00:00Z
2,2026-01-17,2017-01-14,True,15,0.15499999999974534,2017-01-14T14:00:00Z
2,2026-01-17,2017-01-14,True,16,0.19500000000061846,2017-01-14T15:00:00Z
2,2026-01-17,2017-01-14,True,17,0.3249999999998181,2017-01-14T16:00:00Z
2,2026-01-17,2017-01-14,True,18,0.7150000000001455,2017-01-14T17:00:00Z
2,2026-01-17,2017-01-14,True,19,1.2200000000002547,2017-01-14T18:00:00Z
2,2026-01-17,2017-01-14,True,20,1.144999999999527,2017-01-14T19:00:00Z
2,2026-01-17,2017-01-14,True,21,0.27999999999974534,2017-01-14T20:00:00Z
2,2026-01-17,2017-01-14,True,22,0.27000000000043656,2017-01-14T21:00:00Z
2,2026-01-17,2017-01-14,True,23,0.2650000000003274,2017-01-14T22:00:00Z
2,2026-01-18,2017-01-15,True,0,0.25499999999919964,2017-01-14T23:00:00Z
2,2026-01-18,2017-01-15,True,1,0.18000000000029104,2017-01-15T00:00:00Z
2,2026-01-18,2017-01-15,True,2,0.16499999999996362,2017-01-15T01:00:00Z
2,2026-01-18,2017-01-15,True,3,0.17000000000007276,2017-01-15T02:00:00Z
2,2026-01-18,2017-01-15,True,4,0.27999999999974534,2017-01-15T03:00:00Z
2,2026-01-18,2017-01-15,True,5,0.2849999999998545,2017-01-15T04:00:00Z
2,2026-01-18,2017-01-15,True,6,0.37000000000080036,2017-01-15T05:00:00Z
2,2026-01-18,2017-01-15,True,7,0.5499999999992724,2017-01-15T06:00:00Z
2,2026-01-18,2017-01-15,True,8,0.40500000000065484,2017-01-15T07:00:00Z
2,2026-01-18,2017-01-15,True,9,0.25500000000010914,2017-01-15T08:00:00Z
2,2026-01-18,2017-01-15,True,10,0.4099999999998545,2017-01-15T09:00:00Z
2,2026-01-18,2017-01-15,True,11,1.2399999999997817,2017-01-15T10:00:00Z
2,2026-01-18,2017-01-15,True,12,0.9200000000000728,2017-01-15T11:00:00Z
2,2026-01-18,2017-01-15,True,13,1.769999999999527,2017-01-15T12:00:00Z
2,2026-01-18,2017-01-15,True,14,0.410000000000764,2017-01-15T13:00:00Z
2,2026-01-18,2017-01-15,True,15,0.18999999999959982,2017-01-15T14:00:00Z
2,2026-01-18,2017-01-15,True,16,0.44499999999970896,2017-01-15T15:00:00Z
2,2026-01-18,2017-01-15,True,17,1.0200000000004366,2017-01-15T16:00:00Z
2,2026-01-18,2017-01-15,True,18,0.5249999999996362,2017-01-15T17:00:00Z
2,2026-01-18,2017-01-15,True,19,1.8299999999999272,2017-01-15T18:00:00Z
2,2026-01-18,2017-01-15,True,20,0.7600000000002183,2017-01-15T19:00:00Z
2,2026-01-18,2017-01-15,True,21,0.32999999999992724,2017-01-15T20:00:00Z
2,2026-01-18,2017-01-15,True,22,0.30500000000029104,2017-01-15T21:00:00Z
2,2026-01-18,2017-01-15,True,23,0.27999999999974534,2017-01-15T22:00:00Z
2,2026-01-19,2017-01-16,True,0,0.22000000000025466,2017-01-15T23:00:00Z
2,2026-01-19,2017-01-16,True,1,0.18499999999949068,2017-01-16T00:00:00Z
2,2026-01-19,2017-01-16,True,2,0.19500000000061846,2017-01-16T01:00:00Z
2,2026-01-19,2017-01-16,True,3,0.2649999999994179,2017-01-16T02:00:00Z
2,2026-01-19,2017-01-16,True,4,0.29500000000007276,2017-01-16T03:00:00Z
2,2026-01-19,2017-01-16,True,5,0.2849999999998545,2017-01-16T04:00:00Z
2,2026-01-19,2017-01-16,True,6,0.7400000000006912,2017-01-16T05:00:00Z
2,2026-01-19,2017-01-16,True,7,0.40499999999974534,2017-01-16T06:00:00Z
2,2026-01-19,2017-01-16,True,8,1.0850000000000364,2017-01-16T07:00:00Z
2,2026-01-19,2017-01-16,True,9,0.49499999999989086,2017-01-16T08:00:00Z
2,2026-01-19,2017-01-16,True,10,0.4099999999998545,2017-01-16T09:00:00Z
2,2026-01-19,2017-01-16,True,11,0.25500000000010914,2017-01-16T10:00:00Z
2,2026-01-19,2017-01-16,True,12,0.27000000000043656,2017-01-16T11:00:00Z
2,2026-01-19,2017-01-16,True,13,0.15499999999974534,2017-01-16T12:00:00Z
2,2026-01-19,2017-01-16,True,14,0.23499999999967258,2017-01-16T13:00:00Z
2,2026-01-19,2017-01-16,True,15,0.5850000000000364,2017-01-16T14:00:00Z
2,2026-01-19,2017-01-16,True,16,0.25,2017-01-16T15:00:00Z
2,2026-01-19,2017-01-16,True,17,1.5900000000001455,2017-01-16T16:00:00Z
2,2026-01-19,2017-01-16,True,18,0.7399999999997817,2017-01-16T17:00:00Z
2,2026-01-19,2017-01-16,True,19,0.2750000000005457,2017-01-16T18:00:00Z
2,2026-01-19,2017-01-16,True,20,0.25500000000010914,2017-01-16T19:00:00Z
2,2026-01-19,2017-01-16,True,21,0.32999999999992724,2017-01-16T20:00:00Z
2,2026-01-19,2017-01-16,True,22,0.3599999999996726,2017-01-16T21:00:00Z
2,2026-01-19,2017-01-16,True,23,0.24499999999989086,2017-01-16T22:00:00Z
2,2026-01-20,2017-01-17,True,0,0.17000000000007276,2017-01-16T23:00:00Z
2,2026-01-20,2017-01-17,True,1,0.19499999999970896,2017-01-17T00:00:00Z
2,2026-01-20,2017-01-17,True,2,0.21500000000014552,2017-01-17T01:00:00Z
2,2026-01-20,2017-01-17,True,3,0.2650000000003274,2017-01-17T02:00:00Z
2,2026-01-20,2017-01-17,True,4,0.3099999999994907,2017-01-17T03:00:00Z
2,2026-01-20,2017-01-17,True,5,0.5799999999999272,2017-01-17T04:00:00Z
2,2026-01-20,2017-01-17,True,6,0.625,2017-01-17T05:00:00Z
2,2026-01-20,2017-01-17,True,7,0.4350000000004002,2017-01-17T06:00:00Z
2,2026-01-20,2017-01-17,True,8,0.3350000000000364,2017-01-17T07:00:00Z
2,2026-01-20,2017-01-17,True,9,0.21000000000003638,2017-01-17T08:00:00Z
2,2026-01-20,2017-01-17,True,10,0.2650000000003274,2017-01-17T09:00:00Z
2,2026-01-20,2017-01-17,True,11,0.4149999999999636,2017-01-17T10:00:00Z
2,2026-01-20,2017-01-17,True,12,0.9799999999995634,2017-01-17T11:00:00Z
2,2026-01-20,2017-01-17,True,13,0.8599999999996726,2017-01-17T12:00:00Z
2,2026-01-20,2017-01-17,True,14,0.4900000000006912,2017-01-17T13:00:00Z
2,2026-01-20,2017-01-17,True,15,0.44499999999970896,2017-01-17T14:00:00Z
2,2026-01-20,2017-01-17,True,16,0.35500000000047294,2017-01-17T15:00:00Z
2,2026-01-20,2017-01-17,True,17,0.3999999999996362,2017-01-17T16:00:00Z
2,2026-01-20,2017-01-17,True,18,1.0850000000000364,2017-01-17T17:00:00Z
2,2026-01-20,2017-01-17,True,19,0.42000000000007276,2017-01-17T18:00:00Z
2,2026-01-20,2017-01-17,True,20,0.32999999999992724,2017-01-17T19:00:00Z
2,2026-01-20,2017-01-17,True,21,0.27999999999974534,2017-01-17T20:00:00Z
2,2026-01-20,2017-01-17,True,22,0.27000000000043656,2017-01-17T21:00:00Z
2,2026-01-20,2017-01-17,True,23,0.24499999999989086,2017-01-17T22:00:00Z
2,2026-01-21,2017-01-18,True,0,0.22000000000025466,2017-01-17T23:00:00Z
2,2026-01-21,2017-01-18,True,1,0.14499999999952706,2017-01-18T00:00:00Z
2,2026-01-21,2017-01-18,True,2,0.13500000000021828,2017-01-18T01:00:00Z
2,2026-01-21,2017-01-18,True,3,0.13000000000010914,2017-01-18T02:00:00Z
2,2026-01-21,2017-01-18,True,4,0.2649999999994179,2017-01-18T03:00:00Z
2,2026-01-21,2017-01-18,True,5,0.23500000000058208,2017-01-18T04:00:00Z
2,2026-01-21,2017-01-18,True,6,0.4650000000001455,2017-01-18T05:00:00Z
2,2026-01-21,2017-01-18,True,7,0.7599999999993088,2017-01-18T06:00:00Z
2,2026-01-21,2017-01-18,True,8,0.29500000000007276,2017-01-18T07:00:00Z
2,2026-01-21,2017-01-18,True,9,1.0900000000001455,2017-01-18T08:00:00Z
2,2026-01-21,2017-01-18,True,10,0.9200000000000728,2017-01-18T09:00:00Z
2,2026-01-21,2017-01-18,True,11,0.4750000000003638,2017-01-18T10:00:00Z
2,2026-01-21,2017-01-18,True,12,0.26999999999952706,2017-01-18T11:00:00Z
2,2026-01-21,2017-01-18,True,13,0.21000000000003638,2017-01-18T12:00:00Z
2,2026-01-21,2017-01-18,True,14,0.25,2017-01-18T13:00:00Z
2,2026-01-21,2017-01-18,True,15,0.9250000000001819,2017-01-18T14:00:00Z
2,2026-01-21,2017-01-18,True,16,1.3299999999999272,2017-01-18T15:00:00Z
2,2026-01-21,2017-01-18,True,17,0.5950000000002547,2017-01-18T16:00:00Z
2,2026-01-21,2017-01-18,True,18,0.6300000000001091,2017-01-18T17:00:00Z
2,2026-01-21,2017-01-18,True,19,0.6299999999991996,2017-01-18T18:00:00Z
2,2026-01-21,2017-01-18,True,20,0.30500000000029104,2017-01-18T19:00:00Z
2,2026-01-21,2017-01-18,True,21,0.5500000000001819,2017-01-18T20:00:00Z
2,2026-01-21,2017-01-18,True,22,0.2600000000002183,2017-01-18T21:00:00Z
2,2026-01-21,2017-01-18,True,23,0.22999999999956344,2017-01-18T22:00:00Z
2,2026-01-22,2017-01-19,True,0,0.17000000000007276,2017-01-18T23:00:00Z
2,2026-01-22,2017-01-19,True,1,0.15999999999985448,2017-01-19T00:00:00Z
2,2026-01-22,2017-01-19,True,2,0.21500000000014552,2017-01-19T01:00:00Z
2,2026-01-22,2017-01-19,True,3,0.23999999999978172,2017-01-19T02:00:00Z
2,2026-01-22,2017-01-19,True,4,0.2750000000005457,2017-01-19T03:00:00Z
2,2026-01-22,2017-01-19,True,5,0.19499999999970896,2017-01-19T04:00:00Z
2,2026-01-22,2017-01-19,True,6,0.3649999999997817,2017-01-19T05:00:00Z
2,2026-01-22,2017-01-19,True,7,0.8400000000001455,2017-01-19T06:00:00Z
2,2026-01-22,2017-01-19,True,8,0.4849999999996726,2017-01-19T07:00:00Z
2,2026-01-22,2017-01-19,True,9,0.4500000000007276,2017-01-19T08:00:00Z
2,2026-01-22,2017-01-19,True,10,0.3599999999996726,2017-01-19T09:00:00Z
2,2026-01-22,2017-01-19,True,11,1.1350000000002183,2017-01-19T10:00:00Z
2,2026-01-22,2017-01-19,True,12,1.2399999999997817,2017-01-19T11:00:00Z
2,2026-01-22,2017-01-19,True,13,0.6350000000002183,2017-01-19T12:00:00Z
2,2026-01-22,2017-01-19,True,14,0.3249999999998181,2017-01-19T13:00:00Z
2,2026-01-22,2017-01-19,True,15,0.2849999999998545,2017-01-19T14:00:00Z
2,2026-01-22,2017-01-19,True,16,0.75,2017-01-19T15:00:00Z
2,2026-01-22,2017-01-19,True,17,0.7300000000004729,2017-01-19T16:00:00Z
2,2026-01-22,2017-01-19,True,18,0.47999999999956344,2017-01-19T17:00:00Z
2,2026-01-22,2017-01-19,True,19,0.7650000000003274,2017-01-19T18:00:00Z
2,2026-01-22,2017-01-19,True,20,1.5900000000001455,2017-01-19T19:00:00Z
2,2026-01-22,2017-01-19,True,21,0.6349999999993088,2017-01-19T20:00:00Z
2,2026-01-22,2017-01-19,True,22,0.19500000000061846,2017-01-19T21:00:00Z
2,2026-01-22,2017-01-19,True,23,0.25500000000010914,2017-01-19T22:00:00Z
2,2026-01-23,2017-01-20,True,0,0.26999999999952706,2017-01-19T23:00:00Z
2,2026-01-23,2017-01-20,True,1,0.23999999999978172,2017-01-20T00:00:00Z
2,2026-01-23,2017-01-20,True,2,0.1999999999998181,2017-01-20T01:00:00Z
2,2026-01-23,2017-01-20,True,3,0.15500000000065484,2017-01-20T02:00:00Z
2,2026-01-23,2017-01-20,True,4,0.15499999999974534,2017-01-20T03:00:00Z
2,2026-01-23,2017-01-20,True,5,0.25500000000010914,2017-01-20T04:00:00Z
2,2026-01-23,2017-01-20,True,6,0.3350000000000364,2017-01-20T05:00:00Z
2,2026-01-23,2017-01-20,True,7,0.7749999999996362,2017-01-20T06:00:00Z
2,2026-01-23,2017-01-20,True,8,0.29500000000007276,2017-01-20T07:00:00Z
2,2026-01-23,2017-01-20,True,9,0.1500000000005457,2017-01-20T08:00:00Z
2,2026-01-23,2017-01-20,True,10,0.4099999999998545,2017-01-20T09:00:00Z
2,2026-01-23,2017-01-20,True,11,0.30499999999938154,2017-01-20T10:00:00Z
2,2026-01-23,2017-01-20,True,12,1.0300000000006548,2017-01-20T11:00:00Z
2,2026-01-23,2017-01-20,True,13,0.5599999999994907,2017-01-20T12:00:00Z
2,2026-01-23,2017-01-20,True,14,0.2250000000003638,2017-01-20T13:00:00Z
2,2026-01-23,2017-01-20,True,15,0.9549999999999272,2017-01-20T14:00:00Z
2,2026-01-23,2017-01-20,True,16,0.7699999999995271,2017-01-20T15:00:00Z
2,2026-01-23,2017-01-20,True,17,0.5200000000004366,2017-01-20T16:00:00Z
2,2026-01-23,2017-01-20,True,18,0.875,2017-01-20T17:00:00Z
2,2026-01-23,2017-01-20,True,19,0.5249999999996362,2017-01-20T18:00:00Z
2,2026-01-23,2017-01-20,True,20,0.9149999999999636,2017-01-20T19:00:00Z
2,2026-01-23,2017-01-20,True,21,1.0050000000001091,2017-01-20T20:00:00Z
2,2026-01-23,2017-01-20,True,22,0.28000000000065484,2017-01-20T21:00:00Z
2,2026-01-23,2017-01-20,True,23,0.23999999999978172,2017-01-20T22:00:00Z
2,2026-01-24,2017-01-21,True,0,0.21000000000003638,2017-01-20T23:00:00Z
2,2026-01-24,2017-01-21,True,1,0.21500000000014552,2017-01-21T00:00:00Z
2,2026-01-24,2017-01-21,True,2,0.20499999999992724,2017-01-21T01:00:00Z
2,2026-01-24,2017-01-21,True,3,0.2749999999996362,2017-01-21T02:00:00Z
2,2026-01-24,2017-01-21,True,4,0.29500000000007276,2017-01-21T03:00:00Z
2,2026-01-24,2017-01-21,True,5,0.32999999999992724,2017-01-21T04:00:00Z
2,2026-01-24,2017-01-21,True,6,0.2250000000003638,2017-01-21T05:00:00Z
2,2026-01-24,2017-01-21,True,7,0.6349999999993088,2017-01-21T06:00:00Z
2,2026-01-24,2017-01-21,True,8,0.5600000000004002,2017-01-21T07:00:00Z
2,2026-01-24,2017-01-21,True,9,1.7700000000004366,2017-01-21T08:00:00Z
2,2026-01-24,2017-01-21,True,10,0.7699999999995271,2017-01-21T09:00:00Z
2,2026-01-24,2017-01-21,True,11,1.7150000000001455,2017-01-21T10:00:00Z
2,2026-01-24,2017-01-21,True,12,0.19499999999970896,2017-01-21T11:00:00Z
2,2026-01-24,2017-01-21,True,13,0.3850000000002183,2017-01-21T12:00:00Z
2,2026-01-24,2017-01-21,True,14,0.35499999999956344,2017-01-21T13:00:00Z
2,2026-01-24,2017-01-21,True,15,0.2750000000005457,2017-01-21T14:00:00Z
2,2026-01-24,2017-01-21,True,16,0.25,2017-01-21T15:00:00Z
2,2026-01-24,2017-01-21,True,17,0.3350000000000364,2017-01-21T16:00:00Z
2,2026-01-24,2017-01-21,True,18,0.8899999999994179,2017-01-21T17:00:00Z
2,2026-01-24,2017-01-21,True,19,0.4400000000005093,2017-01-21T18:00:00Z
2,2026-01-24,2017-01-21,True,20,0.7449999999998909,2017-01-21T19:00:00Z
2,2026-01-24,2017-01-21,True,21,1.069999999999709,2017-01-21T20:00:00Z
2,2026-01-24,2017-01-21,True,22,0.3600000000005821,2017-01-21T21:00:00Z
2,2026-01-24,2017-01-21,True,23,0.25500000000010914,2017-01-21T22:00:00Z
2,2026-01-25,2017-01-22,True,0,0.18999999999959982,2017-01-21T23:00:00Z
2,2026-01-25,2017-01-22,True,1,0.17000000000007276,2017-01-22T00:00:00Z
2,2026-01-25,2017-01-22,True,2,0.18000000000029104,2017-01-22T01:00:00Z
2,2026-01-25,2017-01-22,True,3,0.25,2017-01-22T02:00:00Z
2,2026-01-25,2017-01-22,True,4,0.29500000000007276,2017-01-22T03:00:00Z
2,2026-01-25,2017-01-22,True,5,0.26999999999952706,2017-01-22T04:00:00Z
2,2026-01-25,2017-01-22,True,6,0.22000000000025466,2017-01-22T05:00:00Z
2,2026-01-25,2017-01-22,True,7,0.8000000000001819,2017-01-22T06:00:00Z
2,2026-01-25,2017-01-22,True,8,0.36999999999989086,2017-01-22T07:00:00Z
2,2026-01-25,2017-01-22,True,9,1.6149999999997817,2017-01-22T08:00:00Z
2,2026-01-25,2017-01-22,True,10,0.7200000000002547,2017-01-22T09:00:00Z
2,2026-01-25,2017-01-22,True,11,1.0549999999993815,2017-01-22T10:00:00Z
2,2026-01-25,2017-01-22,True,12,0.34500000000025466,2017-01-22T11:00:00Z
2,2026-01-25,2017-01-22,True,13,0.44499999999970896,2017-01-22T12:00:00Z
2,2026-01-25,2017-01-22,True,14,0.49500000000080036,2017-01-22T13:00:00Z
2,2026-01-25,2017-01-22,True,15,0.5399999999999636,2017-01-22T14:00:00Z
2,2026-01-25,2017-01-22,True,16,0.9749999999994543,2017-01-22T15:00:00Z
2,2026-01-25,2017-01-22,True,17,0.30500000000029104,2017-01-22T16:00:00Z
2,2026-01-25,2017-01-22,True,18,1.3350000000000364,2017-01-22T17:00:00Z
2,2026-01-25,2017-01-22,True,19,1.0100000000002183,2017-01-22T18:00:00Z
2,2026-01-25,2017-01-22,True,20,0.375,2017-01-22T19:00:00Z
2,2026-01-25,2017-01-22,True,21,0.25499999999919964,2017-01-22T20:00:00Z
2,2026-01-25,2017-01-22,True,22,0.1750000000001819,2017-01-22T21:00:00Z
2,2026-01-25,2017-01-22,True,23,0.27000000000043656,2017-01-22T22:00:00Z
2,2026-01-26,2017-01-23,True,0,0.23999999999978172,2017-01-22T23:00:00Z
2,2026-01-26,2017-01-23,True,1,0.23999999999978172,2017-01-23T00:00:00Z
2,2026-01-26,2017-01-23,True,2,0.20499999999992724,2017-01-23T01:00:00Z
2,2026-01-26,2017-01-23,True,3,0.15500000000065484,2017-01-23T02:00:00Z
2,2026-01-26,2017-01-23,True,4,0.18499999999949068,2017-01-23T03:00:00Z
2,2026-01-26,2017-01-23,True,5,0.21000000000003638,2017-01-23T04:00:00Z
2,2026-01-26,2017-01-23,True,6,0.5950000000002547,2017-01-23T05:00:00Z
2,2026-01-26,2017-01-23,True,7,0.7100000000000364,2017-01-23T06:00:00Z
2,2026-01-26,2017-01-23,True,8,0.36999999999989086,2017-01-23T07:00:00Z
2,2026-01-26,2017-01-23,True,9,0.36999999999989086,2017-01-23T08:00:00Z
2,2026-01-26,2017-01-23,True,10,0.16499999999996362,2017-01-23T09:00:00Z
2,2026-01-26,2017-01-23,True,11,0.25,2017-01-23T10:00:00Z
2,2026-01-26,2017-01-23,True,12,0.36999999999989086,2017-01-23T11:00:00Z
2,2026-01-26,2017-01-23,True,13,0.43000000000029104,2017-01-23T12:00:00Z
2,2026-01-26,2017-01-23,True,14,0.2249999999994543,2017-01-23T13:00:00Z
2,2026-01-26,2017-01-23,True,15,0.30500000000029104,2017-01-23T14:00:00Z
2,2026-01-26,2017-01-23,True,16,0.2899999999999636,2017-01-23T15:00:00Z
2,2026-01-26,2017-01-23,True,17,0.6999999999998181,2017-01-23T16:00:00Z
2,2026-01-26,2017-01-23,True,18,0.9700000000002547,2017-01-23T17:00:00Z
2,2026-01-26,2017-01-23,True,19,1.3450000000002547,2017-01-23T18:00:00Z
2,2026-01-26,2017-01-23,True,20,0.8850000000002183,2017-01-23T19:00:00Z
2,2026-01-26,2017-01-23,True,21,0.27999999999974534,2017-01-23T20:00:00Z
2,2026-01-26,2017-01-23,True,22,0.2600000000002183,2017-01-23T21:00:00Z
2,2026-01-26,2017-01-23,True,23,0.2599999999993088,2017-01-23T22:00:00Z
2,2026-01-27,2017-01-24,True,0,0.23500000000058208,2017-01-23T23:00:00Z
2,2026-01-27,2017-01-24,True,1,0.17000000000007276,2017-01-24T00:00:00Z
2,2026-01-27,2017-01-24,True,2,0.14499999999952706,2017-01-24T01:00:00Z
2,2026-01-27,2017-01-24,True,3,0.17000000000007276,2017-01-24T02:00:00Z
2,2026-01-27,2017-01-24,True,4,0.23000000000047294,2017-01-24T03:00:00Z
2,2026-01-27,2017-01-24,True,5,0.25,2017-01-24T04:00:00Z
2,2026-01-27,2017-01-24,True,6,0.9149999999999636,2017-01-24T05:00:00Z
2,2026-01-27,2017-01-24,True,7,0.6149999999997817,2017-01-24T06:00:00Z
2,2026-01-27,2017-01-24,True,8,0.24499999999989086,2017-01-24T07:00:00Z
2,2026-01-27,2017-01-24,True,9,0.24499999999989086,2017-01-24T08:00:00Z
2,2026-01-27,2017-01-24,True,10,0.3000000000001819,2017-01-24T09:00:00Z
2,2026-01-27,2017-01-24,True,11,0.875,2017-01-24T10:00:00Z
2,2026-01-27,2017-01-24,True,12,0.2749999999996362,2017-01-24T11:00:00Z
2,2026-01-27,2017-01-24,True,13,0.4250000000001819,2017-01-24T12:00:00Z
2,2026-01-27,2017-01-24,True,14,0.3649999999997817,2017-01-24T13:00:00Z
2,2026-01-27,2017-01-24,True,15,0.5050000000001091,2017-01-24T14:00:00Z
2,2026-01-27,2017-01-24,True,16,1.7600000000002183,2017-01-24T15:00:00Z
2,2026-01-27,2017-01-24,True,17,0.4149999999999636,2017-01-24T16:00:00Z
2,2026-01-27,2017-01-24,True,18,0.8500000000003638,2017-01-24T17:00:00Z
2,2026-01-27,2017-01-24,True,19,0.3649999999997817,2017-01-24T18:00:00Z
2,2026-01-27,2017-01-24,True,20,0.3249999999998181,2017-01-24T19:00:00Z
2,2026-01-27,2017-01-24,True,21,0.40499999999974534,2017-01-24T20:00:00Z
2,2026-01-27,2017-01-24,True,22,0.27000000000043656,2017-01-24T21:00:00Z
2,2026-01-27,2017-01-24,True,23,0.25,2017-01-24T22:00:00Z
2,2026-01-28,2017-01-25,True,0,0.21000000000003638,2017-01-24T23:00:00Z
2,2026-01-28,2017-01-25,True,1,0.1750000000001819,2017-01-25T00:00:00Z
2,2026-01-28,2017-01-25,True,2,0.16499999999996362,2017-01-25T01:00:00Z
2,2026-01-28,2017-01-25,True,3,0.17999999999938154,2017-01-25T02:00:00Z
2,2026-01-28,2017-01-25,True,4,0.285000000000764,2017-01-25T03:00:00Z
2,2026-01-28,2017-01-25,True,5,0.2599999999993088,2017-01-25T04:00:00Z
2,2026-01-28,2017-01-25,True,6,0.5050000000001091,2017-01-25T05:00:00Z
2,2026-01-28,2017-01-25,True,7,0.5150000000003274,2017-01-25T06:00:00Z
2,2026-01-28,2017-01-25,True,8,0.6350000000002183,2017-01-25T07:00:00Z
2,2026-01-28,2017-01-25,True,9,0.1999999999998181,2017-01-25T08:00:00Z
2,2026-01-28,2017-01-25,True,10,0.34499999999934516,2017-01-25T09:00:00Z
2,2026-01-28,2017-01-25,True,11,0.5800000000008367,2017-01-25T10:00:00Z
2,2026-01-28,2017-01-25,True,12,0.5399999999999636,2017-01-25T11:00:00Z
2,2026-01-28,2017-01-25,True,13,0.3649999999997817,2017-01-25T12:00:00Z
2,2026-01-28,2017-01-25,True,14,1.139999999999418,2017-01-25T13:00:00Z
2,2026-01-28,2017-01-25,True,15,1.2000000000007276,2017-01-25T14:00:00Z
2,2026-01-28,2017-01-25,True,16,0.7100000000000364,2017-01-25T15:00:00Z
2,2026-01-28,2017-01-25,True,17,0.4499999999998181,2017-01-25T16:00:00Z
2,2026-01-28,2017-01-25,True,18,0.9049999999997453,2017-01-25T17:00:00Z
2,2026-01-28,2017-01-25,True,19,0.5,2017-01-25T18:00:00Z
2,2026-01-28,2017-01-25,True,20,0.3649999999997817,2017-01-25T19:00:00Z
2,2026-01-28,2017-01-25,True,21,0.39500000000043656,2017-01-25T20:00:00Z
2,2026-01-28,2017-01-25,True,22,0.30500000000029104,2017-01-25T21:00:00Z
2,2026-01-28,2017-01-25,True,23,0.22999999999956344,2017-01-25T22:00:00Z
2,2026-01-29,2017-01-26,True,0,0.17000000000007276,2017-01-25T23:00:00Z
2,2026-01-29,2017-01-26,True,1,0.17000000000007276,2017-01-26T00:00:00Z
2,2026-01-29,2017-01-26,True,2,0.2749999999996362,2017-01-26T01:00:00Z
2,2026-01-29,2017-01-26,True,3,0.25500000000010914,2017-01-26T02:00:00Z
2,2026-01-29,2017-01-26,True,4,0.2650000000003274,2017-01-26T03:00:00Z
2,2026-01-29,2017-01-26,True,5,0.19499999999970896,2017-01-26T04:00:00Z
2,2026-01-29,2017-01-26,True,6,0.625,2017-01-26T05:00:00Z
2,2026-01-29,2017-01-26,True,7,0.5950000000002547,2017-01-26T06:00:00Z
2,2026-01-29,2017-01-26,True,8,0.22000000000025466,2017-01-26T07:00:00Z
2,2026-01-29,2017-01-26,True,9,0.3350000000000364,2017-01-26T08:00:00Z
2,2026-01-29,2017-01-26,True,10,0.6349999999993088,2017-01-26T09:00:00Z
2,2026-01-29,2017-01-26,True,11,0.4650000000001455,2017-01-26T10:00:00Z
2,2026-01-29,2017-01-26,True,12,0.39500000000043656,2017-01-26T11:00:00Z
2,2026-01-29,2017-01-26,True,13,1.0450000000000728,2017-01-26T12:00:00Z
2,2026-01-29,2017-01-26,True,14,0.37999999999919964,2017-01-26T13:00:00Z
2,2026-01-29,2017-01-26,True,15,0.7100000000000364,2017-01-26T14:00:00Z
2,2026-01-29,2017-01-26,True,16,1.535000000000764,2017-01-26T15:00:00Z
2,2026-01-29,2017-01-26,True,17,1.824999999999818,2017-01-26T16:00:00Z
2,2026-01-29,2017-01-26,True,18,0.875,2017-01-26T17:00:00Z
2,2026-01-29,2017-01-26,True,19,0.4349999999994907,2017-01-26T18:00:00Z
2,2026-01-29,2017-01-26,True,20,0.3600000000005821,2017-01-26T19:00:00Z
2,2026-01-29,2017-01-26,True,21,0.36999999999989086,2017-01-26T20:00:00Z
2,2026-01-29,2017-01-26,True,22,0.18499999999949068,2017-01-26T21:00:00Z
2,2026-01-29,2017-01-26,True,23,0.18000000000029104,2017-01-26T22:00:00Z
2,2026-01-30,2017-01-27,True,0,0.17000000000007276,2017-01-26T23:00:00Z
2,2026-01-30,2017-01-27,True,1,0.22000000000025466,2017-01-27T00:00:00Z
2,2026-01-30,2017-01-27,True,2,0.23999999999978172,2017-01-27T01:00:00Z
2,2026-01-30,2017-01-27,True,3,0.23999999999978172,2017-01-27T02:00:00Z
2,2026-01-30,2017-01-27,True,4,0.23500000000058208,2017-01-27T03:00:00Z
2,2026-01-30,2017-01-27,True,5,0.18999999999959982,2017-01-27T04:00:00Z
2,2026-01-30,2017-01-27,True,6,0.6599999999998545,2017-01-27T05:00:00Z
2,2026-01-30,2017-01-27,True,7,0.2650000000003274,2017-01-27T06:00:00Z
2,2026-01-30,2017-01-27,True,8,0.21500000000014552,2017-01-27T07:00:00Z
2,2026-01-30,2017-01-27,True,9,0.4499999999998181,2017-01-27T08:00:00Z
2,2026-01-30,2017-01-27,True,10,0.34500000000025466,2017-01-27T09:00:00Z
2,2026-01-30,2017-01-27,True,11,1.9349999999994907,2017-01-27T10:00:00Z
2,2026-01-30,2017-01-27,True,12,0.4149999999999636,2017-01-27T11:00:00Z
2,2026-01-30,2017-01-27,True,13,0.15499999999974534,2017-01-27T12:00:00Z
2,2026-01-30,2017-01-27,True,14,0.1750000000001819,2017-01-27T13:00:00Z
2,2026-01-30,2017-01-27,True,15,0.5799999999999272,2017-01-27T14:00:00Z
2,2026-01-30,2017-01-27,True,16,0.5450000000000728,2017-01-27T15:00:00Z
2,2026-01-30,2017-01-27,True,17,0.5200000000004366,2017-01-27T16:00:00Z
2,2026-01-30,2017-01-27,True,18,0.7649999999994179,2017-01-27T17:00:00Z
2,2026-01-30,2017-01-27,True,19,0.3600000000005821,2017-01-27T18:00:00Z
2,2026-01-30,2017-01-27,True,20,1.069999999999709,2017-01-27T19:00:00Z
2,2026-01-30,2017-01-27,True,21,1.069999999999709,2017-01-27T20:00:00Z
2,2026-01-30,2017-01-27,True,22,0.28000000000065484,2017-01-27T21:00:00Z
2,2026-01-30,2017-01-27,True,23,0.3350000000000364,2017-01-27T22:00:00Z
2,2026-01-31,2017-01-28,True,0,0.24499999999989086,2017-01-27T23:00:00Z
2,2026-01-31,2017-01-28,True,1,0.21000000000003638,2017-01-28T00:00:00Z
2,2026-01-31,2017-01-28,True,2,0.15999999999985448,2017-01-28T01:00:00Z
2,2026-01-31,2017-01-28,True,3,0.1499999999996362,2017-01-28T02:00:00Z
2,2026-01-31,2017-01-28,True,4,0.15999999999985448,2017-01-28T03:00:00Z
2,2026-01-31,2017-01-28,True,5,0.28000000000065484,2017-01-28T04:00:00Z
2,2026-01-31,2017-01-28,True,6,0.25,2017-01-28T05:00:00Z
2,2026-01-31,2017-01-28,True,7,0.7999999999992724,2017-01-28T06:00:00Z
2,2026-01-31,2017-01-28,True,8,0.625,2017-01-28T07:00:00Z
2,2026-01-31,2017-01-28,True,9,0.27000000000043656,2017-01-28T08:00:00Z
2,2026-01-31,2017-01-28,True,10,0.8649999999997817,2017-01-28T09:00:00Z
2,2026-01-31,2017-01-28,True,11,1.6850000000004002,2017-01-28T10:00:00Z
2,2026-01-31,2017-01-28,True,12,0.3850000000002183,2017-01-28T11:00:00Z
2,2026-01-31,2017-01-28,True,13,0.2249999999994543,2017-01-28T12:00:00Z
2,2026-01-31,2017-01-28,True,14,0.49499999999989086,2017-01-28T13:00:00Z
2,2026-01-31,2017-01-28,True,15,0.3000000000001819,2017-01-28T14:00:00Z
2,2026-01-31,2017-01-28,True,16,0.19000000000050932,2017-01-28T15:00:00Z
2,2026-01-31,2017-01-28,True,17,0.5449999999991633,2017-01-28T16:00:00Z
2,2026-01-31,2017-01-28,True,18,0.9700000000002547,2017-01-28T17:00:00Z
2,2026-01-31,2017-01-28,True,19,0.5600000000004002,2017-01-28T18:00:00Z
2,2026-01-31,2017-01-28,True,20,0.3849999999993088,2017-01-28T19:00:00Z
2,2026-01-31,2017-01-28,True,21,0.2600000000002183,2017-01-28T20:00:00Z
2,2026-01-31,2017-01-28,True,22,0.27000000000043656,2017-01-28T21:00:00Z
2,2026-01-31,2017-01-28,True,23,0.18499999999949068,2017-01-28T22:00:00Z
2,2026-04-01,2016-04-13,True,0,0.13999999999987267,2016-04-12T22:00:00Z
2,2026-04-01,2016-04-13,True,1,0.13500000000021828,2016-04-12T23:00:00Z
2,2026-04-01,2016-04-13,True,2,0.11499999999978172,2016-04-13T00:00:00Z
2,2026-04-01,2016-04-13,True,3,0.06000000000040018,2016-04-13T01:00:00Z
2,2026-04-01,2016-04-13,True,4,0.05999999999994543,2016-04-13T02:00:00Z
2,2026-04-01,2016-04-13,True,5,0.09499999999979991,2016-04-13T03:00:00Z
2,2026-04-01,2016-04-13,True,6,0.24499999999989086,2016-04-13T04:00:00Z
2,2026-04-01,2016-04-13,True,7,0.24000000000023647,2016-04-13T05:00:00Z
2,2026-04-01,2016-04-13,True,8,0.15000000000009095,2016-04-13T06:00:00Z
2,2026-04-01,2016-04-13,True,9,0.1299999999996544,2016-04-13T07:00:00Z
2,2026-04-01,2016-04-13,True,10,0.125,2016-04-13T08:00:00Z
2,2026-04-01,2016-04-13,True,11,0.07500000000027285,2016-04-13T09:00:00Z
2,2026-04-01,2016-04-13,True,12,0.05999999999994543,2016-04-13T10:00:00Z
2,2026-04-01,2016-04-13,True,13,0.07999999999992724,2016-04-13T11:00:00Z
2,2026-04-01,2016-04-13,True,14,0.6750000000001819,2016-04-13T12:00:00Z
2,2026-04-01,2016-04-13,True,15,1.7599999999997635,2016-04-13T13:00:00Z
2,2026-04-01,2016-04-13,True,16,0.9850000000001273,2016-04-13T14:00:00Z
2,2026-04-01,2016-04-13,True,17,0.2199999999997999,2016-04-13T15:00:00Z
2,2026-04-01,2016-04-13,True,18,0.22000000000025466,2016-04-13T16:00:00Z
2,2026-04-01,2016-04-13,True,19,0.25500000000010914,2016-04-13T17:00:00Z
2,2026-04-01,2016-04-13,True,20,0.23999999999978172,2016-04-13T18:00:00Z
2,2026-04-01,2016-04-13,True,21,0.2899999999999636,2016-04-13T19:00:00Z
2,2026-04-01,2016-04-13,True,22,0.24499999999989086,2016-04-13T20:00:00Z
2,2026-04-01,2016-04-13,True,23,0.14000000000032742,2016-04-13T21:00:00Z
2,2026-04-02,2016-04-07,True,0,0.13000000000010914,2016-04-06T22:00:00Z
2,2026-04-02,2016-04-07,True,1,0.13499999999976353,2016-04-06T23:00:00Z
2,2026-04-02,2016-04-07,True,2,0.14000000000032742,2016-04-07T00:00:00Z
2,2026-04-02,2016-04-07,True,3,0.10500000000001819,2016-04-07T01:00:00Z
2,2026-04-02,2016-04-07,True,4,0.06999999999970896,2016-04-07T02:00:00Z
2,2026-04-02,2016-04-07,True,5,0.1000000000003638,2016-04-07T03:00:00Z
2,2026-04-02,2016-04-07,True,6,0.2549999999996544,2016-04-07T04:00:00Z
2,2026-04-02,2016-04-07,True,7,0.2699999999999818,2016-04-07T05:00:00Z
2,2026-04-02,2016-04-07,True,8,0.15000000000009095,2016-04-07T06:00:00Z
2,2026-04-02,2016-04-07,True,9,0.13999999999987267,2016-04-07T07:00:00Z
2,2026-04-02,2016-04-07,True,10,0.1449999999999818,2016-04-07T08:00:00Z
2,2026-04-02,2016-04-07,True,11,0.14000000000032742,2016-04-07T09:00:00Z
2,2026-04-02,2016-04-07,True,12,0.13499999999976353,2016-04-07T10:00:00Z
2,2026-04-02,2016-04-07,True,13,0.09000000000014552,2016-04-07T11:00:00Z
2,2026-04-02,2016-04-07,True,14,0.08500000000003638,2016-04-07T12:00:00Z
2,2026-04-02,2016-04-07,True,15,0.875,2016-04-07T13:00:00Z
2,2026-04-02,2016-04-07,True,16,1.2399999999997817,2016-04-07T14:00:00Z
2,2026-04-02,2016-04-07,True,17,0.48500000000012733,2016-04-07T15:00:00Z
2,2026-04-02,2016-04-07,True,18,0.25500000000010914,2016-04-07T16:00:00Z
2,2026-04-02,2016-04-07,True,19,0.25500000000010914,2016-04-07T17:00:00Z
2,2026-04-02,2016-04-07,True,20,0.375,2016-04-07T18:00:00Z
2,2026-04-02,2016-04-07,True,21,0.2899999999999636,2016-04-07T19:00:00Z
2,2026-04-02,2016-04-07,True,22,0.06999999999970896,2016-04-07T20:00:00Z
2,2026-04-02,2016-04-07,True,23,0.09500000000025466,2016-04-07T21:00:00Z
2,2026-04-03,2016-04-01,True,0,0.13999999999987267,2016-03-31T22:00:00Z
2,2026-04-03,2016-04-01,True,1,0.13000000000010914,2016-03-31T23:00:00Z
2,2026-04-03,2016-04-01,True,2,0.13999999999987267,2016-04-01T00:00:00Z
2,2026-04-03,2016-04-01,True,3,0.06700000000000728,2016-04-01T01:00:00Z
2,2026-04-03,2016-04-01,True,4,0.05999999999994543,2016-04-01T02:00:00Z
2,2026-04-03,2016-04-01,True,5,0.09500000000025466,2016-04-01T03:00:00Z
2,2026-04-03,2016-04-01,True,6,0.3200000000001637,2016-04-01T04:00:00Z
2,2026-04-03,2016-04-01,True,7,0.2880000000000109,2016-04-01T05:00:00Z
2,2026-04-03,2016-04-01,True,8,0.14699999999993452,2016-04-01T06:00:00Z
2,2026-04-03,2016-04-01,True,9,0.13999999999987267,2016-04-01T07:00:00Z
2,2026-04-03,2016-04-01,True,10,0.05999999999994543,2016-04-01T08:00:00Z
2,2026-04-03,2016-04-01,True,11,0.24000000000023647,2016-04-01T09:00:00Z
2,2026-04-03,2016-04-01,True,12,0.31999999999970896,2016-04-01T10:00:00Z
2,2026-04-03,2016-04-01,True,13,0.2300000000000182,2016-04-01T11:00:00Z
2,2026-04-03,2016-04-01,True,14,0.44000000000005457,2016-04-01T12:00:00Z
2,2026-04-03,2016-04-01,True,15,0.30999999999994543,2016-04-01T13:00:00Z
2,2026-04-03,2016-04-01,True,16,0.15000000000009095,2016-04-01T14:00:00Z
2,2026-04-03,2016-04-01,True,17,0.25999999999976353,2016-04-01T15:00:00Z
2,2026-04-03,2016-04-01,True,18,0.3700000000003456,2016-04-01T16:00:00Z
2,2026-04-03,2016-04-01,True,19,0.27999999999974534,2016-04-01T17:00:00Z
2,2026-04-03,2016-04-01,True,20,0.40000000000009095,2016-04-01T18:00:00Z
2,2026-04-03,2016-04-01,True,21,0.34999999999990905,2016-04-01T19:00:00Z
2,2026-04-03,2016-04-01,True,22,0.19000000000005457,2016-04-01T20:00:00Z
2,2026-04-03,2016-04-01,True,23,0.13999999999987267,2016-04-01T21:00:00Z
2,2026-04-04,2016-04-02,True,0,0.08000000000038199,2016-04-01T22:00:00Z
2,2026-04-04,2016-04-02,True,1,0.05999999999994543,2016-04-01T23:00:00Z
2,2026-04-04,2016-04-02,True,2,0.07999999999992724,2016-04-02T00:00:00Z
2,2026-04-04,2016-04-02,True,3,0.15000000000009095,2016-04-02T01:00:00Z
2,2026-04-04,2016-04-02,True,4,0.13999999999987267,2016-04-02T02:00:00Z
2,2026-04-04,2016-04-02,True,5,0.13999999999987267,2016-04-02T03:00:00Z
2,2026-04-04,2016-04-02,True,6,0.2699999999999818,2016-04-02T04:00:00Z
2,2026-04-04,2016-04-02,True,7,0.2899999999999636,2016-04-02T05:00:00Z
2,2026-04-04,2016-04-02,True,8,1.0,2016-04-02T06:00:00Z
2,2026-04-04,2016-04-02,True,9,2.6900000000000546,2016-04-02T07:00:00Z
2,2026-04-04,2016-04-02,True,10,2.0300000000002,2016-04-02T08:00:00Z
2,2026-04-04,2016-04-02,True,11,1.599999999999909,2016-04-02T09:00:00Z
2,2026-04-04,2016-04-02,True,12,0.34999999999990905,2016-04-02T10:00:00Z
2,2026-04-04,2016-04-02,True,13,0.32999999999992724,2016-04-02T11:00:00Z
2,2026-04-04,2016-04-02,True,14,0.18000000000029104,2016-04-02T12:00:00Z
2,2026-04-04,2016-04-02,True,15,0.11999999999989086,2016-04-02T13:00:00Z
2,2026-04-04,2016-04-02,True,16,0.30999999999994543,2016-04-02T14:00:00Z
2,2026-04-04,2016-04-02,True,17,0.6100000000001273,2016-04-02T15:00:00Z
2,2026-04-04,2016-04-02,True,18,0.30999999999994543,2016-04-02T16:00:00Z
2,2026-04-04,2016-04-02,True,19,0.34999999999990905,2016-04-02T17:00:00Z
2,2026-04-04,2016-04-02,True,20,0.42000000000007276,2016-04-02T18:00:00Z
2,2026-04-04,2016-04-02,True,21,0.3000000000001819,2016-04-02T19:00:00Z
2,2026-04-04,2016-04-02,True,22,0.169999999999618,2016-04-02T20:00:00Z
2,2026-04-04,2016-04-02,True,23,0.13000000000010914,2016-04-02T21:00:00Z
2,2026-04-05,2016-04-03,True,0,0.15000000000009095,2016-04-02T22:00:00Z
2,2026-04-05,2016-04-03,True,1,0.13000000000010914,2016-04-02T23:00:00Z
2,2026-04-05,2016-04-03,True,2,0.1299999999996544,2016-04-03T00:00:00Z
2,2026-04-05,2016-04-03,True,3,0.14000000000032742,2016-04-03T01:00:00Z
2,2026-04-05,2016-04-03,True,4,0.05999999999994543,2016-04-03T02:00:00Z
2,2026-04-05,2016-04-03,True,5,0.05999999999994543,2016-04-03T03:00:00Z
2,2026-04-05,2016-04-03,True,6,0.4899999999997817,2016-04-03T04:00:00Z
2,2026-04-05,2016-04-03,True,7,0.3000000000001819,2016-04-03T05:00:00Z
2,2026-04-05,2016-04-03,True,8,1.1700000000000728,2016-04-03T06:00:00Z
2,2026-04-05,2016-04-03,True,9,1.5599999999999454,2016-04-03T07:00:00Z
2,2026-04-05,2016-04-03,True,10,0.9200000000000728,2016-04-03T08:00:00Z
2,2026-04-05,2016-04-03,True,11,0.2300000000000182,2016-04-03T09:00:00Z
2,2026-04-05,2016-04-03,True,12,0.17000000000007276,2016-04-03T10:00:00Z
2,2026-04-05,2016-04-03,True,13,0.09999999999990905,2016-04-03T11:00:00Z
2,2026-04-05,2016-04-03,True,14,0.11999999999989086,2016-04-03T12:00:00Z
2,2026-04-05,2016-04-03,True,15,0.15999999999985448,2016-04-03T13:00:00Z
2,2026-04-05,2016-04-03,True,16,0.14000000000032742,2016-04-03T14:00:00Z
2,2026-04-05,2016-04-03,True,17,0.13999999999987267,2016-04-03T15:00:00Z
2,2026-04-05,2016-04-03,True,18,0.21000000000003638,2016-04-03T16:00:00Z
2,2026-04-05,2016-04-03,True,19,0.27999999999974534,2016-04-03T17:00:00Z
2,2026-04-05,2016-04-03,True,20,0.3200000000001637,2016-04-03T18:00:00Z
2,2026-04-05,2016-04-03,True,21,0.2800000000002001,2016-04-03T19:00:00Z
2,2026-04-05,2016-04-03,True,22,0.17000000000007276,2016-04-03T20:00:00Z
2,2026-04-05,2016-04-03,True,23,0.13999999999987267,2016-04-03T21:00:00Z
2,2026-04-06,2016-04-04,True,0,0.13999999999987267,2016-04-03T22:00:00Z
2,2026-04-06,2016-04-04,True,1,0.09000000000014552,2016-04-03T23:00:00Z
2,2026-04-06,2016-04-04,True,2,0.04999999999972715,2016-04-04T00:00:00Z
2,2026-04-06,2016-04-04,True,3,0.07799999999997453,2016-04-04T01:00:00Z
2,2026-04-06,2016-04-04,True,4,0.15200000000004366,2016-04-04T02:00:00Z
2,2026-04-06,2016-04-04,True,5,0.16499999999996362,2016-04-04T03:00:00Z
2,2026-04-06,2016-04-04,True,6,0.3000000000001819,2016-04-04T04:00:00Z
2,2026-04-06,2016-04-04,True,7,0.25300000000015643,2016-04-04T05:00:00Z
2,2026-04-06,2016-04-04,True,8,0.1499999999996362,2016-04-04T06:00:00Z
2,2026-04-06,2016-04-04,True,9,0.14200000000028012,2016-04-04T07:00:00Z
2,2026-04-06,2016-04-04,True,10,0.08799999999973807,2016-04-04T08:00:00Z
2,2026-04-06,2016-04-04,True,11,0.07000000000016371,2016-04-04T09:00:00Z
2,2026-04-06,2016-04-04,True,12,0.07000000000016371,2016-04-04T10:00:00Z
2,2026-04-06,2016-04-04,True,13,0.11999999999989086,2016-04-04T11:00:00Z
2,2026-04-06,2016-04-04,True,14,0.15000000000009095,2016-04-04T12:00:00Z
2,2026-04-06,2016-04-04,True,15,0.17000000000007276,2016-04-04T13:00:00Z
2,2026-04-06,2016-04-04,True,16,0.21000000000003638,2016-04-04T14:00:00Z
2,2026-04-06,2016-04-04,True,17,0.1499999999996362,2016-04-04T15:00:00Z
2,2026-04-06,2016-04-04,True,18,0.15000000000009095,2016-04-04T16:00:00Z
2,2026-04-06,2016-04-04,True,19,0.21000000000003638,2016-04-04T17:00:00Z
2,2026-04-06,2016-04-04,True,20,1.0920000000000982,2016-04-04T18:00:00Z
2,2026-04-06,2016-04-04,True,21,0.7080000000000837,2016-04-04T19:00:00Z
2,2026-04-06,2016-04-04,True,22,0.24199999999973443,2016-04-04T20:00:00Z
2,2026-04-06,2016-04-04,True,23,0.13799999999991996,2016-04-04T21:00:00Z
2,2026-04-07,2016-04-05,True,0,0.13200000000006185,2016-04-04T22:00:00Z
2,2026-04-07,2016-04-05,True,1,0.13799999999991996,2016-04-04T23:00:00Z
2,2026-04-07,2016-04-05,True,2,0.14000000000032742,2016-04-05T00:00:00Z
2,2026-04-07,2016-04-05,True,3,0.1299999999996544,2016-04-05T01:00:00Z
2,2026-04-07,2016-04-05,True,4,0.08000000000038199,2016-04-05T02:00:00Z
2,2026-04-07,2016-04-05,True,5,0.09699999999975262,2016-04-05T03:00:00Z
2,2026-04-07,2016-04-05,True,6,0.23300000000017462,2016-04-05T04:00:00Z
2,2026-04-07,2016-04-05,True,7,0.2899999999999636,2016-04-05T05:00:00Z
2,2026-04-07,2016-04-05,True,8,0.15000000000009095,2016-04-05T06:00:00Z
2,2026-04-07,2016-04-05,True,9,0.13999999999987267,2016-04-05T07:00:00Z
2,2026-04-07,2016-04-05,True,10,0.15000000000009095,2016-04-05T08:00:00Z
2,2026-04-07,2016-04-05,True,11,0.13200000000006185,2016-04-05T09:00:00Z
2,2026-04-07,2016-04-05,True,12,0.13799999999991996,2016-04-05T10:00:00Z
2,2026-04-07,2016-04-05,True,13,0.15000000000009095,2016-04-05T11:00:00Z
2,2026-04-07,2016-04-05,True,14,0.13999999999987267,2016-04-05T12:00:00Z
2,2026-04-07,2016-04-05,True,15,0.06199999999989814,2016-04-05T13:00:00Z
2,2026-04-07,2016-04-05,True,16,0.13799999999991996,2016-04-05T14:00:00Z
2,2026-04-07,2016-04-05,True,17,0.5419999999999163,2016-04-05T15:00:00Z
2,2026-04-07,2016-04-05,True,18,0.16800000000012005,2016-04-05T16:00:00Z
2,2026-04-07,2016-04-05,True,19,0.19700000000011642,2016-04-05T17:00:00Z
2,2026-04-07,2016-04-05,True,20,0.3229999999998654,2016-04-05T18:00:00Z
2,2026-04-07,2016-04-05,True,21,0.2670000000002801,2016-04-05T19:00:00Z
2,2026-04-07,2016-04-05,True,22,0.15299999999979264,2016-04-05T20:00:00Z
2,2026-04-07,2016-04-05,True,23,0.052000000000134605,2016-04-05T21:00:00Z
2,2026-04-08,2016-04-20,True,0,0.15000000000009095,2016-04-19T22:00:00Z
2,2026-04-08,2016-04-20,True,1,0.13999999999987267,2016-04-19T23:00:00Z
2,2026-04-08,2016-04-20,True,2,0.0500000000001819,2016-04-20T00:00:00Z
2,2026-04-08,2016-04-20,True,3,0.05999999999994543,2016-04-20T01:00:00Z
2,2026-04-08,2016-04-20,True,4,0.07000000000016371,2016-04-20T02:00:00Z
2,2026-04-08,2016-04-20,True,5,0.18499999999994543,2016-04-20T03:00:00Z
2,2026-04-08,2016-04-20,True,6,0.2699999999999818,2016-04-20T04:00:00Z
2,2026-04-08,2016-04-20,True,7,0.22499999999990905,2016-04-20T05:00:00Z
2,2026-04-08,2016-04-20,True,8,0.07000000000016371,2016-04-20T06:00:00Z
2,2026-04-08,2016-04-20,True,9,0.06999999999970896,2016-04-20T07:00:00Z
2,2026-04-08,2016-04-20,True,10,0.12000000000034561,2016-04-20T08:00:00Z
2,2026-04-08,2016-04-20,True,11,0.6149999999997817,2016-04-20T09:00:00Z
2,2026-04-08,2016-04-20,True,12,0.23500000000012733,2016-04-20T10:00:00Z
2,2026-04-08,2016-04-20,True,13,0.1999999999998181,2016-04-20T11:00:00Z
2,2026-04-08,2016-04-20,True,14,1.2800000000002,2016-04-20T12:00:00Z
2,2026-04-08,2016-04-20,True,15,0.22499999999990905,2016-04-20T13:00:00Z
2,2026-04-08,2016-04-20,True,16,0.29999999999972715,2016-04-20T14:00:00Z
2,2026-04-08,2016-04-20,True,17,0.5200000000004366,2016-04-20T15:00:00Z
2,2026-04-08,2016-04-20,True,18,0.1999999999998181,2016-04-20T16:00:00Z
2,2026-04-08,2016-04-20,True,19,0.1750000000001819,2016-04-20T17:00:00Z
2,2026-04-08,2016-04-20,True,20,1.044999999999618,2016-04-20T18:00:00Z
2,2026-04-08,2016-04-20,True,21,1.050000000000182,2016-04-20T19:00:00Z
2,2026-04-08,2016-04-20,True,22,0.23500000000012733,2016-04-20T20:00:00Z
2,2026-04-08,2016-04-20,True,23,0.06999999999970896,2016-04-20T21:00:00Z
2,2026-04-09,2016-04-14,True,0,0.13499999999976353,2016-04-13T22:00:00Z
2,2026-04-09,2016-04-14,True,1,0.07500000000027285,2016-04-13T23:00:00Z
2,2026-04-09,2016-04-14,True,2,0.05999999999994543,2016-04-14T00:00:00Z
2,2026-04-09,2016-04-14,True,3,0.05999999999994543,2016-04-14T01:00:00Z
2,2026-04-09,2016-04-14,True,4,0.1449999999999818,2016-04-14T02:00:00Z
2,2026-04-09,2016-04-14,True,5,0.1799999999998363,2016-04-14T03:00:00Z
2,2026-04-09,2016-04-14,True,6,0.25500000000010914,2016-04-14T04:00:00Z
2,2026-04-09,2016-04-14,True,7,0.21000000000003638,2016-04-14T05:00:00Z
2,2026-04-09,2016-04-14,True,8,0.06999999999970896,2016-04-14T06:00:00Z
2,2026-04-09,2016-04-14,True,9,0.07000000000016371,2016-04-14T07:00:00Z
2,2026-04-09,2016-04-14,True,10,0.11999999999989086,2016-04-14T08:00:00Z
2,2026-04-09,2016-04-14,True,11,0.14000000000032742,2016-04-14T09:00:00Z
2,2026-04-09,2016-04-14,True,12,0.13999999999987267,2016-04-14T10:00:00Z
2,2026-04-09,2016-04-14,True,13,0.15499999999974534,2016-04-14T11:00:00Z
2,2026-04-09,2016-04-14,True,14,0.10500000000001819,2016-04-14T12:00:00Z
2,2026-04-09,2016-04-14,True,15,0.25500000000010914,2016-04-14T13:00:00Z
2,2026-04-09,2016-04-14,True,16,0.4800000000000182,2016-04-14T14:00:00Z
2,2026-04-09,2016-04-14,True,17,0.3400000000001455,2016-04-14T15:00:00Z
2,2026-04-09,2016-04-14,True,18,0.2300000000000182,2016-04-14T16:00:00Z
2,2026-04-09,2016-04-14,True,19,0.23500000000012733,2016-04-14T17:00:00Z
2,2026-04-09,2016-04-14,True,20,0.22499999999990905,2016-04-14T18:00:00Z
2,2026-04-09,2016-04-14,True,21,0.25,2016-04-14T19:00:00Z
2,2026-04-09,2016-04-14,True,22,0.24499999999989086,2016-04-14T20:00:00Z
2,2026-04-09,2016-04-14,True,23,0.11999999999989086,2016-04-14T21:00:00Z
2,2026-04-10,2016-04-08,True,0,0.13999999999987267,2016-04-07T22:00:00Z
2,2026-04-10,2016-04-08,True,1,0.1449999999999818,2016-04-07T23:00:00Z
2,2026-04-10,2016-04-08,True,2,0.09499999999979991,2016-04-08T00:00:00Z
2,2026-04-10,2016-04-08,True,3,0.0500000000001819,2016-04-08T01:00:00Z
2,2026-04-10,2016-04-08,True,4,0.11999999999989086,2016-04-08T02:00:00Z
2,2026-04-10,2016-04-08,True,5,0.19000000000005457,2016-04-08T03:00:00Z
2,2026-04-10,2016-04-08,True,6,0.29500000000007276,2016-04-08T04:00:00Z
2,2026-04-10,2016-04-08,True,7,0.2699999999999818,2016-04-08T05:00:00Z
2,2026-04-10,2016-04-08,True,8,0.09500000000025466,2016-04-08T06:00:00Z
2,2026-04-10,2016-04-08,True,9,0.08499999999958163,2016-04-08T07:00:00Z
2,2026-04-10,2016-04-08,True,10,0.1449999999999818,2016-04-08T08:00:00Z
2,2026-04-10,2016-04-08,True,11,0.15000000000009095,2016-04-08T09:00:00Z
2,2026-04-10,2016-04-08,True,12,0.44000000000005457,2016-04-08T10:00:00Z
2,2026-04-10,2016-04-08,True,13,0.08500000000003638,2016-04-08T11:00:00Z
2,2026-04-10,2016-04-08,True,14,0.07999999999992724,2016-04-08T12:00:00Z
2,2026-04-10,2016-04-08,True,15,0.23500000000012733,2016-04-08T13:00:00Z
2,2026-04-10,2016-04-08,True,16,0.2849999999998545,2016-04-08T14:00:00Z
2,2026-04-10,2016-04-08,True,17,0.2800000000002001,2016-04-08T15:00:00Z
2,2026-04-10,2016-04-08,True,18,0.20499999999992724,2016-04-08T16:00:00Z
2,2026-04-10,2016-04-08,True,19,0.3550000000000182,2016-04-08T17:00:00Z
2,2026-04-10,2016-04-08,True,20,0.4149999999999636,2016-04-08T18:00:00Z
2,2026-04-10,2016-04-08,True,21,0.3449999999997999,2016-04-08T19:00:00Z
2,2026-04-10,2016-04-08,True,22,0.1550000000002001,2016-04-08T20:00:00Z
2,2026-04-10,2016-04-08,True,23,0.09999999999990905,2016-04-08T21:00:00Z
2,2026-04-11,2016-04-09,True,0,0.13000000000010914,2016-04-08T22:00:00Z
2,2026-04-11,2016-04-09,True,1,0.13999999999987267,2016-04-08T23:00:00Z
2,2026-04-11,2016-04-09,True,2,0.125,2016-04-09T00:00:00Z
2,2026-04-11,2016-04-09,True,3,0.05500000000029104,2016-04-09T01:00:00Z
2,2026-04-11,2016-04-09,True,4,0.05999999999994543,2016-04-09T02:00:00Z
2,2026-04-11,2016-04-09,True,5,0.13999999999987267,2016-04-09T03:00:00Z
2,2026-04-11,2016-04-09,True,6,0.2699999999999818,2016-04-09T04:00:00Z
2,2026-04-11,2016-04-09,True,7,0.3049999999998363,2016-04-09T05:00:00Z
2,2026-04-11,2016-04-09,True,8,0.9200000000000728,2016-04-09T06:00:00Z
2,2026-04-11,2016-04-09,True,9,0.25500000000010914,2016-04-09T07:00:00Z
2,2026-04-11,2016-04-09,True,10,0.1750000000001819,2016-04-09T08:00:00Z
2,2026-04-11,2016-04-09,True,11,1.0850000000000364,2016-04-09T09:00:00Z
2,2026-04-11,2016-04-09,True,12,0.724999999999909,2016-04-09T10:00:00Z
2,2026-04-11,2016-04-09,True,13,0.8449999999997999,2016-04-09T11:00:00Z
2,2026-04-11,2016-04-09,True,14,1.3299999999999272,2016-04-09T12:00:00Z
2,2026-04-11,2016-04-09,True,15,0.3200000000001637,2016-04-09T13:00:00Z
2,2026-04-11,2016-04-09,True,16,0.2600000000002183,2016-04-09T14:00:00Z
2,2026-04-11,2016-04-09,True,17,0.7299999999995634,2016-04-09T15:00:00Z
2,2026-04-11,2016-04-09,True,18,0.4800000000000182,2016-04-09T16:00:00Z
2,2026-04-11,2016-04-09,True,19,0.3949999999999818,2016-04-09T17:00:00Z
2,2026-04-11,2016-04-09,True,20,0.40000000000009095,2016-04-09T18:00:00Z
2,2026-04-11,2016-04-09,True,21,0.36500000000023647,2016-04-09T19:00:00Z
2,2026-04-11,2016-04-09,True,22,0.2699999999999818,2016-04-09T20:00:00Z
2,2026-04-11,2016-04-09,True,23,0.13000000000010914,2016-04-09T21:00:00Z
2,2026-04-12,2016-04-10,True,0,0.10999999999967258,2016-04-09T22:00:00Z
2,2026-04-12,2016-04-10,True,1,0.05999999999994543,2016-04-09T23:00:00Z
2,2026-04-12,2016-04-10,True,2,0.09000000000014552,2016-04-10T00:00:00Z
2,2026-04-12,2016-04-10,True,3,0.15000000000009095,2016-04-10T01:00:00Z
2,2026-04-12,2016-04-10,True,4,0.13000000000010914,2016-04-10T02:00:00Z
2,2026-04-12,2016-04-10,True,5,0.09499999999979991,2016-04-10T03:00:00Z
2,2026-04-12,2016-04-10,True,6,0.1750000000001819,2016-04-10T04:00:00Z
2,2026-04-12,2016-04-10,True,7,0.1499999999996362,2016-04-10T05:00:00Z
2,2026-04-12,2016-04-10,True,8,1.2100000000000364,2016-04-10T06:00:00Z
2,2026-04-12,2016-04-10,True,9,0.5600000000004002,2016-04-10T07:00:00Z
2,2026-04-12,2016-04-10,True,10,2.125,2016-04-10T08:00:00Z
2,2026-04-12,2016-04-10,True,11,1.5549999999998363,2016-04-10T09:00:00Z
2,2026-04-12,2016-04-10,True,12,0.42499999999972715,2016-04-10T10:00:00Z
2,2026-04-12,2016-04-10,True,13,0.4600000000000364,2016-04-10T11:00:00Z
2,2026-04-12,2016-04-10,True,14,0.1950000000001637,2016-04-10T12:00:00Z
2,2026-04-12,2016-04-10,True,15,0.1999999999998181,2016-04-10T13:00:00Z
2,2026-04-12,2016-04-10,True,16,0.1750000000001819,2016-04-10T14:00:00Z
2,2026-04-12,2016-04-10,True,17,0.5450000000000728,2016-04-10T15:00:00Z
2,2026-04-12,2016-04-10,True,18,0.6700000000000728,2016-04-10T16:00:00Z
2,2026-04-12,2016-04-10,True,19,0.25999999999976353,2016-04-10T17:00:00Z
2,2026-04-12,2016-04-10,True,20,1.1050000000000182,2016-04-10T18:00:00Z
2,2026-04-12,2016-04-10,True,21,0.26499999999987267,2016-04-10T19:00:00Z
2,2026-04-12,2016-04-10,True,22,0.15000000000009095,2016-04-10T20:00:00Z
2,2026-04-12,2016-04-10,True,23,0.15000000000009095,2016-04-10T21:00:00Z
2,2026-04-13,2016-04-11,True,0,0.13000000000010914,2016-04-10T22:00:00Z
2,2026-04-13,2016-04-11,True,1,0.07999999999992724,2016-04-10T23:00:00Z
2,2026-04-13,2016-04-11,True,2,0.05999999999994543,2016-04-11T00:00:00Z
2,2026-04-13,2016-04-11,True,3,0.11999999999989086,2016-04-11T01:00:00Z
2,2026-04-13,2016-04-11,True,4,0.13000000000010914,2016-04-11T02:00:00Z
2,2026-04-13,2016-04-11,True,5,0.18499999999994543,2016-04-11T03:00:00Z
2,2026-04-13,2016-04-11,True,6,0.1950000000001637,2016-04-11T04:00:00Z
2,2026-04-13,2016-04-11,True,7,0.2199999999997999,2016-04-11T05:00:00Z
2,2026-04-13,2016-04-11,True,8,0.16000000000030923,2016-04-11T06:00:00Z
2,2026-04-13,2016-04-11,True,9,0.13999999999987267,2016-04-11T07:00:00Z
2,2026-04-13,2016-04-11,True,10,0.13999999999987267,2016-04-11T08:00:00Z
2,2026-04-13,2016-04-11,True,11,0.11500000000023647,2016-04-11T09:00:00Z
2,2026-04-13,2016-04-11,True,12,0.06500000000005457,2016-04-11T10:00:00Z
2,2026-04-13,2016-04-11,True,13,0.05999999999994543,2016-04-11T11:00:00Z
2,2026-04-13,2016-04-11,True,14,0.16499999999996362,2016-04-11T12:00:00Z
2,2026-04-13,2016-04-11,True,15,0.13999999999987267,2016-04-11T13:00:00Z
2,2026-04-13,2016-04-11,True,16,0.2199999999997999,2016-04-11T14:00:00Z
2,2026-04-13,2016-04-11,True,17,0.20000000000027285,2016-04-11T15:00:00Z
2,2026-04-13,2016-04-11,True,18,0.17000000000007276,2016-04-11T16:00:00Z
2,2026-04-13,2016-04-11,True,19,0.27999999999974534,2016-04-11T17:00:00Z
2,2026-04-13,2016-04-11,True,20,0.36000000000012733,2016-04-11T18:00:00Z
2,2026-04-13,2016-04-11,True,21,0.30999999999994543,2016-04-11T19:00:00Z
2,2026-04-13,2016-04-11,True,22,0.13000000000010914,2016-04-11T20:00:00Z
2,2026-04-13,2016-04-11,True,23,0.10500000000001819,2016-04-11T21:00:00Z
2,2026-04-14,2016-04-12,True,0,0.13000000000010914,2016-04-11T22:00:00Z
2,2026-04-14,2016-04-12,True,1,0.13999999999987267,2016-04-11T23:00:00Z
2,2026-04-14,2016-04-12,True,2,0.13999999999987267,2016-04-12T00:00:00Z
2,2026-04-14,2016-04-12,True,3,0.05999999999994543,2016-04-12T01:00:00Z
2,2026-04-14,2016-04-12,True,4,0.0500000000001819,2016-04-12T02:00:00Z
2,2026-04-14,2016-04-12,True,5,0.125,2016-04-12T03:00:00Z
2,2026-04-14,2016-04-12,True,6,0.30999999999994543,2016-04-12T04:00:00Z
2,2026-04-14,2016-04-12,True,7,0.2300000000000182,2016-04-12T05:00:00Z
2,2026-04-14,2016-04-12,True,8,0.17000000000007276,2016-04-12T06:00:00Z
2,2026-04-14,2016-04-12,True,9,0.08500000000003638,2016-04-12T07:00:00Z
2,2026-04-14,2016-04-12,True,10,0.05999999999994543,2016-04-12T08:00:00Z
2,2026-04-14,2016-04-12,True,11,0.06999999999970896,2016-04-12T09:00:00Z
2,2026-04-14,2016-04-12,True,12,0.15000000000009095,2016-04-12T10:00:00Z
2,2026-04-14,2016-04-12,True,13,0.1449999999999818,2016-04-12T11:00:00Z
2,2026-04-14,2016-04-12,True,14,0.15000000000009095,2016-04-12T12:00:00Z
2,2026-04-14,2016-04-12,True,15,0.1449999999999818,2016-04-12T13:00:00Z
2,2026-04-14,2016-04-12,True,16,0.1550000000002001,2016-04-12T14:00:00Z
2,2026-04-14,2016-04-12,True,17,0.1449999999999818,2016-04-12T15:00:00Z
2,2026-04-14,2016-04-12,True,18,0.2300000000000182,2016-04-12T16:00:00Z
2,2026-04-14,2016-04-12,True,19,0.3449999999997999,2016-04-12T17:00:00Z
2,2026-04-14,2016-04-12,True,20,0.38000000000010914,2016-04-12T18:00:00Z
2,2026-04-14,2016-04-12,True,21,0.2199999999997999,2016-04-12T19:00:00Z
2,2026-04-14,2016-04-12,True,22,0.11000000000012733,2016-04-12T20:00:00Z
2,2026-04-14,2016-04-12,True,23,0.1449999999999818,2016-04-12T21:00:00Z
2,2026-04-15,2015-04-22,True,0,0.14000000000000057,2015-04-21T22:00:00Z
2,2026-04-15,2015-04-22,True,1,0.11500000000000199,2015-04-21T23:00:00Z
2,2026-04-15,2015-04-22,True,2,0.09499999999999886,2015-04-22T00:00:00Z
2,2026-04-15,2015-04-22,True,3,0.14000000000000057,2015-04-22T01:00:00Z
2,2026-04-15,2015-04-22,True,4,0.06499999999999773,2015-04-22T02:00:00Z
2,2026-04-15,2015-04-22,True,5,0.28000000000000114,2015-04-22T03:00:00Z
2,2026-04-15,2015-04-22,True,6,0.21000000000000085,2015-04-22T04:00:00Z
2,2026-04-15,2015-04-22,True,7,0.134999999999998,2015-04-22T05:00:00Z
2,2026-04-15,2015-04-22,True,8,0.19500000000000028,2015-04-22T06:00:00Z
2,2026-04-15,2015-04-22,True,9,0.1600000000000037,2015-04-22T07:00:00Z
2,2026-04-15,2015-04-22,True,10,0.054999999999999716,2015-04-22T08:00:00Z
2,2026-04-15,2015-04-22,True,11,0.11999999999999744,2015-04-22T09:00:00Z
2,2026-04-15,2015-04-22,True,12,0.125,2015-04-22T10:00:00Z
2,2026-04-15,2015-04-22,True,13,0.060000000000002274,2015-04-22T11:00:00Z
2,2026-04-15,2015-04-22,True,14,0.11999999999999744,2015-04-22T12:00:00Z
2,2026-04-15,2015-04-22,True,15,0.17500000000000426,2015-04-22T13:00:00Z
2,2026-04-15,2015-04-22,True,16,0.07000000000000028,2015-04-22T14:00:00Z
2,2026-04-15,2015-04-22,True,17,0.23999999999999488,2015-04-22T15:00:00Z
2,2026-04-15,2015-04-22,True,18,0.21000000000000085,2015-04-22T16:00:00Z
2,2026-04-15,2015-04-22,True,19,0.240000000000002,2015-04-22T17:00:00Z
2,2026-04-15,2015-04-22,True,20,0.25500000000000256,2015-04-22T18:00:00Z
2,2026-04-15,2015-04-22,True,21,0.25499999999999545,2015-04-22T19:00:00Z
2,2026-04-15,2015-04-22,True,22,0.13000000000000256,2015-04-22T20:00:00Z
2,2026-04-15,2015-04-22,True,23,0.125,2015-04-22T21:00:00Z
2,2026-04-16,2015-04-16,True,0,0.07499999999999973,2015-04-15T22:00:00Z
2,2026-04-16,2015-04-16,True,1,0.08000000000000007,2015-04-15T23:00:00Z
2,2026-04-16,2015-04-16,True,2,0.14500000000000002,2015-04-16T00:00:00Z
2,2026-04-16,2015-04-16,True,3,0.07500000000000018,2015-04-16T01:00:00Z
2,2026-04-16,2015-04-16,True,4,0.08499999999999996,2015-04-16T02:00:00Z
2,2026-04-16,2015-04-16,True,5,0.31000000000000005,2015-04-16T03:00:00Z
2,2026-04-16,2015-04-16,True,6,0.1599999999999997,2015-04-16T04:00:00Z
2,2026-04-16,2015-04-16,True,7,0.18000000000000016,2015-04-16T05:00:00Z
2,2026-04-16,2015-04-16,True,8,0.20999999999999996,2015-04-16T06:00:00Z
2,2026-04-16,2015-04-16,True,9,0.0950000000000002,2015-04-16T07:00:00Z
2,2026-04-16,2015-04-16,True,10,0.08999999999999986,2015-04-16T08:00:00Z
2,2026-04-16,2015-04-16,True,11,0.13500000000000023,2015-04-16T09:00:00Z
2,2026-04-16,2015-04-16,True,12,0.07999999999999963,2015-04-16T10:00:00Z
2,2026-04-16,2015-04-16,True,13,0.08000000000000007,2015-04-16T11:00:00Z
2,2026-04-16,2015-04-16,True,14,0.14000000000000012,2015-04-16T12:00:00Z
2,2026-04-16,2015-04-16,True,15,0.14500000000000002,2015-04-16T13:00:00Z
2,2026-04-16,2015-04-16,True,16,0.07500000000000018,2015-04-16T14:00:00Z
2,2026-04-16,2015-04-16,True,17,0.41000000000000014,2015-04-16T15:00:00Z
2,2026-04-16,2015-04-16,True,18,0.96,2015-04-16T16:00:00Z
2,2026-04-16,2015-04-16,True,19,1.0299999999999994,2015-04-16T17:00:00Z
2,2026-04-16,2015-04-16,True,20,0.2400000000000002,2015-04-16T18:00:00Z
2,2026-04-16,2015-04-16,True,21,0.21499999999999986,2015-04-16T19:00:00Z
2,2026-04-16,2015-04-16,True,22,0.14500000000000046,2015-04-16T20:00:00Z
2,2026-04-16,2015-04-16,True,23,0.14499999999999957,2015-04-16T21:00:00Z
2,2026-04-17,2015-04-17,True,0,0.20500000000000007,2015-04-16T22:00:00Z
2,2026-04-17,2015-04-17,True,1,0.08499999999999996,2015-04-16T23:00:00Z
2,2026-04-17,2015-04-17,True,2,0.10500000000000043,2015-04-17T00:00:00Z
2,2026-04-17,2015-04-17,True,3,0.14499999999999957,2015-04-17T01:00:00Z
2,2026-04-17,2015-04-17,True,4,0.07000000000000028,2015-04-17T02:00:00Z
2,2026-04-17,2015-04-17,True,5,0.21500000000000075,2015-04-17T03:00:00Z
2,2026-04-17,2015-04-17,True,6,0.41499999999999915,2015-04-17T04:00:00Z
2,2026-04-17,2015-04-17,True,7,0.6750000000000007,2015-04-17T05:00:00Z
2,2026-04-17,2015-04-17,True,8,0.22499999999999964,2015-04-17T06:00:00Z
2,2026-04-17,2015-04-17,True,9,0.15499999999999936,2015-04-17T07:00:00Z
2,2026-04-17,2015-04-17,True,10,0.1349999999999998,2015-04-17T08:00:00Z
2,2026-04-17,2015-04-17,True,11,0.06500000000000128,2015-04-17T09:00:00Z
2,2026-04-17,2015-04-17,True,12,0.16999999999999993,2015-04-17T10:00:00Z
2,2026-04-17,2015-04-17,True,13,0.2649999999999988,2015-04-17T11:00:00Z
2,2026-04-17,2015-04-17,True,14,0.9800000000000004,2015-04-17T12:00:00Z
2,2026-04-17,2015-04-17,True,15,0.27500000000000036,2015-04-17T13:00:00Z
2,2026-04-17,2015-04-17,True,16,0.3949999999999996,2015-04-17T14:00:00Z
2,2026-04-17,2015-04-17,True,17,1.1850000000000005,2015-04-17T15:00:00Z
2,2026-04-17,2015-04-17,True,18,0.5899999999999999,2015-04-17T16:00:00Z
2,2026-04-17,2015-04-17,True,19,0.20500000000000007,2015-04-17T17:00:00Z
2,2026-04-17,2015-04-17,True,20,1.504999999999999,2015-04-17T18:00:00Z
2,2026-04-17,2015-04-17,True,21,1.6000000000000014,2015-04-17T19:00:00Z
2,2026-04-17,2015-04-17,True,22,1.5350000000000001,2015-04-17T20:00:00Z
2,2026-04-17,2015-04-17,True,23,0.9649999999999999,2015-04-17T21:00:00Z
2,2026-04-18,2015-04-18,True,0,0.125,2015-04-17T22:00:00Z
2,2026-04-18,2015-04-18,True,1,0.15499999999999758,2015-04-17T23:00:00Z
2,2026-04-18,2015-04-18,True,2,0.18500000000000227,2015-04-18T00:00:00Z
2,2026-04-18,2015-04-18,True,3,0.10999999999999943,2015-04-18T01:00:00Z
2,2026-04-18,2015-04-18,True,4,0.15500000000000114,2015-04-18T02:00:00Z
2,2026-04-18,2015-04-18,True,5,0.16499999999999915,2015-04-18T03:00:00Z
2,2026-04-18,2015-04-18,True,6,0.259999999999998,2015-04-18T04:00:00Z
2,2026-04-18,2015-04-18,True,7,0.5900000000000034,2015-04-18T05:00:00Z
2,2026-04-18,2015-04-18,True,8,1.0899999999999999,2015-04-18T06:00:00Z
2,2026-04-18,2015-04-18,True,9,0.16999999999999815,2015-04-18T07:00:00Z
2,2026-04-18,2015-04-18,True,10,0.20500000000000185,2015-04-18T08:00:00Z
2,2026-04-18,2015-04-18,True,11,0.25,2015-04-18T09:00:00Z
2,2026-04-18,2015-04-18,True,12,0.17499999999999716,2015-04-18T10:00:00Z
2,2026-04-18,2015-04-18,True,13,0.20000000000000284,2015-04-18T11:00:00Z
2,2026-04-18,2015-04-18,True,14,0.254999999999999,2015-04-18T12:00:00Z
2,2026-04-18,2015-04-18,True,15,0.16000000000000014,2015-04-18T13:00:00Z
2,2026-04-18,2015-04-18,True,16,0.18999999999999773,2015-04-18T14:00:00Z
2,2026-04-18,2015-04-18,True,17,0.23000000000000043,2015-04-18T15:00:00Z
2,2026-04-18,2015-04-18,True,18,0.22000000000000242,2015-04-18T16:00:00Z
2,2026-04-18,2015-04-18,True,19,1.0849999999999973,2015-04-18T17:00:00Z
2,2026-04-18,2015-04-18,True,20,1.2800000000000011,2015-04-18T18:00:00Z
2,2026-04-18,2015-04-18,True,21,1.0700000000000003,2015-04-18T19:00:00Z
2,2026-04-18,2015-04-18,True,22,1.6400000000000006,2015-04-18T20:00:00Z
2,2026-04-18,2015-04-18,True,23,0.6099999999999994,2015-04-18T21:00:00Z
2,2026-04-19,2015-04-19,True,0,0.09499999999999886,2015-04-18T22:00:00Z
2,2026-04-19,2015-04-19,True,1,0.1700000000000017,2015-04-18T23:00:00Z
2,2026-04-19,2015-04-19,True,2,0.125,2015-04-19T00:00:00Z
2,2026-04-19,2015-04-19,True,3,0.09499999999999886,2015-04-19T01:00:00Z
2,2026-04-19,2015-04-19,True,4,0.1700000000000017,2015-04-19T02:00:00Z
2,2026-04-19,2015-04-19,True,5,0.08999999999999986,2015-04-19T03:00:00Z
2,2026-04-19,2015-04-19,True,6,0.2699999999999996,2015-04-19T04:00:00Z
2,2026-04-19,2015-04-19,True,7,1.6499999999999986,2015-04-19T05:00:00Z
2,2026-04-19,2015-04-19,True,8,1.4450000000000003,2015-04-19T06:00:00Z
2,2026-04-19,2015-04-19,True,9,0.32500000000000284,2015-04-19T07:00:00Z
2,2026-04-19,2015-04-19,True,10,0.22999999999999687,2015-04-19T08:00:00Z
2,2026-04-19,2015-04-19,True,11,0.16499999999999915,2015-04-19T09:00:00Z
2,2026-04-19,2015-04-19,True,12,0.2150000000000034,2015-04-19T10:00:00Z
2,2026-04-19,2015-04-19,True,13,0.21000000000000085,2015-04-19T11:00:00Z
2,2026-04-19,2015-04-19,True,14,0.1599999999999966,2015-04-19T12:00:00Z
2,2026-04-19,2015-04-19,True,15,0.17999999999999972,2015-04-19T13:00:00Z
2,2026-04-19,2015-04-19,True,16,0.30000000000000426,2015-04-19T14:00:00Z
2,2026-04-19,2015-04-19,True,17,0.29999999999999716,2015-04-19T15:00:00Z
2,2026-04-19,2015-04-19,True,18,0.3049999999999997,2015-04-19T16:00:00Z
2,2026-04-19,2015-04-19,True,19,0.2749999999999986,2015-04-19T17:00:00Z
2,2026-04-19,2015-04-19,True,20,0.365000000000002,2015-04-19T18:00:00Z
2,2026-04-19,2015-04-19,True,21,0.875,2015-04-19T19:00:00Z
2,2026-04-19,2015-04-19,True,22,1.5799999999999983,2015-04-19T20:00:00Z
2,2026-04-19,2015-04-19,True,23,0.3200000000000003,2015-04-19T21:00:00Z
2,2026-04-20,2015-04-20,True,0,0.17999999999999972,2015-04-19T22:00:00Z
2,2026-04-20,2015-04-20,True,1,0.09000000000000341,2015-04-19T23:00:00Z
2,2026-04-20,2015-04-20,True,2,0.14000000000000057,2015-04-20T00:00:00Z
2,2026-04-20,2015-04-20,True,3,0.15499999999999403,2015-04-20T01:00:00Z
2,2026-04-20,2015-04-20,True,4,0.0800000000000054,2015-04-20T02:00:00Z
2,2026-04-20,2015-04-20,True,5,0.269999999999996,2015-04-20T03:00:00Z
2,2026-04-20,2015-04-20,True,6,0.24500000000000455,2015-04-20T04:00:00Z
2,2026-04-20,2015-04-20,True,7,1.5399999999999991,2015-04-20T05:00:00Z
2,2026-04-20,2015-04-20,True,8,1.7849999999999966,2015-04-20T06:00:00Z
2,2026-04-20,2015-04-20,True,9,1.4400000000000048,2015-04-20T07:00:00Z
2,2026-04-20,2015-04-20,True,10,0.125,2015-04-20T08:00:00Z
2,2026-04-20,2015-04-20,True,11,0.11999999999999744,2015-04-20T09:00:00Z
2,2026-04-20,2015-04-20,True,12,0.14999999999999858,2015-04-20T10:00:00Z
2,2026-04-20,2015-04-20,True,13,0.07500000000000284,2015-04-20T11:00:00Z
2,2026-04-20,2015-04-20,True,14,0.10499999999999687,2015-04-20T12:00:00Z
2,2026-04-20,2015-04-20,True,15,0.22500000000000142,2015-04-20T13:00:00Z
2,2026-04-20,2015-04-20,True,16,0.14999999999999858,2015-04-20T14:00:00Z
2,2026-04-20,2015-04-20,True,17,0.240000000000002,2015-04-20T15:00:00Z
2,2026-04-20,2015-04-20,True,18,0.25499999999999545,2015-04-20T16:00:00Z
2,2026-04-20,2015-04-20,True,19,0.21000000000000085,2015-04-20T17:00:00Z
2,2026-04-20,2015-04-20,True,20,0.26500000000000057,2015-04-20T18:00:00Z
2,2026-04-20,2015-04-20,True,21,0.7950000000000017,2015-04-20T19:00:00Z
2,2026-04-20,2015-04-20,True,22,0.8049999999999997,2015-04-20T20:00:00Z
2,2026-04-20,2015-04-20,True,23,0.14500000000000313,2015-04-20T21:00:00Z
2,2026-04-21,2015-04-21,True,0,0.10499999999999687,2015-04-20T22:00:00Z
2,2026-04-21,2015-04-21,True,1,0.07500000000000284,2015-04-20T23:00:00Z
2,2026-04-21,2015-04-21,True,2,0.14999999999999858,2015-04-21T00:00:00Z
2,2026-04-21,2015-04-21,True,3,0.07499999999999574,2015-04-21T01:00:00Z
2,2026-04-21,2015-04-21,True,4,0.07000000000000028,2015-04-21T02:00:00Z
2,2026-04-21,2015-04-21,True,5,0.32500000000000284,2015-04-21T03:00:00Z
2,2026-04-21,2015-04-21,True,6,0.21999999999999886,2015-04-21T04:00:00Z
2,2026-04-21,2015-04-21,True,7,0.1700000000000017,2015-04-21T05:00:00Z
2,2026-04-21,2015-04-21,True,8,0.20000000000000284,2015-04-21T06:00:00Z
2,2026-04-21,2015-04-21,True,9,0.10499999999999687,2015-04-21T07:00:00Z
2,2026-04-21,2015-04-21,True,10,0.09499999999999886,2015-04-21T08:00:00Z
2,2026-04-21,2015-04-21,True,11,0.134999999999998,2015-04-21T09:00:00Z
2,2026-04-21,2015-04-21,True,12,0.07000000000000028,2015-04-21T10:00:00Z
2,2026-04-21,2015-04-21,True,13,0.08500000000000085,2015-04-21T11:00:00Z
2,2026-04-21,2015-04-21,True,14,0.14000000000000057,2015-04-21T12:00:00Z
2,2026-04-21,2015-04-21,True,15,0.134999999999998,2015-04-21T13:00:00Z
2,2026-04-21,2015-04-21,True,16,0.31500000000000483,2015-04-21T14:00:00Z
2,2026-04-21,2015-04-21,True,17,0.3999999999999986,2015-04-21T15:00:00Z
2,2026-04-21,2015-04-21,True,18,0.17499999999999716,2015-04-21T16:00:00Z
2,2026-04-21,2015-04-21,True,19,0.14500000000000313,2015-04-21T17:00:00Z
2,2026-04-21,2015-04-21,True,20,0.2149999999999963,2015-04-21T18:00:00Z
2,2026-04-21,2015-04-21,True,21,0.18500000000000227,2015-04-21T19:00:00Z
2,2026-04-21,2015-04-21,True,22,0.14500000000000313,2015-04-21T20:00:00Z
2,2026-04-21,2015-04-21,True,23,0.07499999999999574,2015-04-21T21:00:00Z
2,2026-04-22,2016-04-27,True,0,0.04999999999972715,2016-04-26T22:00:00Z
2,2026-04-22,2016-04-27,True,1,0.09000000000014552,2016-04-26T23:00:00Z
2,2026-04-22,2016-04-27,True,2,0.17000000000007276,2016-04-27T00:00:00Z
2,2026-04-22,2016-04-27,True,3,0.15000000000009095,2016-04-27T01:00:00Z
2,2026-04-22,2016-04-27,True,4,0.08999999999969077,2016-04-27T02:00:00Z
2,2026-04-22,2016-04-27,True,5,0.125,2016-04-27T03:00:00Z
2,2026-04-22,2016-04-27,True,6,0.1950000000001637,2016-04-27T04:00:00Z
2,2026-04-22,2016-04-27,True,7,0.25,2016-04-27T05:00:00Z
2,2026-04-22,2016-04-27,True,8,0.20499999999992724,2016-04-27T06:00:00Z
2,2026-04-22,2016-04-27,True,9,0.1449999999999818,2016-04-27T07:00:00Z
2,2026-04-22,2016-04-27,True,10,0.09999999999990905,2016-04-27T08:00:00Z
2,2026-04-22,2016-04-27,True,11,0.12000000000034561,2016-04-27T09:00:00Z
2,2026-04-22,2016-04-27,True,12,0.18999999999959982,2016-04-27T10:00:00Z
2,2026-04-22,2016-04-27,True,13,0.19000000000005457,2016-04-27T11:00:00Z
2,2026-04-22,2016-04-27,True,14,0.12000000000034561,2016-04-27T12:00:00Z
2,2026-04-22,2016-04-27,True,15,0.07999999999992724,2016-04-27T13:00:00Z
2,2026-04-22,2016-04-27,True,16,0.19000000000005457,2016-04-27T14:00:00Z
2,2026-04-22,2016-04-27,True,17,0.15499999999974534,2016-04-27T15:00:00Z
2,2026-04-22,2016-04-27,True,18,0.2600000000002183,2016-04-27T16:00:00Z
2,2026-04-22,2016-04-27,True,19,0.23499999999967258,2016-04-27T17:00:00Z
2,2026-04-22,2016-04-27,True,20,0.8500000000003638,2016-04-27T18:00:00Z
2,2026-04-22,2016-04-27,True,21,0.8599999999996726,2016-04-27T19:00:00Z
2,2026-04-22,2016-04-27,True,22,0.24000000000023647,2016-04-27T20:00:00Z
2,2026-04-22,2016-04-27,True,23,0.1799999999998363,2016-04-27T21:00:00Z
2,2026-04-23,2015-04-23,True,0,0.10999999999999943,2015-04-22T22:00:00Z
2,2026-04-23,2015-04-23,True,1,0.06499999999999773,2015-04-22T23:00:00Z
2,2026-04-23,2015-04-23,True,2,0.14999999999999858,2015-04-23T00:00:00Z
2,2026-04-23,2015-04-23,True,3,0.07500000000000284,2015-04-23T01:00:00Z
2,2026-04-23,2015-04-23,True,4,0.08500000000000085,2015-04-23T02:00:00Z
2,2026-04-23,2015-04-23,True,5,0.29999999999999716,2015-04-23T03:00:00Z
2,2026-04-23,2015-04-23,True,6,0.15000000000000568,2015-04-23T04:00:00Z
2,2026-04-23,2015-04-23,True,7,0.17999999999999972,2015-04-23T05:00:00Z
2,2026-04-23,2015-04-23,True,8,0.20999999999999375,2015-04-23T06:00:00Z
2,2026-04-23,2015-04-23,True,9,0.09500000000000597,2015-04-23T07:00:00Z
2,2026-04-23,2015-04-23,True,10,0.09499999999999886,2015-04-23T08:00:00Z
2,2026-04-23,2015-04-23,True,11,0.14000000000000057,2015-04-23T09:00:00Z
2,2026-04-23,2015-04-23,True,12,0.07499999999999574,2015-04-23T10:00:00Z
2,2026-04-23,2015-04-23,True,13,0.07500000000000284,2015-04-23T11:00:00Z
2,2026-04-23,2015-04-23,True,14,0.14999999999999858,2015-04-23T12:00:00Z
2,2026-04-23,2015-04-23,True,15,0.14000000000000057,2015-04-23T13:00:00Z
2,2026-04-23,2015-04-23,True,16,0.1599999999999966,2015-04-23T14:00:00Z
2,2026-04-23,2015-04-23,True,17,0.8000000000000043,2015-04-23T15:00:00Z
2,2026-04-23,2015-04-23,True,18,0.7250000000000014,2015-04-23T16:00:00Z
2,2026-04-23,2015-04-23,True,19,0.6049999999999969,2015-04-23T17:00:00Z
2,2026-04-23,2015-04-23,True,20,0.6649999999999991,2015-04-23T18:00:00Z
2,2026-04-23,2015-04-23,True,21,0.23499999999999943,2015-04-23T19:00:00Z
2,2026-04-23,2015-04-23,True,22,0.21000000000000085,2015-04-23T20:00:00Z
2,2026-04-23,2015-04-23,True,23,0.125,2015-04-23T21:00:00Z
2,2026-04-24,2015-04-24,True,0,0.08500000000000085,2015-04-23T22:00:00Z
2,2026-04-24,2015-04-24,True,1,0.1700000000000017,2015-04-23T23:00:00Z
2,2026-04-24,2015-04-24,True,2,0.09499999999999886,2015-04-24T00:00:00Z
2,2026-04-24,2015-04-24,True,3,0.07500000000000284,2015-04-24T01:00:00Z
2,2026-04-24,2015-04-24,True,4,0.14000000000000057,2015-04-24T02:00:00Z
2,2026-04-24,2015-04-24,True,5,0.23999999999999488,2015-04-24T03:00:00Z
2,2026-04-24,2015-04-24,True,6,0.22500000000000142,2015-04-24T04:00:00Z
2,2026-04-24,2015-04-24,True,7,0.2049999999999983,2015-04-24T05:00:00Z
2,2026-04-24,2015-04-24,True,8,0.13000000000000256,2015-04-24T06:00:00Z
2,2026-04-24,2015-04-24,True,9,0.14000000000000057,2015-04-24T07:00:00Z
2,2026-04-24,2015-04-24,True,10,0.14000000000000057,2015-04-24T08:00:00Z
2,2026-04-24,2015-04-24,True,11,0.09000000000000341,2015-04-24T09:00:00Z
2,2026-04-24,2015-04-24,True,12,0.0899999999999892,2015-04-24T10:00:00Z
2,2026-04-24,2015-04-24,True,13,0.8800000000000097,2015-04-24T11:00:00Z
2,2026-04-24,2015-04-24,True,14,0.28000000000000114,2015-04-24T12:00:00Z
2,2026-04-24,2015-04-24,True,15,0.22499999999999432,2015-04-24T13:00:00Z
2,2026-04-24,2015-04-24,True,16,1.8799999999999955,2015-04-24T14:00:00Z
2,2026-04-24,2015-04-24,True,17,0.7400000000000091,2015-04-24T15:00:00Z
2,2026-04-24,2015-04-24,True,18,0.15500000000000114,2015-04-24T16:00:00Z
2,2026-04-24,2015-04-24,True,19,0.9099999999999966,2015-04-24T17:00:00Z
2,2026-04-24,2015-04-24,True,20,0.9099999999999966,2015-04-24T18:00:00Z
2,2026-04-24,2015-04-24,True,21,0.21999999999999886,2015-04-24T19:00:00Z
2,2026-04-24,2015-04-24,True,22,0.2600000000000051,2015-04-24T20:00:00Z
2,2026-04-24,2015-04-24,True,23,0.14000000000000057,2015-04-24T21:00:00Z
2,2026-04-25,2015-04-25,True,0,0.06499999999999773,2015-04-24T22:00:00Z
2,2026-04-25,2015-04-25,True,1,0.14499999999999602,2015-04-24T23:00:00Z
2,2026-04-25,2015-04-25,True,2,0.14000000000000057,2015-04-25T00:00:00Z
2,2026-04-25,2015-04-25,True,3,0.07000000000000739,2015-04-25T01:00:00Z
2,2026-04-25,2015-04-25,True,4,0.125,2015-04-25T02:00:00Z
2,2026-04-25,2015-04-25,True,5,0.125,2015-04-25T03:00:00Z
2,2026-04-25,2015-04-25,True,6,0.21999999999999886,2015-04-25T04:00:00Z
2,2026-04-25,2015-04-25,True,7,0.2950000000000017,2015-04-25T05:00:00Z
2,2026-04-25,2015-04-25,True,8,0.8299999999999983,2015-04-25T06:00:00Z
2,2026-04-25,2015-04-25,True,9,2.039999999999992,2015-04-25T07:00:00Z
2,2026-04-25,2015-04-25,True,10,1.1899999999999977,2015-04-25T08:00:00Z
2,2026-04-25,2015-04-25,True,11,0.45000000000000284,2015-04-25T09:00:00Z
2,2026-04-25,2015-04-25,True,12,0.15500000000000114,2015-04-25T10:00:00Z
2,2026-04-25,2015-04-25,True,13,0.23499999999999943,2015-04-25T11:00:00Z
2,2026-04-25,2015-04-25,True,14,0.2150000000000034,2015-04-25T12:00:00Z
2,2026-04-25,2015-04-25,True,15,0.07500000000000284,2015-04-25T13:00:00Z
2,2026-04-25,2015-04-25,True,16,0.09999999999999432,2015-04-25T14:00:00Z
2,2026-04-25,2015-04-25,True,17,0.15500000000000114,2015-04-25T15:00:00Z
2,2026-04-25,2015-04-25,True,18,0.11499999999999488,2015-04-25T16:00:00Z
2,2026-04-25,2015-04-25,True,19,0.2950000000000017,2015-04-25T17:00:00Z
2,2026-04-25,2015-04-25,True,20,0.3050000000000068,2015-04-25T18:00:00Z
2,2026-04-25,2015-04-25,True,21,0.2749999999999915,2015-04-25T19:00:00Z
2,2026-04-25,2015-04-25,True,22,0.18000000000000682,2015-04-25T20:00:00Z
2,2026-04-25,2015-04-25,True,23,0.1700000000000017,2015-04-25T21:00:00Z
2,2026-04-26,2015-04-26,True,0,0.12999999999999545,2015-04-25T22:00:00Z
2,2026-04-26,2015-04-26,True,1,0.07500000000000284,2015-04-25T23:00:00Z
2,2026-04-26,2015-04-26,True,2,0.11499999999999488,2015-04-26T00:00:00Z
2,2026-04-26,2015-04-26,True,3,0.15000000000000568,2015-04-26T01:00:00Z
2,2026-04-26,2015-04-26,True,4,0.09000000000000341,2015-04-26T02:00:00Z
2,2026-04-26,2015-04-26,True,5,0.07500000000000284,2015-04-26T03:00:00Z
2,2026-04-26,2015-04-26,True,6,0.2799999999999869,2015-04-26T04:00:00Z
2,2026-04-26,2015-04-26,True,7,0.41500000000000625,2015-04-26T05:00:00Z
2,2026-04-26,2015-04-26,True,8,0.18500000000000227,2015-04-26T06:00:00Z
2,2026-04-26,2015-04-26,True,9,0.9449999999999932,2015-04-26T07:00:00Z
2,2026-04-26,2015-04-26,True,10,0.5350000000000108,2015-04-26T08:00:00Z
2,2026-04-26,2015-04-26,True,11,1.6049999999999898,2015-04-26T09:00:00Z
2,2026-04-26,2015-04-26,True,12,0.2600000000000051,2015-04-26T10:00:00Z
2,2026-04-26,2015-04-26,True,13,0.7849999999999966,2015-04-26T11:00:00Z
2,2026-04-26,2015-04-26,True,14,0.519999999999996,2015-04-26T12:00:00Z
2,2026-04-26,2015-04-26,True,15,0.7600000000000051,2015-04-26T13:00:00Z
2,2026-04-26,2015-04-26,True,16,0.3299999999999983,2015-04-26T14:00:00Z
2,2026-04-26,2015-04-26,True,17,0.4900000000000091,2015-04-26T15:00:00Z
2,2026-04-26,2015-04-26,True,18,0.22499999999999432,2015-04-26T16:00:00Z
2,2026-04-26,2015-04-26,True,19,0.2849999999999966,2015-04-26T17:00:00Z
2,2026-04-26,2015-04-26,True,20,0.2750000000000057,2015-04-26T18:00:00Z
2,2026-04-26,2015-04-26,True,21,0.18999999999999773,2015-04-26T19:00:00Z
2,2026-04-26,2015-04-26,True,22,0.19499999999999318,2015-04-26T20:00:00Z
2,2026-04-26,2015-04-26,True,23,0.13500000000000512,2015-04-26T21:00:00Z
2,2026-04-27,2015-04-27,True,0,0.08500000000000796,2015-04-26T22:00:00Z
2,2026-04-27,2015-04-27,True,1,0.13999999999998636,2015-04-26T23:00:00Z
2,2026-04-27,2015-04-27,True,2,0.16500000000000625,2015-04-27T00:00:00Z
2,2026-04-27,2015-04-27,True,3,0.07500000000000284,2015-04-27T01:00:00Z
2,2026-04-27,2015-04-27,True,4,0.10999999999999943,2015-04-27T02:00:00Z
2,2026-04-27,2015-04-27,True,5,0.269999999999996,2015-04-27T03:00:00Z
2,2026-04-27,2015-04-27,True,6,0.18000000000000682,2015-04-27T04:00:00Z
2,2026-04-27,2015-04-27,True,7,0.18500000000000227,2015-04-27T05:00:00Z
2,2026-04-27,2015-04-27,True,8,0.21999999999999886,2015-04-27T06:00:00Z
2,2026-04-27,2015-04-27,True,9,0.125,2015-04-27T07:00:00Z
2,2026-04-27,2015-04-27,True,10,0.10499999999998977,2015-04-27T08:00:00Z
2,2026-04-27,2015-04-27,True,11,0.1600000000000108,2015-04-27T09:00:00Z
2,2026-04-27,2015-04-27,True,12,0.125,2015-04-27T10:00:00Z
2,2026-04-27,2015-04-27,True,13,0.0799999999999983,2015-04-27T11:00:00Z
2,2026-04-27,2015-04-27,True,14,0.1349999999999909,2015-04-27T12:00:00Z
2,2026-04-27,2015-04-27,True,15,0.21000000000000796,2015-04-27T13:00:00Z
2,2026-04-27,2015-04-27,True,16,0.11499999999999488,2015-04-27T14:00:00Z
2,2026-04-27,2015-04-27,True,17,0.17499999999999716,2015-04-27T15:00:00Z
2,2026-04-27,2015-04-27,True,18,0.21999999999999886,2015-04-27T16:00:00Z
2,2026-04-27,2015-04-27,True,19,0.2750000000000057,2015-04-27T17:00:00Z
2,2026-04-27,2015-04-27,True,20,0.3100000000000023,2015-04-27T18:00:00Z
2,2026-04-27,2015-04-27,True,21,0.2950000000000017,2015-04-27T19:00:00Z
2,2026-04-27,2015-04-27,True,22,0.23499999999999943,2015-04-27T20:00:00Z
2,2026-04-27,2015-04-27,True,23,0.125,2015-04-27T21:00:00Z
2,2026-04-28,2015-04-28,True,0,0.08499999999999375,2015-04-27T22:00:00Z
2,2026-04-28,2015-04-28,True,1,0.15500000000000114,2015-04-27T23:00:00Z
2,2026-04-28,2015-04-28,True,2,0.11499999999999488,2015-04-28T00:00:00Z
2,2026-04-28,2015-04-28,True,3,0.07000000000000739,2015-04-28T01:00:00Z
2,2026-04-28,2015-04-28,True,4,0.14000000000000057,2015-04-28T02:00:00Z
2,2026-04-28,2015-04-28,True,5,0.28000000000000114,2015-04-28T03:00:00Z
2,2026-04-28,2015-04-28,True,6,0.1599999999999966,2015-04-28T04:00:00Z
2,2026-04-28,2015-04-28,True,7,0.24500000000000455,2015-04-28T05:00:00Z
2,2026-04-28,2015-04-28,True,8,0.1349999999999909,2015-04-28T06:00:00Z
2,2026-04-28,2015-04-28,True,9,0.14500000000001023,2015-04-28T07:00:00Z
2,2026-04-28,2015-04-28,True,10,0.14999999999999147,2015-04-28T08:00:00Z
2,2026-04-28,2015-04-28,True,11,0.06499999999999773,2015-04-28T09:00:00Z
2,2026-04-28,2015-04-28,True,12,0.1150000000000091,2015-04-28T10:00:00Z
2,2026-04-28,2015-04-28,True,13,0.15500000000000114,2015-04-28T11:00:00Z
2,2026-04-28,2015-04-28,True,14,0.0799999999999983,2015-04-28T12:00:00Z
2,2026-04-28,2015-04-28,True,15,0.7450000000000045,2015-04-28T13:00:00Z
2,2026-04-28,2015-04-28,True,16,0.8799999999999955,2015-04-28T14:00:00Z
2,2026-04-28,2015-04-28,True,17,1.0049999999999955,2015-04-28T15:00:00Z
2,2026-04-28,2015-04-28,True,18,0.48499999999999943,2015-04-28T16:00:00Z
2,2026-04-28,2015-04-28,True,19,0.21000000000000796,2015-04-28T17:00:00Z
2,2026-04-28,2015-04-28,True,20,0.2849999999999966,2015-04-28T18:00:00Z
2,2026-04-28,2015-04-28,True,21,0.2749999999999915,2015-04-28T19:00:00Z
2,2026-04-28,2015-04-28,True,22,0.16500000000000625,2015-04-28T20:00:00Z
2,2026-04-28,2015-04-28,True,23,0.15000000000000568,2015-04-28T21:00:00Z
2,2026-04-29,2015-04-29,True,0,0.0899999999999892,2015-04-28T22:00:00Z
2,2026-04-29,2015-04-29,True,1,0.1150000000000091,2015-04-28T23:00:00Z
2,2026-04-29,2015-04-29,True,2,0.125,2015-04-29T00:00:00Z
2,2026-04-29,2015-04-29,True,3,0.06499999999999773,2015-04-29T01:00:00Z
2,2026-04-29,2015-04-29,True,4,0.1599999999999966,2015-04-29T02:00:00Z
2,2026-04-29,2015-04-29,True,5,0.2400000000000091,2015-04-29T03:00:00Z
2,2026-04-29,2015-04-29,True,6,0.22499999999999432,2015-04-29T04:00:00Z
2,2026-04-29,2015-04-29,True,7,0.2150000000000034,2015-04-29T05:00:00Z
2,2026-04-29,2015-04-29,True,8,0.1599999999999966,2015-04-29T06:00:00Z
2,2026-04-29,2015-04-29,True,9,0.12999999999999545,2015-04-29T07:00:00Z
2,2026-04-29,2015-04-29,True,10,0.14000000000000057,2015-04-29T08:00:00Z
2,2026-04-29,2015-04-29,True,11,0.0799999999999983,2015-04-29T09:00:00Z
2,2026-04-29,2015-04-29,True,12,0.10999999999999943,2015-04-29T10:00:00Z
2,2026-04-29,2015-04-29,True,13,0.14000000000000057,2015-04-29T11:00:00Z
2,2026-04-29,2015-04-29,True,14,0.07500000000000284,2015-04-29T12:00:00Z
2,2026-04-29,2015-04-29,True,15,0.15500000000000114,2015-04-29T13:00:00Z
2,2026-04-29,2015-04-29,True,16,0.23999999999999488,2015-04-29T14:00:00Z
2,2026-04-29,2015-04-29,True,17,0.8400000000000034,2015-04-29T15:00:00Z
2,2026-04-29,2015-04-29,True,18,0.3050000000000068,2015-04-29T16:00:00Z
2,2026-04-29,2015-04-29,True,19,0.7399999999999949,2015-04-29T17:00:00Z
2,2026-04-29,2015-04-29,True,20,0.4899999999999949,2015-04-29T18:00:00Z
2,2026-04-29,2015-04-29,True,21,0.7050000000000125,2015-04-29T19:00:00Z
2,2026-04-29,2015-04-29,True,22,0.14499999999999602,2015-04-29T20:00:00Z
2,2026-04-29,2015-04-29,True,23,0.10999999999999943,2015-04-29T21:00:00Z
2,2026-04-30,2015-04-30,True,0,0.14499999999999602,2015-04-29T22:00:00Z
2,2026-04-30,2015-04-30,True,1,0.06499999999999773,2015-04-29T23:00:00Z
2,2026-04-30,2015-04-30,True,2,0.1150000000000091,2015-04-30T00:00:00Z
2,2026-04-30,2015-04-30,True,3,0.14499999999999602,2015-04-30T01:00:00Z
2,2026-04-30,2015-04-30,True,4,0.07500000000000284,2015-04-30T02:00:00Z
2,2026-04-30,2015-04-30,True,5,0.23499999999999943,2015-04-30T03:00:00Z
2,2026-04-30,2015-04-30,True,6,0.36999999999999034,2015-04-30T04:00:00Z
2,2026-04-30,2015-04-30,True,7,0.1700000000000017,2015-04-30T05:00:00Z
2,2026-04-30,2015-04-30,True,8,0.15500000000000114,2015-04-30T06:00:00Z
2,2026-04-30,2015-04-30,True,9,0.20000000000000284,2015-04-30T07:00:00Z
2,2026-04-30,2015-04-30,True,10,0.09499999999999886,2015-04-30T08:00:00Z
2,2026-04-30,2015-04-30,True,11,0.08500000000000796,2015-04-30T09:00:00Z
2,2026-04-30,2015-04-30,True,12,0.1699999999999875,2015-04-30T10:00:00Z
2,2026-04-30,2015-04-30,True,13,0.125,2015-04-30T11:00:00Z
2,2026-04-30,2015-04-30,True,14,0.09500000000001307,2015-04-30T12:00:00Z
2,2026-04-30,2015-04-30,True,15,1.0349999999999966,2015-04-30T13:00:00Z
2,2026-04-30,2015-04-30,True,16,0.5,2015-04-30T14:00:00Z
2,2026-04-30,2015-04-30,True,17,0.4749999999999943,2015-04-30T15:00:00Z
2,2026-04-30,2015-04-30,True,18,0.5949999999999989,2015-04-30T16:00:00Z
2,2026-04-30,2015-04-30,True,19,0.20000000000000284,2015-04-30T17:00:00Z
2,2026-04-30,2015-04-30,True,20,0.2849999999999966,2015-04-30T18:00:00Z
2,2026-04-30,2015-04-30,True,21,0.33500000000000796,2015-04-30T19:00:00Z
2,2026-04-30,2015-04-30,True,22,0.19499999999999318,2015-04-30T20:00:00Z
2,2026-04-30,2015-04-30,True,23,0.12000000000000455,2015-04-30T21:00:00Z
2,2026-07-01,2015-07-01,True,0,0.15999999999996817,2015-06-30T22:00:00Z
2,2026-07-01,2015-07-01,True,1,0.160000000000025,2015-06-30T23:00:00Z
2,2026-07-01,2015-07-01,True,2,0.14299999999997226,2015-07-01T00:00:00Z
2,2026-07-01,2015-07-01,True,3,0.06999999999999318,2015-07-01T01:00:00Z
2,2026-07-01,2015-07-01,True,4,0.10700000000002774,2015-07-01T02:00:00Z
2,2026-07-01,2015-07-01,True,5,0.2529999999999859,2015-07-01T03:00:00Z
2,2026-07-01,2015-07-01,True,6,0.15800000000001546,2015-07-01T04:00:00Z
2,2026-07-01,2015-07-01,True,7,0.1419999999999959,2015-07-01T05:00:00Z
2,2026-07-01,2015-07-01,True,8,0.08999999999997499,2015-07-01T06:00:00Z
2,2026-07-01,2015-07-01,True,9,0.08700000000004593,2015-07-01T07:00:00Z
2,2026-07-01,2015-07-01,True,10,0.15999999999996817,2015-07-01T08:00:00Z
2,2026-07-01,2015-07-01,True,11,0.13999999999998636,2015-07-01T09:00:00Z
2,2026-07-01,2015-07-01,True,12,0.1500000000000341,2015-07-01T10:00:00Z
2,2026-07-01,2015-07-01,True,13,0.11299999999999955,2015-07-01T11:00:00Z
2,2026-07-01,2015-07-01,True,14,0.06999999999999318,2015-07-01T12:00:00Z
2,2026-07-01,2015-07-01,True,15,0.16500000000002046,2015-07-01T13:00:00Z
2,2026-07-01,2015-07-01,True,16,0.17199999999996862,2015-07-01T14:00:00Z
2,2026-07-01,2015-07-01,True,17,1.5,2015-07-01T15:00:00Z
2,2026-07-01,2015-07-01,True,18,0.2599999999999909,2015-07-01T16:00:00Z
2,2026-07-01,2015-07-01,True,19,0.20100000000002183,2015-07-01T17:00:00Z
2,2026-07-01,2015-07-01,True,20,0.10199999999997544,2015-07-01T18:00:00Z
2,2026-07-01,2015-07-01,True,21,0.1400000000000432,2015-07-01T19:00:00Z
2,2026-07-01,2015-07-01,True,22,0.15699999999998226,2015-07-01T20:00:00Z
2,2026-07-01,2015-07-01,True,23,0.17300000000000182,2015-07-01T21:00:00Z
2,2026-07-02,2015-07-02,True,0,0.14999999999997726,2015-07-01T22:00:00Z
2,2026-07-02,2015-07-02,True,1,0.08000000000004093,2015-07-01T23:00:00Z
2,2026-07-02,2015-07-02,True,2,0.08699999999998909,2015-07-02T00:00:00Z
2,2026-07-02,2015-07-02,True,3,0.15299999999996317,2015-07-02T01:00:00Z
2,2026-07-02,2015-07-02,True,4,0.1570000000000391,2015-07-02T02:00:00Z
2,2026-07-02,2015-07-02,True,5,0.19299999999998363,2015-07-02T03:00:00Z
2,2026-07-02,2015-07-02,True,6,0.07999999999998408,2015-07-02T04:00:00Z
2,2026-07-02,2015-07-02,True,7,0.14699999999999136,2015-07-02T05:00:00Z
2,2026-07-02,2015-07-02,True,8,0.18000000000000682,2015-07-02T06:00:00Z
2,2026-07-02,2015-07-02,True,9,0.1430000000000291,2015-07-02T07:00:00Z
2,2026-07-02,2015-07-02,True,10,0.14999999999997726,2015-07-02T08:00:00Z
2,2026-07-02,2015-07-02,True,11,0.12700000000000955,2015-07-02T09:00:00Z
2,2026-07-02,2015-07-02,True,12,0.060000000000002274,2015-07-02T10:00:00Z
2,2026-07-02,2015-07-02,True,13,0.12999999999999545,2015-07-02T11:00:00Z
2,2026-07-02,2015-07-02,True,14,0.13999999999998636,2015-07-02T12:00:00Z
2,2026-07-02,2015-07-02,True,15,0.21100000000001273,2015-07-02T13:00:00Z
2,2026-07-02,2015-07-02,True,16,0.7869999999999777,2015-07-02T14:00:00Z
2,2026-07-02,2015-07-02,True,17,1.5670000000000073,2015-07-02T15:00:00Z
2,2026-07-02,2015-07-02,True,18,0.8450000000000273,2015-07-02T16:00:00Z
2,2026-07-02,2015-07-02,True,19,0.5999999999999659,2015-07-02T17:00:00Z
2,2026-07-02,2015-07-02,True,20,0.18100000000004002,2015-07-02T18:00:00Z
2,2026-07-02,2015-07-02,True,21,0.2769999999999868,2015-07-02T19:00:00Z
2,2026-07-02,2015-07-02,True,22,0.26200000000000045,2015-07-02T20:00:00Z
2,2026-07-02,2015-07-02,True,23,0.11299999999999955,2015-07-02T21:00:00Z
2,2026-07-03,2015-07-03,True,0,0.13700000000000045,2015-07-02T22:00:00Z
2,2026-07-03,2015-07-03,True,1,0.17000000000001592,2015-07-02T23:00:00Z
2,2026-07-03,2015-07-03,True,2,0.16300000000001091,2015-07-03T00:00:00Z
2,2026-07-03,2015-07-03,True,3,0.1069999999999709,2015-07-03T01:00:00Z
2,2026-07-03,2015-07-03,True,4,0.12000000000000455,2015-07-03T02:00:00Z
2,2026-07-03,2015-07-03,True,5,0.2529999999999859,2015-07-03T03:00:00Z
2,2026-07-03,2015-07-03,True,6,0.14800000000002456,2015-07-03T04:00:00Z
2,2026-07-03,2015-07-03,True,7,0.132000000000005,2015-07-03T05:00:00Z
2,2026-07-03,2015-07-03,True,8,0.08699999999998909,2015-07-03T06:00:00Z
2,2026-07-03,2015-07-03,True,9,0.15999999999996817,2015-07-03T07:00:00Z
2,2026-07-03,2015-07-03,True,10,0.1500000000000341,2015-07-03T08:00:00Z
2,2026-07-03,2015-07-03,True,11,0.13299999999998136,2015-07-03T09:00:00Z
2,2026-07-03,2015-07-03,True,12,0.25200000000000955,2015-07-03T10:00:00Z
2,2026-07-03,2015-07-03,True,13,0.9879999999999995,2015-07-03T11:00:00Z
2,2026-07-03,2015-07-03,True,14,0.6499999999999773,2015-07-03T12:00:00Z
2,2026-07-03,2015-07-03,True,15,0.12700000000000955,2015-07-03T13:00:00Z
2,2026-07-03,2015-07-03,True,16,0.17000000000001592,2015-07-03T14:00:00Z
2,2026-07-03,2015-07-03,True,17,0.16100000000000136,2015-07-03T15:00:00Z
2,2026-07-03,2015-07-03,True,18,0.16899999999998272,2015-07-03T16:00:00Z
2,2026-07-03,2015-07-03,True,19,0.13999999999998636,2015-07-03T17:00:00Z
2,2026-07-03,2015-07-03,True,20,0.09000000000003183,2015-07-03T18:00:00Z
2,2026-07-03,2015-07-03,True,21,0.15999999999996817,2015-07-03T19:00:00Z
2,2026-07-03,2015-07-03,True,22,0.17000000000001592,2015-07-03T20:00:00Z
2,2026-07-03,2015-07-03,True,23,0.17000000000001592,2015-07-03T21:00:00Z
2,2026-07-04,2015-07-04,True,0,0.17000000000001592,2015-07-03T22:00:00Z
2,2026-07-04,2015-07-04,True,1,0.15299999999996317,2015-07-03T23:00:00Z
2,2026-07-04,2015-07-04,True,2,0.12999999999999545,2015-07-04T00:00:00Z
2,2026-07-04,2015-07-04,True,3,0.08000000000004093,2015-07-04T01:00:00Z
2,2026-07-04,2015-07-04,True,4,0.15699999999998226,2015-07-04T02:00:00Z
2,2026-07-04,2015-07-04,True,5,0.17300000000000182,2015-07-04T03:00:00Z
2,2026-07-04,2015-07-04,True,6,0.23799999999999955,2015-07-04T04:00:00Z
2,2026-07-04,2015-07-04,True,7,0.15899999999999181,2015-07-04T05:00:00Z
2,2026-07-04,2015-07-04,True,8,0.16300000000001091,2015-07-04T06:00:00Z
2,2026-07-04,2015-07-04,True,9,0.15999999999996817,2015-07-04T07:00:00Z
2,2026-07-04,2015-07-04,True,10,0.16700000000003,2015-07-04T08:00:00Z
2,2026-07-04,2015-07-04,True,11,0.16300000000001091,2015-07-04T09:00:00Z
2,2026-07-04,2015-07-04,True,12,0.1169999999999618,2015-07-04T10:00:00Z
2,2026-07-04,2015-07-04,True,13,0.09300000000001774,2015-07-04T11:00:00Z
2,2026-07-04,2015-07-04,True,14,0.15699999999998226,2015-07-04T12:00:00Z
2,2026-07-04,2015-07-04,True,15,0.16300000000001091,2015-07-04T13:00:00Z
2,2026-07-04,2015-07-04,True,16,0.2270000000000323,2015-07-04T14:00:00Z
2,2026-07-04,2015-07-04,True,17,0.17099999999999227,2015-07-04T15:00:00Z
2,2026-07-04,2015-07-04,True,18,0.15899999999999181,2015-07-04T16:00:00Z
2,2026-07-04,2015-07-04,True,19,0.17000000000001592,2015-07-04T17:00:00Z
2,2026-07-04,2015-07-04,True,20,0.15999999999996817,2015-07-04T18:00:00Z
2,2026-07-04,2015-07-04,True,21,0.160000000000025,2015-07-04T19:00:00Z
2,2026-07-04,2015-07-04,True,22,0.16300000000001091,2015-07-04T20:00:00Z
2,2026-07-04,2015-07-04,True,23,0.16699999999997317,2015-07-04T21:00:00Z
2,2026-07-05,2015-07-05,True,0,0.12299999999999045,2015-07-04T22:00:00Z
2,2026-07-05,2015-07-05,True,1,0.08699999999998909,2015-07-04T23:00:00Z
2,2026-07-05,2015-07-05,True,2,0.12000000000000455,2015-07-05T00:00:00Z
2,2026-07-05,2015-07-05,True,3,0.16300000000001091,2015-07-05T01:00:00Z
2,2026-07-05,2015-07-05,True,4,0.16700000000003,2015-07-05T02:00:00Z
2,2026-07-05,2015-07-05,True,5,0.15999999999996817,2015-07-05T03:00:00Z
2,2026-07-05,2015-07-05,True,6,0.2230000000000132,2015-07-05T04:00:00Z
2,2026-07-05,2015-07-05,True,7,0.16699999999997317,2015-07-05T05:00:00Z
2,2026-07-05,2015-07-05,True,8,0.17000000000001592,2015-07-05T06:00:00Z
2,2026-07-05,2015-07-05,True,9,0.15100000000001046,2015-07-05T07:00:00Z
2,2026-07-05,2015-07-05,True,10,0.16899999999998272,2015-07-05T08:00:00Z
2,2026-07-05,2015-07-05,True,11,0.16300000000001091,2015-07-05T09:00:00Z
2,2026-07-05,2015-07-05,True,12,0.15800000000001546,2015-07-05T10:00:00Z
2,2026-07-05,2015-07-05,True,13,0.16199999999997772,2015-07-05T11:00:00Z
2,2026-07-05,2015-07-05,True,14,0.17000000000001592,2015-07-05T12:00:00Z
2,2026-07-05,2015-07-05,True,15,0.15699999999998226,2015-07-05T13:00:00Z
2,2026-07-05,2015-07-05,True,16,0.35000000000002274,2015-07-05T14:00:00Z
2,2026-07-05,2015-07-05,True,17,0.9699999999999704,2015-07-05T15:00:00Z
2,2026-07-05,2015-07-05,True,18,0.4300000000000068,2015-07-05T16:00:00Z
2,2026-07-05,2015-07-05,True,19,0.27800000000002,2015-07-05T17:00:00Z
2,2026-07-05,2015-07-05,True,20,0.4019999999999868,2015-07-05T18:00:00Z
2,2026-07-05,2015-07-05,True,21,0.22000000000002728,2015-07-05T19:00:00Z
2,2026-07-05,2015-07-05,True,22,0.19999999999998863,2015-07-05T20:00:00Z
2,2026-07-05,2015-07-05,True,23,0.14999999999997726,2015-07-05T21:00:00Z
2,2026-07-06,2015-07-06,True,0,0.12000000000000455,2015-07-05T22:00:00Z
2,2026-07-06,2015-07-06,True,1,0.06299999999998818,2015-07-05T23:00:00Z
2,2026-07-06,2015-07-06,True,2,0.14699999999999136,2015-07-06T00:00:00Z
2,2026-07-06,2015-07-06,True,3,0.1500000000000341,2015-07-06T01:00:00Z
2,2026-07-06,2015-07-06,True,4,0.15300000000002,2015-07-06T02:00:00Z
2,2026-07-06,2015-07-06,True,5,0.21999999999997044,2015-07-06T03:00:00Z
2,2026-07-06,2015-07-06,True,6,0.16800000000000637,2015-07-06T04:00:00Z
2,2026-07-06,2015-07-06,True,7,0.1519999999999868,2015-07-06T05:00:00Z
2,2026-07-06,2015-07-06,True,8,0.07699999999999818,2015-07-06T06:00:00Z
2,2026-07-06,2015-07-06,True,9,0.2880000000000109,2015-07-06T07:00:00Z
2,2026-07-06,2015-07-06,True,10,0.29199999999997317,2015-07-06T08:00:00Z
2,2026-07-06,2015-07-06,True,11,0.1400000000000432,2015-07-06T09:00:00Z
2,2026-07-06,2015-07-06,True,12,0.14999999999997726,2015-07-06T10:00:00Z
2,2026-07-06,2015-07-06,True,13,0.15100000000001046,2015-07-06T11:00:00Z
2,2026-07-06,2015-07-06,True,14,0.15899999999999181,2015-07-06T12:00:00Z
2,2026-07-06,2015-07-06,True,15,0.19999999999998863,2015-07-06T13:00:00Z
2,2026-07-06,2015-07-06,True,16,0.15100000000001046,2015-07-06T14:00:00Z
2,2026-07-06,2015-07-06,True,17,0.15899999999999181,2015-07-06T15:00:00Z
2,2026-07-06,2015-07-06,True,18,0.2300000000000182,2015-07-06T16:00:00Z
2,2026-07-06,2015-07-06,True,19,0.16300000000001091,2015-07-06T17:00:00Z
2,2026-07-06,2015-07-06,True,20,0.22699999999997544,2015-07-06T18:00:00Z
2,2026-07-06,2015-07-06,True,21,0.18000000000000682,2015-07-06T19:00:00Z
2,2026-07-06,2015-07-06,True,22,0.19999999999998863,2015-07-06T20:00:00Z
2,2026-07-06,2015-07-06,True,23,0.160000000000025,2015-07-06T21:00:00Z
2,2026-07-07,2015-07-07,True,0,0.16100000000000136,2015-07-06T22:00:00Z
2,2026-07-07,2015-07-07,True,1,0.13900000000001,2015-07-06T23:00:00Z
2,2026-07-07,2015-07-07,True,2,0.15299999999996317,2015-07-07T00:00:00Z
2,2026-07-07,2015-07-07,True,3,0.10700000000002774,2015-07-07T01:00:00Z
2,2026-07-07,2015-07-07,True,4,0.11099999999999,2015-07-07T02:00:00Z
2,2026-07-07,2015-07-07,True,5,0.2400000000000091,2015-07-07T03:00:00Z
2,2026-07-07,2015-07-07,True,6,0.15899999999999181,2015-07-07T04:00:00Z
2,2026-07-07,2015-07-07,True,7,0.19799999999997908,2015-07-07T05:00:00Z
2,2026-07-07,2015-07-07,True,8,0.16300000000001091,2015-07-07T06:00:00Z
2,2026-07-07,2015-07-07,True,9,0.08899999999999864,2015-07-07T07:00:00Z
2,2026-07-07,2015-07-07,True,10,0.15300000000002,2015-07-07T08:00:00Z
2,2026-07-07,2015-07-07,True,11,0.14699999999999136,2015-07-07T09:00:00Z
2,2026-07-07,2015-07-07,True,12,0.13999999999998636,2015-07-07T10:00:00Z
2,2026-07-07,2015-07-07,True,13,0.1500000000000341,2015-07-07T11:00:00Z
2,2026-07-07,2015-07-07,True,14,0.14999999999997726,2015-07-07T12:00:00Z
2,2026-07-07,2015-07-07,True,15,0.16599999999999682,2015-07-07T13:00:00Z
2,2026-07-07,2015-07-07,True,16,0.20699999999999363,2015-07-07T14:00:00Z
2,2026-07-07,2015-07-07,True,17,0.15699999999998226,2015-07-07T15:00:00Z
2,2026-07-07,2015-07-07,True,18,0.28000000000002956,2015-07-07T16:00:00Z
2,2026-07-07,2015-07-07,True,19,0.3050000000000068,2015-07-07T17:00:00Z
2,2026-07-07,2015-07-07,True,20,0.3949999999999818,2015-07-07T18:00:00Z
2,2026-07-07,2015-07-07,True,21,0.7599999999999909,2015-07-07T19:00:00Z
2,2026-07-07,2015-07-07,True,22,0.17300000000000182,2015-07-07T20:00:00Z
2,2026-07-07,2015-07-07,True,23,0.15399999999999636,2015-07-07T21:00:00Z
2,2026-07-08,2015-07-08,True,0,0.146000000000015,2015-07-07T22:00:00Z
2,2026-07-08,2015-07-08,True,1,0.14999999999997726,2015-07-07T23:00:00Z
2,2026-07-08,2015-07-08,True,2,0.1570000000000391,2015-07-08T00:00:00Z
2,2026-07-08,2015-07-08,True,3,0.13999999999998636,2015-07-08T01:00:00Z
2,2026-07-08,2015-07-08,True,4,0.11299999999999955,2015-07-08T02:00:00Z
2,2026-07-08,2015-07-08,True,5,0.16699999999997317,2015-07-08T03:00:00Z
2,2026-07-08,2015-07-08,True,6,0.17300000000000182,2015-07-08T04:00:00Z
2,2026-07-08,2015-07-08,True,7,0.17700000000002092,2015-07-08T05:00:00Z
2,2026-07-08,2015-07-08,True,8,0.14999999999997726,2015-07-08T06:00:00Z
2,2026-07-08,2015-07-08,True,9,0.11299999999999955,2015-07-08T07:00:00Z
2,2026-07-08,2015-07-08,True,10,0.09700000000003683,2015-07-08T08:00:00Z
2,2026-07-08,2015-07-08,True,11,0.18799999999998818,2015-07-08T09:00:00Z
2,2026-07-08,2015-07-08,True,12,0.3620000000000232,2015-07-08T10:00:00Z
2,2026-07-08,2015-07-08,True,13,0.2699999999999818,2015-07-08T11:00:00Z
2,2026-07-08,2015-07-08,True,14,0.15100000000001046,2015-07-08T12:00:00Z
2,2026-07-08,2015-07-08,True,15,0.1490000000000009,2015-07-08T13:00:00Z
2,2026-07-08,2015-07-08,True,16,0.29300000000000637,2015-07-08T14:00:00Z
2,2026-07-08,2015-07-08,True,17,0.15999999999996817,2015-07-08T15:00:00Z
2,2026-07-08,2015-07-08,True,18,0.160000000000025,2015-07-08T16:00:00Z
2,2026-07-08,2015-07-08,True,19,0.15999999999996817,2015-07-08T17:00:00Z
2,2026-07-08,2015-07-08,True,20,0.14699999999999136,2015-07-08T18:00:00Z
2,2026-07-08,2015-07-08,True,21,0.1400000000000432,2015-07-08T19:00:00Z
2,2026-07-08,2015-07-08,True,22,0.15999999999996817,2015-07-08T20:00:00Z
2,2026-07-08,2015-07-08,True,23,0.15300000000002,2015-07-08T21:00:00Z
2,2026-07-09,2015-07-09,True,0,0.06999999999999318,2015-07-08T22:00:00Z
2,2026-07-09,2015-07-09,True,1,0.08699999999998909,2015-07-08T23:00:00Z
2,2026-07-09,2015-07-09,True,2,0.160000000000025,2015-07-09T00:00:00Z
2,2026-07-09,2015-07-09,True,3,0.14999999999997726,2015-07-09T01:00:00Z
2,2026-07-09,2015-07-09,True,4,0.1500000000000341,2015-07-09T02:00:00Z
2,2026-07-09,2015-07-09,True,5,0.20999999999997954,2015-07-09T03:00:00Z
2,2026-07-09,2015-07-09,True,6,0.10000000000002274,2015-07-09T04:00:00Z
2,2026-07-09,2015-07-09,True,7,0.14999999999997726,2015-07-09T05:00:00Z
2,2026-07-09,2015-07-09,True,8,0.15300000000002,2015-07-09T06:00:00Z
2,2026-07-09,2015-07-09,True,9,0.14999999999997726,2015-07-09T07:00:00Z
2,2026-07-09,2015-07-09,True,10,0.25,2015-07-09T08:00:00Z
2,2026-07-09,2015-07-09,True,11,0.7769999999999868,2015-07-09T09:00:00Z
2,2026-07-09,2015-07-09,True,12,0.19999999999998863,2015-07-09T10:00:00Z
2,2026-07-09,2015-07-09,True,13,0.17000000000001592,2015-07-09T11:00:00Z
2,2026-07-09,2015-07-09,True,14,0.13999999999998636,2015-07-09T12:00:00Z
2,2026-07-09,2015-07-09,True,15,0.18999999999999773,2015-07-09T13:00:00Z
2,2026-07-09,2015-07-09,True,16,0.25,2015-07-09T14:00:00Z
2,2026-07-09,2015-07-09,True,17,0.17500000000001137,2015-07-09T15:00:00Z
2,2026-07-09,2015-07-09,True,18,0.17500000000001137,2015-07-09T16:00:00Z
2,2026-07-09,2015-07-09,True,19,0.13999999999998636,2015-07-09T17:00:00Z
2,2026-07-09,2015-07-09,True,20,0.38100000000002865,2015-07-09T18:00:00Z
2,2026-07-09,2015-07-09,True,21,0.1419999999999959,2015-07-09T19:00:00Z
2,2026-07-09,2015-07-09,True,22,0.15499999999997272,2015-07-09T20:00:00Z
2,2026-07-09,2015-07-09,True,23,0.1349999999999909,2015-07-09T21:00:00Z
2,2026-07-10,2015-07-10,True,0,0.07800000000003138,2015-07-09T22:00:00Z
2,2026-07-10,2015-07-10,True,1,0.1490000000000009,2015-07-09T23:00:00Z
2,2026-07-10,2015-07-10,True,2,0.14999999999997726,2015-07-10T00:00:00Z
2,2026-07-10,2015-07-10,True,3,0.1500000000000341,2015-07-10T01:00:00Z
2,2026-07-10,2015-07-10,True,4,0.08299999999996999,2015-07-10T02:00:00Z
2,2026-07-10,2015-07-10,True,5,0.20800000000002683,2015-07-10T03:00:00Z
2,2026-07-10,2015-07-10,True,6,0.16899999999998272,2015-07-10T04:00:00Z
2,2026-07-10,2015-07-10,True,7,0.17300000000000182,2015-07-10T05:00:00Z
2,2026-07-10,2015-07-10,True,8,0.15800000000001546,2015-07-10T06:00:00Z
2,2026-07-10,2015-07-10,True,9,0.19900000000001228,2015-07-10T07:00:00Z
2,2026-07-10,2015-07-10,True,10,0.13999999999998636,2015-07-10T08:00:00Z
2,2026-07-10,2015-07-10,True,11,0.30000000000001137,2015-07-10T09:00:00Z
2,2026-07-10,2015-07-10,True,12,1.375,2015-07-10T10:00:00Z
2,2026-07-10,2015-07-10,True,13,0.4249999999999545,2015-07-10T11:00:00Z
2,2026-07-10,2015-07-10,True,14,0.17000000000001592,2015-07-10T12:00:00Z
2,2026-07-10,2015-07-10,True,15,0.19999999999998863,2015-07-10T13:00:00Z
2,2026-07-10,2015-07-10,True,16,0.17000000000001592,2015-07-10T14:00:00Z
2,2026-07-10,2015-07-10,True,17,0.160000000000025,2015-07-10T15:00:00Z
2,2026-07-10,2015-07-10,True,18,0.42999999999995,2015-07-10T16:00:00Z
2,2026-07-10,2015-07-10,True,19,0.26300000000003365,2015-07-10T17:00:00Z
2,2026-07-10,2015-07-10,True,20,0.17799999999999727,2015-07-10T18:00:00Z
2,2026-07-10,2015-07-10,True,21,0.27899999999999636,2015-07-10T19:00:00Z
2,2026-07-10,2015-07-10,True,22,0.2400000000000091,2015-07-10T20:00:00Z
2,2026-07-10,2015-07-10,True,23,0.17300000000000182,2015-07-10T21:00:00Z
2,2026-07-11,2015-07-11,True,0,0.14699999999999136,2015-07-10T22:00:00Z
2,2026-07-11,2015-07-11,True,1,0.11299999999999955,2015-07-10T23:00:00Z
2,2026-07-11,2015-07-11,True,2,0.07999999999998408,2015-07-11T00:00:00Z
2,2026-07-11,2015-07-11,True,3,0.12700000000000955,2015-07-11T01:00:00Z
2,2026-07-11,2015-07-11,True,4,0.14999999999997726,2015-07-11T02:00:00Z
2,2026-07-11,2015-07-11,True,5,0.29000000000002046,2015-07-11T03:00:00Z
2,2026-07-11,2015-07-11,True,6,0.19999999999998863,2015-07-11T04:00:00Z
2,2026-07-11,2015-07-11,True,7,0.160000000000025,2015-07-11T05:00:00Z
2,2026-07-11,2015-07-11,True,8,0.14999999999997726,2015-07-11T06:00:00Z
2,2026-07-11,2015-07-11,True,9,0.242999999999995,2015-07-11T07:00:00Z
2,2026-07-11,2015-07-11,True,10,0.4600000000000364,2015-07-11T08:00:00Z
2,2026-07-11,2015-07-11,True,11,0.5550000000000068,2015-07-11T09:00:00Z
2,2026-07-11,2015-07-11,True,12,0.4219999999999686,2015-07-11T10:00:00Z
2,2026-07-11,2015-07-11,True,13,0.21300000000002228,2015-07-11T11:00:00Z
2,2026-07-11,2015-07-11,True,14,0.9069999999999823,2015-07-11T12:00:00Z
2,2026-07-11,2015-07-11,True,15,0.19999999999998863,2015-07-11T13:00:00Z
2,2026-07-11,2015-07-11,True,16,0.25,2015-07-11T14:00:00Z
2,2026-07-11,2015-07-11,True,17,0.21000000000003638,2015-07-11T15:00:00Z
2,2026-07-11,2015-07-11,True,18,0.8429999999999609,2015-07-11T16:00:00Z
2,2026-07-11,2015-07-11,True,19,1.0980000000000132,2015-07-11T17:00:00Z
2,2026-07-11,2015-07-11,True,20,0.25900000000001455,2015-07-11T18:00:00Z
2,2026-07-11,2015-07-11,True,21,0.2699999999999818,2015-07-11T19:00:00Z
2,2026-07-11,2015-07-11,True,22,0.21100000000001273,2015-07-11T20:00:00Z
2,2026-07-11,2015-07-11,True,23,0.1490000000000009,2015-07-11T21:00:00Z
2,2026-07-12,2015-07-12,True,0,0.14999999999997726,2015-07-11T22:00:00Z
2,2026-07-12,2015-07-12,True,1,0.1430000000000291,2015-07-11T23:00:00Z
2,2026-07-12,2015-07-12,True,2,0.12999999999999545,2015-07-12T00:00:00Z
2,2026-07-12,2015-07-12,True,3,0.06999999999999318,2015-07-12T01:00:00Z
2,2026-07-12,2015-07-12,True,4,0.10800000000000409,2015-07-12T02:00:00Z
2,2026-07-12,2015-07-12,True,5,0.1490000000000009,2015-07-12T03:00:00Z
2,2026-07-12,2015-07-12,True,6,0.3100000000000023,2015-07-12T04:00:00Z
2,2026-07-12,2015-07-12,True,7,0.3009999999999877,2015-07-12T05:00:00Z
2,2026-07-12,2015-07-12,True,8,0.17900000000003047,2015-07-12T06:00:00Z
2,2026-07-12,2015-07-12,True,9,0.14999999999997726,2015-07-12T07:00:00Z
2,2026-07-12,2015-07-12,True,10,0.12999999999999545,2015-07-12T08:00:00Z
2,2026-07-12,2015-07-12,True,11,0.20999999999997954,2015-07-12T09:00:00Z
2,2026-07-12,2015-07-12,True,12,0.3230000000000359,2015-07-12T10:00:00Z
2,2026-07-12,2015-07-12,True,13,0.16699999999997317,2015-07-12T11:00:00Z
2,2026-07-12,2015-07-12,True,14,0.1430000000000291,2015-07-12T12:00:00Z
2,2026-07-12,2015-07-12,True,15,0.14999999999997726,2015-07-12T13:00:00Z
2,2026-07-12,2015-07-12,True,16,0.15699999999998226,2015-07-12T14:00:00Z
2,2026-07-12,2015-07-12,True,17,0.7230000000000132,2015-07-12T15:00:00Z
2,2026-07-12,2015-07-12,True,18,0.6580000000000155,2015-07-12T16:00:00Z
2,2026-07-12,2015-07-12,True,19,0.26900000000000546,2015-07-12T17:00:00Z
2,2026-07-12,2015-07-12,True,20,0.30000000000001137,2015-07-12T18:00:00Z
2,2026-07-12,2015-07-12,True,21,0.3079999999999927,2015-07-12T19:00:00Z
2,2026-07-12,2015-07-12,True,22,0.15499999999997272,2015-07-12T20:00:00Z
2,2026-07-12,2015-07-12,True,23,0.1500000000000341,2015-07-12T21:00:00Z
2,2026-07-13,2015-07-13,True,0,0.08999999999997499,2015-07-12T22:00:00Z
2,2026-07-13,2015-07-13,True,1,0.07699999999999818,2015-07-12T23:00:00Z
2,2026-07-13,2015-07-13,True,2,0.15100000000001046,2015-07-13T00:00:00Z
2,2026-07-13,2015-07-13,True,3,0.1519999999999868,2015-07-13T01:00:00Z
2,2026-07-13,2015-07-13,True,4,0.14699999999999136,2015-07-13T02:00:00Z
2,2026-07-13,2015-07-13,True,5,0.2300000000000182,2015-07-13T03:00:00Z
2,2026-07-13,2015-07-13,True,6,0.2980000000000018,2015-07-13T04:00:00Z
2,2026-07-13,2015-07-13,True,7,0.20199999999999818,2015-07-13T05:00:00Z
2,2026-07-13,2015-07-13,True,8,0.21300000000002228,2015-07-13T06:00:00Z
2,2026-07-13,2015-07-13,True,9,0.07999999999998408,2015-07-13T07:00:00Z
2,2026-07-13,2015-07-13,True,10,0.15999999999996817,2015-07-13T08:00:00Z
2,2026-07-13,2015-07-13,True,11,0.1570000000000391,2015-07-13T09:00:00Z
2,2026-07-13,2015-07-13,True,12,0.15299999999996317,2015-07-13T10:00:00Z
2,2026-07-13,2015-07-13,True,13,0.1570000000000391,2015-07-13T11:00:00Z
2,2026-07-13,2015-07-13,True,14,0.14999999999997726,2015-07-13T12:00:00Z
2,2026-07-13,2015-07-13,True,15,0.36000000000001364,2015-07-13T13:00:00Z
2,2026-07-13,2015-07-13,True,16,1.6050000000000182,2015-07-13T14:00:00Z
2,2026-07-13,2015-07-13,True,17,0.8429999999999609,2015-07-13T15:00:00Z
2,2026-07-13,2015-07-13,True,18,0.5120000000000005,2015-07-13T16:00:00Z
2,2026-07-13,2015-07-13,True,19,0.21000000000003638,2015-07-13T17:00:00Z
2,2026-07-13,2015-07-13,True,20,0.2599999999999909,2015-07-13T18:00:00Z
2,2026-07-13,2015-07-13,True,21,0.2599999999999909,2015-07-13T19:00:00Z
2,2026-07-13,2015-07-13,True,22,0.18000000000000682,2015-07-13T20:00:00Z
2,2026-07-13,2015-07-13,True,23,0.14999999999997726,2015-07-13T21:00:00Z
2,2026-07-14,2015-07-14,True,0,0.1500000000000341,2015-07-13T22:00:00Z
2,2026-07-14,2015-07-14,True,1,0.14999999999997726,2015-07-13T23:00:00Z
2,2026-07-14,2015-07-14,True,2,0.13999999999998636,2015-07-14T00:00:00Z
2,2026-07-14,2015-07-14,True,3,0.15300000000002,2015-07-14T01:00:00Z
2,2026-07-14,2015-07-14,True,4,0.14699999999999136,2015-07-14T02:00:00Z
2,2026-07-14,2015-07-14,True,5,0.2230000000000132,2015-07-14T03:00:00Z
2,2026-07-14,2015-07-14,True,6,0.07699999999999818,2015-07-14T04:00:00Z
2,2026-07-14,2015-07-14,True,7,0.12999999999999545,2015-07-14T05:00:00Z
2,2026-07-14,2015-07-14,True,8,0.15300000000002,2015-07-14T06:00:00Z
2,2026-07-14,2015-07-14,True,9,0.14699999999999136,2015-07-14T07:00:00Z
2,2026-07-14,2015-07-14,True,10,0.14999999999997726,2015-07-14T08:00:00Z
2,2026-07-14,2015-07-14,True,11,0.14100000000001955,2015-07-14T09:00:00Z
2,2026-07-14,2015-07-14,True,12,0.1419999999999959,2015-07-14T10:00:00Z
2,2026-07-14,2015-07-14,True,13,0.14699999999999136,2015-07-14T11:00:00Z
2,2026-07-14,2015-07-14,True,14,0.13999999999998636,2015-07-14T12:00:00Z
2,2026-07-14,2015-07-14,True,15,0.1500000000000341,2015-07-14T13:00:00Z
2,2026-07-14,2015-07-14,True,16,0.15999999999996817,2015-07-14T14:00:00Z
2,2026-07-14,2015-07-14,True,17,0.21000000000003638,2015-07-14T15:00:00Z
2,2026-07-14,2015-07-14,True,18,0.23999999999995225,2015-07-14T16:00:00Z
2,2026-07-14,2015-07-14,True,19,0.09300000000001774,2015-07-14T17:00:00Z
2,2026-07-14,2015-07-14,True,20,0.12700000000000955,2015-07-14T18:00:00Z
2,2026-07-14,2015-07-14,True,21,0.20999999999997954,2015-07-14T19:00:00Z
2,2026-07-14,2015-07-14,True,22,0.19300000000004047,2015-07-14T20:00:00Z
2,2026-07-14,2015-07-14,True,23,0.15699999999998226,2015-07-14T21:00:00Z
2,2026-07-15,2015-07-15,True,0,0.14999999999997726,2015-07-14T22:00:00Z
2,2026-07-15,2015-07-15,True,1,0.160000000000025,2015-07-14T23:00:00Z
2,2026-07-15,2015-07-15,True,2,0.14299999999997226,2015-07-15T00:00:00Z
2,2026-07-15,2015-07-15,True,3,0.14699999999999136,2015-07-15T01:00:00Z
2,2026-07-15,2015-07-15,True,4,0.1500000000000341,2015-07-15T02:00:00Z
2,2026-07-15,2015-07-15,True,5,0.21999999999997044,2015-07-15T03:00:00Z
2,2026-07-15,2015-07-15,True,6,0.1430000000000291,2015-07-15T04:00:00Z
2,2026-07-15,2015-07-15,True,7,0.06999999999999318,2015-07-15T05:00:00Z
2,2026-07-15,2015-07-15,True,8,0.12700000000000955,2015-07-15T06:00:00Z
2,2026-07-15,2015-07-15,True,9,0.14999999999997726,2015-07-15T07:00:00Z
2,2026-07-15,2015-07-15,True,10,0.1500000000000341,2015-07-15T08:00:00Z
2,2026-07-15,2015-07-15,True,11,0.13999999999998636,2015-07-15T09:00:00Z
2,2026-07-15,2015-07-15,True,12,0.14999999999997726,2015-07-15T10:00:00Z
2,2026-07-15,2015-07-15,True,13,0.14100000000001955,2015-07-15T11:00:00Z
2,2026-07-15,2015-07-15,True,14,0.1490000000000009,2015-07-15T12:00:00Z
2,2026-07-15,2015-07-15,True,15,0.14999999999997726,2015-07-15T13:00:00Z
2,2026-07-15,2015-07-15,True,16,0.22000000000002728,2015-07-15T14:00:00Z
2,2026-07-15,2015-07-15,True,17,0.2330000000000041,2015-07-15T15:00:00Z
2,2026-07-15,2015-07-15,True,18,0.4519999999999982,2015-07-15T16:00:00Z
2,2026-07-15,2015-07-15,True,19,1.1730000000000018,2015-07-15T17:00:00Z
2,2026-07-15,2015-07-15,True,20,0.26200000000000045,2015-07-15T18:00:00Z
2,2026-07-15,2015-07-15,True,21,0.30000000000001137,2015-07-15T19:00:00Z
2,2026-07-15,2015-07-15,True,22,0.22299999999995634,2015-07-15T20:00:00Z
2,2026-07-15,2015-07-15,True,23,0.160000000000025,2015-07-15T21:00:00Z
2,2026-07-16,2015-07-16,True,0,0.15699999999998226,2015-07-15T22:00:00Z
2,2026-07-16,2015-07-16,True,1,0.1500000000000341,2015-07-15T23:00:00Z
2,2026-07-16,2015-07-16,True,2,0.14999999999997726,2015-07-16T00:00:00Z
2,2026-07-16,2015-07-16,True,3,0.14999999999997726,2015-07-16T01:00:00Z
2,2026-07-16,2015-07-16,True,4,0.160000000000025,2015-07-16T02:00:00Z
2,2026-07-16,2015-07-16,True,5,0.18999999999999773,2015-07-16T03:00:00Z
2,2026-07-16,2015-07-16,True,6,0.08300000000002683,2015-07-16T04:00:00Z
2,2026-07-16,2015-07-16,True,7,0.1479999999999677,2015-07-16T05:00:00Z
2,2026-07-16,2015-07-16,True,8,0.15899999999999181,2015-07-16T06:00:00Z
2,2026-07-16,2015-07-16,True,9,0.16300000000001091,2015-07-16T07:00:00Z
2,2026-07-16,2015-07-16,True,10,0.14699999999999136,2015-07-16T08:00:00Z
2,2026-07-16,2015-07-16,True,11,0.13999999999998636,2015-07-16T09:00:00Z
2,2026-07-16,2015-07-16,True,12,0.1500000000000341,2015-07-16T10:00:00Z
2,2026-07-16,2015-07-16,True,13,0.14999999999997726,2015-07-16T11:00:00Z
2,2026-07-16,2015-07-16,True,14,0.13999999999998636,2015-07-16T12:00:00Z
2,2026-07-16,2015-07-16,True,15,0.1500000000000341,2015-07-16T13:00:00Z
2,2026-07-16,2015-07-16,True,16,0.20299999999997453,2015-07-16T14:00:00Z
2,2026-07-16,2015-07-16,True,17,0.7069999999999936,2015-07-16T15:00:00Z
2,2026-07-16,2015-07-16,True,18,0.7700000000000387,2015-07-16T16:00:00Z
2,2026-07-16,2015-07-16,True,19,0.8709999999999809,2015-07-16T17:00:00Z
2,2026-07-16,2015-07-16,True,20,0.25,2015-07-16T18:00:00Z
2,2026-07-16,2015-07-16,True,21,0.2769999999999868,2015-07-16T19:00:00Z
2,2026-07-16,2015-07-16,True,22,0.23200000000002774,2015-07-16T20:00:00Z
2,2026-07-16,2015-07-16,True,23,0.07299999999997908,2015-07-16T21:00:00Z
2,2026-07-17,2015-07-17,True,0,0.14800000000002456,2015-07-16T22:00:00Z
2,2026-07-17,2015-07-17,True,1,0.1490000000000009,2015-07-16T23:00:00Z
2,2026-07-17,2015-07-17,True,2,0.14999999999997726,2015-07-17T00:00:00Z
2,2026-07-17,2015-07-17,True,3,0.1430000000000291,2015-07-17T01:00:00Z
2,2026-07-17,2015-07-17,True,4,0.08999999999997499,2015-07-17T02:00:00Z
2,2026-07-17,2015-07-17,True,5,0.21800000000001774,2015-07-17T03:00:00Z
2,2026-07-17,2015-07-17,True,6,0.1490000000000009,2015-07-17T04:00:00Z
2,2026-07-17,2015-07-17,True,7,0.14999999999997726,2015-07-17T05:00:00Z
2,2026-07-17,2015-07-17,True,8,0.1500000000000341,2015-07-17T06:00:00Z
2,2026-07-17,2015-07-17,True,9,0.14299999999997226,2015-07-17T07:00:00Z
2,2026-07-17,2015-07-17,True,10,0.14699999999999136,2015-07-17T08:00:00Z
2,2026-07-17,2015-07-17,True,11,0.06999999999999318,2015-07-17T09:00:00Z
2,2026-07-17,2015-07-17,True,12,0.12999999999999545,2015-07-17T10:00:00Z
2,2026-07-17,2015-07-17,True,13,0.4500000000000455,2015-07-17T11:00:00Z
2,2026-07-17,2015-07-17,True,14,0.17300000000000182,2015-07-17T12:00:00Z
2,2026-07-17,2015-07-17,True,15,0.7469999999999573,2015-07-17T13:00:00Z
2,2026-07-17,2015-07-17,True,16,0.27000000000003865,2015-07-17T14:00:00Z
2,2026-07-17,2015-07-17,True,17,0.4779999999999518,2015-07-17T15:00:00Z
2,2026-07-17,2015-07-17,True,18,0.27000000000003865,2015-07-17T16:00:00Z
2,2026-07-17,2015-07-17,True,19,0.19999999999998863,2015-07-17T17:00:00Z
2,2026-07-17,2015-07-17,True,20,0.27199999999999136,2015-07-17T18:00:00Z
2,2026-07-17,2015-07-17,True,21,0.2599999999999909,2015-07-17T19:00:00Z
2,2026-07-17,2015-07-17,True,22,0.20100000000002183,2015-07-17T20:00:00Z
2,2026-07-17,2015-07-17,True,23,0.1490000000000009,2015-07-17T21:00:00Z
2,2026-07-18,2015-07-18,True,0,0.14999999999997726,2015-07-17T22:00:00Z
2,2026-07-18,2015-07-18,True,1,0.1430000000000291,2015-07-17T23:00:00Z
2,2026-07-18,2015-07-18,True,2,0.14999999999997726,2015-07-18T00:00:00Z
2,2026-07-18,2015-07-18,True,3,0.12999999999999545,2015-07-18T01:00:00Z
2,2026-07-18,2015-07-18,True,4,0.08000000000004093,2015-07-18T02:00:00Z
2,2026-07-18,2015-07-18,True,5,0.14699999999999136,2015-07-18T03:00:00Z
2,2026-07-18,2015-07-18,True,6,0.47999999999996135,2015-07-18T04:00:00Z
2,2026-07-18,2015-07-18,True,7,0.20300000000003138,2015-07-18T05:00:00Z
2,2026-07-18,2015-07-18,True,8,0.1279999999999859,2015-07-18T06:00:00Z
2,2026-07-18,2015-07-18,True,9,0.88900000000001,2015-07-18T07:00:00Z
2,2026-07-18,2015-07-18,True,10,1.0480000000000018,2015-07-18T08:00:00Z
2,2026-07-18,2015-07-18,True,11,2.2199999999999704,2015-07-18T09:00:00Z
2,2026-07-18,2015-07-18,True,12,0.22500000000002274,2015-07-18T10:00:00Z
2,2026-07-18,2015-07-18,True,13,0.08999999999997499,2015-07-18T11:00:00Z
2,2026-07-18,2015-07-18,True,14,0.16700000000003,2015-07-18T12:00:00Z
2,2026-07-18,2015-07-18,True,15,0.4200000000000159,2015-07-18T13:00:00Z
2,2026-07-18,2015-07-18,True,16,0.14999999999997726,2015-07-18T14:00:00Z
2,2026-07-18,2015-07-18,True,17,0.14999999999997726,2015-07-18T15:00:00Z
2,2026-07-18,2015-07-18,True,18,0.09000000000003183,2015-07-18T16:00:00Z
2,2026-07-18,2015-07-18,True,19,0.30000000000001137,2015-07-18T17:00:00Z
2,2026-07-18,2015-07-18,True,20,1.1529999999999632,2015-07-18T18:00:00Z
2,2026-07-18,2015-07-18,True,21,0.6570000000000391,2015-07-18T19:00:00Z
2,2026-07-18,2015-07-18,True,22,0.19299999999998363,2015-07-18T20:00:00Z
2,2026-07-18,2015-07-18,True,23,0.14999999999997726,2015-07-18T21:00:00Z
2,2026-07-19,2015-07-19,True,0,0.11000000000001364,2015-07-18T22:00:00Z
2,2026-07-19,2015-07-19,True,1,0.10700000000002774,2015-07-18T23:00:00Z
2,2026-07-19,2015-07-19,True,2,0.14999999999997726,2015-07-19T00:00:00Z
2,2026-07-19,2015-07-19,True,3,0.160000000000025,2015-07-19T01:00:00Z
2,2026-07-19,2015-07-19,True,4,0.14999999999997726,2015-07-19T02:00:00Z
2,2026-07-19,2015-07-19,True,5,0.14299999999997226,2015-07-19T03:00:00Z
2,2026-07-19,2015-07-19,True,6,0.16700000000003,2015-07-19T04:00:00Z
2,2026-07-19,2015-07-19,True,7,0.30000000000001137,2015-07-19T05:00:00Z
2,2026-07-19,2015-07-19,True,8,0.15999999999996817,2015-07-19T06:00:00Z
2,2026-07-19,2015-07-19,True,9,0.1430000000000291,2015-07-19T07:00:00Z
2,2026-07-19,2015-07-19,True,10,0.15699999999998226,2015-07-19T08:00:00Z
2,2026-07-19,2015-07-19,True,11,0.13299999999998136,2015-07-19T09:00:00Z
2,2026-07-19,2015-07-19,True,12,0.07699999999999818,2015-07-19T10:00:00Z
2,2026-07-19,2015-07-19,True,13,0.13100000000002865,2015-07-19T11:00:00Z
2,2026-07-19,2015-07-19,True,14,0.18399999999996908,2015-07-19T12:00:00Z
2,2026-07-19,2015-07-19,True,15,0.17800000000005411,2015-07-19T13:00:00Z
2,2026-07-19,2015-07-19,True,16,0.15699999999998226,2015-07-19T14:00:00Z
2,2026-07-19,2015-07-19,True,17,0.13999999999998636,2015-07-19T15:00:00Z
2,2026-07-19,2015-07-19,True,18,0.2980000000000018,2015-07-19T16:00:00Z
2,2026-07-19,2015-07-19,True,19,0.3050000000000068,2015-07-19T17:00:00Z
2,2026-07-19,2015-07-19,True,20,0.20699999999999363,2015-07-19T18:00:00Z
2,2026-07-19,2015-07-19,True,21,0.2810000000000059,2015-07-19T19:00:00Z
2,2026-07-19,2015-07-19,True,22,0.16899999999998272,2015-07-19T20:00:00Z
2,2026-07-19,2015-07-19,True,23,0.16300000000001091,2015-07-19T21:00:00Z
2,2026-07-20,2015-07-20,True,0,0.12700000000000955,2015-07-19T22:00:00Z
2,2026-07-20,2015-07-20,True,1,0.07299999999997908,2015-07-19T23:00:00Z
2,2026-07-20,2015-07-20,True,2,0.13700000000000045,2015-07-20T00:00:00Z
2,2026-07-20,2015-07-20,True,3,0.16300000000001091,2015-07-20T01:00:00Z
2,2026-07-20,2015-07-20,True,4,0.160000000000025,2015-07-20T02:00:00Z
2,2026-07-20,2015-07-20,True,5,0.25,2015-07-20T03:00:00Z
2,2026-07-20,2015-07-20,True,6,0.25799999999998136,2015-07-20T04:00:00Z
2,2026-07-20,2015-07-20,True,7,0.17899999999997362,2015-07-20T05:00:00Z
2,2026-07-20,2015-07-20,True,8,0.10300000000000864,2015-07-20T06:00:00Z
2,2026-07-20,2015-07-20,True,9,0.10700000000002774,2015-07-20T07:00:00Z
2,2026-07-20,2015-07-20,True,10,0.15299999999996317,2015-07-20T08:00:00Z
2,2026-07-20,2015-07-20,True,11,0.16700000000003,2015-07-20T09:00:00Z
2,2026-07-20,2015-07-20,True,12,0.14999999999997726,2015-07-20T10:00:00Z
2,2026-07-20,2015-07-20,True,13,0.15100000000001046,2015-07-20T11:00:00Z
2,2026-07-20,2015-07-20,True,14,0.1490000000000009,2015-07-20T12:00:00Z
2,2026-07-20,2015-07-20,True,15,0.2400000000000091,2015-07-20T13:00:00Z
2,2026-07-20,2015-07-20,True,16,0.14999999999997726,2015-07-20T14:00:00Z
2,2026-07-20,2015-07-20,True,17,0.8079999999999927,2015-07-20T15:00:00Z
2,2026-07-20,2015-07-20,True,18,0.42200000000002547,2015-07-20T16:00:00Z
2,2026-07-20,2015-07-20,True,19,0.660000000000025,2015-07-20T17:00:00Z
2,2026-07-20,2015-07-20,True,20,0.7299999999999613,2015-07-20T18:00:00Z
2,2026-07-20,2015-07-20,True,21,0.24799999999999045,2015-07-20T19:00:00Z
2,2026-07-20,2015-07-20,True,22,0.21200000000004593,2015-07-20T20:00:00Z
2,2026-07-20,2015-07-20,True,23,0.11099999999999,2015-07-20T21:00:00Z
2,2026-07-21,2015-07-21,True,0,0.10899999999998045,2015-07-20T22:00:00Z
2,2026-07-21,2015-07-21,True,1,0.15100000000001046,2015-07-20T23:00:00Z
2,2026-07-21,2015-07-21,True,2,0.15899999999999181,2015-07-21T00:00:00Z
2,2026-07-21,2015-07-21,True,3,0.14999999999997726,2015-07-21T01:00:00Z
2,2026-07-21,2015-07-21,True,4,0.160000000000025,2015-07-21T02:00:00Z
2,2026-07-21,2015-07-21,True,5,0.22000000000002728,2015-07-21T03:00:00Z
2,2026-07-21,2015-07-21,True,6,0.23999999999995225,2015-07-21T04:00:00Z
2,2026-07-21,2015-07-21,True,7,0.1400000000000432,2015-07-21T05:00:00Z
2,2026-07-21,2015-07-21,True,8,0.15299999999996317,2015-07-21T06:00:00Z
2,2026-07-21,2015-07-21,True,9,0.14699999999999136,2015-07-21T07:00:00Z
2,2026-07-21,2015-07-21,True,10,0.1500000000000341,2015-07-21T08:00:00Z
2,2026-07-21,2015-07-21,True,11,0.12999999999999545,2015-07-21T09:00:00Z
2,2026-07-21,2015-07-21,True,12,0.07299999999997908,2015-07-21T10:00:00Z
2,2026-07-21,2015-07-21,True,13,0.12000000000000455,2015-07-21T11:00:00Z
2,2026-07-21,2015-07-21,True,14,0.1500000000000341,2015-07-21T12:00:00Z
2,2026-07-21,2015-07-21,True,15,0.15699999999998226,2015-07-21T13:00:00Z
2,2026-07-21,2015-07-21,True,16,0.21999999999997044,2015-07-21T14:00:00Z
2,2026-07-21,2015-07-21,True,17,0.2950000000000159,2015-07-21T15:00:00Z
2,2026-07-21,2015-07-21,True,18,0.7649999999999864,2015-07-21T16:00:00Z
2,2026-07-21,2015-07-21,True,19,0.30000000000001137,2015-07-21T17:00:00Z
2,2026-07-21,2015-07-21,True,20,0.10000000000002274,2015-07-21T18:00:00Z
2,2026-07-21,2015-07-21,True,21,0.22999999999996135,2015-07-21T19:00:00Z
2,2026-07-21,2015-07-21,True,22,0.22000000000002728,2015-07-21T20:00:00Z
2,2026-07-21,2015-07-21,True,23,0.14999999999997726,2015-07-21T21:00:00Z
2,2026-07-22,2015-07-22,True,0,0.160000000000025,2015-07-21T22:00:00Z
2,2026-07-22,2015-07-22,True,1,0.16100000000000136,2015-07-21T23:00:00Z
2,2026-07-22,2015-07-22,True,2,0.1419999999999959,2015-07-22T00:00:00Z
2,2026-07-22,2015-07-22,True,3,0.08999999999997499,2015-07-22T01:00:00Z
2,2026-07-22,2015-07-22,True,4,0.09000000000003183,2015-07-22T02:00:00Z
2,2026-07-22,2015-07-22,True,5,0.2470000000000141,2015-07-22T03:00:00Z
2,2026-07-22,2015-07-22,True,6,0.14999999999997726,2015-07-22T04:00:00Z
2,2026-07-22,2015-07-22,True,7,0.15300000000002,2015-07-22T05:00:00Z
2,2026-07-22,2015-07-22,True,8,0.14699999999999136,2015-07-22T06:00:00Z
2,2026-07-22,2015-07-22,True,9,0.14999999999997726,2015-07-22T07:00:00Z
2,2026-07-22,2015-07-22,True,10,0.07100000000002638,2015-07-22T08:00:00Z
2,2026-07-22,2015-07-22,True,11,0.11899999999997135,2015-07-22T09:00:00Z
2,2026-07-22,2015-07-22,True,12,0.15100000000001046,2015-07-22T10:00:00Z
2,2026-07-22,2015-07-22,True,13,0.1419999999999959,2015-07-22T11:00:00Z
2,2026-07-22,2015-07-22,True,14,0.1500000000000341,2015-07-22T12:00:00Z
2,2026-07-22,2015-07-22,True,15,0.15699999999998226,2015-07-22T13:00:00Z
2,2026-07-22,2015-07-22,True,16,0.15999999999996817,2015-07-22T14:00:00Z
2,2026-07-22,2015-07-22,True,17,0.20000000000004547,2015-07-22T15:00:00Z
2,2026-07-22,2015-07-22,True,18,0.24799999999999045,2015-07-22T16:00:00Z
2,2026-07-22,2015-07-22,True,19,0.7199999999999704,2015-07-22T17:00:00Z
2,2026-07-22,2015-07-22,True,20,0.79200000000003,2015-07-22T18:00:00Z
2,2026-07-22,2015-07-22,True,21,0.21999999999997044,2015-07-22T19:00:00Z
2,2026-07-22,2015-07-22,True,22,0.160000000000025,2015-07-22T20:00:00Z
2,2026-07-22,2015-07-22,True,23,0.14999999999997726,2015-07-22T21:00:00Z
2,2026-07-23,2015-07-23,True,0,0.15100000000001046,2015-07-22T22:00:00Z
2,2026-07-23,2015-07-23,True,1,0.1419999999999959,2015-07-22T23:00:00Z
2,2026-07-23,2015-07-23,True,2,0.14699999999999136,2015-07-23T00:00:00Z
2,2026-07-23,2015-07-23,True,3,0.1500000000000341,2015-07-23T01:00:00Z
2,2026-07-23,2015-07-23,True,4,0.15999999999996817,2015-07-23T02:00:00Z
2,2026-07-23,2015-07-23,True,5,0.2300000000000182,2015-07-23T03:00:00Z
2,2026-07-23,2015-07-23,True,6,0.16100000000000136,2015-07-23T04:00:00Z
2,2026-07-23,2015-07-23,True,7,0.11200000000002319,2015-07-23T05:00:00Z
2,2026-07-23,2015-07-23,True,8,0.06999999999999318,2015-07-23T06:00:00Z
2,2026-07-23,2015-07-23,True,9,0.16999999999995907,2015-07-23T07:00:00Z
2,2026-07-23,2015-07-23,True,10,0.1500000000000341,2015-07-23T08:00:00Z
2,2026-07-23,2015-07-23,True,11,0.14699999999999136,2015-07-23T09:00:00Z
2,2026-07-23,2015-07-23,True,12,0.14999999999997726,2015-07-23T10:00:00Z
2,2026-07-23,2015-07-23,True,13,0.1430000000000291,2015-07-23T11:00:00Z
2,2026-07-23,2015-07-23,True,14,0.14699999999999136,2015-07-23T12:00:00Z
2,2026-07-23,2015-07-23,True,15,0.16100000000000136,2015-07-23T13:00:00Z
2,2026-07-23,2015-07-23,True,16,0.8269999999999982,2015-07-23T14:00:00Z
2,2026-07-23,2015-07-23,True,17,0.5120000000000005,2015-07-23T15:00:00Z
2,2026-07-23,2015-07-23,True,18,0.20999999999997954,2015-07-23T16:00:00Z
2,2026-07-23,2015-07-23,True,19,0.20100000000002183,2015-07-23T17:00:00Z
2,2026-07-23,2015-07-23,True,20,0.257000000000005,2015-07-23T18:00:00Z
2,2026-07-23,2015-07-23,True,21,0.27199999999999136,2015-07-23T19:00:00Z
2,2026-07-23,2015-07-23,True,22,0.18999999999999773,2015-07-23T20:00:00Z
2,2026-07-23,2015-07-23,True,23,0.07999999999998408,2015-07-23T21:00:00Z
2,2026-07-24,2015-07-24,True,0,0.160000000000025,2015-07-23T22:00:00Z
2,2026-07-24,2015-07-24,True,1,0.14999999999997726,2015-07-23T23:00:00Z
2,2026-07-24,2015-07-24,True,2,0.15100000000001046,2015-07-24T00:00:00Z
2,2026-07-24,2015-07-24,True,3,0.1490000000000009,2015-07-24T01:00:00Z
2,2026-07-24,2015-07-24,True,4,0.14999999999997726,2015-07-24T02:00:00Z
2,2026-07-24,2015-07-24,True,5,0.2300000000000182,2015-07-24T03:00:00Z
2,2026-07-24,2015-07-24,True,6,0.1500000000000341,2015-07-24T04:00:00Z
2,2026-07-24,2015-07-24,True,7,0.1199999999999477,2015-07-24T05:00:00Z
2,2026-07-24,2015-07-24,True,8,0.07300000000003593,2015-07-24T06:00:00Z
2,2026-07-24,2015-07-24,True,9,0.14699999999999136,2015-07-24T07:00:00Z
2,2026-07-24,2015-07-24,True,10,0.14299999999997226,2015-07-24T08:00:00Z
2,2026-07-24,2015-07-24,True,11,0.35000000000002274,2015-07-24T09:00:00Z
2,2026-07-24,2015-07-24,True,12,0.06700000000000728,2015-07-24T10:00:00Z
2,2026-07-24,2015-07-24,True,13,0.12000000000000455,2015-07-24T11:00:00Z
2,2026-07-24,2015-07-24,True,14,0.14999999999997726,2015-07-24T12:00:00Z
2,2026-07-24,2015-07-24,True,15,0.20300000000003138,2015-07-24T13:00:00Z
2,2026-07-24,2015-07-24,True,16,0.14699999999999136,2015-07-24T14:00:00Z
2,2026-07-24,2015-07-24,True,17,0.14299999999997226,2015-07-24T15:00:00Z
2,2026-07-24,2015-07-24,True,18,0.21700000000004138,2015-07-24T16:00:00Z
2,2026-07-24,2015-07-24,True,19,0.21999999999997044,2015-07-24T17:00:00Z
2,2026-07-24,2015-07-24,True,20,0.5780000000000314,2015-07-24T18:00:00Z
2,2026-07-24,2015-07-24,True,21,0.311999999999955,2015-07-24T19:00:00Z
2,2026-07-24,2015-07-24,True,22,0.6800000000000068,2015-07-24T20:00:00Z
2,2026-07-24,2015-07-24,True,23,0.15999999999996817,2015-07-24T21:00:00Z
2,2026-07-25,2015-07-25,True,0,0.16300000000001091,2015-07-24T22:00:00Z
2,2026-07-25,2015-07-25,True,1,0.1570000000000391,2015-07-24T23:00:00Z
2,2026-07-25,2015-07-25,True,2,0.13999999999998636,2015-07-25T00:00:00Z
2,2026-07-25,2015-07-25,True,3,0.08299999999996999,2015-07-25T01:00:00Z
2,2026-07-25,2015-07-25,True,4,0.10700000000008458,2015-07-25T02:00:00Z
2,2026-07-25,2015-07-25,True,5,0.14999999999997726,2015-07-25T03:00:00Z
2,2026-07-25,2015-07-25,True,6,0.25,2015-07-25T04:00:00Z
2,2026-07-25,2015-07-25,True,7,0.14999999999997726,2015-07-25T05:00:00Z
2,2026-07-25,2015-07-25,True,8,0.15300000000002,2015-07-25T06:00:00Z
2,2026-07-25,2015-07-25,True,9,0.30700000000001637,2015-07-25T07:00:00Z
2,2026-07-25,2015-07-25,True,10,0.15999999999996817,2015-07-25T08:00:00Z
2,2026-07-25,2015-07-25,True,11,0.09000000000003183,2015-07-25T09:00:00Z
2,2026-07-25,2015-07-25,True,12,0.42999999999995,2015-07-25T10:00:00Z
2,2026-07-25,2015-07-25,True,13,0.3100000000000591,2015-07-25T11:00:00Z
2,2026-07-25,2015-07-25,True,14,0.15999999999996817,2015-07-25T12:00:00Z
2,2026-07-25,2015-07-25,True,15,0.21000000000003638,2015-07-25T13:00:00Z
2,2026-07-25,2015-07-25,True,16,0.09299999999996089,2015-07-25T14:00:00Z
2,2026-07-25,2015-07-25,True,17,0.12800000000004275,2015-07-25T15:00:00Z
2,2026-07-25,2015-07-25,True,18,0.21899999999993724,2015-07-25T16:00:00Z
2,2026-07-25,2015-07-25,True,19,0.7400000000000091,2015-07-25T17:00:00Z
2,2026-07-25,2015-07-25,True,20,0.8600000000000136,2015-07-25T18:00:00Z
2,2026-07-25,2015-07-25,True,21,0.2300000000000182,2015-07-25T19:00:00Z
2,2026-07-25,2015-07-25,True,22,0.08999999999991815,2015-07-25T20:00:00Z
2,2026-07-25,2015-07-25,True,23,0.17000000000007276,2015-07-25T21:00:00Z
2,2026-07-26,2015-07-26,True,0,0.15999999999996817,2015-07-25T22:00:00Z
2,2026-07-26,2015-07-26,True,1,0.14999999999997726,2015-07-25T23:00:00Z
2,2026-07-26,2015-07-26,True,2,0.16000000000008185,2015-07-26T00:00:00Z
2,2026-07-26,2015-07-26,True,3,0.15299999999990632,2015-07-26T01:00:00Z
2,2026-07-26,2015-07-26,True,4,0.08000000000004093,2015-07-26T02:00:00Z
2,2026-07-26,2015-07-26,True,5,0.1269999999999527,2015-07-26T03:00:00Z
2,2026-07-26,2015-07-26,True,6,0.25,2015-07-26T04:00:00Z
2,2026-07-26,2015-07-26,True,7,0.16300000000001091,2015-07-26T05:00:00Z
2,2026-07-26,2015-07-26,True,8,0.16700000000003,2015-07-26T06:00:00Z
2,2026-07-26,2015-07-26,True,9,0.1430000000000291,2015-07-26T07:00:00Z
2,2026-07-26,2015-07-26,True,10,0.06999999999993634,2015-07-26T08:00:00Z
2,2026-07-26,2015-07-26,True,11,0.1370000000000573,2015-07-26T09:00:00Z
2,2026-07-26,2015-07-26,True,12,0.4700000000000273,2015-07-26T10:00:00Z
2,2026-07-26,2015-07-26,True,13,1.0779999999999745,2015-07-26T11:00:00Z
2,2026-07-26,2015-07-26,True,14,0.2820000000000391,2015-07-26T12:00:00Z
2,2026-07-26,2015-07-26,True,15,0.15799999999990177,2015-07-26T13:00:00Z
2,2026-07-26,2015-07-26,True,16,0.19000000000005457,2015-07-26T14:00:00Z
2,2026-07-26,2015-07-26,True,17,0.7719999999999345,2015-07-26T15:00:00Z
2,2026-07-26,2015-07-26,True,18,0.3380000000000791,2015-07-26T16:00:00Z
2,2026-07-26,2015-07-26,True,19,0.20199999999999818,2015-07-26T17:00:00Z
2,2026-07-26,2015-07-26,True,20,0.2479999999999336,2015-07-26T18:00:00Z
2,2026-07-26,2015-07-26,True,21,0.2420000000000755,2015-07-26T19:00:00Z
2,2026-07-26,2015-07-26,True,22,0.17300000000000182,2015-07-26T20:00:00Z
2,2026-07-26,2015-07-26,True,23,0.14999999999997726,2015-07-26T21:00:00Z
2,2026-07-27,2015-07-27,True,0,0.12999999999999545,2015-07-26T22:00:00Z
2,2026-07-27,2015-07-27,True,1,0.06700000000000728,2015-07-26T23:00:00Z
2,2026-07-27,2015-07-27,True,2,0.13999999999998636,2015-07-27T00:00:00Z
2,2026-07-27,2015-07-27,True,3,0.14999999999997726,2015-07-27T01:00:00Z
2,2026-07-27,2015-07-27,True,4,0.1410000000000764,2015-07-27T02:00:00Z
2,2026-07-27,2015-07-27,True,5,0.2399999999998954,2015-07-27T03:00:00Z
2,2026-07-27,2015-07-27,True,6,0.1790000000000873,2015-07-27T04:00:00Z
2,2026-07-27,2015-07-27,True,7,0.25299999999992906,2015-07-27T05:00:00Z
2,2026-07-27,2015-07-27,True,8,0.21000000000003638,2015-07-27T06:00:00Z
2,2026-07-27,2015-07-27,True,9,0.16700000000003,2015-07-27T07:00:00Z
2,2026-07-27,2015-07-27,True,10,0.14999999999997726,2015-07-27T08:00:00Z
2,2026-07-27,2015-07-27,True,11,0.16999999999995907,2015-07-27T09:00:00Z
2,2026-07-27,2015-07-27,True,12,0.1209999999999809,2015-07-27T10:00:00Z
2,2026-07-27,2015-07-27,True,13,0.1590000000001055,2015-07-27T11:00:00Z
2,2026-07-27,2015-07-27,True,14,0.16299999999989723,2015-07-27T12:00:00Z
2,2026-07-27,2015-07-27,True,15,0.16800000000000637,2015-07-27T13:00:00Z
2,2026-07-27,2015-07-27,True,16,0.18200000000001637,2015-07-27T14:00:00Z
2,2026-07-27,2015-07-27,True,17,0.20500000000004093,2015-07-27T15:00:00Z
2,2026-07-27,2015-07-27,True,18,0.20199999999999818,2015-07-27T16:00:00Z
2,2026-07-27,2015-07-27,True,19,0.2599999999999909,2015-07-27T17:00:00Z
2,2026-07-27,2015-07-27,True,20,1.2849999999999682,2015-07-27T18:00:00Z
2,2026-07-27,2015-07-27,True,21,0.37599999999997635,2015-07-27T19:00:00Z
2,2026-07-27,2015-07-27,True,22,0.18200000000001637,2015-07-27T20:00:00Z
2,2026-07-27,2015-07-27,True,23,0.17000000000007276,2015-07-27T21:00:00Z
2,2026-07-28,2015-07-28,True,0,0.14799999999991087,2015-07-27T22:00:00Z
2,2026-07-28,2015-07-28,True,1,0.14200000000005275,2015-07-27T23:00:00Z
2,2026-07-28,2015-07-28,True,2,0.14999999999997726,2015-07-28T00:00:00Z
2,2026-07-28,2015-07-28,True,3,0.12000000000000455,2015-07-28T01:00:00Z
2,2026-07-28,2015-07-28,True,4,0.07000000000005002,2015-07-28T02:00:00Z
2,2026-07-28,2015-07-28,True,5,0.21699999999998454,2015-07-28T03:00:00Z
2,2026-07-28,2015-07-28,True,6,0.29099999999994,2015-07-28T04:00:00Z
2,2026-07-28,2015-07-28,True,7,0.16200000000003456,2015-07-28T05:00:00Z
2,2026-07-28,2015-07-28,True,8,0.6000000000000227,2015-07-28T06:00:00Z
2,2026-07-28,2015-07-28,True,9,0.19700000000000273,2015-07-28T07:00:00Z
2,2026-07-28,2015-07-28,True,10,0.20299999999997453,2015-07-28T08:00:00Z
2,2026-07-28,2015-07-28,True,11,0.1570000000000391,2015-07-28T09:00:00Z
2,2026-07-28,2015-07-28,True,12,0.14299999999991542,2015-07-28T10:00:00Z
2,2026-07-28,2015-07-28,True,13,0.9270000000000209,2015-07-28T11:00:00Z
2,2026-07-28,2015-07-28,True,14,0.09000000000003183,2015-07-28T12:00:00Z
2,2026-07-28,2015-07-28,True,15,0.15999999999996817,2015-07-28T13:00:00Z
2,2026-07-28,2015-07-28,True,16,0.30299999999999727,2015-07-28T14:00:00Z
2,2026-07-28,2015-07-28,True,17,0.17700000000002092,2015-07-28T15:00:00Z
2,2026-07-28,2015-07-28,True,18,0.25300000000004275,2015-07-28T16:00:00Z
2,2026-07-28,2015-07-28,True,19,4.986999999999966,2015-07-28T17:00:00Z
2,2026-07-28,2015-07-28,True,20,0.19799999999997908,2015-07-28T18:00:00Z
2,2026-07-28,2015-07-28,True,21,0.3000000000000682,2015-07-28T19:00:00Z
2,2026-07-28,2015-07-28,True,22,0.18499999999994543,2015-07-28T20:00:00Z
2,2026-07-28,2015-07-28,True,23,0.1570000000000391,2015-07-28T21:00:00Z
2,2026-07-29,2015-07-29,True,0,0.14999999999997726,2015-07-28T22:00:00Z
2,2026-07-29,2015-07-29,True,1,0.07299999999997908,2015-07-28T23:00:00Z
2,2026-07-29,2015-07-29,True,2,0.1370000000000573,2015-07-29T00:00:00Z
2,2026-07-29,2015-07-29,True,3,0.14999999999997726,2015-07-29T01:00:00Z
2,2026-07-29,2015-07-29,True,4,0.14999999999997726,2015-07-29T02:00:00Z
2,2026-07-29,2015-07-29,True,5,0.1610000000000582,2015-07-29T03:00:00Z
2,2026-07-29,2015-07-29,True,6,0.19899999999995543,2015-07-29T04:00:00Z
2,2026-07-29,2015-07-29,True,7,0.21000000000003638,2015-07-29T05:00:00Z
2,2026-07-29,2015-07-29,True,8,0.2949999999999591,2015-07-29T06:00:00Z
2,2026-07-29,2015-07-29,True,9,0.3250000000000455,2015-07-29T07:00:00Z
2,2026-07-29,2015-07-29,True,10,0.08999999999991815,2015-07-29T08:00:00Z
2,2026-07-29,2015-07-29,True,11,0.19000000000005457,2015-07-29T09:00:00Z
2,2026-07-29,2015-07-29,True,12,0.15300000000002,2015-07-29T10:00:00Z
2,2026-07-29,2015-07-29,True,13,0.13999999999998636,2015-07-29T11:00:00Z
2,2026-07-29,2015-07-29,True,14,0.05999999999994543,2015-07-29T12:00:00Z
2,2026-07-29,2015-07-29,True,15,0.19000000000005457,2015-07-29T13:00:00Z
2,2026-07-29,2015-07-29,True,16,0.16699999999991633,2015-07-29T14:00:00Z
2,2026-07-29,2015-07-29,True,17,0.17300000000000182,2015-07-29T15:00:00Z
2,2026-07-29,2015-07-29,True,18,0.21700000000009823,2015-07-29T16:00:00Z
2,2026-07-29,2015-07-29,True,19,0.63799999999992,2015-07-29T17:00:00Z
2,2026-07-29,2015-07-29,True,20,0.7720000000000482,2015-07-29T18:00:00Z
2,2026-07-29,2015-07-29,True,21,0.2379999999999427,2015-07-29T19:00:00Z
2,2026-07-29,2015-07-29,True,22,0.21199999999998909,2015-07-29T20:00:00Z
2,2026-07-29,2015-07-29,True,23,0.16300000000001091,2015-07-29T21:00:00Z
2,2026-07-30,2015-07-30,True,0,0.07699999999999818,2015-07-29T22:00:00Z
2,2026-07-30,2015-07-30,True,1,0.15000000000009095,2015-07-29T23:00:00Z
2,2026-07-30,2015-07-30,True,2,0.14999999999997726,2015-07-30T00:00:00Z
2,2026-07-30,2015-07-30,True,3,0.15300000000002,2015-07-30T01:00:00Z
2,2026-07-30,2015-07-30,True,4,0.08699999999998909,2015-07-30T02:00:00Z
2,2026-07-30,2015-07-30,True,5,0.2199999999999136,2015-07-30T03:00:00Z
2,2026-07-30,2015-07-30,True,6,0.2900000000000773,2015-07-30T04:00:00Z
2,2026-07-30,2015-07-30,True,7,0.1999999999999318,2015-07-30T05:00:00Z
2,2026-07-30,2015-07-30,True,8,0.1330000000000382,2015-07-30T06:00:00Z
2,2026-07-30,2015-07-30,True,9,0.16999999999995907,2015-07-30T07:00:00Z
2,2026-07-30,2015-07-30,True,10,0.1470000000000482,2015-07-30T08:00:00Z
2,2026-07-30,2015-07-30,True,11,0.1430000000000291,2015-07-30T09:00:00Z
2,2026-07-30,2015-07-30,True,12,0.06700000000000728,2015-07-30T10:00:00Z
2,2026-07-30,2015-07-30,True,13,0.11000000000001364,2015-07-30T11:00:00Z
2,2026-07-30,2015-07-30,True,14,0.14999999999997726,2015-07-30T12:00:00Z
2,2026-07-30,2015-07-30,True,15,0.20299999999997453,2015-07-30T13:00:00Z
2,2026-07-30,2015-07-30,True,16,0.07000000000005002,2015-07-30T14:00:00Z
2,2026-07-30,2015-07-30,True,17,0.375,2015-07-30T15:00:00Z
2,2026-07-30,2015-07-30,True,18,0.35199999999997544,2015-07-30T16:00:00Z
2,2026-07-30,2015-07-30,True,19,0.5649999999999409,2015-07-30T17:00:00Z
2,2026-07-30,2015-07-30,True,20,0.3330000000000837,2015-07-30T18:00:00Z
2,2026-07-30,2015-07-30,True,21,0.8119999999998981,2015-07-30T19:00:00Z
2,2026-07-30,2015-07-30,True,22,0.11100000000010368,2015-07-30T20:00:00Z
2,2026-07-30,2015-07-30,True,23,0.16199999999992087,2015-07-30T21:00:00Z
2,2026-07-31,2015-07-31,True,0,0.1470000000000482,2015-07-30T22:00:00Z
2,2026-07-31,2015-07-31,True,1,0.09000000000003183,2015-07-30T23:00:00Z
2,2026-07-31,2015-07-31,True,2,0.12999999999999545,2015-07-31T00:00:00Z
2,2026-07-31,2015-07-31,True,3,0.14999999999997726,2015-07-31T01:00:00Z
2,2026-07-31,2015-07-31,True,4,0.1029999999999518,2015-07-31T02:00:00Z
2,2026-07-31,2015-07-31,True,5,0.20799999999997,2015-07-31T03:00:00Z
2,2026-07-31,2015-07-31,True,6,0.18900000000007822,2015-07-31T04:00:00Z
2,2026-07-31,2015-07-31,True,7,0.17999999999994998,2015-07-31T05:00:00Z
2,2026-07-31,2015-07-31,True,8,0.14999999999997726,2015-07-31T06:00:00Z
2,2026-07-31,2015-07-31,True,9,0.19000000000005457,2015-07-31T07:00:00Z
2,2026-07-31,2015-07-31,True,10,0.14999999999997726,2015-07-31T08:00:00Z
2,2026-07-31,2015-07-31,True,11,0.11000000000001364,2015-07-31T09:00:00Z
2,2026-07-31,2015-07-31,True,12,0.15999999999996817,2015-07-31T10:00:00Z
2,2026-07-31,2015-07-31,True,13,0.7980000000000018,2015-07-31T11:00:00Z
2,2026-07-31,2015-07-31,True,14,0.2800000000000864,2015-07-31T12:00:00Z
2,2026-07-31,2015-07-31,True,15,0.11499999999989541,2015-07-31T13:00:00Z
2,2026-07-31,2015-07-31,True,16,0.1270000000000664,2015-07-31T14:00:00Z
2,2026-07-31,2015-07-31,True,17,0.18999999999994088,2015-07-31T15:00:00Z
2,2026-07-31,2015-07-31,True,18,0.25,2015-07-31T16:00:00Z
2,2026-07-31,2015-07-31,True,19,0.3000000000000682,2015-07-31T17:00:00Z
2,2026-07-31,2015-07-31,True,20,0.2479999999999336,2015-07-31T18:00:00Z
2,2026-07-31,2015-07-31,True,21,0.2820000000000391,2015-07-31T19:00:00Z
2,2026-07-31,2015-07-31,True,22,0.20000000000004547,2015-07-31T20:00:00Z
2,2026-07-31,2015-07-31,True,23,0.13999999999998636,2015-07-31T21:00:00Z
2,2026-09-01,2015-09-01,True,0,0.12000000000000455,2015-08-31T22:00:00Z
2,2026-09-01,2015-09-01,True,1,0.15499999999997272,2015-08-31T23:00:00Z
2,2026-09-01,2015-09-01,True,2,0.14999999999997726,2015-09-01T00:00:00Z
2,2026-09-01,2015-09-01,True,3,0.13999999999998636,2015-09-01T01:00:00Z
2,2026-09-01,2015-09-01,True,4,0.07500000000004547,2015-09-01T02:00:00Z
2,2026-09-01,2015-09-01,True,5,0.24500000000000455,2015-09-01T03:00:00Z
2,2026-09-01,2015-09-01,True,6,0.15499999999997272,2015-09-01T04:00:00Z
2,2026-09-01,2015-09-01,True,7,0.5349999999999682,2015-09-01T05:00:00Z
2,2026-09-01,2015-09-01,True,8,0.6299999999999955,2015-09-01T06:00:00Z
2,2026-09-01,2015-09-01,True,9,0.18500000000005912,2015-09-01T07:00:00Z
2,2026-09-01,2015-09-01,True,10,0.16499999999996362,2015-09-01T08:00:00Z
2,2026-09-01,2015-09-01,True,11,0.15499999999997272,2015-09-01T09:00:00Z
2,2026-09-01,2015-09-01,True,12,0.1650000000000773,2015-09-01T10:00:00Z
2,2026-09-01,2015-09-01,True,13,0.14999999999997726,2015-09-01T11:00:00Z
2,2026-09-01,2015-09-01,True,14,0.15499999999997272,2015-09-01T12:00:00Z
2,2026-09-01,2015-09-01,True,15,0.08500000000003638,2015-09-01T13:00:00Z
2,2026-09-01,2015-09-01,True,16,0.21000000000003638,2015-09-01T14:00:00Z
2,2026-09-01,2015-09-01,True,17,0.875,2015-09-01T15:00:00Z
2,2026-09-01,2015-09-01,True,18,0.4049999999999727,2015-09-01T16:00:00Z
2,2026-09-01,2015-09-01,True,19,0.44499999999993634,2015-09-01T17:00:00Z
2,2026-09-01,2015-09-01,True,20,0.3450000000000273,2015-09-01T18:00:00Z
2,2026-09-01,2015-09-01,True,21,0.2599999999999909,2015-09-01T19:00:00Z
2,2026-09-01,2015-09-01,True,22,0.22000000000002728,2015-09-01T20:00:00Z
2,2026-09-01,2015-09-01,True,23,0.15999999999996817,2015-09-01T21:00:00Z
2,2026-09-02,2015-09-02,True,0,0.16000000000008185,2015-09-01T22:00:00Z
2,2026-09-02,2015-09-02,True,1,0.0949999999999136,2015-09-01T23:00:00Z
2,2026-09-02,2015-09-02,True,2,0.10500000000001819,2015-09-02T00:00:00Z
2,2026-09-02,2015-09-02,True,3,0.15999999999996817,2015-09-02T01:00:00Z
2,2026-09-02,2015-09-02,True,4,0.16000000000008185,2015-09-02T02:00:00Z
2,2026-09-02,2015-09-02,True,5,0.2300000000000182,2015-09-02T03:00:00Z
2,2026-09-02,2015-09-02,True,6,0.12000000000000455,2015-09-02T04:00:00Z
2,2026-09-02,2015-09-02,True,7,0.15999999999996817,2015-09-02T05:00:00Z
2,2026-09-02,2015-09-02,True,8,0.1449999999999818,2015-09-02T06:00:00Z
2,2026-09-02,2015-09-02,True,9,0.1449999999999818,2015-09-02T07:00:00Z
2,2026-09-02,2015-09-02,True,10,0.14999999999997726,2015-09-02T08:00:00Z
2,2026-09-02,2015-09-02,True,11,0.1449999999999818,2015-09-02T09:00:00Z
2,2026-09-02,2015-09-02,True,12,0.07000000000005002,2015-09-02T10:00:00Z
2,2026-09-02,2015-09-02,True,13,0.13999999999998636,2015-09-02T11:00:00Z
2,2026-09-02,2015-09-02,True,14,0.1449999999999818,2015-09-02T12:00:00Z
2,2026-09-02,2015-09-02,True,15,0.15000000000009095,2015-09-02T13:00:00Z
2,2026-09-02,2015-09-02,True,16,0.2099999999999227,2015-09-02T14:00:00Z
2,2026-09-02,2015-09-02,True,17,0.375,2015-09-02T15:00:00Z
2,2026-09-02,2015-09-02,True,18,0.20000000000004547,2015-09-02T16:00:00Z
2,2026-09-02,2015-09-02,True,19,0.2300000000000182,2015-09-02T17:00:00Z
2,2026-09-02,2015-09-02,True,20,0.3349999999999227,2015-09-02T18:00:00Z
2,2026-09-02,2015-09-02,True,21,0.22000000000002728,2015-09-02T19:00:00Z
2,2026-09-02,2015-09-02,True,22,0.19000000000005457,2015-09-02T20:00:00Z
2,2026-09-02,2015-09-02,True,23,0.15499999999997272,2015-09-02T21:00:00Z
2,2026-09-03,2015-09-03,True,0,0.1449999999999818,2015-09-02T22:00:00Z
2,2026-09-03,2015-09-03,True,1,0.1449999999999818,2015-09-02T23:00:00Z
2,2026-09-03,2015-09-03,True,2,0.06500000000005457,2015-09-03T00:00:00Z
2,2026-09-03,2015-09-03,True,3,0.12999999999999545,2015-09-03T01:00:00Z
2,2026-09-03,2015-09-03,True,4,0.14999999999997726,2015-09-03T02:00:00Z
2,2026-09-03,2015-09-03,True,5,0.22000000000002728,2015-09-03T03:00:00Z
2,2026-09-03,2015-09-03,True,6,0.17499999999995453,2015-09-03T04:00:00Z
2,2026-09-03,2015-09-03,True,7,0.10000000000002274,2015-09-03T05:00:00Z
2,2026-09-03,2015-09-03,True,8,0.1449999999999818,2015-09-03T06:00:00Z
2,2026-09-03,2015-09-03,True,9,0.14999999999997726,2015-09-03T07:00:00Z
2,2026-09-03,2015-09-03,True,10,0.14999999999997726,2015-09-03T08:00:00Z
2,2026-09-03,2015-09-03,True,11,0.09500000000002728,2015-09-03T09:00:00Z
2,2026-09-03,2015-09-03,True,12,0.07500000000004547,2015-09-03T10:00:00Z
2,2026-09-03,2015-09-03,True,13,0.14999999999997726,2015-09-03T11:00:00Z
2,2026-09-03,2015-09-03,True,14,0.14999999999997726,2015-09-03T12:00:00Z
2,2026-09-03,2015-09-03,True,15,0.1449999999999818,2015-09-03T13:00:00Z
2,2026-09-03,2015-09-03,True,16,0.5650000000000546,2015-09-03T14:00:00Z
2,2026-09-03,2015-09-03,True,17,0.42999999999995,2015-09-03T15:00:00Z
2,2026-09-03,2015-09-03,True,18,0.3000000000000682,2015-09-03T16:00:00Z
2,2026-09-03,2015-09-03,True,19,0.5599999999999454,2015-09-03T17:00:00Z
2,2026-09-03,2015-09-03,True,20,0.6200000000000045,2015-09-03T18:00:00Z
2,2026-09-03,2015-09-03,True,21,0.42000000000007276,2015-09-03T19:00:00Z
2,2026-09-03,2015-09-03,True,22,0.2299999999999045,2015-09-03T20:00:00Z
2,2026-09-03,2015-09-03,True,23,0.10500000000001819,2015-09-03T21:00:00Z
2,2026-09-04,2015-09-04,True,0,0.08500000000003638,2015-09-03T22:00:00Z
2,2026-09-04,2015-09-04,True,1,0.14999999999997726,2015-09-03T23:00:00Z
2,2026-09-04,2015-09-04,True,2,0.14999999999997726,2015-09-04T00:00:00Z
2,2026-09-04,2015-09-04,True,3,0.09000000000003183,2015-09-04T01:00:00Z
2,2026-09-04,2015-09-04,True,4,0.10500000000001819,2015-09-04T02:00:00Z
2,2026-09-04,2015-09-04,True,5,0.2300000000000182,2015-09-04T03:00:00Z
2,2026-09-04,2015-09-04,True,6,0.17499999999995453,2015-09-04T04:00:00Z
2,2026-09-04,2015-09-04,True,7,0.1449999999999818,2015-09-04T05:00:00Z
2,2026-09-04,2015-09-04,True,8,0.1650000000000773,2015-09-04T06:00:00Z
2,2026-09-04,2015-09-04,True,9,0.16999999999995907,2015-09-04T07:00:00Z
2,2026-09-04,2015-09-04,True,10,0.13999999999998636,2015-09-04T08:00:00Z
2,2026-09-04,2015-09-04,True,11,0.1349999999999909,2015-09-04T09:00:00Z
2,2026-09-04,2015-09-04,True,12,0.09000000000003183,2015-09-04T10:00:00Z
2,2026-09-04,2015-09-04,True,13,0.1349999999999909,2015-09-04T11:00:00Z
2,2026-09-04,2015-09-04,True,14,0.21000000000003638,2015-09-04T12:00:00Z
2,2026-09-04,2015-09-04,True,15,0.15999999999996817,2015-09-04T13:00:00Z
2,2026-09-04,2015-09-04,True,16,1.0499999999999545,2015-09-04T14:00:00Z
2,2026-09-04,2015-09-04,True,17,0.8250000000000455,2015-09-04T15:00:00Z
2,2026-09-04,2015-09-04,True,18,0.5349999999999682,2015-09-04T16:00:00Z
2,2026-09-04,2015-09-04,True,19,0.23500000000001364,2015-09-04T17:00:00Z
2,2026-09-04,2015-09-04,True,20,0.25,2015-09-04T18:00:00Z
2,2026-09-04,2015-09-04,True,21,0.31500000000005457,2015-09-04T19:00:00Z
2,2026-09-04,2015-09-04,True,22,0.2399999999998954,2015-09-04T20:00:00Z
2,2026-09-04,2015-09-04,True,23,0.08000000000004093,2015-09-04T21:00:00Z
2,2026-09-05,2015-09-05,True,0,0.1349999999999909,2015-09-04T22:00:00Z
2,2026-09-05,2015-09-05,True,1,0.1449999999999818,2015-09-04T23:00:00Z
2,2026-09-05,2015-09-05,True,2,0.1150000000000091,2015-09-05T00:00:00Z
2,2026-09-05,2015-09-05,True,3,0.08500000000003638,2015-09-05T01:00:00Z
2,2026-09-05,2015-09-05,True,4,0.15999999999996817,2015-09-05T02:00:00Z
2,2026-09-05,2015-09-05,True,5,0.14999999999997726,2015-09-05T03:00:00Z
2,2026-09-05,2015-09-05,True,6,0.18500000000005912,2015-09-05T04:00:00Z
2,2026-09-05,2015-09-05,True,7,0.27499999999997726,2015-09-05T05:00:00Z
2,2026-09-05,2015-09-05,True,8,0.8600000000000136,2015-09-05T06:00:00Z
2,2026-09-05,2015-09-05,True,9,0.30999999999994543,2015-09-05T07:00:00Z
2,2026-09-05,2015-09-05,True,10,0.7600000000001046,2015-09-05T08:00:00Z
2,2026-09-05,2015-09-05,True,11,0.5399999999999636,2015-09-05T09:00:00Z
2,2026-09-05,2015-09-05,True,12,0.31999999999993634,2015-09-05T10:00:00Z
2,2026-09-05,2015-09-05,True,13,0.75,2015-09-05T11:00:00Z
2,2026-09-05,2015-09-05,True,14,0.22500000000002274,2015-09-05T12:00:00Z
2,2026-09-05,2015-09-05,True,15,2.0400000000000773,2015-09-05T13:00:00Z
2,2026-09-05,2015-09-05,True,16,1.3449999999999136,2015-09-05T14:00:00Z
2,2026-09-05,2015-09-05,True,17,0.775000000000091,2015-09-05T15:00:00Z
2,2026-09-05,2015-09-05,True,18,0.25499999999999545,2015-09-05T16:00:00Z
2,2026-09-05,2015-09-05,True,19,0.2949999999999591,2015-09-05T17:00:00Z
2,2026-09-05,2015-09-05,True,20,0.25499999999999545,2015-09-05T18:00:00Z
2,2026-09-05,2015-09-05,True,21,0.2949999999999591,2015-09-05T19:00:00Z
2,2026-09-05,2015-09-05,True,22,0.25499999999999545,2015-09-05T20:00:00Z
2,2026-09-05,2015-09-05,True,23,0.15000000000009095,2015-09-05T21:00:00Z
2,2026-09-06,2015-09-06,True,0,0.08499999999992269,2015-09-05T22:00:00Z
2,2026-09-06,2015-09-06,True,1,0.12999999999999545,2015-09-05T23:00:00Z
2,2026-09-06,2015-09-06,True,2,0.1550000000000864,2015-09-06T00:00:00Z
2,2026-09-06,2015-09-06,True,3,0.1049999999999045,2015-09-06T01:00:00Z
2,2026-09-06,2015-09-06,True,4,0.08500000000003638,2015-09-06T02:00:00Z
2,2026-09-06,2015-09-06,True,5,0.16499999999996362,2015-09-06T03:00:00Z
2,2026-09-06,2015-09-06,True,6,0.22000000000002728,2015-09-06T04:00:00Z
2,2026-09-06,2015-09-06,True,7,0.13999999999998636,2015-09-06T05:00:00Z
2,2026-09-06,2015-09-06,True,8,0.24500000000000455,2015-09-06T06:00:00Z
2,2026-09-06,2015-09-06,True,9,0.37999999999999545,2015-09-06T07:00:00Z
2,2026-09-06,2015-09-06,True,10,0.17000000000007276,2015-09-06T08:00:00Z
2,2026-09-06,2015-09-06,True,11,0.5699999999999363,2015-09-06T09:00:00Z
2,2026-09-06,2015-09-06,True,12,0.2599999999999909,2015-09-06T10:00:00Z
2,2026-09-06,2015-09-06,True,13,1.1750000000000682,2015-09-06T11:00:00Z
2,2026-09-06,2015-09-06,True,14,0.8099999999999454,2015-09-06T12:00:00Z
2,2026-09-06,2015-09-06,True,15,0.24500000000000455,2015-09-06T13:00:00Z
2,2026-09-06,2015-09-06,True,16,0.17499999999995453,2015-09-06T14:00:00Z
2,2026-09-06,2015-09-06,True,17,0.22000000000002728,2015-09-06T15:00:00Z
2,2026-09-06,2015-09-06,True,18,0.3350000000000364,2015-09-06T16:00:00Z
2,2026-09-06,2015-09-06,True,19,0.25,2015-09-06T17:00:00Z
2,2026-09-06,2015-09-06,True,20,0.28499999999996817,2015-09-06T18:00:00Z
2,2026-09-06,2015-09-06,True,21,0.25499999999999545,2015-09-06T19:00:00Z
2,2026-09-06,2015-09-06,True,22,0.10000000000002274,2015-09-06T20:00:00Z
2,2026-09-06,2015-09-06,True,23,0.10000000000002274,2015-09-06T21:00:00Z
2,2026-09-07,2015-09-07,True,0,0.14999999999997726,2015-09-06T22:00:00Z
2,2026-09-07,2015-09-07,True,1,0.08500000000003638,2015-09-06T23:00:00Z
2,2026-09-07,2015-09-07,True,2,0.12000000000000455,2015-09-07T00:00:00Z
2,2026-09-07,2015-09-07,True,3,0.12999999999999545,2015-09-07T01:00:00Z
2,2026-09-07,2015-09-07,True,4,0.06499999999994088,2015-09-07T02:00:00Z
2,2026-09-07,2015-09-07,True,5,0.2799999999999727,2015-09-07T03:00:00Z
2,2026-09-07,2015-09-07,True,6,0.18000000000006366,2015-09-07T04:00:00Z
2,2026-09-07,2015-09-07,True,7,0.16999999999995907,2015-09-07T05:00:00Z
2,2026-09-07,2015-09-07,True,8,0.20000000000004547,2015-09-07T06:00:00Z
2,2026-09-07,2015-09-07,True,9,0.11000000000001364,2015-09-07T07:00:00Z
2,2026-09-07,2015-09-07,True,10,0.2400000000000091,2015-09-07T08:00:00Z
2,2026-09-07,2015-09-07,True,11,0.1449999999999818,2015-09-07T09:00:00Z
2,2026-09-07,2015-09-07,True,12,0.09500000000002728,2015-09-07T10:00:00Z
2,2026-09-07,2015-09-07,True,13,0.08999999999991815,2015-09-07T11:00:00Z
2,2026-09-07,2015-09-07,True,14,0.15000000000009095,2015-09-07T12:00:00Z
2,2026-09-07,2015-09-07,True,15,0.17999999999994998,2015-09-07T13:00:00Z
2,2026-09-07,2015-09-07,True,16,0.3949999999999818,2015-09-07T14:00:00Z
2,2026-09-07,2015-09-07,True,17,0.5650000000000546,2015-09-07T15:00:00Z
2,2026-09-07,2015-09-07,True,18,0.6699999999999591,2015-09-07T16:00:00Z
2,2026-09-07,2015-09-07,True,19,0.7849999999999682,2015-09-07T17:00:00Z
2,2026-09-07,2015-09-07,True,20,0.35000000000002274,2015-09-07T18:00:00Z
2,2026-09-07,2015-09-07,True,21,0.2400000000000091,2015-09-07T19:00:00Z
2,2026-09-07,2015-09-07,True,22,0.09500000000002728,2015-09-07T20:00:00Z
2,2026-09-07,2015-09-07,True,23,0.15999999999996817,2015-09-07T21:00:00Z
2,2026-09-08,2015-09-08,True,0,0.12999999999999545,2015-09-07T22:00:00Z
2,2026-09-08,2015-09-08,True,1,0.07500000000004547,2015-09-07T23:00:00Z
2,2026-09-08,2015-09-08,True,2,0.13999999999998636,2015-09-08T00:00:00Z
2,2026-09-08,2015-09-08,True,3,0.12999999999999545,2015-09-08T01:00:00Z
2,2026-09-08,2015-09-08,True,4,0.07999999999992724,2015-09-08T02:00:00Z
2,2026-09-08,2015-09-08,True,5,0.24500000000000455,2015-09-08T03:00:00Z
2,2026-09-08,2015-09-08,True,6,0.19000000000005457,2015-09-08T04:00:00Z
2,2026-09-08,2015-09-08,True,7,0.1449999999999818,2015-09-08T05:00:00Z
2,2026-09-08,2015-09-08,True,8,0.21500000000003183,2015-09-08T06:00:00Z
2,2026-09-08,2015-09-08,True,9,0.1449999999999818,2015-09-08T07:00:00Z
2,2026-09-08,2015-09-08,True,10,0.09500000000002728,2015-09-08T08:00:00Z
2,2026-09-08,2015-09-08,True,11,0.17499999999995453,2015-09-08T09:00:00Z
2,2026-09-08,2015-09-08,True,12,0.12999999999999545,2015-09-08T10:00:00Z
2,2026-09-08,2015-09-08,True,13,0.09500000000002728,2015-09-08T11:00:00Z
2,2026-09-08,2015-09-08,True,14,0.17499999999995453,2015-09-08T12:00:00Z
2,2026-09-08,2015-09-08,True,15,0.19500000000005002,2015-09-08T13:00:00Z
2,2026-09-08,2015-09-08,True,16,0.375,2015-09-08T14:00:00Z
2,2026-09-08,2015-09-08,True,17,0.24500000000000455,2015-09-08T15:00:00Z
2,2026-09-08,2015-09-08,True,18,0.20500000000004093,2015-09-08T16:00:00Z
2,2026-09-08,2015-09-08,True,19,0.08999999999991815,2015-09-08T17:00:00Z
2,2026-09-08,2015-09-08,True,20,0.2900000000000773,2015-09-08T18:00:00Z
2,2026-09-08,2015-09-08,True,21,0.24500000000000455,2015-09-08T19:00:00Z
2,2026-09-08,2015-09-08,True,22,0.125,2015-09-08T20:00:00Z
2,2026-09-08,2015-09-08,True,23,0.1449999999999818,2015-09-08T21:00:00Z
2,2026-09-09,2015-09-09,True,0,0.12000000000000455,2015-09-08T22:00:00Z
2,2026-09-09,2015-09-09,True,1,0.06499999999994088,2015-09-08T23:00:00Z
2,2026-09-09,2015-09-09,True,2,0.14999999999997726,2015-09-09T00:00:00Z
2,2026-09-09,2015-09-09,True,3,0.11000000000001364,2015-09-09T01:00:00Z
2,2026-09-09,2015-09-09,True,4,0.07500000000004547,2015-09-09T02:00:00Z
2,2026-09-09,2015-09-09,True,5,0.2699999999999818,2015-09-09T03:00:00Z
2,2026-09-09,2015-09-09,True,6,0.15999999999996817,2015-09-09T04:00:00Z
2,2026-09-09,2015-09-09,True,7,0.14999999999997726,2015-09-09T05:00:00Z
2,2026-09-09,2015-09-09,True,8,0.20000000000004547,2015-09-09T06:00:00Z
2,2026-09-09,2015-09-09,True,9,0.10000000000002274,2015-09-09T07:00:00Z
2,2026-09-09,2015-09-09,True,10,0.10000000000002274,2015-09-09T08:00:00Z
2,2026-09-09,2015-09-09,True,11,0.14999999999997726,2015-09-09T09:00:00Z
2,2026-09-09,2015-09-09,True,12,0.09500000000002728,2015-09-09T10:00:00Z
2,2026-09-09,2015-09-09,True,13,0.08999999999991815,2015-09-09T11:00:00Z
2,2026-09-09,2015-09-09,True,14,0.1550000000000864,2015-09-09T12:00:00Z
2,2026-09-09,2015-09-09,True,15,0.1449999999999818,2015-09-09T13:00:00Z
2,2026-09-09,2015-09-09,True,16,0.11000000000001364,2015-09-09T14:00:00Z
2,2026-09-09,2015-09-09,True,17,0.25,2015-09-09T15:00:00Z
2,2026-09-09,2015-09-09,True,18,0.11000000000001364,2015-09-09T16:00:00Z
2,2026-09-09,2015-09-09,True,19,0.2199999999999136,2015-09-09T17:00:00Z
2,2026-09-09,2015-09-09,True,20,0.7699999999999818,2015-09-09T18:00:00Z
2,2026-09-09,2015-09-09,True,21,0.775000000000091,2015-09-09T19:00:00Z
2,2026-09-09,2015-09-09,True,22,0.2199999999999136,2015-09-09T20:00:00Z
2,2026-09-09,2015-09-09,True,23,0.19000000000005457,2015-09-09T21:00:00Z
2,2026-09-10,2015-09-10,True,0,0.125,2015-09-09T22:00:00Z
2,2026-09-10,2015-09-10,True,1,0.1349999999999909,2015-09-09T23:00:00Z
2,2026-09-10,2015-09-10,True,2,0.14999999999997726,2015-09-10T00:00:00Z
2,2026-09-10,2015-09-10,True,3,0.07500000000004547,2015-09-10T01:00:00Z
2,2026-09-10,2015-09-10,True,4,0.1349999999999909,2015-09-10T02:00:00Z
2,2026-09-10,2015-09-10,True,5,0.2799999999999727,2015-09-10T03:00:00Z
2,2026-09-10,2015-09-10,True,6,0.12999999999999545,2015-09-10T04:00:00Z
2,2026-09-10,2015-09-10,True,7,0.19000000000005457,2015-09-10T05:00:00Z
2,2026-09-10,2015-09-10,True,8,0.16999999999995907,2015-09-10T06:00:00Z
2,2026-09-10,2015-09-10,True,9,0.10500000000001819,2015-09-10T07:00:00Z
2,2026-09-10,2015-09-10,True,10,0.12999999999999545,2015-09-10T08:00:00Z
2,2026-09-10,2015-09-10,True,11,0.13999999999998636,2015-09-10T09:00:00Z
2,2026-09-10,2015-09-10,True,12,0.06500000000005457,2015-09-10T10:00:00Z
2,2026-09-10,2015-09-10,True,13,0.125,2015-09-10T11:00:00Z
2,2026-09-10,2015-09-10,True,14,0.1449999999999818,2015-09-10T12:00:00Z
2,2026-09-10,2015-09-10,True,15,0.13999999999998636,2015-09-10T13:00:00Z
2,2026-09-10,2015-09-10,True,16,0.15499999999997272,2015-09-10T14:00:00Z
2,2026-09-10,2015-09-10,True,17,0.19500000000005002,2015-09-10T15:00:00Z
2,2026-09-10,2015-09-10,True,18,0.4499999999999318,2015-09-10T16:00:00Z
2,2026-09-10,2015-09-10,True,19,0.2699999999999818,2015-09-10T17:00:00Z
2,2026-09-10,2015-09-10,True,20,0.41000000000008185,2015-09-10T18:00:00Z
2,2026-09-10,2015-09-10,True,21,0.1999999999999318,2015-09-10T19:00:00Z
2,2026-09-10,2015-09-10,True,22,0.18000000000006366,2015-09-10T20:00:00Z
2,2026-09-10,2015-09-10,True,23,0.1349999999999909,2015-09-10T21:00:00Z
2,2026-09-11,2015-09-11,True,0,0.06999999999993634,2015-09-10T22:00:00Z
2,2026-09-11,2015-09-11,True,1,0.1650000000000773,2015-09-10T23:00:00Z
2,2026-09-11,2015-09-11,True,2,0.10500000000001819,2015-09-11T00:00:00Z
2,2026-09-11,2015-09-11,True,3,0.07499999999993179,2015-09-11T01:00:00Z
2,2026-09-11,2015-09-11,True,4,0.15999999999996817,2015-09-11T02:00:00Z
2,2026-09-11,2015-09-11,True,5,0.22000000000002728,2015-09-11T03:00:00Z
2,2026-09-11,2015-09-11,True,6,0.14999999999997726,2015-09-11T04:00:00Z
2,2026-09-11,2015-09-11,True,7,0.2599999999999909,2015-09-11T05:00:00Z
2,2026-09-11,2015-09-11,True,8,0.19000000000005457,2015-09-11T06:00:00Z
2,2026-09-11,2015-09-11,True,9,0.15999999999996817,2015-09-11T07:00:00Z
2,2026-09-11,2015-09-11,True,10,0.21000000000003638,2015-09-11T08:00:00Z
2,2026-09-11,2015-09-11,True,11,0.15999999999996817,2015-09-11T09:00:00Z
2,2026-09-11,2015-09-11,True,12,0.1349999999999909,2015-09-11T10:00:00Z
2,2026-09-11,2015-09-11,True,13,0.5400000000000773,2015-09-11T11:00:00Z
2,2026-09-11,2015-09-11,True,14,1.75,2015-09-11T12:00:00Z
2,2026-09-11,2015-09-11,True,15,0.7699999999999818,2015-09-11T13:00:00Z
2,2026-09-11,2015-09-11,True,16,0.19499999999993634,2015-09-11T14:00:00Z
2,2026-09-11,2015-09-11,True,17,0.6299999999999955,2015-09-11T15:00:00Z
2,2026-09-11,2015-09-11,True,18,0.13999999999998636,2015-09-11T16:00:00Z
2,2026-09-11,2015-09-11,True,19,1.0550000000000637,2015-09-11T17:00:00Z
2,2026-09-11,2015-09-11,True,20,0.6200000000000045,2015-09-11T18:00:00Z
2,2026-09-11,2015-09-11,True,21,0.06999999999993634,2015-09-11T19:00:00Z
2,2026-09-11,2015-09-11,True,22,0.1350000000001046,2015-09-11T20:00:00Z
2,2026-09-11,2015-09-11,True,23,0.1349999999999909,2015-09-11T21:00:00Z
2,2026-09-12,2015-09-12,True,0,0.06499999999994088,2015-09-11T22:00:00Z
2,2026-09-12,2015-09-12,True,1,0.12000000000000455,2015-09-11T23:00:00Z
2,2026-09-12,2015-09-12,True,2,0.1449999999999818,2015-09-12T00:00:00Z
2,2026-09-12,2015-09-12,True,3,0.07000000000005002,2015-09-12T01:00:00Z
2,2026-09-12,2015-09-12,True,4,0.10500000000001819,2015-09-12T02:00:00Z
2,2026-09-12,2015-09-12,True,5,0.14999999999997726,2015-09-12T03:00:00Z
2,2026-09-12,2015-09-12,True,6,0.14999999999997726,2015-09-12T04:00:00Z
2,2026-09-12,2015-09-12,True,7,0.28499999999996817,2015-09-12T05:00:00Z
2,2026-09-12,2015-09-12,True,8,0.21500000000003183,2015-09-12T06:00:00Z
2,2026-09-12,2015-09-12,True,9,0.1349999999999909,2015-09-12T07:00:00Z
2,2026-09-12,2015-09-12,True,10,0.125,2015-09-12T08:00:00Z
2,2026-09-12,2015-09-12,True,11,0.19000000000005457,2015-09-12T09:00:00Z
2,2026-09-12,2015-09-12,True,12,0.3949999999999818,2015-09-12T10:00:00Z
2,2026-09-12,2015-09-12,True,13,0.2400000000000091,2015-09-12T11:00:00Z
2,2026-09-12,2015-09-12,True,14,0.15499999999997272,2015-09-12T12:00:00Z
2,2026-09-12,2015-09-12,True,15,0.20000000000004547,2015-09-12T13:00:00Z
2,2026-09-12,2015-09-12,True,16,0.16499999999996362,2015-09-12T14:00:00Z
2,2026-09-12,2015-09-12,True,17,0.8949999999999818,2015-09-12T15:00:00Z
2,2026-09-12,2015-09-12,True,18,0.39999999999997726,2015-09-12T16:00:00Z
2,2026-09-12,2015-09-12,True,19,0.20000000000004547,2015-09-12T17:00:00Z
2,2026-09-12,2015-09-12,True,20,0.2799999999999727,2015-09-12T18:00:00Z
2,2026-09-12,2015-09-12,True,21,0.2699999999999818,2015-09-12T19:00:00Z
2,2026-09-12,2015-09-12,True,22,0.07500000000004547,2015-09-12T20:00:00Z
2,2026-09-12,2015-09-12,True,23,0.14999999999997726,2015-09-12T21:00:00Z
2,2026-09-13,2015-09-13,True,0,0.14999999999997726,2015-09-12T22:00:00Z
2,2026-09-13,2015-09-13,True,1,0.08000000000004093,2015-09-12T23:00:00Z
2,2026-09-13,2015-09-13,True,2,0.1349999999999909,2015-09-13T00:00:00Z
2,2026-09-13,2015-09-13,True,3,0.14999999999997726,2015-09-13T01:00:00Z
2,2026-09-13,2015-09-13,True,4,0.08500000000003638,2015-09-13T02:00:00Z
2,2026-09-13,2015-09-13,True,5,0.1150000000000091,2015-09-13T03:00:00Z
2,2026-09-13,2015-09-13,True,6,0.22000000000002728,2015-09-13T04:00:00Z
2,2026-09-13,2015-09-13,True,7,0.2899999999999636,2015-09-13T05:00:00Z
2,2026-09-13,2015-09-13,True,8,0.4149999999999636,2015-09-13T06:00:00Z
2,2026-09-13,2015-09-13,True,9,0.6100000000000136,2015-09-13T07:00:00Z
2,2026-09-13,2015-09-13,True,10,0.28499999999996817,2015-09-13T08:00:00Z
2,2026-09-13,2015-09-13,True,11,1.3100000000000591,2015-09-13T09:00:00Z
2,2026-09-13,2015-09-13,True,12,0.44499999999993634,2015-09-13T10:00:00Z
2,2026-09-13,2015-09-13,True,13,0.1550000000000864,2015-09-13T11:00:00Z
2,2026-09-13,2015-09-13,True,14,0.2899999999999636,2015-09-13T12:00:00Z
2,2026-09-13,2015-09-13,True,15,0.07500000000004547,2015-09-13T13:00:00Z
2,2026-09-13,2015-09-13,True,16,0.17499999999995453,2015-09-13T14:00:00Z
2,2026-09-13,2015-09-13,True,17,0.2899999999999636,2015-09-13T15:00:00Z
2,2026-09-13,2015-09-13,True,18,1.4049999999999727,2015-09-13T16:00:00Z
2,2026-09-13,2015-09-13,True,19,0.4250000000000682,2015-09-13T17:00:00Z
2,2026-09-13,2015-09-13,True,20,0.2999999999999545,2015-09-13T18:00:00Z
2,2026-09-13,2015-09-13,True,21,0.1349999999999909,2015-09-13T19:00:00Z
2,2026-09-13,2015-09-13,True,22,0.10500000000001819,2015-09-13T20:00:00Z
2,2026-09-13,2015-09-13,True,23,0.15999999999996817,2015-09-13T21:00:00Z
2,2026-09-14,2015-09-14,True,0,0.1150000000000091,2015-09-13T22:00:00Z
2,2026-09-14,2015-09-14,True,1,0.09500000000002728,2015-09-13T23:00:00Z
2,2026-09-14,2015-09-14,True,2,0.15999999999996817,2015-09-14T00:00:00Z
2,2026-09-14,2015-09-14,True,3,0.125,2015-09-14T01:00:00Z
2,2026-09-14,2015-09-14,True,4,0.08000000000004093,2015-09-14T02:00:00Z
2,2026-09-14,2015-09-14,True,5,0.22500000000002274,2015-09-14T03:00:00Z
2,2026-09-14,2015-09-14,True,6,0.2899999999999636,2015-09-14T04:00:00Z
2,2026-09-14,2015-09-14,True,7,0.10000000000002274,2015-09-14T05:00:00Z
2,2026-09-14,2015-09-14,True,8,0.125,2015-09-14T06:00:00Z
2,2026-09-14,2015-09-14,True,9,0.1449999999999818,2015-09-14T07:00:00Z
2,2026-09-14,2015-09-14,True,10,0.07000000000005002,2015-09-14T08:00:00Z
2,2026-09-14,2015-09-14,True,11,0.11000000000001364,2015-09-14T09:00:00Z
2,2026-09-14,2015-09-14,True,12,0.15499999999997272,2015-09-14T10:00:00Z
2,2026-09-14,2015-09-14,True,13,0.09000000000003183,2015-09-14T11:00:00Z
2,2026-09-14,2015-09-14,True,14,0.07499999999993179,2015-09-14T12:00:00Z
2,2026-09-14,2015-09-14,True,15,0.21000000000003638,2015-09-14T13:00:00Z
2,2026-09-14,2015-09-14,True,16,0.125,2015-09-14T14:00:00Z
2,2026-09-14,2015-09-14,True,17,0.15499999999997272,2015-09-14T15:00:00Z
2,2026-09-14,2015-09-14,True,18,0.25,2015-09-14T16:00:00Z
2,2026-09-14,2015-09-14,True,19,0.44000000000005457,2015-09-14T17:00:00Z
2,2026-09-14,2015-09-14,True,20,0.3349999999999227,2015-09-14T18:00:00Z
2,2026-09-14,2015-09-14,True,21,0.23500000000001364,2015-09-14T19:00:00Z
2,2026-09-14,2015-09-14,True,22,0.08000000000004093,2015-09-14T20:00:00Z
2,2026-09-14,2015-09-14,True,23,0.15499999999997272,2015-09-14T21:00:00Z
2,2026-09-15,2015-09-15,True,0,0.12000000000000455,2015-09-14T22:00:00Z
2,2026-09-15,2015-09-15,True,1,0.07500000000004547,2015-09-14T23:00:00Z
2,2026-09-15,2015-09-15,True,2,0.14999999999997726,2015-09-15T00:00:00Z
2,2026-09-15,2015-09-15,True,3,0.09500000000002728,2015-09-15T01:00:00Z
2,2026-09-15,2015-09-15,True,4,0.0949999999999136,2015-09-15T02:00:00Z
2,2026-09-15,2015-09-15,True,5,0.2800000000000864,2015-09-15T03:00:00Z
2,2026-09-15,2015-09-15,True,6,0.15999999999996817,2015-09-15T04:00:00Z
2,2026-09-15,2015-09-15,True,7,0.15999999999996817,2015-09-15T05:00:00Z
2,2026-09-15,2015-09-15,True,8,0.19000000000005457,2015-09-15T06:00:00Z
2,2026-09-15,2015-09-15,True,9,0.11000000000001364,2015-09-15T07:00:00Z
2,2026-09-15,2015-09-15,True,10,0.0949999999999136,2015-09-15T08:00:00Z
2,2026-09-15,2015-09-15,True,11,0.1449999999999818,2015-09-15T09:00:00Z
2,2026-09-15,2015-09-15,True,12,0.09000000000003183,2015-09-15T10:00:00Z
2,2026-09-15,2015-09-15,True,13,0.09000000000003183,2015-09-15T11:00:00Z
2,2026-09-15,2015-09-15,True,14,0.14999999999997726,2015-09-15T12:00:00Z
2,2026-09-15,2015-09-15,True,15,0.14999999999997726,2015-09-15T13:00:00Z
2,2026-09-15,2015-09-15,True,16,0.09000000000003183,2015-09-15T14:00:00Z
2,2026-09-15,2015-09-15,True,17,0.22000000000002728,2015-09-15T15:00:00Z
2,2026-09-15,2015-09-15,True,18,0.67999999999995,2015-09-15T16:00:00Z
2,2026-09-15,2015-09-15,True,19,0.4250000000000682,2015-09-15T17:00:00Z
2,2026-09-15,2015-09-15,True,20,0.3249999999999318,2015-09-15T18:00:00Z
2,2026-09-15,2015-09-15,True,21,0.19000000000005457,2015-09-15T19:00:00Z
2,2026-09-15,2015-09-15,True,22,0.18999999999994088,2015-09-15T20:00:00Z
2,2026-09-15,2015-09-15,True,23,0.09500000000002728,2015-09-15T21:00:00Z
2,2026-09-16,2015-09-16,True,0,0.09500000000002728,2015-09-15T22:00:00Z
2,2026-09-16,2015-09-16,True,1,0.14999999999997726,2015-09-15T23:00:00Z
2,2026-09-16,2015-09-16,True,2,0.09000000000003183,2015-09-16T00:00:00Z
2,2026-09-16,2015-09-16,True,3,0.09999999999990905,2015-09-16T01:00:00Z
2,2026-09-16,2015-09-16,True,4,0.1550000000000864,2015-09-16T02:00:00Z
2,2026-09-16,2015-09-16,True,5,0.17499999999995453,2015-09-16T03:00:00Z
2,2026-09-16,2015-09-16,True,6,0.20500000000004093,2015-09-16T04:00:00Z
2,2026-09-16,2015-09-16,True,7,0.22000000000002728,2015-09-16T05:00:00Z
2,2026-09-16,2015-09-16,True,8,0.125,2015-09-16T06:00:00Z
2,2026-09-16,2015-09-16,True,9,0.1349999999999909,2015-09-16T07:00:00Z
2,2026-09-16,2015-09-16,True,10,0.1449999999999818,2015-09-16T08:00:00Z
2,2026-09-16,2015-09-16,True,11,0.05999999999994543,2015-09-16T09:00:00Z
2,2026-09-16,2015-09-16,True,12,0.12000000000000455,2015-09-16T10:00:00Z
2,2026-09-16,2015-09-16,True,13,0.1449999999999818,2015-09-16T11:00:00Z
2,2026-09-16,2015-09-16,True,14,0.06500000000005457,2015-09-16T12:00:00Z
2,2026-09-16,2015-09-16,True,15,0.16499999999996362,2015-09-16T13:00:00Z
2,2026-09-16,2015-09-16,True,16,0.15999999999996817,2015-09-16T14:00:00Z
2,2026-09-16,2015-09-16,True,17,0.5,2015-09-16T15:00:00Z
2,2026-09-16,2015-09-16,True,18,1.5400000000000773,2015-09-16T16:00:00Z
2,2026-09-16,2015-09-16,True,19,0.23500000000001364,2015-09-16T17:00:00Z
2,2026-09-16,2015-09-16,True,20,0.34999999999990905,2015-09-16T18:00:00Z
2,2026-09-16,2015-09-16,True,21,0.2800000000000864,2015-09-16T19:00:00Z
2,2026-09-16,2015-09-16,True,22,0.1150000000000091,2015-09-16T20:00:00Z
2,2026-09-16,2015-09-16,True,23,0.12999999999999545,2015-09-16T21:00:00Z
2,2026-09-17,2015-09-17,True,0,0.14999999999997726,2015-09-16T22:00:00Z
2,2026-09-17,2015-09-17,True,1,0.06999999999993634,2015-09-16T23:00:00Z
2,2026-09-17,2015-09-17,True,2,0.12000000000000455,2015-09-17T00:00:00Z
2,2026-09-17,2015-09-17,True,3,0.14000000000010004,2015-09-17T01:00:00Z
2,2026-09-17,2015-09-17,True,4,0.06999999999993634,2015-09-17T02:00:00Z
2,2026-09-17,2015-09-17,True,5,0.26499999999998636,2015-09-17T03:00:00Z
2,2026-09-17,2015-09-17,True,6,0.3650000000000091,2015-09-17T04:00:00Z
2,2026-09-17,2015-09-17,True,7,0.13999999999998636,2015-09-17T05:00:00Z
2,2026-09-17,2015-09-17,True,8,0.23500000000001364,2015-09-17T06:00:00Z
2,2026-09-17,2015-09-17,True,9,0.125,2015-09-17T07:00:00Z
2,2026-09-17,2015-09-17,True,10,0.09500000000002728,2015-09-17T08:00:00Z
2,2026-09-17,2015-09-17,True,11,0.14999999999997726,2015-09-17T09:00:00Z
2,2026-09-17,2015-09-17,True,12,0.10500000000001819,2015-09-17T10:00:00Z
2,2026-09-17,2015-09-17,True,13,0.07500000000004547,2015-09-17T11:00:00Z
2,2026-09-17,2015-09-17,True,14,0.14999999999997726,2015-09-17T12:00:00Z
2,2026-09-17,2015-09-17,True,15,0.15999999999996817,2015-09-17T13:00:00Z
2,2026-09-17,2015-09-17,True,16,0.08000000000004093,2015-09-17T14:00:00Z
2,2026-09-17,2015-09-17,True,17,0.7400000000000091,2015-09-17T15:00:00Z
2,2026-09-17,2015-09-17,True,18,0.7549999999999955,2015-09-17T16:00:00Z
2,2026-09-17,2015-09-17,True,19,1.0599999999999454,2015-09-17T17:00:00Z
2,2026-09-17,2015-09-17,True,20,0.4049999999999727,2015-09-17T18:00:00Z
2,2026-09-17,2015-09-17,True,21,0.18500000000005912,2015-09-17T19:00:00Z
2,2026-09-17,2015-09-17,True,22,0.125,2015-09-17T20:00:00Z
2,2026-09-17,2015-09-17,True,23,0.15499999999997272,2015-09-17T21:00:00Z
2,2026-09-18,2015-09-18,True,0,0.08000000000004093,2015-09-17T22:00:00Z
2,2026-09-18,2015-09-18,True,1,0.1349999999999909,2015-09-17T23:00:00Z
2,2026-09-18,2015-09-18,True,2,0.125,2015-09-18T00:00:00Z
2,2026-09-18,2015-09-18,True,3,0.08999999999991815,2015-09-18T01:00:00Z
2,2026-09-18,2015-09-18,True,4,0.1450000000000955,2015-09-18T02:00:00Z
2,2026-09-18,2015-09-18,True,5,0.24500000000000455,2015-09-18T03:00:00Z
2,2026-09-18,2015-09-18,True,6,0.23499999999989996,2015-09-18T04:00:00Z
2,2026-09-18,2015-09-18,True,7,0.2400000000000091,2015-09-18T05:00:00Z
2,2026-09-18,2015-09-18,True,8,0.18000000000006366,2015-09-18T06:00:00Z
2,2026-09-18,2015-09-18,True,9,0.13999999999998636,2015-09-18T07:00:00Z
2,2026-09-18,2015-09-18,True,10,0.13999999999998636,2015-09-18T08:00:00Z
2,2026-09-18,2015-09-18,True,11,0.08500000000003638,2015-09-18T09:00:00Z
2,2026-09-18,2015-09-18,True,12,0.17999999999994998,2015-09-18T10:00:00Z
2,2026-09-18,2015-09-18,True,13,0.2400000000000091,2015-09-18T11:00:00Z
2,2026-09-18,2015-09-18,True,14,0.1449999999999818,2015-09-18T12:00:00Z
2,2026-09-18,2015-09-18,True,15,0.9050000000000864,2015-09-18T13:00:00Z
2,2026-09-18,2015-09-18,True,16,0.375,2015-09-18T14:00:00Z
2,2026-09-18,2015-09-18,True,17,0.18999999999994088,2015-09-18T15:00:00Z
2,2026-09-18,2015-09-18,True,18,0.5149999999999864,2015-09-18T16:00:00Z
2,2026-09-18,2015-09-18,True,19,0.375,2015-09-18T17:00:00Z
2,2026-09-18,2015-09-18,True,20,0.3250000000000455,2015-09-18T18:00:00Z
2,2026-09-18,2015-09-18,True,21,0.28499999999996817,2015-09-18T19:00:00Z
2,2026-09-18,2015-09-18,True,22,0.1349999999999909,2015-09-18T20:00:00Z
2,2026-09-18,2015-09-18,True,23,0.15499999999997272,2015-09-18T21:00:00Z
2,2026-09-19,2015-09-19,True,0,0.125,2015-09-18T22:00:00Z
2,2026-09-19,2015-09-19,True,1,0.08500000000003638,2015-09-18T23:00:00Z
2,2026-09-19,2015-09-19,True,2,0.15999999999996817,2015-09-19T00:00:00Z
2,2026-09-19,2015-09-19,True,3,0.06500000000005457,2015-09-19T01:00:00Z
2,2026-09-19,2015-09-19,True,4,0.125,2015-09-19T02:00:00Z
2,2026-09-19,2015-09-19,True,5,0.125,2015-09-19T03:00:00Z
2,2026-09-19,2015-09-19,True,6,0.4600000000000364,2015-09-19T04:00:00Z
2,2026-09-19,2015-09-19,True,7,0.45499999999992724,2015-09-19T05:00:00Z
2,2026-09-19,2015-09-19,True,8,1.0600000000000591,2015-09-19T06:00:00Z
2,2026-09-19,2015-09-19,True,9,0.31999999999993634,2015-09-19T07:00:00Z
2,2026-09-19,2015-09-19,True,10,0.6200000000000045,2015-09-19T08:00:00Z
2,2026-09-19,2015-09-19,True,11,1.7899999999999636,2015-09-19T09:00:00Z
2,2026-09-19,2015-09-19,True,12,0.8250000000000455,2015-09-19T10:00:00Z
2,2026-09-19,2015-09-19,True,13,0.8550000000000182,2015-09-19T11:00:00Z
2,2026-09-19,2015-09-19,True,14,0.2300000000000182,2015-09-19T12:00:00Z
2,2026-09-19,2015-09-19,True,15,0.18999999999994088,2015-09-19T13:00:00Z
2,2026-09-19,2015-09-19,True,16,0.1349999999999909,2015-09-19T14:00:00Z
2,2026-09-19,2015-09-19,True,17,0.07000000000005002,2015-09-19T15:00:00Z
2,2026-09-19,2015-09-19,True,18,0.28499999999996817,2015-09-19T16:00:00Z
2,2026-09-19,2015-09-19,True,19,0.46500000000003183,2015-09-19T17:00:00Z
2,2026-09-19,2015-09-19,True,20,0.31999999999993634,2015-09-19T18:00:00Z
2,2026-09-19,2015-09-19,True,21,0.29500000000007276,2015-09-19T19:00:00Z
2,2026-09-19,2015-09-19,True,22,0.09000000000003183,2015-09-19T20:00:00Z
2,2026-09-19,2015-09-19,True,23,0.15999999999996817,2015-09-19T21:00:00Z
2,2026-09-20,2015-09-20,True,0,0.09500000000002728,2015-09-19T22:00:00Z
2,2026-09-20,2015-09-20,True,1,0.08499999999992269,2015-09-19T23:00:00Z
2,2026-09-20,2015-09-20,True,2,0.14999999999997726,2015-09-20T00:00:00Z
2,2026-09-20,2015-09-20,True,3,0.10000000000002274,2015-09-20T01:00:00Z
2,2026-09-20,2015-09-20,True,4,0.10500000000001819,2015-09-20T02:00:00Z
2,2026-09-20,2015-09-20,True,5,0.1349999999999909,2015-09-20T03:00:00Z
2,2026-09-20,2015-09-20,True,6,0.10000000000002274,2015-09-20T04:00:00Z
2,2026-09-20,2015-09-20,True,7,0.4700000000000273,2015-09-20T05:00:00Z
2,2026-09-20,2015-09-20,True,8,0.9700000000000273,2015-09-20T06:00:00Z
2,2026-09-20,2015-09-20,True,9,0.25499999999999545,2015-09-20T07:00:00Z
2,2026-09-20,2015-09-20,True,10,0.2299999999999045,2015-09-20T08:00:00Z
2,2026-09-20,2015-09-20,True,11,0.19500000000005002,2015-09-20T09:00:00Z
2,2026-09-20,2015-09-20,True,12,0.20000000000004547,2015-09-20T10:00:00Z
2,2026-09-20,2015-09-20,True,13,0.22499999999990905,2015-09-20T11:00:00Z
2,2026-09-20,2015-09-20,True,14,0.11000000000001364,2015-09-20T12:00:00Z
2,2026-09-20,2015-09-20,True,15,0.1650000000000773,2015-09-20T13:00:00Z
2,2026-09-20,2015-09-20,True,16,0.17999999999994998,2015-09-20T14:00:00Z
2,2026-09-20,2015-09-20,True,17,0.67999999999995,2015-09-20T15:00:00Z
2,2026-09-20,2015-09-20,True,18,0.5049999999999955,2015-09-20T16:00:00Z
2,2026-09-20,2015-09-20,True,19,0.36000000000001364,2015-09-20T17:00:00Z
2,2026-09-20,2015-09-20,True,20,0.3300000000000409,2015-09-20T18:00:00Z
2,2026-09-20,2015-09-20,True,21,0.19000000000005457,2015-09-20T19:00:00Z
2,2026-09-20,2015-09-20,True,22,0.09999999999990905,2015-09-20T20:00:00Z
2,2026-09-20,2015-09-20,True,23,0.13999999999998636,2015-09-20T21:00:00Z
2,2026-09-21,2015-09-21,True,0,0.08000000000004093,2015-09-20T22:00:00Z
2,2026-09-21,2015-09-21,True,1,0.125,2015-09-20T23:00:00Z
2,2026-09-21,2015-09-21,True,2,0.125,2015-09-21T00:00:00Z
2,2026-09-21,2015-09-21,True,3,0.07000000000005002,2015-09-21T01:00:00Z
2,2026-09-21,2015-09-21,True,4,0.1349999999999909,2015-09-21T02:00:00Z
2,2026-09-21,2015-09-21,True,5,0.20499999999992724,2015-09-21T03:00:00Z
2,2026-09-21,2015-09-21,True,6,0.3250000000000455,2015-09-21T04:00:00Z
2,2026-09-21,2015-09-21,True,7,0.2300000000000182,2015-09-21T05:00:00Z
2,2026-09-21,2015-09-21,True,8,0.12000000000000455,2015-09-21T06:00:00Z
2,2026-09-21,2015-09-21,True,9,0.13999999999998636,2015-09-21T07:00:00Z
2,2026-09-21,2015-09-21,True,10,0.12999999999999545,2015-09-21T08:00:00Z
2,2026-09-21,2015-09-21,True,11,0.06999999999993634,2015-09-21T09:00:00Z
2,2026-09-21,2015-09-21,True,12,0.13000000000010914,2015-09-21T10:00:00Z
2,2026-09-21,2015-09-21,True,13,0.125,2015-09-21T11:00:00Z
2,2026-09-21,2015-09-21,True,14,0.05999999999994543,2015-09-21T12:00:00Z
2,2026-09-21,2015-09-21,True,15,0.20000000000004547,2015-09-21T13:00:00Z
2,2026-09-21,2015-09-21,True,16,0.17999999999994998,2015-09-21T14:00:00Z
2,2026-09-21,2015-09-21,True,17,0.10500000000001819,2015-09-21T15:00:00Z
2,2026-09-21,2015-09-21,True,18,0.26499999999998636,2015-09-21T16:00:00Z
2,2026-09-21,2015-09-21,True,19,1.0399999999999636,2015-09-21T17:00:00Z
2,2026-09-21,2015-09-21,True,20,0.4600000000000364,2015-09-21T18:00:00Z
2,2026-09-21,2015-09-21,True,21,0.8350000000000364,2015-09-21T19:00:00Z
2,2026-09-21,2015-09-21,True,22,0.0949999999999136,2015-09-21T20:00:00Z
2,2026-09-21,2015-09-21,True,23,0.17000000000007276,2015-09-21T21:00:00Z
2,2026-09-22,2016-09-20,True,0,0.13999999999987267,2016-09-19T22:00:00Z
2,2026-09-22,2016-09-20,True,1,0.09999999999990905,2016-09-19T23:00:00Z
2,2026-09-22,2016-09-20,True,2,0.06000000000040018,2016-09-20T00:00:00Z
2,2026-09-22,2016-09-20,True,3,0.07999999999992724,2016-09-20T01:00:00Z
2,2026-09-22,2016-09-20,True,4,0.15000000000009095,2016-09-20T02:00:00Z
2,2026-09-22,2016-09-20,True,5,0.1999999999998181,2016-09-20T03:00:00Z
2,2026-09-22,2016-09-20,True,6,0.40000000000009095,2016-09-20T04:00:00Z
2,2026-09-22,2016-09-20,True,7,0.23999999999978172,2016-09-20T05:00:00Z
2,2026-09-22,2016-09-20,True,8,0.09999999999990905,2016-09-20T06:00:00Z
2,2026-09-22,2016-09-20,True,9,0.15000000000009095,2016-09-20T07:00:00Z
2,2026-09-22,2016-09-20,True,10,0.19000000000005457,2016-09-20T08:00:00Z
2,2026-09-22,2016-09-20,True,11,0.6550000000002001,2016-09-20T09:00:00Z
2,2026-09-22,2016-09-20,True,12,0.10500000000001819,2016-09-20T10:00:00Z
2,2026-09-22,2016-09-20,True,13,0.13999999999987267,2016-09-20T11:00:00Z
2,2026-09-22,2016-09-20,True,14,0.7350000000001273,2016-09-20T12:00:00Z
2,2026-09-22,2016-09-20,True,15,0.8350000000000364,2016-09-20T13:00:00Z
2,2026-09-22,2016-09-20,True,16,0.13999999999987267,2016-09-20T14:00:00Z
2,2026-09-22,2016-09-20,True,17,0.11000000000012733,2016-09-20T15:00:00Z
2,2026-09-22,2016-09-20,True,18,0.32999999999992724,2016-09-20T16:00:00Z
2,2026-09-22,2016-09-20,True,19,0.2549999999996544,2016-09-20T17:00:00Z
2,2026-09-22,2016-09-20,True,20,0.31500000000005457,2016-09-20T18:00:00Z
2,2026-09-22,2016-09-20,True,21,0.21500000000014552,2016-09-20T19:00:00Z
2,2026-09-22,2016-09-20,True,22,0.16499999999996362,2016-09-20T20:00:00Z
2,2026-09-22,2016-09-20,True,23,0.13999999999987267,2016-09-20T21:00:00Z
2,2026-09-23,2016-09-21,True,0,0.14000000000032742,2016-09-20T22:00:00Z
2,2026-09-23,2016-09-21,True,1,0.06500000000005457,2016-09-20T23:00:00Z
2,2026-09-23,2016-09-21,True,2,0.05999999999994543,2016-09-21T00:00:00Z
2,2026-09-23,2016-09-21,True,3,0.11499999999978172,2016-09-21T01:00:00Z
2,2026-09-23,2016-09-21,True,4,0.13999999999987267,2016-09-21T02:00:00Z
2,2026-09-23,2016-09-21,True,5,0.18000000000029104,2016-09-21T03:00:00Z
2,2026-09-23,2016-09-21,True,6,0.36000000000012733,2016-09-21T04:00:00Z
2,2026-09-23,2016-09-21,True,7,0.15499999999974534,2016-09-21T05:00:00Z
2,2026-09-23,2016-09-21,True,8,0.0749999999998181,2016-09-21T06:00:00Z
2,2026-09-23,2016-09-21,True,9,0.8850000000002183,2016-09-21T07:00:00Z
2,2026-09-23,2016-09-21,True,10,0.2849999999998545,2016-09-21T08:00:00Z
2,2026-09-23,2016-09-21,True,11,0.2300000000000182,2016-09-21T09:00:00Z
2,2026-09-23,2016-09-21,True,12,0.13000000000010914,2016-09-21T10:00:00Z
2,2026-09-23,2016-09-21,True,13,0.09499999999979991,2016-09-21T11:00:00Z
2,2026-09-23,2016-09-21,True,14,0.18500000000040018,2016-09-21T12:00:00Z
2,2026-09-23,2016-09-21,True,15,0.9049999999997453,2016-09-21T13:00:00Z
2,2026-09-23,2016-09-21,True,16,0.9500000000002728,2016-09-21T14:00:00Z
2,2026-09-23,2016-09-21,True,17,0.20999999999958163,2016-09-21T15:00:00Z
2,2026-09-23,2016-09-21,True,18,0.5450000000000728,2016-09-21T16:00:00Z
2,2026-09-23,2016-09-21,True,19,0.4650000000001455,2016-09-21T17:00:00Z
2,2026-09-23,2016-09-21,True,20,0.4800000000000182,2016-09-21T18:00:00Z
2,2026-09-23,2016-09-21,True,21,0.29500000000007276,2016-09-21T19:00:00Z
2,2026-09-23,2016-09-21,True,22,0.18499999999994543,2016-09-21T20:00:00Z
2,2026-09-23,2016-09-21,True,23,0.08500000000003638,2016-09-21T21:00:00Z
2,2026-09-24,2016-09-22,True,0,0.06999999999970896,2016-09-21T22:00:00Z
2,2026-09-24,2016-09-22,True,1,0.14000000000032742,2016-09-21T23:00:00Z
2,2026-09-24,2016-09-22,True,2,0.13999999999987267,2016-09-22T00:00:00Z
2,2026-09-24,2016-09-22,True,3,0.13999999999987267,2016-09-22T01:00:00Z
2,2026-09-24,2016-09-22,True,4,0.07000000000016371,2016-09-22T02:00:00Z
2,2026-09-24,2016-09-22,True,5,0.10500000000001819,2016-09-22T03:00:00Z
2,2026-09-24,2016-09-22,True,6,0.38499999999976353,2016-09-22T04:00:00Z
2,2026-09-24,2016-09-22,True,7,0.25,2016-09-22T05:00:00Z
2,2026-09-24,2016-09-22,True,8,0.16000000000030923,2016-09-22T06:00:00Z
2,2026-09-24,2016-09-22,True,9,0.07999999999992724,2016-09-22T07:00:00Z
2,2026-09-24,2016-09-22,True,10,0.11000000000012733,2016-09-22T08:00:00Z
2,2026-09-24,2016-09-22,True,11,0.569999999999709,2016-09-22T09:00:00Z
2,2026-09-24,2016-09-22,True,12,0.18499999999994543,2016-09-22T10:00:00Z
2,2026-09-24,2016-09-22,True,13,0.11500000000023647,2016-09-22T11:00:00Z
2,2026-09-24,2016-09-22,True,14,0.1449999999999818,2016-09-22T12:00:00Z
2,2026-09-24,2016-09-22,True,15,0.19000000000005457,2016-09-22T13:00:00Z
2,2026-09-24,2016-09-22,True,16,0.21000000000003638,2016-09-22T14:00:00Z
2,2026-09-24,2016-09-22,True,17,0.22499999999990905,2016-09-22T15:00:00Z
2,2026-09-24,2016-09-22,True,18,0.38499999999976353,2016-09-22T16:00:00Z
2,2026-09-24,2016-09-22,True,19,0.30500000000029104,2016-09-22T17:00:00Z
2,2026-09-24,2016-09-22,True,20,1.2049999999999272,2016-09-22T18:00:00Z
2,2026-09-24,2016-09-22,True,21,0.650000000000091,2016-09-22T19:00:00Z
2,2026-09-24,2016-09-22,True,22,0.1449999999999818,2016-09-22T20:00:00Z
2,2026-09-24,2016-09-22,True,23,0.06999999999970896,2016-09-22T21:00:00Z
2,2026-09-25,2016-09-23,True,0,0.15000000000009095,2016-09-22T22:00:00Z
2,2026-09-25,2016-09-23,True,1,0.14000000000032742,2016-09-22T23:00:00Z
2,2026-09-25,2016-09-23,True,2,0.15999999999985448,2016-09-23T00:00:00Z
2,2026-09-25,2016-09-23,True,3,0.06999999999970896,2016-09-23T01:00:00Z
2,2026-09-25,2016-09-23,True,4,0.07000000000016371,2016-09-23T02:00:00Z
2,2026-09-25,2016-09-23,True,5,0.13000000000010914,2016-09-23T03:00:00Z
2,2026-09-25,2016-09-23,True,6,0.38999999999987267,2016-09-23T04:00:00Z
2,2026-09-25,2016-09-23,True,7,0.21000000000003638,2016-09-23T05:00:00Z
2,2026-09-25,2016-09-23,True,8,0.15999999999985448,2016-09-23T06:00:00Z
2,2026-09-25,2016-09-23,True,9,0.805000000000291,2016-09-23T07:00:00Z
2,2026-09-25,2016-09-23,True,10,0.32999999999992724,2016-09-23T08:00:00Z
2,2026-09-25,2016-09-23,True,11,0.4600000000000364,2016-09-23T09:00:00Z
2,2026-09-25,2016-09-23,True,12,0.3350000000000364,2016-09-23T10:00:00Z
2,2026-09-25,2016-09-23,True,13,0.13999999999987267,2016-09-23T11:00:00Z
2,2026-09-25,2016-09-23,True,14,0.21000000000003638,2016-09-23T12:00:00Z
2,2026-09-25,2016-09-23,True,15,1.3800000000001091,2016-09-23T13:00:00Z
2,2026-09-25,2016-09-23,True,16,0.5949999999997999,2016-09-23T14:00:00Z
2,2026-09-25,2016-09-23,True,17,0.10500000000001819,2016-09-23T15:00:00Z
2,2026-09-25,2016-09-23,True,18,0.5549999999998363,2016-09-23T16:00:00Z
2,2026-09-25,2016-09-23,True,19,0.680000000000291,2016-09-23T17:00:00Z
2,2026-09-25,2016-09-23,True,20,0.21000000000003638,2016-09-23T18:00:00Z
2,2026-09-25,2016-09-23,True,21,0.6449999999999818,2016-09-23T19:00:00Z
2,2026-09-25,2016-09-23,True,22,0.16499999999996362,2016-09-23T20:00:00Z
2,2026-09-25,2016-09-23,True,23,0.1449999999999818,2016-09-23T21:00:00Z
2,2026-09-26,2016-09-24,True,0,0.07000000000016371,2016-09-23T22:00:00Z
2,2026-09-26,2016-09-24,True,1,0.06999999999970896,2016-09-23T23:00:00Z
2,2026-09-26,2016-09-24,True,2,0.16000000000030923,2016-09-24T00:00:00Z
2,2026-09-26,2016-09-24,True,3,0.13999999999987267,2016-09-24T01:00:00Z
2,2026-09-26,2016-09-24,True,4,0.11999999999989086,2016-09-24T02:00:00Z
2,2026-09-26,2016-09-24,True,5,0.07000000000016371,2016-09-24T03:00:00Z
2,2026-09-26,2016-09-24,True,6,0.3350000000000364,2016-09-24T04:00:00Z
2,2026-09-26,2016-09-24,True,7,0.3350000000000364,2016-09-24T05:00:00Z
2,2026-09-26,2016-09-24,True,8,0.8299999999999272,2016-09-24T06:00:00Z
2,2026-09-26,2016-09-24,True,9,0.6050000000000182,2016-09-24T07:00:00Z
2,2026-09-26,2016-09-24,True,10,0.24499999999989086,2016-09-24T08:00:00Z
2,2026-09-26,2016-09-24,True,11,1.2049999999999272,2016-09-24T09:00:00Z
2,2026-09-26,2016-09-24,True,12,0.8449999999997999,2016-09-24T10:00:00Z
2,2026-09-26,2016-09-24,True,13,0.36000000000012733,2016-09-24T11:00:00Z
2,2026-09-26,2016-09-24,True,14,0.18000000000029104,2016-09-24T12:00:00Z
2,2026-09-26,2016-09-24,True,15,0.23999999999978172,2016-09-24T13:00:00Z
2,2026-09-26,2016-09-24,True,16,0.17000000000007276,2016-09-24T14:00:00Z
2,2026-09-26,2016-09-24,True,17,0.15000000000009095,2016-09-24T15:00:00Z
2,2026-09-26,2016-09-24,True,18,0.42000000000007276,2016-09-24T16:00:00Z
2,2026-09-26,2016-09-24,True,19,0.23999999999978172,2016-09-24T17:00:00Z
2,2026-09-26,2016-09-24,True,20,0.6649999999999636,2016-09-24T18:00:00Z
2,2026-09-26,2016-09-24,True,21,0.8350000000000364,2016-09-24T19:00:00Z
2,2026-09-26,2016-09-24,True,22,0.15999999999985448,2016-09-24T20:00:00Z
2,2026-09-26,2016-09-24,True,23,0.1000000000003638,2016-09-24T21:00:00Z
2,2026-09-27,2016-09-25,True,0,0.15999999999985448,2016-09-24T22:00:00Z
2,2026-09-27,2016-09-25,True,1,0.15000000000009095,2016-09-24T23:00:00Z
2,2026-09-27,2016-09-25,True,2,0.06999999999970896,2016-09-25T00:00:00Z
2,2026-09-27,2016-09-25,True,3,0.09999999999990905,2016-09-25T01:00:00Z
2,2026-09-27,2016-09-25,True,4,0.16000000000030923,2016-09-25T02:00:00Z
2,2026-09-27,2016-09-25,True,5,0.19499999999970896,2016-09-25T03:00:00Z
2,2026-09-27,2016-09-25,True,6,0.31500000000005457,2016-09-25T04:00:00Z
2,2026-09-27,2016-09-25,True,7,0.1750000000001819,2016-09-25T05:00:00Z
2,2026-09-27,2016-09-25,True,8,0.4499999999998181,2016-09-25T06:00:00Z
2,2026-09-27,2016-09-25,True,9,0.20000000000027285,2016-09-25T07:00:00Z
2,2026-09-27,2016-09-25,True,10,0.13499999999976353,2016-09-25T08:00:00Z
2,2026-09-27,2016-09-25,True,11,0.43000000000029104,2016-09-25T09:00:00Z
2,2026-09-27,2016-09-25,True,12,0.5850000000000364,2016-09-25T10:00:00Z
2,2026-09-27,2016-09-25,True,13,0.33999999999969077,2016-09-25T11:00:00Z
2,2026-09-27,2016-09-25,True,14,0.07999999999992724,2016-09-25T12:00:00Z
2,2026-09-27,2016-09-25,True,15,0.12000000000034561,2016-09-25T13:00:00Z
2,2026-09-27,2016-09-25,True,16,0.22499999999990905,2016-09-25T14:00:00Z
2,2026-09-27,2016-09-25,True,17,0.34999999999990905,2016-09-25T15:00:00Z
2,2026-09-27,2016-09-25,True,18,0.6149999999997817,2016-09-25T16:00:00Z
2,2026-09-27,2016-09-25,True,19,0.3850000000002183,2016-09-25T17:00:00Z
2,2026-09-27,2016-09-25,True,20,0.4600000000000364,2016-09-25T18:00:00Z
2,2026-09-27,2016-09-25,True,21,0.23999999999978172,2016-09-25T19:00:00Z
2,2026-09-27,2016-09-25,True,22,0.1000000000003638,2016-09-25T20:00:00Z
2,2026-09-27,2016-09-25,True,23,0.1499999999996362,2016-09-25T21:00:00Z
2,2026-09-28,2016-09-26,True,0,0.15000000000009095,2016-09-25T22:00:00Z
2,2026-09-28,2016-09-26,True,1,0.09000000000014552,2016-09-25T23:00:00Z
2,2026-09-28,2016-09-26,True,2,0.07999999999992724,2016-09-26T00:00:00Z
2,2026-09-28,2016-09-26,True,3,0.125,2016-09-26T01:00:00Z
2,2026-09-28,2016-09-26,True,4,0.1449999999999818,2016-09-26T02:00:00Z
2,2026-09-28,2016-09-26,True,5,0.15000000000009095,2016-09-26T03:00:00Z
2,2026-09-28,2016-09-26,True,6,0.3949999999999818,2016-09-26T04:00:00Z
2,2026-09-28,2016-09-26,True,7,0.22499999999990905,2016-09-26T05:00:00Z
2,2026-09-28,2016-09-26,True,8,0.4450000000001637,2016-09-26T06:00:00Z
2,2026-09-28,2016-09-26,True,9,0.46499999999969077,2016-09-26T07:00:00Z
2,2026-09-28,2016-09-26,True,10,0.2600000000002183,2016-09-26T08:00:00Z
2,2026-09-28,2016-09-26,True,11,0.18499999999994543,2016-09-26T09:00:00Z
2,2026-09-28,2016-09-26,True,12,0.20499999999992724,2016-09-26T10:00:00Z
2,2026-09-28,2016-09-26,True,13,0.28500000000030923,2016-09-26T11:00:00Z
2,2026-09-28,2016-09-26,True,14,1.3949999999999818,2016-09-26T12:00:00Z
2,2026-09-28,2016-09-26,True,15,0.169999999999618,2016-09-26T13:00:00Z
2,2026-09-28,2016-09-26,True,16,0.17000000000007276,2016-09-26T14:00:00Z
2,2026-09-28,2016-09-26,True,17,0.125,2016-09-26T15:00:00Z
2,2026-09-28,2016-09-26,True,18,0.47499999999990905,2016-09-26T16:00:00Z
2,2026-09-28,2016-09-26,True,19,0.30500000000029104,2016-09-26T17:00:00Z
2,2026-09-28,2016-09-26,True,20,0.1999999999998181,2016-09-26T18:00:00Z
2,2026-09-28,2016-09-26,True,21,0.22499999999990905,2016-09-26T19:00:00Z
2,2026-09-28,2016-09-26,True,22,0.1550000000002001,2016-09-26T20:00:00Z
2,2026-09-28,2016-09-26,True,23,0.10500000000001819,2016-09-26T21:00:00Z
3,2026-01-01,2017-01-05,True,0,0.5600000000004002,2017-01-04T23:00:00Z
3,2026-01-01,2017-01-05,True,1,0.5709999999999127,2017-01-05T00:00:00Z
3,2026-01-01,2017-01-05,True,2,0.5799999999999272,2017-01-05T01:00:00Z
3,2026-01-01,2017-01-05,True,3,0.5700000000001637,2017-01-05T02:00:00Z
3,2026-01-01,2017-01-05,True,4,0.3129999999996471,2017-01-05T03:00:00Z
3,2026-01-01,2017-01-05,True,5,0.25,2017-01-05T04:00:00Z
3,2026-01-01,2017-01-05,True,6,0.22600000000011278,2017-01-05T05:00:00Z
3,2026-01-01,2017-01-05,True,7,0.3350000000000364,2017-01-05T06:00:00Z
3,2026-01-01,2017-01-05,True,8,0.5949999999997999,2017-01-05T07:00:00Z
3,2026-01-01,2017-01-05,True,9,0.9750000000003638,2017-01-05T08:00:00Z
3,2026-01-01,2017-01-05,True,10,0.9539999999997235,2017-01-05T09:00:00Z
3,2026-01-01,2017-01-05,True,11,0.830000000000382,2017-01-05T10:00:00Z
3,2026-01-01,2017-01-05,True,12,0.49499999999989086,2017-01-05T11:00:00Z
3,2026-01-01,2017-01-05,True,13,0.386000000000422,2017-01-05T12:00:00Z
3,2026-01-01,2017-01-05,True,14,0.31799999999975626,2017-01-05T13:00:00Z
3,2026-01-01,2017-01-05,True,15,0.4149999999999636,2017-01-05T14:00:00Z
3,2026-01-01,2017-01-05,True,16,1.3810000000003129,2017-01-05T15:00:00Z
3,2026-01-01,2017-01-05,True,17,2.474999999999909,2017-01-05T16:00:00Z
3,2026-01-01,2017-01-05,True,18,2.3099999999999454,2017-01-05T17:00:00Z
3,2026-01-01,2017-01-05,True,19,1.581000000000131,2017-01-05T18:00:00Z
3,2026-01-01,2017-01-05,True,20,2.1489999999998872,2017-01-05T19:00:00Z
3,2026-01-01,2017-01-05,True,21,2.30600000000004,2017-01-05T20:00:00Z
3,2026-01-01,2017-01-05,True,22,1.5850000000000364,2017-01-05T21:00:00Z
3,2026-01-01,2017-01-05,True,23,2.1289999999999054,2017-01-05T22:00:00Z
3,2026-01-02,2017-01-06,True,0,1.168999999999869,2017-01-05T23:00:00Z
3,2026-01-02,2017-01-06,True,1,0.48600000000033106,2017-01-06T00:00:00Z
3,2026-01-02,2017-01-06,True,2,0.3009999999999309,2017-01-06T01:00:00Z
3,2026-01-02,2017-01-06,True,3,0.29799999999977445,2017-01-06T02:00:00Z
3,2026-01-02,2017-01-06,True,4,0.262000000000171,2017-01-06T03:00:00Z
3,2026-01-02,2017-01-06,True,5,0.2139999999999418,2017-01-06T04:00:00Z
3,2026-01-02,2017-01-06,True,6,0.1550000000002001,2017-01-06T05:00:00Z
3,2026-01-02,2017-01-06,True,7,0.18999999999959982,2017-01-06T06:00:00Z
3,2026-01-02,2017-01-06,True,8,0.17000000000007276,2017-01-06T07:00:00Z
3,2026-01-02,2017-01-06,True,9,0.7150000000001455,2017-01-06T08:00:00Z
3,2026-01-02,2017-01-06,True,10,1.9050000000002,2017-01-06T09:00:00Z
3,2026-01-02,2017-01-06,True,11,0.6239999999993415,2017-01-06T10:00:00Z
3,2026-01-02,2017-01-06,True,12,0.4670000000000982,2017-01-06T11:00:00Z
3,2026-01-02,2017-01-06,True,13,0.47499999999990905,2017-01-06T12:00:00Z
3,2026-01-02,2017-01-06,True,14,0.6000000000003638,2017-01-06T13:00:00Z
3,2026-01-02,2017-01-06,True,15,1.2789999999999964,2017-01-06T14:00:00Z
3,2026-01-02,2017-01-06,True,16,1.9659999999998945,2017-01-06T15:00:00Z
3,2026-01-02,2017-01-06,True,17,1.5950000000002547,2017-01-06T16:00:00Z
3,2026-01-02,2017-01-06,True,18,2.244999999999891,2017-01-06T17:00:00Z
3,2026-01-02,2017-01-06,True,19,1.9290000000000873,2017-01-06T18:00:00Z
3,2026-01-02,2017-01-06,True,20,1.5099999999997635,2017-01-06T19:00:00Z
3,2026-01-02,2017-01-06,True,21,1.3200000000001637,2017-01-06T20:00:00Z
3,2026-01-02,2017-01-06,True,22,1.2309999999997672,2017-01-06T21:00:00Z
3,2026-01-02,2017-01-06,True,23,2.219000000000051,2017-01-06T22:00:00Z
3,2026-01-03,2017-01-07,True,0,0.9149999999999636,2017-01-06T23:00:00Z
3,2026-01-03,2017-01-07,True,1,0.9050000000002001,2017-01-07T00:00:00Z
3,2026-01-03,2017-01-07,True,2,1.030999999999949,2017-01-07T01:00:00Z
3,2026-01-03,2017-01-07,True,3,1.0100000000002183,2017-01-07T02:00:00Z
3,2026-01-03,2017-01-07,True,4,0.22399999999970532,2017-01-07T03:00:00Z
3,2026-01-03,2017-01-07,True,5,0.2600000000002183,2017-01-07T04:00:00Z
3,2026-01-03,2017-01-07,True,6,0.2199999999997999,2017-01-07T05:00:00Z
3,2026-01-03,2017-01-07,True,7,0.24000000000023647,2017-01-07T06:00:00Z
3,2026-01-03,2017-01-07,True,8,0.3009999999999309,2017-01-07T07:00:00Z
3,2026-01-03,2017-01-07,True,9,0.5099999999997635,2017-01-07T08:00:00Z
3,2026-01-03,2017-01-07,True,10,0.6340000000000146,2017-01-07T09:00:00Z
3,2026-01-03,2017-01-07,True,11,0.4750000000003638,2017-01-07T10:00:00Z
3,2026-01-03,2017-01-07,True,12,0.3039999999991778,2017-01-07T11:00:00Z
3,2026-01-03,2017-01-07,True,13,0.21600000000034925,2017-01-07T12:00:00Z
3,2026-01-03,2017-01-07,True,14,0.4359999999996944,2017-01-07T13:00:00Z
3,2026-01-03,2017-01-07,True,15,0.41600000000016735,2017-01-07T14:00:00Z
3,2026-01-03,2017-01-07,True,16,0.569999999999709,2017-01-07T15:00:00Z
3,2026-01-03,2017-01-07,True,17,1.6390000000001237,2017-01-07T16:00:00Z
3,2026-01-03,2017-01-07,True,18,0.8949999999999818,2017-01-07T17:00:00Z
3,2026-01-03,2017-01-07,True,19,1.5650000000000546,2017-01-07T18:00:00Z
3,2026-01-03,2017-01-07,True,20,1.6720000000000255,2017-01-07T19:00:00Z
3,2026-01-03,2017-01-07,True,21,1.4090000000001055,2017-01-07T20:00:00Z
3,2026-01-03,2017-01-07,True,22,0.94399999999996,2017-01-07T21:00:00Z
3,2026-01-03,2017-01-07,True,23,1.2210000000000036,2017-01-07T22:00:00Z
3,2026-01-04,2017-01-01,True,0,1.0299999999997453,2016-12-31T23:00:00Z
3,2026-01-04,2017-01-01,True,1,0.32500000000027285,2017-01-01T00:00:00Z
3,2026-01-04,2017-01-01,True,2,0.24499999999989086,2017-01-01T01:00:00Z
3,2026-01-04,2017-01-01,True,3,0.25,2017-01-01T02:00:00Z
3,2026-01-04,2017-01-01,True,4,0.26499999999987267,2017-01-01T03:00:00Z
3,2026-01-04,2017-01-01,True,5,0.2650000000003274,2017-01-01T04:00:00Z
3,2026-01-04,2017-01-01,True,6,0.22499999999990905,2017-01-01T05:00:00Z
3,2026-01-04,2017-01-01,True,7,0.2300000000000182,2017-01-01T06:00:00Z
3,2026-01-04,2017-01-01,True,8,0.2090000000002874,2017-01-01T07:00:00Z
3,2026-01-04,2017-01-01,True,9,0.34000000000060027,2017-01-01T08:00:00Z
3,2026-01-04,2017-01-01,True,10,0.94399999999996,2017-01-01T09:00:00Z
3,2026-01-04,2017-01-01,True,11,0.9059999999994943,2017-01-01T10:00:00Z
3,2026-01-04,2017-01-01,True,12,0.7550000000001091,2017-01-01T11:00:00Z
3,2026-01-04,2017-01-01,True,13,0.8849999999997635,2017-01-01T12:00:00Z
3,2026-01-04,2017-01-01,True,14,1.014999999999418,2017-01-01T13:00:00Z
3,2026-01-04,2017-01-01,True,15,1.9420000000009168,2017-01-01T14:00:00Z
3,2026-01-04,2017-01-01,True,16,0.5289999999995416,2017-01-01T15:00:00Z
3,2026-01-04,2017-01-01,True,17,0.21900000000005093,2017-01-01T16:00:00Z
3,2026-01-04,2017-01-01,True,18,0.20499999999992724,2017-01-01T17:00:00Z
3,2026-01-04,2017-01-01,True,19,0.8109999999996944,2017-01-01T18:00:00Z
3,2026-01-04,2017-01-01,True,20,1.0489999999999782,2017-01-01T19:00:00Z
3,2026-01-04,2017-01-01,True,21,1.4450000000001637,2017-01-01T20:00:00Z
3,2026-01-04,2017-01-01,True,22,1.1489999999998872,2017-01-01T21:00:00Z
3,2026-01-04,2017-01-01,True,23,1.2660000000000764,2017-01-01T22:00:00Z
3,2026-01-05,2017-01-02,True,0,1.050000000000182,2017-01-01T23:00:00Z
3,2026-01-05,2017-01-02,True,1,1.2549999999996544,2017-01-02T00:00:00Z
3,2026-01-05,2017-01-02,True,2,1.1650000000004184,2017-01-02T01:00:00Z
3,2026-01-05,2017-01-02,True,3,0.8049999999998363,2017-01-02T02:00:00Z
3,2026-01-05,2017-01-02,True,4,0.24099999999998545,2017-01-02T03:00:00Z
3,2026-01-05,2017-01-02,True,5,0.23500000000012733,2017-01-02T04:00:00Z
3,2026-01-05,2017-01-02,True,6,0.22399999999970532,2017-01-02T05:00:00Z
3,2026-01-05,2017-01-02,True,7,0.2110000000002401,2017-01-02T06:00:00Z
3,2026-01-05,2017-01-02,True,8,0.7690000000002328,2017-01-02T07:00:00Z
3,2026-01-05,2017-01-02,True,9,0.9750000000003638,2017-01-02T08:00:00Z
3,2026-01-05,2017-01-02,True,10,1.3199999999992542,2017-01-02T09:00:00Z
3,2026-01-05,2017-01-02,True,11,2.111000000000786,2017-01-02T10:00:00Z
3,2026-01-05,2017-01-02,True,12,1.139999999999418,2017-01-02T11:00:00Z
3,2026-01-05,2017-01-02,True,13,1.9640000000003965,2017-01-02T12:00:00Z
3,2026-01-05,2017-01-02,True,14,0.6389999999996689,2017-01-02T13:00:00Z
3,2026-01-05,2017-01-02,True,15,1.5119999999997162,2017-01-02T14:00:00Z
3,2026-01-05,2017-01-02,True,16,1.844000000000051,2017-01-02T15:00:00Z
3,2026-01-05,2017-01-02,True,17,1.5099999999997635,2017-01-02T16:00:00Z
3,2026-01-05,2017-01-02,True,18,1.1700000000000728,2017-01-02T17:00:00Z
3,2026-01-05,2017-01-02,True,19,1.0750000000002728,2017-01-02T18:00:00Z
3,2026-01-05,2017-01-02,True,20,0.8249999999998181,2017-01-02T19:00:00Z
3,2026-01-05,2017-01-02,True,21,0.9250000000001819,2017-01-02T20:00:00Z
3,2026-01-05,2017-01-02,True,22,0.7100000000000364,2017-01-02T21:00:00Z
3,2026-01-05,2017-01-02,True,23,0.5059999999998581,2017-01-02T22:00:00Z
3,2026-01-06,2017-01-03,True,0,0.4639999999999418,2017-01-02T23:00:00Z
3,2026-01-06,2017-01-03,True,1,0.5099999999997635,2017-01-03T00:00:00Z
3,2026-01-06,2017-01-03,True,2,0.5410000000001673,2017-01-03T01:00:00Z
3,2026-01-06,2017-01-03,True,3,0.374000000000251,2017-01-03T02:00:00Z
3,2026-01-06,2017-01-03,True,4,0.2199999999997999,2017-01-03T03:00:00Z
3,2026-01-06,2017-01-03,True,5,0.21500000000014552,2017-01-03T04:00:00Z
3,2026-01-06,2017-01-03,True,6,0.22499999999990905,2017-01-03T05:00:00Z
3,2026-01-06,2017-01-03,True,7,0.2300000000000182,2017-01-03T06:00:00Z
3,2026-01-06,2017-01-03,True,8,1.0760000000000218,2017-01-03T07:00:00Z
3,2026-01-06,2017-01-03,True,9,0.6959999999999127,2017-01-03T08:00:00Z
3,2026-01-06,2017-01-03,True,10,0.7220000000002074,2017-01-03T09:00:00Z
3,2026-01-06,2017-01-03,True,11,0.8170000000000073,2017-01-03T10:00:00Z
3,2026-01-06,2017-01-03,True,12,0.2950000000005275,2017-01-03T11:00:00Z
3,2026-01-06,2017-01-03,True,13,0.2429999999994834,2017-01-03T12:00:00Z
3,2026-01-06,2017-01-03,True,14,0.29700000000002547,2017-01-03T13:00:00Z
3,2026-01-06,2017-01-03,True,15,0.33999999999969077,2017-01-03T14:00:00Z
3,2026-01-06,2017-01-03,True,16,0.6449999999999818,2017-01-03T15:00:00Z
3,2026-01-06,2017-01-03,True,17,1.2260000000001128,2017-01-03T16:00:00Z
3,2026-01-06,2017-01-03,True,18,2.048999999999978,2017-01-03T17:00:00Z
3,2026-01-06,2017-01-03,True,19,0.599999999999909,2017-01-03T18:00:00Z
3,2026-01-06,2017-01-03,True,20,0.45000000000027285,2017-01-03T19:00:00Z
3,2026-01-06,2017-01-03,True,21,1.2149999999996908,2017-01-03T20:00:00Z
3,2026-01-06,2017-01-03,True,22,1.0400000000004184,2017-01-03T21:00:00Z
3,2026-01-06,2017-01-03,True,23,1.0,2017-01-03T22:00:00Z
3,2026-01-07,2017-01-04,True,0,0.9149999999999636,2017-01-03T23:00:00Z
3,2026-01-07,2017-01-04,True,1,0.849999999999909,2017-01-04T00:00:00Z
3,2026-01-07,2017-01-04,True,2,0.8710000000000946,2017-01-04T01:00:00Z
3,2026-01-07,2017-01-04,True,3,0.8350000000000364,2017-01-04T02:00:00Z
3,2026-01-07,2017-01-04,True,4,0.5539999999996326,2017-01-04T03:00:00Z
3,2026-01-07,2017-01-04,True,5,0.2960000000002765,2017-01-04T04:00:00Z
3,2026-01-07,2017-01-04,True,6,0.26399999999966894,2017-01-04T05:00:00Z
3,2026-01-07,2017-01-04,True,7,0.29000000000041837,2017-01-04T06:00:00Z
3,2026-01-07,2017-01-04,True,8,1.1749999999997272,2017-01-04T07:00:00Z
3,2026-01-07,2017-01-04,True,9,1.0160000000000764,2017-01-04T08:00:00Z
3,2026-01-07,2017-01-04,True,10,0.8490000000001601,2017-01-04T09:00:00Z
3,2026-01-07,2017-01-04,True,11,0.5099999999997635,2017-01-04T10:00:00Z
3,2026-01-07,2017-01-04,True,12,1.4450000000001637,2017-01-04T11:00:00Z
3,2026-01-07,2017-01-04,True,13,1.5799999999999272,2017-01-04T12:00:00Z
3,2026-01-07,2017-01-04,True,14,1.0050000000001091,2017-01-04T13:00:00Z
3,2026-01-07,2017-01-04,True,15,0.5309999999999491,2017-01-04T14:00:00Z
3,2026-01-07,2017-01-04,True,16,0.5340000000001055,2017-01-04T15:00:00Z
3,2026-01-07,2017-01-04,True,17,0.625999999999749,2017-01-04T16:00:00Z
3,2026-01-07,2017-01-04,True,18,0.7449999999998909,2017-01-04T17:00:00Z
3,2026-01-07,2017-01-04,True,19,0.7890000000002146,2017-01-04T18:00:00Z
3,2026-01-07,2017-01-04,True,20,1.2910000000001673,2017-01-04T19:00:00Z
3,2026-01-07,2017-01-04,True,21,1.043999999999869,2017-01-04T20:00:00Z
3,2026-01-07,2017-01-04,True,22,0.8649999999997817,2017-01-04T21:00:00Z
3,2026-01-07,2017-01-04,True,23,0.724999999999909,2017-01-04T22:00:00Z
3,2026-01-08,2017-01-12,True,0,1.6739999999999782,2017-01-11T23:00:00Z
3,2026-01-08,2017-01-12,True,1,0.40099999999983993,2017-01-12T00:00:00Z
3,2026-01-08,2017-01-12,True,2,0.2290000000002692,2017-01-12T01:00:00Z
3,2026-01-08,2017-01-12,True,3,0.1859999999996944,2017-01-12T02:00:00Z
3,2026-01-08,2017-01-12,True,4,0.19900000000006912,2017-01-12T03:00:00Z
3,2026-01-08,2017-01-12,True,5,0.19399999999995998,2017-01-12T04:00:00Z
3,2026-01-08,2017-01-12,True,6,0.86200000000008,2017-01-12T05:00:00Z
3,2026-01-08,2017-01-12,True,7,0.7089999999998327,2017-01-12T06:00:00Z
3,2026-01-08,2017-01-12,True,8,0.5700000000001637,2017-01-12T07:00:00Z
3,2026-01-08,2017-01-12,True,9,0.536000000000513,2017-01-12T08:00:00Z
3,2026-01-08,2017-01-12,True,10,1.0629999999996471,2017-01-12T09:00:00Z
3,2026-01-08,2017-01-12,True,11,0.6820000000002437,2017-01-12T10:00:00Z
3,2026-01-08,2017-01-12,True,12,0.6439999999997781,2017-01-12T11:00:00Z
3,2026-01-08,2017-01-12,True,13,0.5660000000002583,2017-01-12T12:00:00Z
3,2026-01-08,2017-01-12,True,14,0.4819999999999709,2017-01-12T13:00:00Z
3,2026-01-08,2017-01-12,True,15,0.34900000000016007,2017-01-12T14:00:00Z
3,2026-01-08,2017-01-12,True,16,0.47900000000072396,2017-01-12T15:00:00Z
3,2026-01-08,2017-01-12,True,17,0.5899999999996908,2017-01-12T16:00:00Z
3,2026-01-08,2017-01-12,True,18,0.9450000000001637,2017-01-12T17:00:00Z
3,2026-01-08,2017-01-12,True,19,2.5900000000001455,2017-01-12T18:00:00Z
3,2026-01-08,2017-01-12,True,20,2.1549999999997453,2017-01-12T19:00:00Z
3,2026-01-08,2017-01-12,True,21,1.1550000000002,2017-01-12T20:00:00Z
3,2026-01-08,2017-01-12,True,22,1.0299999999997453,2017-01-12T21:00:00Z
3,2026-01-08,2017-01-12,True,23,1.1150000000002365,2017-01-12T22:00:00Z
3,2026-01-09,2017-01-13,True,0,0.75,2017-01-12T23:00:00Z
3,2026-01-09,2017-01-13,True,1,0.22600000000011278,2017-01-13T00:00:00Z
3,2026-01-09,2017-01-13,True,2,0.19899999999961437,2017-01-13T01:00:00Z
3,2026-01-09,2017-01-13,True,3,0.19900000000006912,2017-01-13T02:00:00Z
3,2026-01-09,2017-01-13,True,4,0.18200000000024374,2017-01-13T03:00:00Z
3,2026-01-09,2017-01-13,True,5,0.19399999999995998,2017-01-13T04:00:00Z
3,2026-01-09,2017-01-13,True,6,0.5,2017-01-13T05:00:00Z
3,2026-01-09,2017-01-13,True,7,0.6410000000000764,2017-01-13T06:00:00Z
3,2026-01-09,2017-01-13,True,8,0.4579999999996289,2017-01-13T07:00:00Z
3,2026-01-09,2017-01-13,True,9,0.531999999999698,2017-01-13T08:00:00Z
3,2026-01-09,2017-01-13,True,10,0.8040000000000873,2017-01-13T09:00:00Z
3,2026-01-09,2017-01-13,True,11,0.5819999999994252,2017-01-13T10:00:00Z
3,2026-01-09,2017-01-13,True,12,0.44600000000036744,2017-01-13T11:00:00Z
3,2026-01-09,2017-01-13,True,13,1.1400000000003274,2017-01-13T12:00:00Z
3,2026-01-09,2017-01-13,True,14,0.569999999999709,2017-01-13T13:00:00Z
3,2026-01-09,2017-01-13,True,15,0.35599999999976717,2017-01-13T14:00:00Z
3,2026-01-09,2017-01-13,True,16,0.6649999999999636,2017-01-13T15:00:00Z
3,2026-01-09,2017-01-13,True,17,1.8550000000000182,2017-01-13T16:00:00Z
3,2026-01-09,2017-01-13,True,18,0.7599999999997635,2017-01-13T17:00:00Z
3,2026-01-09,2017-01-13,True,19,0.6910000000002583,2017-01-13T18:00:00Z
3,2026-01-09,2017-01-13,True,20,2.144999999999982,2017-01-13T19:00:00Z
3,2026-01-09,2017-01-13,True,21,1.6329999999998108,2017-01-13T20:00:00Z
3,2026-01-09,2017-01-13,True,22,2.27599999999984,2017-01-13T21:00:00Z
3,2026-01-09,2017-01-13,True,23,0.9200000000000728,2017-01-13T22:00:00Z
3,2026-01-10,2017-01-14,True,0,0.8610000000003311,2017-01-13T23:00:00Z
3,2026-01-10,2017-01-14,True,1,0.543999999999869,2017-01-14T00:00:00Z
3,2026-01-10,2017-01-14,True,2,0.40000000000009095,2017-01-14T01:00:00Z
3,2026-01-10,2017-01-14,True,3,0.3649999999997817,2017-01-14T02:00:00Z
3,2026-01-10,2017-01-14,True,4,0.3389999999999418,2017-01-14T03:00:00Z
3,2026-01-10,2017-01-14,True,5,0.3670000000001892,2017-01-14T04:00:00Z
3,2026-01-10,2017-01-14,True,6,0.2539999999999054,2017-01-14T05:00:00Z
3,2026-01-10,2017-01-14,True,7,0.23100000000022192,2017-01-14T06:00:00Z
3,2026-01-10,2017-01-14,True,8,0.35299999999961074,2017-01-14T07:00:00Z
3,2026-01-10,2017-01-14,True,9,0.6960000000003674,2017-01-14T08:00:00Z
3,2026-01-10,2017-01-14,True,10,0.8859999999999673,2017-01-14T09:00:00Z
3,2026-01-10,2017-01-14,True,11,0.5630000000001019,2017-01-14T10:00:00Z
3,2026-01-10,2017-01-14,True,12,0.4299999999998363,2017-01-14T11:00:00Z
3,2026-01-10,2017-01-14,True,13,1.1010000000005675,2017-01-14T12:00:00Z
3,2026-01-10,2017-01-14,True,14,0.850999999999658,2017-01-14T13:00:00Z
3,2026-01-10,2017-01-14,True,15,0.6079999999997199,2017-01-14T14:00:00Z
3,2026-01-10,2017-01-14,True,16,0.5950000000002547,2017-01-14T15:00:00Z
3,2026-01-10,2017-01-14,True,17,0.8999999999996362,2017-01-14T16:00:00Z
3,2026-01-10,2017-01-14,True,18,0.9150000000004184,2017-01-14T17:00:00Z
3,2026-01-10,2017-01-14,True,19,1.1399999999998727,2017-01-14T18:00:00Z
3,2026-01-10,2017-01-14,True,20,1.0799999999999272,2017-01-14T19:00:00Z
3,2026-01-10,2017-01-14,True,21,0.9160000000001673,2017-01-14T20:00:00Z
3,2026-01-10,2017-01-14,True,22,0.8739999999997963,2017-01-14T21:00:00Z
3,2026-01-10,2017-01-14,True,23,0.8850000000002183,2017-01-14T22:00:00Z
3,2026-01-11,2017-01-08,True,0,0.9239999999999782,2017-01-07T23:00:00Z
3,2026-01-11,2017-01-08,True,1,0.5799999999999272,2017-01-08T00:00:00Z
3,2026-01-11,2017-01-08,True,2,0.5900000000001455,2017-01-08T01:00:00Z
3,2026-01-11,2017-01-08,True,3,0.5399999999999636,2017-01-08T02:00:00Z
3,2026-01-11,2017-01-08,True,4,0.4919999999997344,2017-01-08T03:00:00Z
3,2026-01-11,2017-01-08,True,5,0.6280000000001564,2017-01-08T04:00:00Z
3,2026-01-11,2017-01-08,True,6,0.4699999999997999,2017-01-08T05:00:00Z
3,2026-01-11,2017-01-08,True,7,0.27100000000018554,2017-01-08T06:00:00Z
3,2026-01-11,2017-01-08,True,8,0.3690000000001419,2017-01-08T07:00:00Z
3,2026-01-11,2017-01-08,True,9,0.7699999999999818,2017-01-08T08:00:00Z
3,2026-01-11,2017-01-08,True,10,1.3559999999997672,2017-01-08T09:00:00Z
3,2026-01-11,2017-01-08,True,11,1.5340000000001055,2017-01-08T10:00:00Z
3,2026-01-11,2017-01-08,True,12,1.4609999999997854,2017-01-08T11:00:00Z
3,2026-01-11,2017-01-08,True,13,0.774000000000342,2017-01-08T12:00:00Z
3,2026-01-11,2017-01-08,True,14,2.3659999999999854,2017-01-08T13:00:00Z
3,2026-01-11,2017-01-08,True,15,0.5589999999997417,2017-01-08T14:00:00Z
3,2026-01-11,2017-01-08,True,16,0.5750000000002728,2017-01-08T15:00:00Z
3,2026-01-11,2017-01-08,True,17,0.7649999999998727,2017-01-08T16:00:00Z
3,2026-01-11,2017-01-08,True,18,2.032000000000153,2017-01-08T17:00:00Z
3,2026-01-11,2017-01-08,True,19,1.7829999999999018,2017-01-08T18:00:00Z
3,2026-01-11,2017-01-08,True,20,2.1849999999999454,2017-01-08T19:00:00Z
3,2026-01-11,2017-01-08,True,21,1.4420000000000073,2017-01-08T20:00:00Z
3,2026-01-11,2017-01-08,True,22,1.2330000000001746,2017-01-08T21:00:00Z
3,2026-01-11,2017-01-08,True,23,0.875999999999749,2017-01-08T22:00:00Z
3,2026-01-12,2017-01-09,True,0,0.5900000000001455,2017-01-08T23:00:00Z
3,2026-01-12,2017-01-09,True,1,0.5989999999997053,2017-01-09T00:00:00Z
3,2026-01-12,2017-01-09,True,2,0.525000000000091,2017-01-09T01:00:00Z
3,2026-01-12,2017-01-09,True,3,0.32999999999992724,2017-01-09T02:00:00Z
3,2026-01-12,2017-01-09,True,4,0.19600000000036744,2017-01-09T03:00:00Z
3,2026-01-12,2017-01-09,True,5,0.18499999999994543,2017-01-09T04:00:00Z
3,2026-01-12,2017-01-09,True,6,0.8589999999999236,2017-01-09T05:00:00Z
3,2026-01-12,2017-01-09,True,7,0.5700000000001637,2017-01-09T06:00:00Z
3,2026-01-12,2017-01-09,True,8,0.1799999999998363,2017-01-09T07:00:00Z
3,2026-01-12,2017-01-09,True,9,0.20100000000002183,2017-01-09T08:00:00Z
3,2026-01-12,2017-01-09,True,10,0.17499999999972715,2017-01-09T09:00:00Z
3,2026-01-12,2017-01-09,True,11,0.1890000000003056,2017-01-09T10:00:00Z
3,2026-01-12,2017-01-09,True,12,0.3739999999997963,2017-01-09T11:00:00Z
3,2026-01-12,2017-01-09,True,13,0.3569999999999709,2017-01-09T12:00:00Z
3,2026-01-12,2017-01-09,True,14,0.39900000000034197,2017-01-09T13:00:00Z
3,2026-01-12,2017-01-09,True,15,0.3799999999996544,2017-01-09T14:00:00Z
3,2026-01-12,2017-01-09,True,16,0.6150000000002365,2017-01-09T15:00:00Z
3,2026-01-12,2017-01-09,True,17,0.9649999999996908,2017-01-09T16:00:00Z
3,2026-01-12,2017-01-09,True,18,0.8960000000001855,2017-01-09T17:00:00Z
3,2026-01-12,2017-01-09,True,19,0.8350000000000364,2017-01-09T18:00:00Z
3,2026-01-12,2017-01-09,True,20,1.5090000000000146,2017-01-09T19:00:00Z
3,2026-01-12,2017-01-09,True,21,0.8049999999998363,2017-01-09T20:00:00Z
3,2026-01-12,2017-01-09,True,22,1.0350000000003092,2017-01-09T21:00:00Z
3,2026-01-12,2017-01-09,True,23,0.7309999999997672,2017-01-09T22:00:00Z
3,2026-01-13,2017-01-10,True,0,0.36400000000003274,2017-01-09T23:00:00Z
3,2026-01-13,2017-01-10,True,1,0.25,2017-01-10T00:00:00Z
3,2026-01-13,2017-01-10,True,2,0.2600000000002183,2017-01-10T01:00:00Z
3,2026-01-13,2017-01-10,True,3,0.2300000000000182,2017-01-10T02:00:00Z
3,2026-01-13,2017-01-10,True,4,0.3449999999997999,2017-01-10T03:00:00Z
3,2026-01-13,2017-01-10,True,5,0.5199999999999818,2017-01-10T04:00:00Z
3,2026-01-13,2017-01-10,True,6,0.34600000000000364,2017-01-10T05:00:00Z
3,2026-01-13,2017-01-10,True,7,0.38400000000001455,2017-01-10T06:00:00Z
3,2026-01-13,2017-01-10,True,8,0.23500000000012733,2017-01-10T07:00:00Z
3,2026-01-13,2017-01-10,True,9,0.1799999999998363,2017-01-10T08:00:00Z
3,2026-01-13,2017-01-10,True,10,0.17000000000007276,2017-01-10T09:00:00Z
3,2026-01-13,2017-01-10,True,11,0.15000000000009095,2017-01-10T10:00:00Z
3,2026-01-13,2017-01-10,True,12,0.18499999999994543,2017-01-10T11:00:00Z
3,2026-01-13,2017-01-10,True,13,0.16499999999996362,2017-01-10T12:00:00Z
3,2026-01-13,2017-01-10,True,14,0.23999999999978172,2017-01-10T13:00:00Z
3,2026-01-13,2017-01-10,True,15,0.1950000000001637,2017-01-10T14:00:00Z
3,2026-01-13,2017-01-10,True,16,0.29500000000007276,2017-01-10T15:00:00Z
3,2026-01-13,2017-01-10,True,17,0.9809999999997672,2017-01-10T16:00:00Z
3,2026-01-13,2017-01-10,True,18,1.7340000000003783,2017-01-10T17:00:00Z
3,2026-01-13,2017-01-10,True,19,0.6999999999998181,2017-01-10T18:00:00Z
3,2026-01-13,2017-01-10,True,20,0.9250000000001819,2017-01-10T19:00:00Z
3,2026-01-13,2017-01-10,True,21,0.975999999999658,2017-01-10T20:00:00Z
3,2026-01-13,2017-01-10,True,22,0.7690000000002328,2017-01-10T21:00:00Z
3,2026-01-13,2017-01-10,True,23,0.944999999999709,2017-01-10T22:00:00Z
3,2026-01-14,2017-01-11,True,0,0.5600000000004002,2017-01-10T23:00:00Z
3,2026-01-14,2017-01-11,True,1,0.23099999999976717,2017-01-11T00:00:00Z
3,2026-01-14,2017-01-11,True,2,0.2300000000000182,2017-01-11T01:00:00Z
3,2026-01-14,2017-01-11,True,3,0.25,2017-01-11T02:00:00Z
3,2026-01-14,2017-01-11,True,4,0.20899999999983265,2017-01-11T03:00:00Z
3,2026-01-14,2017-01-11,True,5,0.1950000000001637,2017-01-11T04:00:00Z
3,2026-01-14,2017-01-11,True,6,0.6959999999999127,2017-01-11T05:00:00Z
3,2026-01-14,2017-01-11,True,7,0.6440000000002328,2017-01-11T06:00:00Z
3,2026-01-14,2017-01-11,True,8,0.5109999999999673,2017-01-11T07:00:00Z
3,2026-01-14,2017-01-11,True,9,0.19399999999995998,2017-01-11T08:00:00Z
3,2026-01-14,2017-01-11,True,10,0.15100000000029468,2017-01-11T09:00:00Z
3,2026-01-14,2017-01-11,True,11,0.2880000000000109,2017-01-11T10:00:00Z
3,2026-01-14,2017-01-11,True,12,0.45000000000027285,2017-01-11T11:00:00Z
3,2026-01-14,2017-01-11,True,13,0.9760000000001128,2017-01-11T12:00:00Z
3,2026-01-14,2017-01-11,True,14,0.3709999999991851,2017-01-11T13:00:00Z
3,2026-01-14,2017-01-11,True,15,0.6979999999998654,2017-01-11T14:00:00Z
3,2026-01-14,2017-01-11,True,16,1.555000000000291,2017-01-11T15:00:00Z
3,2026-01-14,2017-01-11,True,17,0.9949999999998909,2017-01-11T16:00:00Z
3,2026-01-14,2017-01-11,True,18,0.8710000000000946,2017-01-11T17:00:00Z
3,2026-01-14,2017-01-11,True,19,0.9139999999997599,2017-01-11T18:00:00Z
3,2026-01-14,2017-01-11,True,20,1.2300000000000182,2017-01-11T19:00:00Z
3,2026-01-14,2017-01-11,True,21,1.0460000000002765,2017-01-11T20:00:00Z
3,2026-01-14,2017-01-11,True,22,1.0090000000000146,2017-01-11T21:00:00Z
3,2026-01-14,2017-01-11,True,23,0.9859999999998763,2017-01-11T22:00:00Z
3,2026-01-15,2017-01-19,True,0,0.3089999999997417,2017-01-18T23:00:00Z
3,2026-01-15,2017-01-19,True,1,0.21500000000014552,2017-01-19T00:00:00Z
3,2026-01-15,2017-01-19,True,2,0.24400000000014188,2017-01-19T01:00:00Z
3,2026-01-15,2017-01-19,True,3,0.21499999999969077,2017-01-19T02:00:00Z
3,2026-01-15,2017-01-19,True,4,0.2110000000002401,2017-01-19T03:00:00Z
3,2026-01-15,2017-01-19,True,5,0.20899999999983265,2017-01-19T04:00:00Z
3,2026-01-15,2017-01-19,True,6,0.4760000000001128,2017-01-19T05:00:00Z
3,2026-01-15,2017-01-19,True,7,0.49499999999989086,2017-01-19T06:00:00Z
3,2026-01-15,2017-01-19,True,8,0.17000000000007276,2017-01-19T07:00:00Z
3,2026-01-15,2017-01-19,True,9,0.17000000000007276,2017-01-19T08:00:00Z
3,2026-01-15,2017-01-19,True,10,0.15999999999985448,2017-01-19T09:00:00Z
3,2026-01-15,2017-01-19,True,11,0.15999999999985448,2017-01-19T10:00:00Z
3,2026-01-15,2017-01-19,True,12,0.28900000000021464,2017-01-19T11:00:00Z
3,2026-01-15,2017-01-19,True,13,0.21200000000044383,2017-01-19T12:00:00Z
3,2026-01-15,2017-01-19,True,14,0.15999999999985448,2017-01-19T13:00:00Z
3,2026-01-15,2017-01-19,True,15,0.38400000000001455,2017-01-19T14:00:00Z
3,2026-01-15,2017-01-19,True,16,0.2300000000000182,2017-01-19T15:00:00Z
3,2026-01-15,2017-01-19,True,17,0.2600000000002183,2017-01-19T16:00:00Z
3,2026-01-15,2017-01-19,True,18,1.4119999999998072,2017-01-19T17:00:00Z
3,2026-01-15,2017-01-19,True,19,0.9830000000001746,2017-01-19T18:00:00Z
3,2026-01-15,2017-01-19,True,20,1.0499999999997272,2017-01-19T19:00:00Z
3,2026-01-15,2017-01-19,True,21,1.0300000000002,2017-01-19T20:00:00Z
3,2026-01-15,2017-01-19,True,22,0.9349999999999454,2017-01-19T21:00:00Z
3,2026-01-15,2017-01-19,True,23,0.8600000000001273,2017-01-19T22:00:00Z
3,2026-01-16,2017-01-20,True,0,0.6909999999998035,2017-01-19T23:00:00Z
3,2026-01-16,2017-01-20,True,1,0.5700000000001637,2017-01-20T00:00:00Z
3,2026-01-16,2017-01-20,True,2,0.599999999999909,2017-01-20T01:00:00Z
3,2026-01-16,2017-01-20,True,3,0.5700000000001637,2017-01-20T02:00:00Z
3,2026-01-16,2017-01-20,True,4,0.3449999999997999,2017-01-20T03:00:00Z
3,2026-01-16,2017-01-20,True,5,0.3690000000001419,2017-01-20T04:00:00Z
3,2026-01-16,2017-01-20,True,6,0.6700000000000728,2017-01-20T05:00:00Z
3,2026-01-16,2017-01-20,True,7,0.6849999999999454,2017-01-20T06:00:00Z
3,2026-01-16,2017-01-20,True,8,0.6349999999997635,2017-01-20T07:00:00Z
3,2026-01-16,2017-01-20,True,9,0.40000000000009095,2017-01-20T08:00:00Z
3,2026-01-16,2017-01-20,True,10,0.1999999999998181,2017-01-20T09:00:00Z
3,2026-01-16,2017-01-20,True,11,0.3400000000001455,2017-01-20T10:00:00Z
3,2026-01-16,2017-01-20,True,12,0.20100000000002183,2017-01-20T11:00:00Z
3,2026-01-16,2017-01-20,True,13,0.1890000000003056,2017-01-20T12:00:00Z
3,2026-01-16,2017-01-20,True,14,0.21500000000014552,2017-01-20T13:00:00Z
3,2026-01-16,2017-01-20,True,15,0.5499999999997272,2017-01-20T14:00:00Z
3,2026-01-16,2017-01-20,True,16,0.5300000000002001,2017-01-20T15:00:00Z
3,2026-01-16,2017-01-20,True,17,0.569999999999709,2017-01-20T16:00:00Z
3,2026-01-16,2017-01-20,True,18,0.6910000000002583,2017-01-20T17:00:00Z
3,2026-01-16,2017-01-20,True,19,1.19399999999996,2017-01-20T18:00:00Z
3,2026-01-16,2017-01-20,True,20,1.1100000000001273,2017-01-20T19:00:00Z
3,2026-01-16,2017-01-20,True,21,1.069999999999709,2017-01-20T20:00:00Z
3,2026-01-16,2017-01-20,True,22,0.7159999999998945,2017-01-20T21:00:00Z
3,2026-01-16,2017-01-20,True,23,1.3340000000002874,2017-01-20T22:00:00Z
3,2026-01-17,2017-01-21,True,0,0.944999999999709,2017-01-20T23:00:00Z
3,2026-01-17,2017-01-21,True,1,0.5199999999999818,2017-01-21T00:00:00Z
3,2026-01-17,2017-01-21,True,2,1.150000000000091,2017-01-21T01:00:00Z
3,2026-01-17,2017-01-21,True,3,1.206000000000131,2017-01-21T02:00:00Z
3,2026-01-17,2017-01-21,True,4,0.20899999999983265,2017-01-21T03:00:00Z
3,2026-01-17,2017-01-21,True,5,0.205000000000382,2017-01-21T04:00:00Z
3,2026-01-17,2017-01-21,True,6,0.17599999999993088,2017-01-21T05:00:00Z
3,2026-01-17,2017-01-21,True,7,0.34999999999990905,2017-01-21T06:00:00Z
3,2026-01-17,2017-01-21,True,8,1.5799999999999272,2017-01-21T07:00:00Z
3,2026-01-17,2017-01-21,True,9,0.9890000000000327,2017-01-21T08:00:00Z
3,2026-01-17,2017-01-21,True,10,1.5010000000002037,2017-01-21T09:00:00Z
3,2026-01-17,2017-01-21,True,11,1.1239999999997963,2017-01-21T10:00:00Z
3,2026-01-17,2017-01-21,True,12,0.8009999999999309,2017-01-21T11:00:00Z
3,2026-01-17,2017-01-21,True,13,0.6430000000000291,2017-01-21T12:00:00Z
3,2026-01-17,2017-01-21,True,14,0.6350000000002183,2017-01-21T13:00:00Z
3,2026-01-17,2017-01-21,True,15,1.2100000000000364,2017-01-21T14:00:00Z
3,2026-01-17,2017-01-21,True,16,1.0659999999998035,2017-01-21T15:00:00Z
3,2026-01-17,2017-01-21,True,17,1.8640000000000327,2017-01-21T16:00:00Z
3,2026-01-17,2017-01-21,True,18,1.650000000000091,2017-01-21T17:00:00Z
3,2026-01-17,2017-01-21,True,19,1.3649999999997817,2017-01-21T18:00:00Z
3,2026-01-17,2017-01-21,True,20,1.5650000000000546,2017-01-21T19:00:00Z
3,2026-01-17,2017-01-21,True,21,1.4800000000000182,2017-01-21T20:00:00Z
3,2026-01-17,2017-01-21,True,22,1.1159999999999854,2017-01-21T21:00:00Z
3,2026-01-17,2017-01-21,True,23,1.4850000000001273,2017-01-21T22:00:00Z
3,2026-01-18,2017-01-15,True,0,0.47100000000000364,2017-01-14T23:00:00Z
3,2026-01-18,2017-01-15,True,1,0.29899999999997817,2017-01-15T00:00:00Z
3,2026-01-18,2017-01-15,True,2,0.20599999999967622,2017-01-15T01:00:00Z
3,2026-01-18,2017-01-15,True,3,0.19900000000006912,2017-01-15T02:00:00Z
3,2026-01-18,2017-01-15,True,4,0.1750000000001819,2017-01-15T03:00:00Z
3,2026-01-18,2017-01-15,True,5,0.26499999999987267,2017-01-15T04:00:00Z
3,2026-01-18,2017-01-15,True,6,0.25,2017-01-15T05:00:00Z
3,2026-01-18,2017-01-15,True,7,0.20600000000013097,2017-01-15T06:00:00Z
3,2026-01-18,2017-01-15,True,8,0.3739999999997963,2017-01-15T07:00:00Z
3,2026-01-18,2017-01-15,True,9,0.6050000000004729,2017-01-15T08:00:00Z
3,2026-01-18,2017-01-15,True,10,0.4250000000001819,2017-01-15T09:00:00Z
3,2026-01-18,2017-01-15,True,11,0.4069999999992433,2017-01-15T10:00:00Z
3,2026-01-18,2017-01-15,True,12,0.478000000000975,2017-01-15T11:00:00Z
3,2026-01-18,2017-01-15,True,13,0.8879999999990105,2017-01-15T12:00:00Z
3,2026-01-18,2017-01-15,True,14,0.6460000000001855,2017-01-15T13:00:00Z
3,2026-01-18,2017-01-15,True,15,1.0640000000003056,2017-01-15T14:00:00Z
3,2026-01-18,2017-01-15,True,16,1.7609999999999673,2017-01-15T15:00:00Z
3,2026-01-18,2017-01-15,True,17,1.099999999999909,2017-01-15T16:00:00Z
3,2026-01-18,2017-01-15,True,18,0.7599999999997635,2017-01-15T17:00:00Z
3,2026-01-18,2017-01-15,True,19,1.0950000000002547,2017-01-15T18:00:00Z
3,2026-01-18,2017-01-15,True,20,1.4200000000000728,2017-01-15T19:00:00Z
3,2026-01-18,2017-01-15,True,21,0.9549999999999272,2017-01-15T20:00:00Z
3,2026-01-18,2017-01-15,True,22,0.8209999999999127,2017-01-15T21:00:00Z
3,2026-01-18,2017-01-15,True,23,0.4490000000000691,2017-01-15T22:00:00Z
3,2026-01-19,2017-01-16,True,0,0.25,2017-01-15T23:00:00Z
3,2026-01-19,2017-01-16,True,1,0.22600000000011278,2017-01-16T00:00:00Z
3,2026-01-19,2017-01-16,True,2,0.20899999999983265,2017-01-16T01:00:00Z
3,2026-01-19,2017-01-16,True,3,0.21500000000014552,2017-01-16T02:00:00Z
3,2026-01-19,2017-01-16,True,4,0.21000000000003638,2017-01-16T03:00:00Z
3,2026-01-19,2017-01-16,True,5,0.21499999999969077,2017-01-16T04:00:00Z
3,2026-01-19,2017-01-16,True,6,0.6359999999999673,2017-01-16T05:00:00Z
3,2026-01-19,2017-01-16,True,7,0.4830000000001746,2017-01-16T06:00:00Z
3,2026-01-19,2017-01-16,True,8,0.15999999999985448,2017-01-16T07:00:00Z
3,2026-01-19,2017-01-16,True,9,0.17000000000007276,2017-01-16T08:00:00Z
3,2026-01-19,2017-01-16,True,10,0.16499999999996362,2017-01-16T09:00:00Z
3,2026-01-19,2017-01-16,True,11,0.17299999999977445,2017-01-16T10:00:00Z
3,2026-01-19,2017-01-16,True,12,0.3540000000002692,2017-01-16T11:00:00Z
3,2026-01-19,2017-01-16,True,13,0.8420000000000982,2017-01-16T12:00:00Z
3,2026-01-19,2017-01-16,True,14,0.42299999999977445,2017-01-16T13:00:00Z
3,2026-01-19,2017-01-16,True,15,0.5500000000001819,2017-01-16T14:00:00Z
3,2026-01-19,2017-01-16,True,16,0.6309999999998581,2017-01-16T15:00:00Z
3,2026-01-19,2017-01-16,True,17,0.9149999999999636,2017-01-16T16:00:00Z
3,2026-01-19,2017-01-16,True,18,0.9690000000000509,2017-01-16T17:00:00Z
3,2026-01-19,2017-01-16,True,19,0.6739999999999782,2017-01-16T18:00:00Z
3,2026-01-19,2017-01-16,True,20,0.8009999999999309,2017-01-16T19:00:00Z
3,2026-01-19,2017-01-16,True,21,0.8810000000003129,2017-01-16T20:00:00Z
3,2026-01-19,2017-01-16,True,22,0.8689999999996871,2017-01-16T21:00:00Z
3,2026-01-19,2017-01-16,True,23,0.7550000000001091,2017-01-16T22:00:00Z
3,2026-01-20,2017-01-17,True,0,0.41000000000030923,2017-01-16T23:00:00Z
3,2026-01-20,2017-01-17,True,1,0.19899999999961437,2017-01-17T00:00:00Z
3,2026-01-20,2017-01-17,True,2,0.23600000000033106,2017-01-17T01:00:00Z
3,2026-01-20,2017-01-17,True,3,0.20599999999967622,2017-01-17T02:00:00Z
3,2026-01-20,2017-01-17,True,4,0.20400000000017826,2017-01-17T03:00:00Z
3,2026-01-20,2017-01-17,True,5,0.2300000000000182,2017-01-17T04:00:00Z
3,2026-01-20,2017-01-17,True,6,0.5399999999999636,2017-01-17T05:00:00Z
3,2026-01-20,2017-01-17,True,7,0.5500000000001819,2017-01-17T06:00:00Z
3,2026-01-20,2017-01-17,True,8,0.29599999999982174,2017-01-17T07:00:00Z
3,2026-01-20,2017-01-17,True,9,0.487999999999829,2017-01-17T08:00:00Z
3,2026-01-20,2017-01-17,True,10,0.41600000000016735,2017-01-17T09:00:00Z
3,2026-01-20,2017-01-17,True,11,0.17000000000007276,2017-01-17T10:00:00Z
3,2026-01-20,2017-01-17,True,12,0.19099999999980355,2017-01-17T11:00:00Z
3,2026-01-20,2017-01-17,True,13,0.7229999999999563,2017-01-17T12:00:00Z
3,2026-01-20,2017-01-17,True,14,0.5489999999999782,2017-01-17T13:00:00Z
3,2026-01-20,2017-01-17,True,15,0.3910000000000764,2017-01-17T14:00:00Z
3,2026-01-20,2017-01-17,True,16,0.30600000000004,2017-01-17T15:00:00Z
3,2026-01-20,2017-01-17,True,17,0.8440000000000509,2017-01-17T16:00:00Z
3,2026-01-20,2017-01-17,True,18,1.15099999999984,2017-01-17T17:00:00Z
3,2026-01-20,2017-01-17,True,19,0.9790000000002692,2017-01-17T18:00:00Z
3,2026-01-20,2017-01-17,True,20,0.9899999999997817,2017-01-17T19:00:00Z
3,2026-01-20,2017-01-17,True,21,0.9650000000001455,2017-01-17T20:00:00Z
3,2026-01-20,2017-01-17,True,22,1.0760000000000218,2017-01-17T21:00:00Z
3,2026-01-20,2017-01-17,True,23,0.69399999999996,2017-01-17T22:00:00Z
3,2026-01-21,2017-01-18,True,0,0.5199999999999818,2017-01-17T23:00:00Z
3,2026-01-21,2017-01-18,True,1,0.5210000000001855,2017-01-18T00:00:00Z
3,2026-01-21,2017-01-18,True,2,0.40899999999965075,2017-01-18T01:00:00Z
3,2026-01-21,2017-01-18,True,3,0.18600000000014916,2017-01-18T02:00:00Z
3,2026-01-21,2017-01-18,True,4,0.15000000000009095,2017-01-18T03:00:00Z
3,2026-01-21,2017-01-18,True,5,0.15799999999990177,2017-01-18T04:00:00Z
3,2026-01-21,2017-01-18,True,6,0.4659999999998945,2017-01-18T05:00:00Z
3,2026-01-21,2017-01-18,True,7,0.849999999999909,2017-01-18T06:00:00Z
3,2026-01-21,2017-01-18,True,8,0.5310000000004038,2017-01-18T07:00:00Z
3,2026-01-21,2017-01-18,True,9,0.23299999999971988,2017-01-18T08:00:00Z
3,2026-01-21,2017-01-18,True,10,0.23100000000022192,2017-01-18T09:00:00Z
3,2026-01-21,2017-01-18,True,11,0.2300000000000182,2017-01-18T10:00:00Z
3,2026-01-21,2017-01-18,True,12,0.2270000000003165,2017-01-18T11:00:00Z
3,2026-01-21,2017-01-18,True,13,0.25399999999945067,2017-01-18T12:00:00Z
3,2026-01-21,2017-01-18,True,14,0.3000000000001819,2017-01-18T13:00:00Z
3,2026-01-21,2017-01-18,True,15,0.31599999999980355,2017-01-18T14:00:00Z
3,2026-01-21,2017-01-18,True,16,0.33100000000013097,2017-01-18T15:00:00Z
3,2026-01-21,2017-01-18,True,17,0.6329999999998108,2017-01-18T16:00:00Z
3,2026-01-21,2017-01-18,True,18,1.7350000000001273,2017-01-18T17:00:00Z
3,2026-01-21,2017-01-18,True,19,0.7550000000001091,2017-01-18T18:00:00Z
3,2026-01-21,2017-01-18,True,20,1.1210000000000946,2017-01-18T19:00:00Z
3,2026-01-21,2017-01-18,True,21,1.0239999999998872,2017-01-18T20:00:00Z
3,2026-01-21,2017-01-18,True,22,0.7409999999999854,2017-01-18T21:00:00Z
3,2026-01-21,2017-01-18,True,23,0.650000000000091,2017-01-18T22:00:00Z
3,2026-01-22,2017-01-26,True,0,0.6359999999999673,2017-01-25T23:00:00Z
3,2026-01-22,2017-01-26,True,1,0.20899999999983265,2017-01-26T00:00:00Z
3,2026-01-22,2017-01-26,True,2,0.25,2017-01-26T01:00:00Z
3,2026-01-22,2017-01-26,True,3,0.23500000000012733,2017-01-26T02:00:00Z
3,2026-01-22,2017-01-26,True,4,0.20100000000002183,2017-01-26T03:00:00Z
3,2026-01-22,2017-01-26,True,5,0.22399999999970532,2017-01-26T04:00:00Z
3,2026-01-22,2017-01-26,True,6,0.8610000000003311,2017-01-26T05:00:00Z
3,2026-01-22,2017-01-26,True,7,0.6189999999996871,2017-01-26T06:00:00Z
3,2026-01-22,2017-01-26,True,8,0.4950000000003456,2017-01-26T07:00:00Z
3,2026-01-22,2017-01-26,True,9,0.3649999999997817,2017-01-26T08:00:00Z
3,2026-01-22,2017-01-26,True,10,0.25900000000001455,2017-01-26T09:00:00Z
3,2026-01-22,2017-01-26,True,11,0.272000000000844,2017-01-26T10:00:00Z
3,2026-01-22,2017-01-26,True,12,0.2639999999992142,2017-01-26T11:00:00Z
3,2026-01-22,2017-01-26,True,13,0.7110000000006949,2017-01-26T12:00:00Z
3,2026-01-22,2017-01-26,True,14,0.2980000000002292,2017-01-26T13:00:00Z
3,2026-01-22,2017-01-26,True,15,0.1999999999998181,2017-01-26T14:00:00Z
3,2026-01-22,2017-01-26,True,16,0.30700000000024374,2017-01-26T15:00:00Z
3,2026-01-22,2017-01-26,True,17,0.7779999999997926,2017-01-26T16:00:00Z
3,2026-01-22,2017-01-26,True,18,0.8949999999999818,2017-01-26T17:00:00Z
3,2026-01-22,2017-01-26,True,19,1.05600000000004,2017-01-26T18:00:00Z
3,2026-01-22,2017-01-26,True,20,0.6700000000000728,2017-01-26T19:00:00Z
3,2026-01-22,2017-01-26,True,21,0.9839999999999236,2017-01-26T20:00:00Z
3,2026-01-22,2017-01-26,True,22,0.724999999999909,2017-01-26T21:00:00Z
3,2026-01-22,2017-01-26,True,23,0.2760000000002947,2017-01-26T22:00:00Z
3,2026-01-23,2017-01-27,True,0,0.29899999999997817,2017-01-26T23:00:00Z
3,2026-01-23,2017-01-27,True,1,0.2909999999997126,2017-01-27T00:00:00Z
3,2026-01-23,2017-01-27,True,2,0.23400000000037835,2017-01-27T01:00:00Z
3,2026-01-23,2017-01-27,True,3,0.22799999999961074,2017-01-27T02:00:00Z
3,2026-01-23,2017-01-27,True,4,0.22200000000020736,2017-01-27T03:00:00Z
3,2026-01-23,2017-01-27,True,5,0.1999999999998181,2017-01-27T04:00:00Z
3,2026-01-23,2017-01-27,True,6,0.3900000000003274,2017-01-27T05:00:00Z
3,2026-01-23,2017-01-27,True,7,0.6509999999998399,2017-01-27T06:00:00Z
3,2026-01-23,2017-01-27,True,8,0.8249999999998181,2017-01-27T07:00:00Z
3,2026-01-23,2017-01-27,True,9,0.4299999999998363,2017-01-27T08:00:00Z
3,2026-01-23,2017-01-27,True,10,0.30999999999994543,2017-01-27T09:00:00Z
3,2026-01-23,2017-01-27,True,11,0.3599999999996726,2017-01-27T10:00:00Z
3,2026-01-23,2017-01-27,True,12,0.3420000000000982,2017-01-27T11:00:00Z
3,2026-01-23,2017-01-27,True,13,0.25000000000045475,2017-01-27T12:00:00Z
3,2026-01-23,2017-01-27,True,14,0.23800000000028376,2017-01-27T13:00:00Z
3,2026-01-23,2017-01-27,True,15,0.3299999999994725,2017-01-27T14:00:00Z
3,2026-01-23,2017-01-27,True,16,0.2139999999999418,2017-01-27T15:00:00Z
3,2026-01-23,2017-01-27,True,17,1.2049999999999272,2017-01-27T16:00:00Z
3,2026-01-23,2017-01-27,True,18,1.025000000000091,2017-01-27T17:00:00Z
3,2026-01-23,2017-01-27,True,19,1.0360000000000582,2017-01-27T18:00:00Z
3,2026-01-23,2017-01-27,True,20,1.6849999999999454,2017-01-27T19:00:00Z
3,2026-01-23,2017-01-27,True,21,0.7699999999999818,2017-01-27T20:00:00Z
3,2026-01-23,2017-01-27,True,22,0.6289999999999054,2017-01-27T21:00:00Z
3,2026-01-23,2017-01-27,True,23,0.5779999999999745,2017-01-27T22:00:00Z
3,2026-01-24,2017-01-28,True,0,0.3369999999999891,2017-01-27T23:00:00Z
3,2026-01-24,2017-01-28,True,1,0.25,2017-01-28T00:00:00Z
3,2026-01-24,2017-01-28,True,2,0.30999999999994543,2017-01-28T01:00:00Z
3,2026-01-24,2017-01-28,True,3,0.26499999999987267,2017-01-28T02:00:00Z
3,2026-01-24,2017-01-28,True,4,0.23500000000012733,2017-01-28T03:00:00Z
3,2026-01-24,2017-01-28,True,5,0.24000000000023647,2017-01-28T04:00:00Z
3,2026-01-24,2017-01-28,True,6,0.21499999999969077,2017-01-28T05:00:00Z
3,2026-01-24,2017-01-28,True,7,0.23500000000012733,2017-01-28T06:00:00Z
3,2026-01-24,2017-01-28,True,8,0.4650000000001455,2017-01-28T07:00:00Z
3,2026-01-24,2017-01-28,True,9,0.781999999999698,2017-01-28T08:00:00Z
3,2026-01-24,2017-01-28,True,10,1.1749999999997272,2017-01-28T09:00:00Z
3,2026-01-24,2017-01-28,True,11,0.978000000000975,2017-01-28T10:00:00Z
3,2026-01-24,2017-01-28,True,12,0.2519999999999527,2017-01-28T11:00:00Z
3,2026-01-24,2017-01-28,True,13,0.2799999999992906,2017-01-28T12:00:00Z
3,2026-01-24,2017-01-28,True,14,0.3680000000003929,2017-01-28T13:00:00Z
3,2026-01-24,2017-01-28,True,15,0.3520000000003165,2017-01-28T14:00:00Z
3,2026-01-24,2017-01-28,True,16,0.3249999999998181,2017-01-28T15:00:00Z
3,2026-01-24,2017-01-28,True,17,0.6700000000000728,2017-01-28T16:00:00Z
3,2026-01-24,2017-01-28,True,18,0.9149999999999636,2017-01-28T17:00:00Z
3,2026-01-24,2017-01-28,True,19,1.3160000000002583,2017-01-28T18:00:00Z
3,2026-01-24,2017-01-28,True,20,0.32999999999992724,2017-01-28T19:00:00Z
3,2026-01-24,2017-01-28,True,21,0.2840000000001055,2017-01-28T20:00:00Z
3,2026-01-24,2017-01-28,True,22,0.34999999999990905,2017-01-28T21:00:00Z
3,2026-01-24,2017-01-28,True,23,0.8389999999999418,2017-01-28T22:00:00Z
3,2026-01-25,2017-01-22,True,0,0.9589999999998327,2017-01-21T23:00:00Z
3,2026-01-25,2017-01-22,True,1,0.4659999999998945,2017-01-22T00:00:00Z
3,2026-01-25,2017-01-22,True,2,0.37900000000036016,2017-01-22T01:00:00Z
3,2026-01-25,2017-01-22,True,3,0.33499999999958163,2017-01-22T02:00:00Z
3,2026-01-25,2017-01-22,True,4,0.3350000000000364,2017-01-22T03:00:00Z
3,2026-01-25,2017-01-22,True,5,0.2810000000004038,2017-01-22T04:00:00Z
3,2026-01-25,2017-01-22,True,6,0.22799999999961074,2017-01-22T05:00:00Z
3,2026-01-25,2017-01-22,True,7,0.25,2017-01-22T06:00:00Z
3,2026-01-25,2017-01-22,True,8,0.24099999999998545,2017-01-22T07:00:00Z
3,2026-01-25,2017-01-22,True,9,1.055000000000291,2017-01-22T08:00:00Z
3,2026-01-25,2017-01-22,True,10,1.1099999999996726,2017-01-22T09:00:00Z
3,2026-01-25,2017-01-22,True,11,1.2250000000003638,2017-01-22T10:00:00Z
3,2026-01-25,2017-01-22,True,12,1.0399999999990541,2017-01-22T11:00:00Z
3,2026-01-25,2017-01-22,True,13,1.3220000000005712,2017-01-22T12:00:00Z
3,2026-01-25,2017-01-22,True,14,0.5900000000001455,2017-01-22T13:00:00Z
3,2026-01-25,2017-01-22,True,15,0.4610000000002401,2017-01-22T14:00:00Z
3,2026-01-25,2017-01-22,True,16,0.5489999999999782,2017-01-22T15:00:00Z
3,2026-01-25,2017-01-22,True,17,0.7649999999998727,2017-01-22T16:00:00Z
3,2026-01-25,2017-01-22,True,18,1.5650000000000546,2017-01-22T17:00:00Z
3,2026-01-25,2017-01-22,True,19,1.125999999999749,2017-01-22T18:00:00Z
3,2026-01-25,2017-01-22,True,20,1.4950000000003456,2017-01-22T19:00:00Z
3,2026-01-25,2017-01-22,True,21,1.6889999999998508,2017-01-22T20:00:00Z
3,2026-01-25,2017-01-22,True,22,1.349999999999909,2017-01-22T21:00:00Z
3,2026-01-25,2017-01-22,True,23,0.6550000000002001,2017-01-22T22:00:00Z
3,2026-01-26,2017-01-23,True,0,0.28399999999965075,2017-01-22T23:00:00Z
3,2026-01-26,2017-01-23,True,1,0.22100000000000364,2017-01-23T00:00:00Z
3,2026-01-26,2017-01-23,True,2,0.27500000000009095,2017-01-23T01:00:00Z
3,2026-01-26,2017-01-23,True,3,0.23500000000012733,2017-01-23T02:00:00Z
3,2026-01-26,2017-01-23,True,4,0.22100000000000364,2017-01-23T03:00:00Z
3,2026-01-26,2017-01-23,True,5,0.23500000000012733,2017-01-23T04:00:00Z
3,2026-01-26,2017-01-23,True,6,0.7789999999999964,2017-01-23T05:00:00Z
3,2026-01-26,2017-01-23,True,7,0.7849999999998545,2017-01-23T06:00:00Z
3,2026-01-26,2017-01-23,True,8,1.0450000000000728,2017-01-23T07:00:00Z
3,2026-01-26,2017-01-23,True,9,0.36999999999989086,2017-01-23T08:00:00Z
3,2026-01-26,2017-01-23,True,10,0.40999999999939973,2017-01-23T09:00:00Z
3,2026-01-26,2017-01-23,True,11,1.7039999999997235,2017-01-23T10:00:00Z
3,2026-01-26,2017-01-23,True,12,1.491000000000895,2017-01-23T11:00:00Z
3,2026-01-26,2017-01-23,True,13,1.1029999999996107,2017-01-23T12:00:00Z
3,2026-01-26,2017-01-23,True,14,0.5029999999997017,2017-01-23T13:00:00Z
3,2026-01-26,2017-01-23,True,15,1.1289999999999054,2017-01-23T14:00:00Z
3,2026-01-26,2017-01-23,True,16,0.5650000000000546,2017-01-23T15:00:00Z
3,2026-01-26,2017-01-23,True,17,0.9010000000002947,2017-01-23T16:00:00Z
3,2026-01-26,2017-01-23,True,18,1.1599999999998545,2017-01-23T17:00:00Z
3,2026-01-26,2017-01-23,True,19,1.219000000000051,2017-01-23T18:00:00Z
3,2026-01-26,2017-01-23,True,20,1.0160000000000764,2017-01-23T19:00:00Z
3,2026-01-26,2017-01-23,True,21,1.0639999999998508,2017-01-23T20:00:00Z
3,2026-01-26,2017-01-23,True,22,0.8560000000002219,2017-01-23T21:00:00Z
3,2026-01-26,2017-01-23,True,23,0.3449999999997999,2017-01-23T22:00:00Z
3,2026-01-27,2017-01-24,True,0,0.24000000000023647,2017-01-23T23:00:00Z
3,2026-01-27,2017-01-24,True,1,0.21899999999959618,2017-01-24T00:00:00Z
3,2026-01-27,2017-01-24,True,2,0.2760000000002947,2017-01-24T01:00:00Z
3,2026-01-27,2017-01-24,True,3,0.24499999999989086,2017-01-24T02:00:00Z
3,2026-01-27,2017-01-24,True,4,0.2139999999999418,2017-01-24T03:00:00Z
3,2026-01-27,2017-01-24,True,5,0.30600000000004,2017-01-24T04:00:00Z
3,2026-01-27,2017-01-24,True,6,0.45400000000017826,2017-01-24T05:00:00Z
3,2026-01-27,2017-01-24,True,7,0.37099999999963984,2017-01-24T06:00:00Z
3,2026-01-27,2017-01-24,True,8,0.7190000000000509,2017-01-24T07:00:00Z
3,2026-01-27,2017-01-24,True,9,0.3710000000000946,2017-01-24T08:00:00Z
3,2026-01-27,2017-01-24,True,10,0.29399999999986903,2017-01-24T09:00:00Z
3,2026-01-27,2017-01-24,True,11,0.38100000000031287,2017-01-24T10:00:00Z
3,2026-01-27,2017-01-24,True,12,0.5239999999998872,2017-01-24T11:00:00Z
3,2026-01-27,2017-01-24,True,13,1.3859999999999673,2017-01-24T12:00:00Z
3,2026-01-27,2017-01-24,True,14,0.45400000000017826,2017-01-24T13:00:00Z
3,2026-01-27,2017-01-24,True,15,0.5259999999998399,2017-01-24T14:00:00Z
3,2026-01-27,2017-01-24,True,16,0.6289999999999054,2017-01-24T15:00:00Z
3,2026-01-27,2017-01-24,True,17,1.5750000000002728,2017-01-24T16:00:00Z
3,2026-01-27,2017-01-24,True,18,0.8959999999997308,2017-01-24T17:00:00Z
3,2026-01-27,2017-01-24,True,19,1.374000000000251,2017-01-24T18:00:00Z
3,2026-01-27,2017-01-24,True,20,0.8009999999999309,2017-01-24T19:00:00Z
3,2026-01-27,2017-01-24,True,21,1.074999999999818,2017-01-24T20:00:00Z
3,2026-01-27,2017-01-24,True,22,0.793999999999869,2017-01-24T21:00:00Z
3,2026-01-27,2017-01-24,True,23,0.3200000000001637,2017-01-24T22:00:00Z
3,2026-01-28,2017-01-25,True,0,0.15999999999985448,2017-01-24T23:00:00Z
3,2026-01-28,2017-01-25,True,1,0.1950000000001637,2017-01-25T00:00:00Z
3,2026-01-28,2017-01-25,True,2,0.20100000000002183,2017-01-25T01:00:00Z
3,2026-01-28,2017-01-25,True,3,0.1790000000000873,2017-01-25T02:00:00Z
3,2026-01-28,2017-01-25,True,4,0.1799999999998363,2017-01-25T03:00:00Z
3,2026-01-28,2017-01-25,True,5,0.16000000000030923,2017-01-25T04:00:00Z
3,2026-01-28,2017-01-25,True,6,0.375,2017-01-25T05:00:00Z
3,2026-01-28,2017-01-25,True,7,0.6149999999997817,2017-01-25T06:00:00Z
3,2026-01-28,2017-01-25,True,8,0.44000000000005457,2017-01-25T07:00:00Z
3,2026-01-28,2017-01-25,True,9,0.5199999999999818,2017-01-25T08:00:00Z
3,2026-01-28,2017-01-25,True,10,0.6489999999998872,2017-01-25T09:00:00Z
3,2026-01-28,2017-01-25,True,11,0.48500000000012733,2017-01-25T10:00:00Z
3,2026-01-28,2017-01-25,True,12,0.5500000000001819,2017-01-25T11:00:00Z
3,2026-01-28,2017-01-25,True,13,0.795999999999367,2017-01-25T12:00:00Z
3,2026-01-28,2017-01-25,True,14,0.7989999999999782,2017-01-25T13:00:00Z
3,2026-01-28,2017-01-25,True,15,0.34900000000016007,2017-01-25T14:00:00Z
3,2026-01-28,2017-01-25,True,16,0.38599999999996726,2017-01-25T15:00:00Z
3,2026-01-28,2017-01-25,True,17,0.7210000000000036,2017-01-25T16:00:00Z
3,2026-01-28,2017-01-25,True,18,1.1440000000002328,2017-01-25T17:00:00Z
3,2026-01-28,2017-01-25,True,19,1.0499999999997272,2017-01-25T18:00:00Z
3,2026-01-28,2017-01-25,True,20,1.9600000000000364,2017-01-25T19:00:00Z
3,2026-01-28,2017-01-25,True,21,1.0399999999999636,2017-01-25T20:00:00Z
3,2026-01-28,2017-01-25,True,22,0.8960000000001855,2017-01-25T21:00:00Z
3,2026-01-28,2017-01-25,True,23,0.8640000000000327,2017-01-25T22:00:00Z
3,2026-01-29,2017-01-29,False,0,0.43699999999989814,2017-01-28T23:00:00Z
3,2026-01-29,2017-01-29,False,1,0.3890000000001237,2017-01-29T00:00:00Z
3,2026-01-29,2017-01-29,False,2,0.3510000000001128,2017-01-29T01:00:00Z
3,2026-01-29,2017-01-29,False,3,0.3589999999999236,2017-01-29T02:00:00Z
3,2026-01-29,2017-01-29,False,4,0.3400000000001455,2017-01-29T03:00:00Z
3,2026-01-29,2017-01-29,False,5,0.25999999999976353,2017-01-29T04:00:00Z
3,2026-01-29,2017-01-29,False,6,0.25,2017-01-29T05:00:00Z
3,2026-01-29,2017-01-29,False,7,0.2600000000002183,2017-01-29T06:00:00Z
3,2026-01-29,2017-01-29,False,8,0.5509999999999309,2017-01-29T07:00:00Z
3,2026-01-29,2017-01-29,False,9,0.6379999999994652,2017-01-29T08:00:00Z
3,2026-01-29,2017-01-29,False,10,0.7989999999999782,2017-01-29T09:00:00Z
3,2026-01-29,2017-01-29,False,11,0.8399999999996908,2017-01-29T10:00:00Z
3,2026-01-29,2017-01-29,False,12,0.3760000000002037,2017-01-29T11:00:00Z
3,2026-01-29,2017-01-29,False,13,0.23500000000012733,2017-01-29T12:00:00Z
3,2026-01-29,2017-01-29,False,14,0.2699999999999818,2017-01-29T13:00:00Z
3,2026-01-29,2017-01-29,False,15,1.2160000000003492,2017-01-29T14:00:00Z
3,2026-01-29,2017-01-29,False,16,1.0249999999996362,2017-01-29T15:00:00Z
3,2026-01-29,2017-01-29,False,17,0.7299999999995634,2017-01-29T16:00:00Z
3,2026-01-29,2017-01-29,False,18,1.2910000000001673,2017-01-29T17:00:00Z
3,2026-01-29,2017-01-29,False,19,0.9740000000001601,2017-01-29T18:00:00Z
3,2026-01-29,2017-01-29,False,20,1.02599999999984,2017-01-29T19:00:00Z
3,2026-01-29,2017-01-29,False,21,0.7190000000000509,2017-01-29T20:00:00Z
3,2026-01-29,2017-01-29,False,22,0.8449999999997999,2017-01-29T21:00:00Z
3,2026-01-29,2017-01-29,False,23,0.9460000000003674,2017-01-29T22:00:00Z
3,2026-01-30,2017-01-30,False,0,0.6089999999999236,2017-01-29T23:00:00Z
3,2026-01-30,2017-01-30,False,1,0.45100000000002183,2017-01-30T00:00:00Z
3,2026-01-30,2017-01-30,False,2,0.44399999999996,2017-01-30T01:00:00Z
3,2026-01-30,2017-01-30,False,3,0.4299999999998363,2017-01-30T02:00:00Z
3,2026-01-30,2017-01-30,False,4,0.43499999999994543,2017-01-30T03:00:00Z
3,2026-01-30,2017-01-30,False,5,0.21500000000014552,2017-01-30T04:00:00Z
3,2026-01-30,2017-01-30,False,6,0.7210000000000036,2017-01-30T05:00:00Z
3,2026-01-30,2017-01-30,False,7,0.5540000000000873,2017-01-30T06:00:00Z
3,2026-01-30,2017-01-30,False,8,0.15999999999985448,2017-01-30T07:00:00Z
3,2026-01-30,2017-01-30,False,9,0.16300000000001091,2017-01-30T08:00:00Z
3,2026-01-30,2017-01-30,False,10,0.2070000000003347,2017-01-30T09:00:00Z
3,2026-01-30,2017-01-30,False,11,0.25600000000031287,2017-01-30T10:00:00Z
3,2026-01-30,2017-01-30,False,12,0.6089999999994689,2017-01-30T11:00:00Z
3,2026-01-30,2017-01-30,False,13,1.568000000000211,2017-01-30T12:00:00Z
3,2026-01-30,2017-01-30,False,14,0.906999999999698,2017-01-30T13:00:00Z
3,2026-01-30,2017-01-30,False,15,1.15099999999984,2017-01-30T14:00:00Z
3,2026-01-30,2017-01-30,False,16,0.2770000000004984,2017-01-30T15:00:00Z
3,2026-01-30,2017-01-30,False,17,0.7210000000000036,2017-01-30T16:00:00Z
3,2026-01-30,2017-01-30,False,18,0.9699999999997999,2017-01-30T17:00:00Z
3,2026-01-30,2017-01-30,False,19,2.65099999999984,2017-01-30T18:00:00Z
3,2026-01-30,2017-01-30,False,20,2.07300000000032,2017-01-30T19:00:00Z
3,2026-01-30,2017-01-30,False,21,1.40099999999984,2017-01-30T20:00:00Z
3,2026-01-30,2017-01-30,False,22,0.8589999999999236,2017-01-30T21:00:00Z
3,2026-01-30,2017-01-30,False,23,0.6750000000001819,2017-01-30T22:00:00Z
3,2026-01-31,2017-01-31,False,0,0.35399999999981446,2017-01-30T23:00:00Z
3,2026-01-31,2017-01-31,False,1,0.23100000000022192,2017-01-31T00:00:00Z
3,2026-01-31,2017-01-31,False,2,0.2689999999997781,2017-01-31T01:00:00Z
3,2026-01-31,2017-01-31,False,3,0.25600000000031287,2017-01-31T02:00:00Z
3,2026-01-31,2017-01-31,False,4,0.2199999999997999,2017-01-31T03:00:00Z
3,2026-01-31,2017-01-31,False,5,0.23999999999978172,2017-01-31T04:00:00Z
3,2026-01-31,2017-01-31,False,6,0.47100000000000364,2017-01-31T05:00:00Z
3,2026-01-31,2017-01-31,False,7,0.5390000000002146,2017-01-31T06:00:00Z
3,2026-01-31,2017-01-31,False,8,0.599999999999909,2017-01-31T07:00:00Z
3,2026-01-31,2017-01-31,False,9,0.6430000000000291,2017-01-31T08:00:00Z
3,2026-01-31,2017-01-31,False,10,0.58199999999988,2017-01-31T09:00:00Z
3,2026-01-31,2017-01-31,False,11,0.48500000000012733,2017-01-31T10:00:00Z
3,2026-01-31,2017-01-31,False,12,0.7650000000003274,2017-01-31T11:00:00Z
3,2026-01-31,2017-01-31,False,13,0.600999999999658,2017-01-31T12:00:00Z
3,2026-01-31,2017-01-31,False,14,0.6449999999999818,2017-01-31T13:00:00Z
3,2026-01-31,2017-01-31,False,15,0.47499999999990905,2017-01-31T14:00:00Z
3,2026-01-31,2017-01-31,False,16,0.6400000000003274,2017-01-31T15:00:00Z
3,2026-01-31,2017-01-31,False,17,0.625,2017-01-31T16:00:00Z
3,2026-01-31,2017-01-31,False,18,1.0199999999999818,2017-01-31T17:00:00Z
3,2026-01-31,2017-01-31,False,19,1.819999999999709,2017-01-31T18:00:00Z
3,2026-01-31,2017-01-31,False,20,0.9260000000003856,2017-01-31T19:00:00Z
3,2026-01-31,2017-01-31,False,21,1.2189999999995962,2017-01-31T20:00:00Z
3,2026-01-31,2017-01-31,False,22,1.1310000000003129,2017-01-31T21:00:00Z
3,2026-01-31,2017-01-31,False,23,0.5929999999998472,2017-01-31T22:00:00Z
3,2026-04-01,2016-04-06,True,0,0.20100000000002183,2016-04-05T22:00:00Z
3,2026-04-01,2016-04-06,True,1,0.10899999999998045,2016-04-05T23:00:00Z
3,2026-04-01,2016-04-06,True,2,0.2599999999999909,2016-04-06T00:00:00Z
3,2026-04-01,2016-04-06,True,3,0.18700000000001182,2016-04-06T01:00:00Z
3,2026-04-01,2016-04-06,True,4,0.45100000000002183,2016-04-06T02:00:00Z
3,2026-04-01,2016-04-06,True,5,0.757000000000005,2016-04-06T03:00:00Z
3,2026-04-01,2016-04-06,True,6,0.6199999999999477,2016-04-06T04:00:00Z
3,2026-04-01,2016-04-06,True,7,0.5550000000000068,2016-04-06T05:00:00Z
3,2026-04-01,2016-04-06,True,8,0.22000000000002728,2016-04-06T06:00:00Z
3,2026-04-01,2016-04-06,True,9,0.3280000000000314,2016-04-06T07:00:00Z
3,2026-04-01,2016-04-06,True,10,0.31900000000007367,2016-04-06T08:00:00Z
3,2026-04-01,2016-04-06,True,11,1.2899999999999068,2016-04-06T09:00:00Z
3,2026-04-01,2016-04-06,True,12,0.98599999999999,2016-04-06T10:00:00Z
3,2026-04-01,2016-04-06,True,13,0.7350000000000136,2016-04-06T11:00:00Z
3,2026-04-01,2016-04-06,True,14,0.5550000000000068,2016-04-06T12:00:00Z
3,2026-04-01,2016-04-06,True,15,0.61099999999999,2016-04-06T13:00:00Z
3,2026-04-01,2016-04-06,True,16,0.40999999999996817,2016-04-06T14:00:00Z
3,2026-04-01,2016-04-06,True,17,0.6370000000000573,2016-04-06T15:00:00Z
3,2026-04-01,2016-04-06,True,18,0.5240000000000009,2016-04-06T16:00:00Z
3,2026-04-01,2016-04-06,True,19,0.59699999999998,2016-04-06T17:00:00Z
3,2026-04-01,2016-04-06,True,20,0.9180000000000064,2016-04-06T18:00:00Z
3,2026-04-01,2016-04-06,True,21,0.7239999999999895,2016-04-06T19:00:00Z
3,2026-04-01,2016-04-06,True,22,0.7130000000000223,2016-04-06T20:00:00Z
3,2026-04-01,2016-04-06,True,23,1.1019999999999754,2016-04-06T21:00:00Z
3,2026-04-02,2016-04-07,True,0,0.8280000000000314,2016-04-06T22:00:00Z
3,2026-04-02,2016-04-07,True,1,0.507000000000005,2016-04-06T23:00:00Z
3,2026-04-02,2016-04-07,True,2,0.4130000000000109,2016-04-07T00:00:00Z
3,2026-04-02,2016-04-07,True,3,0.2909999999999968,2016-04-07T01:00:00Z
3,2026-04-02,2016-04-07,True,4,0.19199999999995043,2016-04-07T02:00:00Z
3,2026-04-02,2016-04-07,True,5,0.25900000000001455,2016-04-07T03:00:00Z
3,2026-04-02,2016-04-07,True,6,0.3860000000000241,2016-04-07T04:00:00Z
3,2026-04-02,2016-04-07,True,7,0.5419999999999732,2016-04-07T05:00:00Z
3,2026-04-02,2016-04-07,True,8,0.2980000000000018,2016-04-07T06:00:00Z
3,2026-04-02,2016-04-07,True,9,0.41100000000000136,2016-04-07T07:00:00Z
3,2026-04-02,2016-04-07,True,10,0.3690000000000282,2016-04-07T08:00:00Z
3,2026-04-02,2016-04-07,True,11,0.48699999999996635,2016-04-07T09:00:00Z
3,2026-04-02,2016-04-07,True,12,0.49900000000002365,2016-04-07T10:00:00Z
3,2026-04-02,2016-04-07,True,13,0.49999999999994316,2016-04-07T11:00:00Z
3,2026-04-02,2016-04-07,True,14,0.48900000000003274,2016-04-07T12:00:00Z
3,2026-04-02,2016-04-07,True,15,0.58299999999997,2016-04-07T13:00:00Z
3,2026-04-02,2016-04-07,True,16,0.8890000000000668,2016-04-07T14:00:00Z
3,2026-04-02,2016-04-07,True,17,1.0469999999999686,2016-04-07T15:00:00Z
3,2026-04-02,2016-04-07,True,18,0.5649999999999977,2016-04-07T16:00:00Z
3,2026-04-02,2016-04-07,True,19,0.7750000000000341,2016-04-07T17:00:00Z
3,2026-04-02,2016-04-07,True,20,1.2299999999999613,2016-04-07T18:00:00Z
3,2026-04-02,2016-04-07,True,21,1.211999999999989,2016-04-07T19:00:00Z
3,2026-04-02,2016-04-07,True,22,1.4610000000000127,2016-04-07T20:00:00Z
3,2026-04-02,2016-04-07,True,23,0.7300000000000182,2016-04-07T21:00:00Z
3,2026-04-03,2016-04-01,True,0,0.5919999999999845,2016-03-31T22:00:00Z
3,2026-04-03,2016-04-01,True,1,0.51400000000001,2016-03-31T23:00:00Z
3,2026-04-03,2016-04-01,True,2,1.1569999999999823,2016-04-01T00:00:00Z
3,2026-04-03,2016-04-01,True,3,0.5450000000000159,2016-04-01T01:00:00Z
3,2026-04-03,2016-04-01,True,4,0.2699999999999818,2016-04-01T02:00:00Z
3,2026-04-03,2016-04-01,True,5,0.19100000000003092,2016-04-01T03:00:00Z
3,2026-04-03,2016-04-01,True,6,0.23799999999999955,2016-04-01T04:00:00Z
3,2026-04-03,2016-04-01,True,7,0.47800000000000864,2016-04-01T05:00:00Z
3,2026-04-03,2016-04-01,True,8,0.7939999999999827,2016-04-01T06:00:00Z
3,2026-04-03,2016-04-01,True,9,1.381000000000057,2016-04-01T07:00:00Z
3,2026-04-03,2016-04-01,True,10,1.247999999999962,2016-04-01T08:00:00Z
3,2026-04-03,2016-04-01,True,11,0.8050000000000068,2016-04-01T09:00:00Z
3,2026-04-03,2016-04-01,True,12,0.7090000000000032,2016-04-01T10:00:00Z
3,2026-04-03,2016-04-01,True,13,1.3509999999999707,2016-04-01T11:00:00Z
3,2026-04-03,2016-04-01,True,14,0.634000000000043,2016-04-01T12:00:00Z
3,2026-04-03,2016-04-01,True,15,1.195999999999998,2016-04-01T13:00:00Z
3,2026-04-03,2016-04-01,True,16,0.8089999999999975,2016-04-01T14:00:00Z
3,2026-04-03,2016-04-01,True,17,0.6269999999999527,2016-04-01T15:00:00Z
3,2026-04-03,2016-04-01,True,18,0.9190000000000396,2016-04-01T16:00:00Z
3,2026-04-03,2016-04-01,True,19,1.5849999999999795,2016-04-01T17:00:00Z
3,2026-04-03,2016-04-01,True,20,1.524000000000001,2016-04-01T18:00:00Z
3,2026-04-03,2016-04-01,True,21,1.2379999999999995,2016-04-01T19:00:00Z
3,2026-04-03,2016-04-01,True,22,1.274000000000001,2016-04-01T20:00:00Z
3,2026-04-03,2016-04-01,True,23,0.8230000000000359,2016-04-01T21:00:00Z
3,2026-04-04,2016-04-02,True,0,0.6119999999999663,2016-04-01T22:00:00Z
3,2026-04-04,2016-04-02,True,1,0.22100000000000364,2016-04-01T23:00:00Z
3,2026-04-04,2016-04-02,True,2,0.26900000000000546,2016-04-02T00:00:00Z
3,2026-04-04,2016-04-02,True,3,0.22100000000000364,2016-04-02T01:00:00Z
3,2026-04-04,2016-04-02,True,4,0.25799999999998136,2016-04-02T02:00:00Z
3,2026-04-04,2016-04-02,True,5,0.2230000000000132,2016-04-02T03:00:00Z
3,2026-04-04,2016-04-02,True,6,0.25,2016-04-02T04:00:00Z
3,2026-04-04,2016-04-02,True,7,0.24099999999998545,2016-04-02T05:00:00Z
3,2026-04-04,2016-04-02,True,8,0.4140000000000441,2016-04-02T06:00:00Z
3,2026-04-04,2016-04-02,True,9,0.5889999999999702,2016-04-02T07:00:00Z
3,2026-04-04,2016-04-02,True,10,0.5049999999999955,2016-04-02T08:00:00Z
3,2026-04-04,2016-04-02,True,11,0.43899999999999295,2016-04-02T09:00:00Z
3,2026-04-04,2016-04-02,True,12,0.4200000000000159,2016-04-02T10:00:00Z
3,2026-04-04,2016-04-02,True,13,1.63900000000001,2016-04-02T11:00:00Z
3,2026-04-04,2016-04-02,True,14,0.7409999999999854,2016-04-02T12:00:00Z
3,2026-04-04,2016-04-02,True,15,1.3270000000000266,2016-04-02T13:00:00Z
3,2026-04-04,2016-04-02,True,16,1.8839999999999577,2016-04-02T14:00:00Z
3,2026-04-04,2016-04-02,True,17,0.6970000000000312,2016-04-02T15:00:00Z
3,2026-04-04,2016-04-02,True,18,0.34699999999998,2016-04-02T16:00:00Z
3,2026-04-04,2016-04-02,True,19,0.5859999999999559,2016-04-02T17:00:00Z
3,2026-04-04,2016-04-02,True,20,1.3340000000000032,2016-04-02T18:00:00Z
3,2026-04-04,2016-04-02,True,21,1.0860000000000127,2016-04-02T19:00:00Z
3,2026-04-04,2016-04-02,True,22,1.0620000000000118,2016-04-02T20:00:00Z
3,2026-04-04,2016-04-02,True,23,0.8050000000000068,2016-04-02T21:00:00Z
3,2026-04-05,2016-04-03,True,0,0.7300000000000182,2016-04-02T22:00:00Z
3,2026-04-05,2016-04-03,True,1,0.5499999999999545,2016-04-02T23:00:00Z
3,2026-04-05,2016-04-03,True,2,0.6200000000000045,2016-04-03T00:00:00Z
3,2026-04-05,2016-04-03,True,3,0.5880000000000223,2016-04-03T01:00:00Z
3,2026-04-05,2016-04-03,True,4,0.5609999999999786,2016-04-03T02:00:00Z
3,2026-04-05,2016-04-03,True,5,0.4340000000000259,2016-04-03T03:00:00Z
3,2026-04-05,2016-04-03,True,6,0.28199999999998226,2016-04-03T04:00:00Z
3,2026-04-05,2016-04-03,True,7,0.28899999999998727,2016-04-03T05:00:00Z
3,2026-04-05,2016-04-03,True,8,0.5260000000000673,2016-04-03T06:00:00Z
3,2026-04-05,2016-04-03,True,9,0.5430000000000348,2016-04-03T07:00:00Z
3,2026-04-05,2016-04-03,True,10,0.4399999999999409,2016-04-03T08:00:00Z
3,2026-04-05,2016-04-03,True,11,1.1690000000000396,2016-04-03T09:00:00Z
3,2026-04-05,2016-04-03,True,12,0.8479999999999563,2016-04-03T10:00:00Z
3,2026-04-05,2016-04-03,True,13,1.181999999999988,2016-04-03T11:00:00Z
3,2026-04-05,2016-04-03,True,14,1.3269999999999982,2016-04-03T12:00:00Z
3,2026-04-05,2016-04-03,True,15,0.6810000000000116,2016-04-03T13:00:00Z
3,2026-04-05,2016-04-03,True,16,0.5409999999999968,2016-04-03T14:00:00Z
3,2026-04-05,2016-04-03,True,17,0.4110000000000298,2016-04-03T15:00:00Z
3,2026-04-05,2016-04-03,True,18,0.5409999999999684,2016-04-03T16:00:00Z
3,2026-04-05,2016-04-03,True,19,0.950999999999965,2016-04-03T17:00:00Z
3,2026-04-05,2016-04-03,True,20,1.117999999999995,2016-04-03T18:00:00Z
3,2026-04-05,2016-04-03,True,21,1.4120000000000346,2016-04-03T19:00:00Z
3,2026-04-05,2016-04-03,True,22,0.9599999999999795,2016-04-03T20:00:00Z
3,2026-04-05,2016-04-03,True,23,0.7769999999999868,2016-04-03T21:00:00Z
3,2026-04-06,2016-04-04,True,0,0.4000000000000341,2016-04-03T22:00:00Z
3,2026-04-06,2016-04-04,True,1,0.39999999999997726,2016-04-03T23:00:00Z
3,2026-04-06,2016-04-04,True,2,0.33300000000002683,2016-04-04T00:00:00Z
3,2026-04-06,2016-04-04,True,3,0.14999999999997726,2016-04-04T01:00:00Z
3,2026-04-06,2016-04-04,True,4,0.15300000000002,2016-04-04T02:00:00Z
3,2026-04-06,2016-04-04,True,5,0.19700000000000273,2016-04-04T03:00:00Z
3,2026-04-06,2016-04-04,True,6,0.58299999999997,2016-04-04T04:00:00Z
3,2026-04-06,2016-04-04,True,7,0.3580000000000041,2016-04-04T05:00:00Z
3,2026-04-06,2016-04-04,True,8,0.2090000000000316,2016-04-04T06:00:00Z
3,2026-04-06,2016-04-04,True,9,0.4560000000000173,2016-04-04T07:00:00Z
3,2026-04-06,2016-04-04,True,10,0.3240000000000407,2016-04-04T08:00:00Z
3,2026-04-06,2016-04-04,True,11,0.5629999999999598,2016-04-04T09:00:00Z
3,2026-04-06,2016-04-04,True,12,0.9269999999999925,2016-04-04T10:00:00Z
3,2026-04-06,2016-04-04,True,13,0.35200000000000387,2016-04-04T11:00:00Z
3,2026-04-06,2016-04-04,True,14,0.2609999999999957,2016-04-04T12:00:00Z
3,2026-04-06,2016-04-04,True,15,0.3569999999999993,2016-04-04T13:00:00Z
3,2026-04-06,2016-04-04,True,16,0.35899999999998045,2016-04-04T14:00:00Z
3,2026-04-06,2016-04-04,True,17,0.3369999999999891,2016-04-04T15:00:00Z
3,2026-04-06,2016-04-04,True,18,0.9560000000000457,2016-04-04T16:00:00Z
3,2026-04-06,2016-04-04,True,19,0.728999999999985,2016-04-04T17:00:00Z
3,2026-04-06,2016-04-04,True,20,1.0570000000000164,2016-04-04T18:00:00Z
3,2026-04-06,2016-04-04,True,21,0.9830000000000041,2016-04-04T19:00:00Z
3,2026-04-06,2016-04-04,True,22,0.7949999999999591,2016-04-04T20:00:00Z
3,2026-04-06,2016-04-04,True,23,0.6370000000000005,2016-04-04T21:00:00Z
3,2026-04-07,2016-04-05,True,0,0.5660000000000309,2016-04-04T22:00:00Z
3,2026-04-07,2016-04-05,True,1,0.27199999999999136,2016-04-04T23:00:00Z
3,2026-04-07,2016-04-05,True,2,0.19999999999998863,2016-04-05T00:00:00Z
3,2026-04-07,2016-04-05,True,3,0.20100000000002183,2016-04-05T01:00:00Z
3,2026-04-07,2016-04-05,True,4,0.19900000000001228,2016-04-05T02:00:00Z
3,2026-04-07,2016-04-05,True,5,0.20999999999997954,2016-04-05T03:00:00Z
3,2026-04-07,2016-04-05,True,6,0.367999999999995,2016-04-05T04:00:00Z
3,2026-04-07,2016-04-05,True,7,0.5310000000000059,2016-04-05T05:00:00Z
3,2026-04-07,2016-04-05,True,8,0.44599999999999795,2016-04-05T06:00:00Z
3,2026-04-07,2016-04-05,True,9,0.4339999999999975,2016-04-05T07:00:00Z
3,2026-04-07,2016-04-05,True,10,0.4819999999999993,2016-04-05T08:00:00Z
3,2026-04-07,2016-04-05,True,11,0.35599999999999454,2016-04-05T09:00:00Z
3,2026-04-07,2016-04-05,True,12,0.3120000000000118,2016-04-05T10:00:00Z
3,2026-04-07,2016-04-05,True,13,0.27800000000002,2016-04-05T11:00:00Z
3,2026-04-07,2016-04-05,True,14,0.3639999999999759,2016-04-05T12:00:00Z
3,2026-04-07,2016-04-05,True,15,0.36599999999998545,2016-04-05T13:00:00Z
3,2026-04-07,2016-04-05,True,16,0.4200000000000159,2016-04-05T14:00:00Z
3,2026-04-07,2016-04-05,True,17,0.42799999999994043,2016-04-05T15:00:00Z
3,2026-04-07,2016-04-05,True,18,1.8050000000000637,2016-04-05T16:00:00Z
3,2026-04-07,2016-04-05,True,19,0.9909999999999286,2016-04-05T17:00:00Z
3,2026-04-07,2016-04-05,True,20,1.6960000000000264,2016-04-05T18:00:00Z
3,2026-04-07,2016-04-05,True,21,1.865000000000009,2016-04-05T19:00:00Z
3,2026-04-07,2016-04-05,True,22,1.0289999999999964,2016-04-05T20:00:00Z
3,2026-04-07,2016-04-05,True,23,0.228999999999985,2016-04-05T21:00:00Z
3,2026-04-08,2016-04-13,True,0,0.6770000000000209,2016-04-12T22:00:00Z
3,2026-04-08,2016-04-13,True,1,0.32499999999998863,2016-04-12T23:00:00Z
3,2026-04-08,2016-04-13,True,2,0.2400000000000091,2016-04-13T00:00:00Z
3,2026-04-08,2016-04-13,True,3,0.2799999999999727,2016-04-13T01:00:00Z
3,2026-04-08,2016-04-13,True,4,0.21100000000001273,2016-04-13T02:00:00Z
3,2026-04-08,2016-04-13,True,5,0.27899999999999636,2016-04-13T03:00:00Z
3,2026-04-08,2016-04-13,True,6,0.5349999999999682,2016-04-13T04:00:00Z
3,2026-04-08,2016-04-13,True,7,0.49799999999999045,2016-04-13T05:00:00Z
3,2026-04-08,2016-04-13,True,8,0.42300000000005866,2016-04-13T06:00:00Z
3,2026-04-08,2016-04-13,True,9,0.6200000000000045,2016-04-13T07:00:00Z
3,2026-04-08,2016-04-13,True,10,0.4399999999999977,2016-04-13T08:00:00Z
3,2026-04-08,2016-04-13,True,11,0.37400000000002365,2016-04-13T09:00:00Z
3,2026-04-08,2016-04-13,True,12,0.49799999999999045,2016-04-13T10:00:00Z
3,2026-04-08,2016-04-13,True,13,0.6109999999998763,2016-04-13T11:00:00Z
3,2026-04-08,2016-04-13,True,14,0.6899999999999977,2016-04-13T12:00:00Z
3,2026-04-08,2016-04-13,True,15,0.8630000000000564,2016-04-13T13:00:00Z
3,2026-04-08,2016-04-13,True,16,0.6410000000000196,2016-04-13T14:00:00Z
3,2026-04-08,2016-04-13,True,17,0.5230000000000246,2016-04-13T15:00:00Z
3,2026-04-08,2016-04-13,True,18,0.5939999999999372,2016-04-13T16:00:00Z
3,2026-04-08,2016-04-13,True,19,0.6210000000000377,2016-04-13T17:00:00Z
3,2026-04-08,2016-04-13,True,20,0.8309999999999604,2016-04-13T18:00:00Z
3,2026-04-08,2016-04-13,True,21,1.2180000000000177,2016-04-13T19:00:00Z
3,2026-04-08,2016-04-13,True,22,1.1820000000000164,2016-04-13T20:00:00Z
3,2026-04-08,2016-04-13,True,23,1.0570000000000164,2016-04-13T21:00:00Z
3,2026-04-09,2016-04-14,True,0,1.8389999999999986,2016-04-13T22:00:00Z
3,2026-04-09,2016-04-14,True,1,0.3930000000000291,2016-04-13T23:00:00Z
3,2026-04-09,2016-04-14,True,2,0.27899999999999636,2016-04-14T00:00:00Z
3,2026-04-09,2016-04-14,True,3,0.28899999999998727,2016-04-14T01:00:00Z
3,2026-04-09,2016-04-14,True,4,0.2419999999999618,2016-04-14T02:00:00Z
3,2026-04-09,2016-04-14,True,5,0.3089999999999691,2016-04-14T03:00:00Z
3,2026-04-09,2016-04-14,True,6,0.4339999999999691,2016-04-14T04:00:00Z
3,2026-04-09,2016-04-14,True,7,0.6040000000000418,2016-04-14T05:00:00Z
3,2026-04-09,2016-04-14,True,8,0.4739999999999327,2016-04-14T06:00:00Z
3,2026-04-09,2016-04-14,True,9,0.4590000000000032,2016-04-14T07:00:00Z
3,2026-04-09,2016-04-14,True,10,0.6810000000000969,2016-04-14T08:00:00Z
3,2026-04-09,2016-04-14,True,11,1.1970000000000596,2016-04-14T09:00:00Z
3,2026-04-09,2016-04-14,True,12,0.8209999999999695,2016-04-14T10:00:00Z
3,2026-04-09,2016-04-14,True,13,0.3389999999999418,2016-04-14T11:00:00Z
3,2026-04-09,2016-04-14,True,14,0.785000000000025,2016-04-14T12:00:00Z
3,2026-04-09,2016-04-14,True,15,0.26400000000001,2016-04-14T13:00:00Z
3,2026-04-09,2016-04-14,True,16,0.2569999999998913,2016-04-14T14:00:00Z
3,2026-04-09,2016-04-14,True,17,0.28400000000004866,2016-04-14T15:00:00Z
3,2026-04-09,2016-04-14,True,18,0.49500000000000455,2016-04-14T16:00:00Z
3,2026-04-09,2016-04-14,True,19,1.3450000000000273,2016-04-14T17:00:00Z
3,2026-04-09,2016-04-14,True,20,1.9769999999999754,2016-04-14T18:00:00Z
3,2026-04-09,2016-04-14,True,21,0.8300000000000409,2016-04-14T19:00:00Z
3,2026-04-09,2016-04-14,True,22,0.7279999999999518,2016-04-14T20:00:00Z
3,2026-04-09,2016-04-14,True,23,0.6730000000000018,2016-04-14T21:00:00Z
3,2026-04-10,2016-04-08,True,0,0.6440000000000055,2016-04-07T22:00:00Z
3,2026-04-10,2016-04-08,True,1,1.233000000000004,2016-04-07T23:00:00Z
3,2026-04-10,2016-04-08,True,2,0.339999999999975,2016-04-08T00:00:00Z
3,2026-04-10,2016-04-08,True,3,0.3709999999999809,2016-04-08T01:00:00Z
3,2026-04-10,2016-04-08,True,4,0.21800000000001774,2016-04-08T02:00:00Z
3,2026-04-10,2016-04-08,True,5,0.271000000000015,2016-04-08T03:00:00Z
3,2026-04-10,2016-04-08,True,6,0.48099999999999454,2016-04-08T04:00:00Z
3,2026-04-10,2016-04-08,True,7,1.8029999999999973,2016-04-08T05:00:00Z
3,2026-04-10,2016-04-08,True,8,1.113999999999976,2016-04-08T06:00:00Z
3,2026-04-10,2016-04-08,True,9,0.7550000000000523,2016-04-08T07:00:00Z
3,2026-04-10,2016-04-08,True,10,0.6440000000000055,2016-04-08T08:00:00Z
3,2026-04-10,2016-04-08,True,11,0.4689999999999941,2016-04-08T09:00:00Z
3,2026-04-10,2016-04-08,True,12,0.41299999999995407,2016-04-08T10:00:00Z
3,2026-04-10,2016-04-08,True,13,2.356999999999971,2016-04-08T11:00:00Z
3,2026-04-10,2016-04-08,True,14,2.016999999999996,2016-04-08T12:00:00Z
3,2026-04-10,2016-04-08,True,15,1.6800000000000637,2016-04-08T13:00:00Z
3,2026-04-10,2016-04-08,True,16,0.5329999999999586,2016-04-08T14:00:00Z
3,2026-04-10,2016-04-08,True,17,0.6009999999999991,2016-04-08T15:00:00Z
3,2026-04-10,2016-04-08,True,18,0.7900000000000205,2016-04-08T16:00:00Z
3,2026-04-10,2016-04-08,True,19,0.5090000000000146,2016-04-08T17:00:00Z
3,2026-04-10,2016-04-08,True,20,0.9519999999999982,2016-04-08T18:00:00Z
3,2026-04-10,2016-04-08,True,21,1.8100000000000023,2016-04-08T19:00:00Z
3,2026-04-10,2016-04-08,True,22,1.045000000000016,2016-04-08T20:00:00Z
3,2026-04-10,2016-04-08,True,23,0.5459999999999923,2016-04-08T21:00:00Z
3,2026-04-11,2016-04-09,True,0,0.5670000000000073,2016-04-08T22:00:00Z
3,2026-04-11,2016-04-09,True,1,0.6800000000000068,2016-04-08T23:00:00Z
3,2026-04-11,2016-04-09,True,2,0.5999999999999659,2016-04-09T00:00:00Z
3,2026-04-11,2016-04-09,True,3,0.5649999999999977,2016-04-09T01:00:00Z
3,2026-04-11,2016-04-09,True,4,0.19999999999998863,2016-04-09T02:00:00Z
3,2026-04-11,2016-04-09,True,5,0.19100000000003092,2016-04-09T03:00:00Z
3,2026-04-11,2016-04-09,True,6,0.8340000000000032,2016-04-09T04:00:00Z
3,2026-04-11,2016-04-09,True,7,0.17399999999997817,2016-04-09T05:00:00Z
3,2026-04-11,2016-04-09,True,8,0.29000000000002046,2016-04-09T06:00:00Z
3,2026-04-11,2016-04-09,True,9,0.35599999999999454,2016-04-09T07:00:00Z
3,2026-04-11,2016-04-09,True,10,0.40100000000001046,2016-04-09T08:00:00Z
3,2026-04-11,2016-04-09,True,11,0.40800000000001546,2016-04-09T09:00:00Z
3,2026-04-11,2016-04-09,True,12,0.42099999999999227,2016-04-09T10:00:00Z
3,2026-04-11,2016-04-09,True,13,1.1689999999999827,2016-04-09T11:00:00Z
3,2026-04-11,2016-04-09,True,14,0.39400000000000546,2016-04-09T12:00:00Z
3,2026-04-11,2016-04-09,True,15,0.4759999999999991,2016-04-09T13:00:00Z
3,2026-04-11,2016-04-09,True,16,0.561999999999955,2016-04-09T14:00:00Z
3,2026-04-11,2016-04-09,True,17,0.4889999999999759,2016-04-09T15:00:00Z
3,2026-04-11,2016-04-09,True,18,0.577000000000055,2016-04-09T16:00:00Z
3,2026-04-11,2016-04-09,True,19,0.5529999999999973,2016-04-09T17:00:00Z
3,2026-04-11,2016-04-09,True,20,0.7080000000000268,2016-04-09T18:00:00Z
3,2026-04-11,2016-04-09,True,21,0.9059999999999491,2016-04-09T19:00:00Z
3,2026-04-11,2016-04-09,True,22,0.9410000000000309,2016-04-09T20:00:00Z
3,2026-04-11,2016-04-09,True,23,0.9329999999999927,2016-04-09T21:00:00Z
3,2026-04-12,2016-04-10,True,0,0.8120000000000118,2016-04-09T22:00:00Z
3,2026-04-12,2016-04-10,True,1,0.6490000000000009,2016-04-09T23:00:00Z
3,2026-04-12,2016-04-10,True,2,0.5120000000000005,2016-04-10T00:00:00Z
3,2026-04-12,2016-04-10,True,3,0.27499999999997726,2016-04-10T01:00:00Z
3,2026-04-12,2016-04-10,True,4,0.28600000000000136,2016-04-10T02:00:00Z
3,2026-04-12,2016-04-10,True,5,0.2330000000000041,2016-04-10T03:00:00Z
3,2026-04-12,2016-04-10,True,6,0.2699999999999818,2016-04-10T04:00:00Z
3,2026-04-12,2016-04-10,True,7,0.2470000000000141,2016-04-10T05:00:00Z
3,2026-04-12,2016-04-10,True,8,0.24399999999997135,2016-04-10T06:00:00Z
3,2026-04-12,2016-04-10,True,9,0.3770000000000664,2016-04-10T07:00:00Z
3,2026-04-12,2016-04-10,True,10,0.3830000000000382,2016-04-10T08:00:00Z
3,2026-04-12,2016-04-10,True,11,0.40399999999999636,2016-04-10T09:00:00Z
3,2026-04-12,2016-04-10,True,12,0.37000000000000455,2016-04-10T10:00:00Z
3,2026-04-12,2016-04-10,True,13,1.204999999999984,2016-04-10T11:00:00Z
3,2026-04-12,2016-04-10,True,14,0.41699999999997317,2016-04-10T12:00:00Z
3,2026-04-12,2016-04-10,True,15,0.40200000000004366,2016-04-10T13:00:00Z
3,2026-04-12,2016-04-10,True,16,0.4329999999999927,2016-04-10T14:00:00Z
3,2026-04-12,2016-04-10,True,17,0.36899999999997135,2016-04-10T15:00:00Z
3,2026-04-12,2016-04-10,True,18,0.41699999999997317,2016-04-10T16:00:00Z
3,2026-04-12,2016-04-10,True,19,0.6490000000000009,2016-04-10T17:00:00Z
3,2026-04-12,2016-04-10,True,20,0.6360000000000241,2016-04-10T18:00:00Z
3,2026-04-12,2016-04-10,True,21,0.9970000000000141,2016-04-10T19:00:00Z
3,2026-04-12,2016-04-10,True,22,1.2299999999999613,2016-04-10T20:00:00Z
3,2026-04-12,2016-04-10,True,23,2.1270000000000095,2016-04-10T21:00:00Z
3,2026-04-13,2016-04-11,True,0,1.2110000000000127,2016-04-10T22:00:00Z
3,2026-04-13,2016-04-11,True,1,1.3740000000000236,2016-04-10T23:00:00Z
3,2026-04-13,2016-04-11,True,2,0.8199999999999932,2016-04-11T00:00:00Z
3,2026-04-13,2016-04-11,True,3,0.5339999999999918,2016-04-11T01:00:00Z
3,2026-04-13,2016-04-11,True,4,0.5419999999999732,2016-04-11T02:00:00Z
3,2026-04-13,2016-04-11,True,5,0.27899999999999636,2016-04-11T03:00:00Z
3,2026-04-13,2016-04-11,True,6,0.6419999999999959,2016-04-11T04:00:00Z
3,2026-04-13,2016-04-11,True,7,0.4800000000000182,2016-04-11T05:00:00Z
3,2026-04-13,2016-04-11,True,8,0.20100000000002183,2016-04-11T06:00:00Z
3,2026-04-13,2016-04-11,True,9,0.5569999999999595,2016-04-11T07:00:00Z
3,2026-04-13,2016-04-11,True,10,0.5590000000000259,2016-04-11T08:00:00Z
3,2026-04-13,2016-04-11,True,11,0.3129999999999882,2016-04-11T09:00:00Z
3,2026-04-13,2016-04-11,True,12,0.5459999999999923,2016-04-11T10:00:00Z
3,2026-04-13,2016-04-11,True,13,0.6009999999999991,2016-04-11T11:00:00Z
3,2026-04-13,2016-04-11,True,14,0.3650000000000091,2016-04-11T12:00:00Z
3,2026-04-13,2016-04-11,True,15,0.42099999999999227,2016-04-11T13:00:00Z
3,2026-04-13,2016-04-11,True,16,0.40999999999996817,2016-04-11T14:00:00Z
3,2026-04-13,2016-04-11,True,17,1.1239999999999668,2016-04-11T15:00:00Z
3,2026-04-13,2016-04-11,True,18,0.8320000000000505,2016-04-11T16:00:00Z
3,2026-04-13,2016-04-11,True,19,0.84699999999998,2016-04-11T17:00:00Z
3,2026-04-13,2016-04-11,True,20,1.2530000000000427,2016-04-11T18:00:00Z
3,2026-04-13,2016-04-11,True,21,1.2269999999999754,2016-04-11T19:00:00Z
3,2026-04-13,2016-04-11,True,22,0.9399999999999977,2016-04-11T20:00:00Z
3,2026-04-13,2016-04-11,True,23,0.8480000000000132,2016-04-11T21:00:00Z
3,2026-04-14,2016-04-12,True,0,0.714999999999975,2016-04-11T22:00:00Z
3,2026-04-14,2016-04-12,True,1,0.7740000000000009,2016-04-11T23:00:00Z
3,2026-04-14,2016-04-12,True,2,0.9560000000000173,2016-04-12T00:00:00Z
3,2026-04-14,2016-04-12,True,3,0.2939999999999827,2016-04-12T01:00:00Z
3,2026-04-14,2016-04-12,True,4,0.28600000000000136,2016-04-12T02:00:00Z
3,2026-04-14,2016-04-12,True,5,0.3240000000000123,2016-04-12T03:00:00Z
3,2026-04-14,2016-04-12,True,6,0.521000000000015,2016-04-12T04:00:00Z
3,2026-04-14,2016-04-12,True,7,0.7830000000000723,2016-04-12T05:00:00Z
3,2026-04-14,2016-04-12,True,8,0.7219999999999231,2016-04-12T06:00:00Z
3,2026-04-14,2016-04-12,True,9,1.1720000000000255,2016-04-12T07:00:00Z
3,2026-04-14,2016-04-12,True,10,0.5470000000000255,2016-04-12T08:00:00Z
3,2026-04-14,2016-04-12,True,11,0.7089999999999463,2016-04-12T09:00:00Z
3,2026-04-14,2016-04-12,True,12,1.2830000000000723,2016-04-12T10:00:00Z
3,2026-04-14,2016-04-12,True,13,0.7719999999999914,2016-04-12T11:00:00Z
3,2026-04-14,2016-04-12,True,14,1.342999999999961,2016-04-12T12:00:00Z
3,2026-04-14,2016-04-12,True,15,1.3900000000000432,2016-04-12T13:00:00Z
3,2026-04-14,2016-04-12,True,16,1.071999999999889,2016-04-12T14:00:00Z
3,2026-04-14,2016-04-12,True,17,1.608000000000004,2016-04-12T15:00:00Z
3,2026-04-14,2016-04-12,True,18,2.320000000000107,2016-04-12T16:00:00Z
3,2026-04-14,2016-04-12,True,19,1.9629999999999654,2016-04-12T17:00:00Z
3,2026-04-14,2016-04-12,True,20,1.752999999999986,2016-04-12T18:00:00Z
3,2026-04-14,2016-04-12,True,21,1.7300000000000182,2016-04-12T19:00:00Z
3,2026-04-14,2016-04-12,True,22,1.2080000000000268,2016-04-12T20:00:00Z
3,2026-04-14,2016-04-12,True,23,1.3249999999999886,2016-04-12T21:00:00Z
3,2026-04-15,2016-04-20,True,0,0.20400000000006457,2016-04-19T22:00:00Z
3,2026-04-15,2016-04-20,True,1,0.18700000000001182,2016-04-19T23:00:00Z
3,2026-04-15,2016-04-20,True,2,0.25699999999994816,2016-04-20T00:00:00Z
3,2026-04-15,2016-04-20,True,3,0.16300000000001091,2016-04-20T01:00:00Z
3,2026-04-15,2016-04-20,True,4,0.25,2016-04-20T02:00:00Z
3,2026-04-15,2016-04-20,True,5,0.17999999999994998,2016-04-20T03:00:00Z
3,2026-04-15,2016-04-20,True,6,0.7420000000000755,2016-04-20T04:00:00Z
3,2026-04-15,2016-04-20,True,7,0.6069999999999709,2016-04-20T05:00:00Z
3,2026-04-15,2016-04-20,True,8,0.8740000000000805,2016-04-20T06:00:00Z
3,2026-04-15,2016-04-20,True,9,0.4949999999999477,2016-04-20T07:00:00Z
3,2026-04-15,2016-04-20,True,10,0.4070000000000391,2016-04-20T08:00:00Z
3,2026-04-15,2016-04-20,True,11,1.228999999999985,2016-04-20T09:00:00Z
3,2026-04-15,2016-04-20,True,12,1.3300000000000978,2016-04-20T10:00:00Z
3,2026-04-15,2016-04-20,True,13,0.9729999999998995,2016-04-20T11:00:00Z
3,2026-04-15,2016-04-20,True,14,0.8180000000000405,2016-04-20T12:00:00Z
3,2026-04-15,2016-04-20,True,15,1.275000000000034,2016-04-20T13:00:00Z
3,2026-04-15,2016-04-20,True,16,0.8909999999999059,2016-04-20T14:00:00Z
3,2026-04-15,2016-04-20,True,17,0.9760000000000559,2016-04-20T15:00:00Z
3,2026-04-15,2016-04-20,True,18,0.8279999999999745,2016-04-20T16:00:00Z
3,2026-04-15,2016-04-20,True,19,1.7849999999999682,2016-04-20T17:00:00Z
3,2026-04-15,2016-04-20,True,20,0.9339999999999691,2016-04-20T18:00:00Z
3,2026-04-15,2016-04-20,True,21,1.2460000000000946,2016-04-20T19:00:00Z
3,2026-04-15,2016-04-20,True,22,1.1449999999999818,2016-04-20T20:00:00Z
3,2026-04-15,2016-04-20,True,23,0.5219999999999345,2016-04-20T21:00:00Z
3,2026-04-16,2016-04-21,True,0,0.20100000000002183,2016-04-20T22:00:00Z
3,2026-04-16,2016-04-21,True,1,0.18700000000001182,2016-04-20T23:00:00Z
3,2026-04-16,2016-04-21,True,2,0.25,2016-04-21T00:00:00Z
3,2026-04-16,2016-04-21,True,3,0.17899999999997362,2016-04-21T01:00:00Z
3,2026-04-16,2016-04-21,True,4,0.23099999999999454,2016-04-21T02:00:00Z
3,2026-04-16,2016-04-21,True,5,0.18000000000006366,2016-04-21T03:00:00Z
3,2026-04-16,2016-04-21,True,6,0.8489999999999327,2016-04-21T04:00:00Z
3,2026-04-16,2016-04-21,True,7,0.6920000000000641,2016-04-21T05:00:00Z
3,2026-04-16,2016-04-21,True,8,0.5599999999999454,2016-04-21T06:00:00Z
3,2026-04-16,2016-04-21,True,9,0.3919999999999959,2016-04-21T07:00:00Z
3,2026-04-16,2016-04-21,True,10,0.33299999999997,2016-04-21T08:00:00Z
3,2026-04-16,2016-04-21,True,11,0.3310000000000173,2016-04-21T09:00:00Z
3,2026-04-16,2016-04-21,True,12,1.0970000000000937,2016-04-21T10:00:00Z
3,2026-04-16,2016-04-21,True,13,0.797999999999945,2016-04-21T11:00:00Z
3,2026-04-16,2016-04-21,True,14,0.5489999999999782,2016-04-21T12:00:00Z
3,2026-04-16,2016-04-21,True,15,0.41900000000003956,2016-04-21T13:00:00Z
3,2026-04-16,2016-04-21,True,16,0.3939999999999486,2016-04-21T14:00:00Z
3,2026-04-16,2016-04-21,True,17,0.4570000000000505,2016-04-21T15:00:00Z
3,2026-04-16,2016-04-21,True,18,0.43500000000011596,2016-04-21T16:00:00Z
3,2026-04-16,2016-04-21,True,19,0.5339999999999918,2016-04-21T17:00:00Z
3,2026-04-16,2016-04-21,True,20,1.509999999999991,2016-04-21T18:00:00Z
3,2026-04-16,2016-04-21,True,21,1.6409999999999627,2016-04-21T19:00:00Z
3,2026-04-16,2016-04-21,True,22,0.5990000000000464,2016-04-21T20:00:00Z
3,2026-04-16,2016-04-21,True,23,0.46100000000001273,2016-04-21T21:00:00Z
3,2026-04-17,2016-04-15,True,0,0.6270000000000664,2016-04-14T22:00:00Z
3,2026-04-17,2016-04-15,True,1,0.49099999999998545,2016-04-14T23:00:00Z
3,2026-04-17,2016-04-15,True,2,0.37400000000002365,2016-04-15T00:00:00Z
3,2026-04-17,2016-04-15,True,3,0.45299999999997453,2016-04-15T01:00:00Z
3,2026-04-17,2016-04-15,True,4,0.33799999999996544,2016-04-15T02:00:00Z
3,2026-04-17,2016-04-15,True,5,0.26900000000000546,2016-04-15T03:00:00Z
3,2026-04-17,2016-04-15,True,6,0.40800000000001546,2016-04-15T04:00:00Z
3,2026-04-17,2016-04-15,True,7,1.2639999999998963,2016-04-15T05:00:00Z
3,2026-04-17,2016-04-15,True,8,0.8920000000001664,2016-04-15T06:00:00Z
3,2026-04-17,2016-04-15,True,9,0.2589999999999577,2016-04-15T07:00:00Z
3,2026-04-17,2016-04-15,True,10,1.2479999999999336,2016-04-15T08:00:00Z
3,2026-04-17,2016-04-15,True,11,0.4610000000000696,2016-04-15T09:00:00Z
3,2026-04-17,2016-04-15,True,12,0.34999999999990905,2016-04-15T10:00:00Z
3,2026-04-17,2016-04-15,True,13,0.8700000000000045,2016-04-15T11:00:00Z
3,2026-04-17,2016-04-15,True,14,0.3470000000000937,2016-04-15T12:00:00Z
3,2026-04-17,2016-04-15,True,15,0.3240000000000123,2016-04-15T13:00:00Z
3,2026-04-17,2016-04-15,True,16,0.39199999999993906,2016-04-15T14:00:00Z
3,2026-04-17,2016-04-15,True,17,0.5130000000000905,2016-04-15T15:00:00Z
3,2026-04-17,2016-04-15,True,18,0.543999999999869,2016-04-15T16:00:00Z
3,2026-04-17,2016-04-15,True,19,1.0270000000000437,2016-04-15T17:00:00Z
3,2026-04-17,2016-04-15,True,20,1.9909999999999854,2016-04-15T18:00:00Z
3,2026-04-17,2016-04-15,True,21,1.0599999999999454,2016-04-15T19:00:00Z
3,2026-04-17,2016-04-15,True,22,0.8269999999999982,2016-04-15T20:00:00Z
3,2026-04-17,2016-04-15,True,23,0.5570000000000164,2016-04-15T21:00:00Z
3,2026-04-18,2016-04-16,True,0,0.4980000000000473,2016-04-15T22:00:00Z
3,2026-04-18,2016-04-16,True,1,0.25,2016-04-15T23:00:00Z
3,2026-04-18,2016-04-16,True,2,0.29200000000003,2016-04-16T00:00:00Z
3,2026-04-18,2016-04-16,True,3,0.27699999999992997,2016-04-16T01:00:00Z
3,2026-04-18,2016-04-16,True,4,0.25,2016-04-16T02:00:00Z
3,2026-04-18,2016-04-16,True,5,0.29100000000005366,2016-04-16T03:00:00Z
3,2026-04-18,2016-04-16,True,6,0.2400000000000091,2016-04-16T04:00:00Z
3,2026-04-18,2016-04-16,True,7,0.27499999999997726,2016-04-16T05:00:00Z
3,2026-04-18,2016-04-16,True,8,0.2839999999999918,2016-04-16T06:00:00Z
3,2026-04-18,2016-04-16,True,9,0.6600000000000819,2016-04-16T07:00:00Z
3,2026-04-18,2016-04-16,True,10,0.585999999999899,2016-04-16T08:00:00Z
3,2026-04-18,2016-04-16,True,11,0.3180000000000973,2016-04-16T09:00:00Z
3,2026-04-18,2016-04-16,True,12,0.3340000000000032,2016-04-16T10:00:00Z
3,2026-04-18,2016-04-16,True,13,0.4009999999999536,2016-04-16T11:00:00Z
3,2026-04-18,2016-04-16,True,14,0.3690000000000282,2016-04-16T12:00:00Z
3,2026-04-18,2016-04-16,True,15,2.13900000000001,2016-04-16T13:00:00Z
3,2026-04-18,2016-04-16,True,16,0.852999999999895,2016-04-16T14:00:00Z
3,2026-04-18,2016-04-16,True,17,0.40800000000012915,2016-04-16T15:00:00Z
3,2026-04-18,2016-04-16,True,18,0.4829999999998904,2016-04-16T16:00:00Z
3,2026-04-18,2016-04-16,True,19,0.5990000000000464,2016-04-16T17:00:00Z
3,2026-04-18,2016-04-16,True,20,1.3859999999999673,2016-04-16T18:00:00Z
3,2026-04-18,2016-04-16,True,21,0.7860000000000582,2016-04-16T19:00:00Z
3,2026-04-18,2016-04-16,True,22,0.9270000000000209,2016-04-16T20:00:00Z
3,2026-04-18,2016-04-16,True,23,1.4729999999999563,2016-04-16T21:00:00Z
3,2026-04-19,2016-04-17,True,0,1.038000000000011,2016-04-16T22:00:00Z
3,2026-04-19,2016-04-17,True,1,0.32200000000000273,2016-04-16T23:00:00Z
3,2026-04-19,2016-04-17,True,2,0.2599999999999909,2016-04-17T00:00:00Z
3,2026-04-19,2016-04-17,True,3,0.19200000000000728,2016-04-17T01:00:00Z
3,2026-04-19,2016-04-17,True,4,0.2179999999999609,2016-04-17T02:00:00Z
3,2026-04-19,2016-04-17,True,5,0.23300000000006094,2016-04-17T03:00:00Z
3,2026-04-19,2016-04-17,True,6,0.18700000000001182,2016-04-17T04:00:00Z
3,2026-04-19,2016-04-17,True,7,0.29599999999982174,2016-04-17T05:00:00Z
3,2026-04-19,2016-04-17,True,8,0.6280000000001564,2016-04-17T06:00:00Z
3,2026-04-19,2016-04-17,True,9,0.43600000000003547,2016-04-17T07:00:00Z
3,2026-04-19,2016-04-17,True,10,0.30199999999990723,2016-04-17T08:00:00Z
3,2026-04-19,2016-04-17,True,11,0.27800000000007685,2016-04-17T09:00:00Z
3,2026-04-19,2016-04-17,True,12,0.689999999999884,2016-04-17T10:00:00Z
3,2026-04-19,2016-04-17,True,13,1.4370000000000118,2016-04-17T11:00:00Z
3,2026-04-19,2016-04-17,True,14,0.6190000000000282,2016-04-17T12:00:00Z
3,2026-04-19,2016-04-17,True,15,0.7100000000000364,2016-04-17T13:00:00Z
3,2026-04-19,2016-04-17,True,16,1.1409999999999627,2016-04-17T14:00:00Z
3,2026-04-19,2016-04-17,True,17,1.1709999999999354,2016-04-17T15:00:00Z
3,2026-04-19,2016-04-17,True,18,1.0539999999999736,2016-04-17T16:00:00Z
3,2026-04-19,2016-04-17,True,19,1.0220000000000482,2016-04-17T17:00:00Z
3,2026-04-19,2016-04-17,True,20,1.0249999999999773,2016-04-17T18:00:00Z
3,2026-04-19,2016-04-17,True,21,1.02800000000002,2016-04-17T19:00:00Z
3,2026-04-19,2016-04-17,True,22,1.1820000000000164,2016-04-17T20:00:00Z
3,2026-04-19,2016-04-17,True,23,0.8799999999999955,2016-04-17T21:00:00Z
3,2026-04-20,2016-04-18,True,0,1.0570000000000164,2016-04-17T22:00:00Z
3,2026-04-20,2016-04-18,True,1,0.7849999999999682,2016-04-17T23:00:00Z
3,2026-04-20,2016-04-18,True,2,0.26900000000000546,2016-04-18T00:00:00Z
3,2026-04-20,2016-04-18,True,3,0.15999999999996817,2016-04-18T01:00:00Z
3,2026-04-20,2016-04-18,True,4,0.2599999999999909,2016-04-18T02:00:00Z
3,2026-04-20,2016-04-18,True,5,0.18900000000007822,2016-04-18T03:00:00Z
3,2026-04-20,2016-04-18,True,6,0.6329999999999245,2016-04-18T04:00:00Z
3,2026-04-20,2016-04-18,True,7,0.32300000000009277,2016-04-18T05:00:00Z
3,2026-04-20,2016-04-18,True,8,0.17199999999991178,2016-04-18T06:00:00Z
3,2026-04-20,2016-04-18,True,9,0.22500000000013642,2016-04-18T07:00:00Z
3,2026-04-20,2016-04-18,True,10,0.15999999999996817,2016-04-18T08:00:00Z
3,2026-04-20,2016-04-18,True,11,0.24799999999999045,2016-04-18T09:00:00Z
3,2026-04-20,2016-04-18,True,12,0.7659999999999627,2016-04-18T10:00:00Z
3,2026-04-20,2016-04-18,True,13,0.65400000000011,2016-04-18T11:00:00Z
3,2026-04-20,2016-04-18,True,14,0.6169999999998481,2016-04-18T12:00:00Z
3,2026-04-20,2016-04-18,True,15,0.5790000000000646,2016-04-18T13:00:00Z
3,2026-04-20,2016-04-18,True,16,0.84800000000007,2016-04-18T14:00:00Z
3,2026-04-20,2016-04-18,True,17,1.0430000000000064,2016-04-18T15:00:00Z
3,2026-04-20,2016-04-18,True,18,0.8769999999999527,2016-04-18T16:00:00Z
3,2026-04-20,2016-04-18,True,19,0.8849999999999909,2016-04-18T17:00:00Z
3,2026-04-20,2016-04-18,True,20,1.7419999999999618,2016-04-18T18:00:00Z
3,2026-04-20,2016-04-18,True,21,1.4880000000000564,2016-04-18T19:00:00Z
3,2026-04-20,2016-04-18,True,22,0.9260000000000446,2016-04-18T20:00:00Z
3,2026-04-20,2016-04-18,True,23,0.5169999999999391,2016-04-18T21:00:00Z
3,2026-04-21,2016-04-19,True,0,0.38900000000001,2016-04-18T22:00:00Z
3,2026-04-21,2016-04-19,True,1,0.19799999999997908,2016-04-18T23:00:00Z
3,2026-04-21,2016-04-19,True,2,0.2799999999999727,2016-04-19T00:00:00Z
3,2026-04-21,2016-04-19,True,3,0.17200000000002547,2016-04-19T01:00:00Z
3,2026-04-21,2016-04-19,True,4,0.25700000000006185,2016-04-19T02:00:00Z
3,2026-04-21,2016-04-19,True,5,0.2139999999999418,2016-04-19T03:00:00Z
3,2026-04-21,2016-04-19,True,6,0.37199999999995725,2016-04-19T04:00:00Z
3,2026-04-21,2016-04-19,True,7,0.6620000000000346,2016-04-19T05:00:00Z
3,2026-04-21,2016-04-19,True,8,0.5819999999999368,2016-04-19T06:00:00Z
3,2026-04-21,2016-04-19,True,9,0.2700000000000955,2016-04-19T07:00:00Z
3,2026-04-21,2016-04-19,True,10,0.23200000000002774,2016-04-19T08:00:00Z
3,2026-04-21,2016-04-19,True,11,0.31299999999993133,2016-04-19T09:00:00Z
3,2026-04-21,2016-04-19,True,12,0.8819999999999482,2016-04-19T10:00:00Z
3,2026-04-21,2016-04-19,True,13,1.331000000000131,2016-04-19T11:00:00Z
3,2026-04-21,2016-04-19,True,14,1.0139999999999532,2016-04-19T12:00:00Z
3,2026-04-21,2016-04-19,True,15,0.6309999999999718,2016-04-19T13:00:00Z
3,2026-04-21,2016-04-19,True,16,0.35800000000006094,2016-04-19T14:00:00Z
3,2026-04-21,2016-04-19,True,17,0.37199999999995725,2016-04-19T15:00:00Z
3,2026-04-21,2016-04-19,True,18,0.5459999999998786,2016-04-19T16:00:00Z
3,2026-04-21,2016-04-19,True,19,0.5480000000000018,2016-04-19T17:00:00Z
3,2026-04-21,2016-04-19,True,20,1.9300000000000637,2016-04-19T18:00:00Z
3,2026-04-21,2016-04-19,True,21,1.6999999999999318,2016-04-19T19:00:00Z
3,2026-04-21,2016-04-19,True,22,1.3050000000000637,2016-04-19T20:00:00Z
3,2026-04-21,2016-04-19,True,23,0.56899999999996,2016-04-19T21:00:00Z
3,2026-04-22,2017-04-26,True,0,0.5509999999994761,2017-04-25T22:00:00Z
3,2026-04-22,2017-04-26,True,1,0.25,2017-04-25T23:00:00Z
3,2026-04-22,2017-04-26,True,2,0.1720000000004802,2017-04-26T00:00:00Z
3,2026-04-22,2017-04-26,True,3,0.17799999999988358,2017-04-26T01:00:00Z
3,2026-04-22,2017-04-26,True,4,0.1710000000002765,2017-04-26T02:00:00Z
3,2026-04-22,2017-04-26,True,5,0.33799999999973807,2017-04-26T03:00:00Z
3,2026-04-22,2017-04-26,True,6,0.6300000000001091,2017-04-26T04:00:00Z
3,2026-04-22,2017-04-26,True,7,0.8360000000002401,2017-04-26T05:00:00Z
3,2026-04-22,2017-04-26,True,8,1.0009999999992942,2017-04-26T06:00:00Z
3,2026-04-22,2017-04-26,True,9,0.23000000000047294,2017-04-26T07:00:00Z
3,2026-04-22,2017-04-26,True,10,0.33800000000064756,2017-04-26T08:00:00Z
3,2026-04-22,2017-04-26,True,11,1.6409999999987122,2017-04-26T09:00:00Z
3,2026-04-22,2017-04-26,True,12,0.9490000000005239,2017-04-26T10:00:00Z
3,2026-04-22,2017-04-26,True,13,0.4169999999999163,2017-04-26T11:00:00Z
3,2026-04-22,2017-04-26,True,14,0.1750000000001819,2017-04-26T12:00:00Z
3,2026-04-22,2017-04-26,True,15,0.19700000000011642,2017-04-26T13:00:00Z
3,2026-04-22,2017-04-26,True,16,0.2680000000000291,2017-04-26T14:00:00Z
3,2026-04-22,2017-04-26,True,17,0.6349999999997635,2017-04-26T15:00:00Z
3,2026-04-22,2017-04-26,True,18,0.5410000000001673,2017-04-26T16:00:00Z
3,2026-04-22,2017-04-26,True,19,0.8299999999990177,2017-04-26T17:00:00Z
3,2026-04-22,2017-04-26,True,20,0.649000000000342,2017-04-26T18:00:00Z
3,2026-04-22,2017-04-26,True,21,0.7449999999998909,2017-04-26T19:00:00Z
3,2026-04-22,2017-04-26,True,22,0.7700000000004366,2017-04-26T20:00:00Z
3,2026-04-22,2017-04-26,True,23,0.6199999999998909,2017-04-26T21:00:00Z
3,2026-04-23,2017-04-27,True,0,0.24099999999998545,2017-04-26T22:00:00Z
3,2026-04-23,2017-04-27,True,1,0.24499999999989086,2017-04-26T23:00:00Z
3,2026-04-23,2017-04-27,True,2,0.23999999999978172,2017-04-27T00:00:00Z
3,2026-04-23,2017-04-27,True,3,0.21900000000005093,2017-04-27T01:00:00Z
3,2026-04-23,2017-04-27,True,4,0.24499999999989086,2017-04-27T02:00:00Z
3,2026-04-23,2017-04-27,True,5,0.22100000000045839,2017-04-27T03:00:00Z
3,2026-04-23,2017-04-27,True,6,0.8040000000000873,2017-04-27T04:00:00Z
3,2026-04-23,2017-04-27,True,7,0.7700000000004366,2017-04-27T05:00:00Z
3,2026-04-23,2017-04-27,True,8,0.18299999999953798,2017-04-27T06:00:00Z
3,2026-04-23,2017-04-27,True,9,0.4810000000002219,2017-04-27T07:00:00Z
3,2026-04-23,2017-04-27,True,10,0.32099999999945794,2017-04-27T08:00:00Z
3,2026-04-23,2017-04-27,True,11,0.5470000000000255,2017-04-27T09:00:00Z
3,2026-04-23,2017-04-27,True,12,1.5300000000006548,2017-04-27T10:00:00Z
3,2026-04-23,2017-04-27,True,13,0.3829999999993561,2017-04-27T11:00:00Z
3,2026-04-23,2017-04-27,True,14,0.34400000000005093,2017-04-27T12:00:00Z
3,2026-04-23,2017-04-27,True,15,0.36000000000012733,2017-04-27T13:00:00Z
3,2026-04-23,2017-04-27,True,16,0.3489999999997053,2017-04-27T14:00:00Z
3,2026-04-23,2017-04-27,True,17,0.330000000000382,2017-04-27T15:00:00Z
3,2026-04-23,2017-04-27,True,18,0.5590000000001965,2017-04-27T16:00:00Z
3,2026-04-23,2017-04-27,True,19,1.0670000000000073,2017-04-27T17:00:00Z
3,2026-04-23,2017-04-27,True,20,1.106999999999971,2017-04-27T18:00:00Z
3,2026-04-23,2017-04-27,True,21,0.8930000000000291,2017-04-27T19:00:00Z
3,2026-04-23,2017-04-27,True,22,0.9009999999998399,2017-04-27T20:00:00Z
3,2026-04-23,2017-04-27,True,23,0.8400000000001455,2017-04-27T21:00:00Z
3,2026-04-24,2016-04-22,True,0,0.19899999999995543,2016-04-21T22:00:00Z
3,2026-04-24,2016-04-22,True,1,0.34000000000003183,2016-04-21T23:00:00Z
3,2026-04-24,2016-04-22,True,2,0.3109999999999218,2016-04-22T00:00:00Z
3,2026-04-24,2016-04-22,True,3,0.27899999999999636,2016-04-22T01:00:00Z
3,2026-04-24,2016-04-22,True,4,0.2300000000000182,2016-04-22T02:00:00Z
3,2026-04-24,2016-04-22,True,5,0.24099999999998545,2016-04-22T03:00:00Z
3,2026-04-24,2016-04-22,True,6,0.3870000000000573,2016-04-22T04:00:00Z
3,2026-04-24,2016-04-22,True,7,0.30599999999992633,2016-04-22T05:00:00Z
3,2026-04-24,2016-04-22,True,8,0.29100000000005366,2016-04-22T06:00:00Z
3,2026-04-24,2016-04-22,True,9,0.23699999999985266,2016-04-22T07:00:00Z
3,2026-04-24,2016-04-22,True,10,0.48100000000010823,2016-04-22T08:00:00Z
3,2026-04-24,2016-04-22,True,11,0.36599999999998545,2016-04-22T09:00:00Z
3,2026-04-24,2016-04-22,True,12,0.3349999999999227,2016-04-22T10:00:00Z
3,2026-04-24,2016-04-22,True,13,1.4460000000000832,2016-04-22T11:00:00Z
3,2026-04-24,2016-04-22,True,14,0.33400000000006,2016-04-22T12:00:00Z
3,2026-04-24,2016-04-22,True,15,0.98599999999999,2016-04-22T13:00:00Z
3,2026-04-24,2016-04-22,True,16,0.8319999999999368,2016-04-22T14:00:00Z
3,2026-04-24,2016-04-22,True,17,0.29100000000005366,2016-04-22T15:00:00Z
3,2026-04-24,2016-04-22,True,18,0.28099999999994907,2016-04-22T16:00:00Z
3,2026-04-24,2016-04-22,True,19,0.8530000000001223,2016-04-22T17:00:00Z
3,2026-04-24,2016-04-22,True,20,0.8839999999999009,2016-04-22T18:00:00Z
3,2026-04-24,2016-04-22,True,21,0.5889999999999418,2016-04-22T19:00:00Z
3,2026-04-24,2016-04-22,True,22,0.6510000000000673,2016-04-22T20:00:00Z
3,2026-04-24,2016-04-22,True,23,0.4800000000000182,2016-04-22T21:00:00Z
3,2026-04-25,2016-04-23,True,0,0.15999999999996817,2016-04-22T22:00:00Z
3,2026-04-25,2016-04-23,True,1,0.13900000000001,2016-04-22T23:00:00Z
3,2026-04-25,2016-04-23,True,2,0.18999999999994088,2016-04-23T00:00:00Z
3,2026-04-25,2016-04-23,True,3,0.2300000000000182,2016-04-23T01:00:00Z
3,2026-04-25,2016-04-23,True,4,0.15999999999996817,2016-04-23T02:00:00Z
3,2026-04-25,2016-04-23,True,5,0.2400000000000091,2016-04-23T03:00:00Z
3,2026-04-25,2016-04-23,True,6,0.14800000000013824,2016-04-23T04:00:00Z
3,2026-04-25,2016-04-23,True,7,0.23899999999991905,2016-04-23T05:00:00Z
3,2026-04-25,2016-04-23,True,8,0.16000000000008185,2016-04-23T06:00:00Z
3,2026-04-25,2016-04-23,True,9,0.7669999999998254,2016-04-23T07:00:00Z
3,2026-04-25,2016-04-23,True,10,0.37999999999999545,2016-04-23T08:00:00Z
3,2026-04-25,2016-04-23,True,11,0.31899999999996,2016-04-23T09:00:00Z
3,2026-04-25,2016-04-23,True,12,1.078000000000145,2016-04-23T10:00:00Z
3,2026-04-25,2016-04-23,True,13,1.9799999999999613,2016-04-23T11:00:00Z
3,2026-04-25,2016-04-23,True,14,1.1919999999999504,2016-04-23T12:00:00Z
3,2026-04-25,2016-04-23,True,15,1.025000000000091,2016-04-23T13:00:00Z
3,2026-04-25,2016-04-23,True,16,0.6599999999999113,2016-04-23T14:00:00Z
3,2026-04-25,2016-04-23,True,17,0.7110000000001264,2016-04-23T15:00:00Z
3,2026-04-25,2016-04-23,True,18,0.6719999999999118,2016-04-23T16:00:00Z
3,2026-04-25,2016-04-23,True,19,1.0289999999999964,2016-04-23T17:00:00Z
3,2026-04-25,2016-04-23,True,20,1.3399999999999181,2016-04-23T18:00:00Z
3,2026-04-25,2016-04-23,True,21,1.5310000000000628,2016-04-23T19:00:00Z
3,2026-04-25,2016-04-23,True,22,1.129000000000019,2016-04-23T20:00:00Z
3,2026-04-25,2016-04-23,True,23,0.6100000000000136,2016-04-23T21:00:00Z
3,2026-04-26,2016-04-24,True,0,0.39999999999997726,2016-04-23T22:00:00Z
3,2026-04-26,2016-04-24,True,1,0.21100000000001273,2016-04-23T23:00:00Z
3,2026-04-26,2016-04-24,True,2,0.22899999999992815,2016-04-24T00:00:00Z
3,2026-04-26,2016-04-24,True,3,0.1710000000000491,2016-04-24T01:00:00Z
3,2026-04-26,2016-04-24,True,4,0.2699999999999818,2016-04-24T02:00:00Z
3,2026-04-26,2016-04-24,True,5,0.18899999999996453,2016-04-24T03:00:00Z
3,2026-04-26,2016-04-24,True,6,0.20700000000010732,2016-04-24T04:00:00Z
3,2026-04-26,2016-04-24,True,7,0.21699999999998454,2016-04-24T05:00:00Z
3,2026-04-26,2016-04-24,True,8,0.15600000000006276,2016-04-24T06:00:00Z
3,2026-04-26,2016-04-24,True,9,0.6689999999999259,2016-04-24T07:00:00Z
3,2026-04-26,2016-04-24,True,10,0.7339999999999804,2016-04-24T08:00:00Z
3,2026-04-26,2016-04-24,True,11,0.5749999999999886,2016-04-24T09:00:00Z
3,2026-04-26,2016-04-24,True,12,0.9780000000000655,2016-04-24T10:00:00Z
3,2026-04-26,2016-04-24,True,13,0.6450000000000387,2016-04-24T11:00:00Z
3,2026-04-26,2016-04-24,True,14,0.8849999999998772,2016-04-24T12:00:00Z
3,2026-04-26,2016-04-24,True,15,1.1309999999999718,2016-04-24T13:00:00Z
3,2026-04-26,2016-04-24,True,16,0.5530000000000541,2016-04-24T14:00:00Z
3,2026-04-26,2016-04-24,True,17,0.6720000000000255,2016-04-24T15:00:00Z
3,2026-04-26,2016-04-24,True,18,1.6310000000000286,2016-04-24T16:00:00Z
3,2026-04-26,2016-04-24,True,19,1.0059999999999718,2016-04-24T17:00:00Z
3,2026-04-26,2016-04-24,True,20,1.7110000000000127,2016-04-24T18:00:00Z
3,2026-04-26,2016-04-24,True,21,1.5289999999999964,2016-04-24T19:00:00Z
3,2026-04-26,2016-04-24,True,22,1.5900000000000318,2016-04-24T20:00:00Z
3,2026-04-26,2016-04-24,True,23,1.5510000000000446,2016-04-24T21:00:00Z
3,2026-04-27,2016-04-25,True,0,0.8299999999999272,2016-04-24T22:00:00Z
3,2026-04-27,2016-04-25,True,1,0.32000000000005,2016-04-24T23:00:00Z
3,2026-04-27,2016-04-25,True,2,0.16999999999995907,2016-04-25T00:00:00Z
3,2026-04-27,2016-04-25,True,3,0.25,2016-04-25T01:00:00Z
3,2026-04-27,2016-04-25,True,4,0.1490000000000009,2016-04-25T02:00:00Z
3,2026-04-27,2016-04-25,True,5,0.57000000000005,2016-04-25T03:00:00Z
3,2026-04-27,2016-04-25,True,6,0.5459999999999354,2016-04-25T04:00:00Z
3,2026-04-27,2016-04-25,True,7,1.3559999999999945,2016-04-25T05:00:00Z
3,2026-04-27,2016-04-25,True,8,0.45400000000000773,2016-04-25T06:00:00Z
3,2026-04-27,2016-04-25,True,9,0.5769999999999982,2016-04-25T07:00:00Z
3,2026-04-27,2016-04-25,True,10,0.69500000000005,2016-04-25T08:00:00Z
3,2026-04-27,2016-04-25,True,11,0.6960000000000264,2016-04-25T09:00:00Z
3,2026-04-27,2016-04-25,True,12,0.5509999999999309,2016-04-25T10:00:00Z
3,2026-04-27,2016-04-25,True,13,1.4049999999999727,2016-04-25T11:00:00Z
3,2026-04-27,2016-04-25,True,14,1.3430000000000746,2016-04-25T12:00:00Z
3,2026-04-27,2016-04-25,True,15,0.5929999999999609,2016-04-25T13:00:00Z
3,2026-04-27,2016-04-25,True,16,0.7560000000000286,2016-04-25T14:00:00Z
3,2026-04-27,2016-04-25,True,17,0.5859999999998422,2016-04-25T15:00:00Z
3,2026-04-27,2016-04-25,True,18,0.5820000000001073,2016-04-25T16:00:00Z
3,2026-04-27,2016-04-25,True,19,0.7849999999999682,2016-04-25T17:00:00Z
3,2026-04-27,2016-04-25,True,20,0.8980000000000246,2016-04-25T18:00:00Z
3,2026-04-27,2016-04-25,True,21,1.266999999999939,2016-04-25T19:00:00Z
3,2026-04-27,2016-04-25,True,22,1.7870000000000346,2016-04-25T20:00:00Z
3,2026-04-27,2016-04-25,True,23,0.48299999999994725,2016-04-25T21:00:00Z
3,2026-04-28,2016-04-26,True,0,0.3470000000000937,2016-04-25T22:00:00Z
3,2026-04-28,2016-04-26,True,1,0.3209999999999127,2016-04-25T23:00:00Z
3,2026-04-28,2016-04-26,True,2,0.3490000000000464,2016-04-26T00:00:00Z
3,2026-04-28,2016-04-26,True,3,0.23299999999994725,2016-04-26T01:00:00Z
3,2026-04-28,2016-04-26,True,4,0.22100000000000364,2016-04-26T02:00:00Z
3,2026-04-28,2016-04-26,True,5,0.18000000000006366,2016-04-26T03:00:00Z
3,2026-04-28,2016-04-26,True,6,1.2490000000000236,2016-04-26T04:00:00Z
3,2026-04-28,2016-04-26,True,7,0.7950000000000728,2016-04-26T05:00:00Z
3,2026-04-28,2016-04-26,True,8,0.5389999999998736,2016-04-26T06:00:00Z
3,2026-04-28,2016-04-26,True,9,0.20500000000009777,2016-04-26T07:00:00Z
3,2026-04-28,2016-04-26,True,10,0.2479999999999336,2016-04-26T08:00:00Z
3,2026-04-28,2016-04-26,True,11,0.3900000000000432,2016-04-26T09:00:00Z
3,2026-04-28,2016-04-26,True,12,0.2489999999999668,2016-04-26T10:00:00Z
3,2026-04-28,2016-04-26,True,13,0.7700000000000955,2016-04-26T11:00:00Z
3,2026-04-28,2016-04-26,True,14,0.5389999999998736,2016-04-26T12:00:00Z
3,2026-04-28,2016-04-26,True,15,0.9440000000000168,2016-04-26T13:00:00Z
3,2026-04-28,2016-04-26,True,16,0.6210000000000946,2016-04-26T14:00:00Z
3,2026-04-28,2016-04-26,True,17,0.5849999999999795,2016-04-26T15:00:00Z
3,2026-04-28,2016-04-26,True,18,1.1330000000000382,2016-04-26T16:00:00Z
3,2026-04-28,2016-04-26,True,19,1.2250000000000227,2016-04-26T17:00:00Z
3,2026-04-28,2016-04-26,True,20,2.314999999999941,2016-04-26T18:00:00Z
3,2026-04-28,2016-04-26,True,21,1.0570000000000164,2016-04-26T19:00:00Z
3,2026-04-28,2016-04-26,True,22,1.4729999999999563,2016-04-26T20:00:00Z
3,2026-04-28,2016-04-26,True,23,1.1170000000000755,2016-04-26T21:00:00Z
3,2026-04-29,2016-04-27,True,0,0.8759999999999764,2016-04-26T22:00:00Z
3,2026-04-29,2016-04-27,True,1,0.7119999999999891,2016-04-26T23:00:00Z
3,2026-04-29,2016-04-27,True,2,0.4550000000000409,2016-04-27T00:00:00Z
3,2026-04-29,2016-04-27,True,3,0.2699999999999818,2016-04-27T01:00:00Z
3,2026-04-29,2016-04-27,True,4,0.24099999999998545,2016-04-27T02:00:00Z
3,2026-04-29,2016-04-27,True,5,0.23900000000003274,2016-04-27T03:00:00Z
3,2026-04-29,2016-04-27,True,6,0.6049999999999045,2016-04-27T04:00:00Z
3,2026-04-29,2016-04-27,True,7,0.42500000000001137,2016-04-27T05:00:00Z
3,2026-04-29,2016-04-27,True,8,1.2620000000000573,2016-04-27T06:00:00Z
3,2026-04-29,2016-04-27,True,9,0.6339999999999577,2016-04-27T07:00:00Z
3,2026-04-29,2016-04-27,True,10,0.3560000000000514,2016-04-27T08:00:00Z
3,2026-04-29,2016-04-27,True,11,0.24500000000000455,2016-04-27T09:00:00Z
3,2026-04-29,2016-04-27,True,12,0.2339999999999236,2016-04-27T10:00:00Z
3,2026-04-29,2016-04-27,True,13,0.3009999999999877,2016-04-27T11:00:00Z
3,2026-04-29,2016-04-27,True,14,1.146000000000015,2016-04-27T12:00:00Z
3,2026-04-29,2016-04-27,True,15,0.44100000000008777,2016-04-27T13:00:00Z
3,2026-04-29,2016-04-27,True,16,0.9359999999998081,2016-04-27T14:00:00Z
3,2026-04-29,2016-04-27,True,17,1.3630000000000564,2016-04-27T15:00:00Z
3,2026-04-29,2016-04-27,True,18,0.8550000000001319,2016-04-27T16:00:00Z
3,2026-04-29,2016-04-27,True,19,0.9659999999998945,2016-04-27T17:00:00Z
3,2026-04-29,2016-04-27,True,20,1.3769999999999527,2016-04-27T18:00:00Z
3,2026-04-29,2016-04-27,True,21,1.9039999999999964,2016-04-27T19:00:00Z
3,2026-04-29,2016-04-27,True,22,1.4329999999999927,2016-04-27T20:00:00Z
3,2026-04-29,2016-04-27,True,23,0.7130000000000791,2016-04-27T21:00:00Z
3,2026-04-30,2016-04-28,True,0,0.6100000000000136,2016-04-27T22:00:00Z
3,2026-04-30,2016-04-28,True,1,0.47299999999995634,2016-04-27T23:00:00Z
3,2026-04-30,2016-04-28,True,2,0.2400000000000091,2016-04-28T00:00:00Z
3,2026-04-30,2016-04-28,True,3,0.2820000000000391,2016-04-28T01:00:00Z
3,2026-04-30,2016-04-28,True,4,0.31799999999998363,2016-04-28T02:00:00Z
3,2026-04-30,2016-04-28,True,5,0.2619999999999436,2016-04-28T03:00:00Z
3,2026-04-30,2016-04-28,True,6,0.4329999999999927,2016-04-28T04:00:00Z
3,2026-04-30,2016-04-28,True,7,0.3470000000001505,2016-04-28T05:00:00Z
3,2026-04-30,2016-04-28,True,8,0.585999999999899,2016-04-28T06:00:00Z
3,2026-04-30,2016-04-28,True,9,0.43100000000004,2016-04-28T07:00:00Z
3,2026-04-30,2016-04-28,True,10,0.31299999999993133,2016-04-28T08:00:00Z
3,2026-04-30,2016-04-28,True,11,0.3269999999999982,2016-04-28T09:00:00Z
3,2026-04-30,2016-04-28,True,12,0.7259999999999991,2016-04-28T10:00:00Z
3,2026-04-30,2016-04-28,True,13,1.073000000000036,2016-04-28T11:00:00Z
3,2026-04-30,2016-04-28,True,14,0.7919999999999732,2016-04-28T12:00:00Z
3,2026-04-30,2016-04-28,True,15,0.65300000000002,2016-04-28T13:00:00Z
3,2026-04-30,2016-04-28,True,16,0.32600000000002183,2016-04-28T14:00:00Z
3,2026-04-30,2016-04-28,True,17,0.3899999999999295,2016-04-28T15:00:00Z
3,2026-04-30,2016-04-28,True,18,0.6310000000000286,2016-04-28T16:00:00Z
3,2026-04-30,2016-04-28,True,19,0.6990000000000691,2016-04-28T17:00:00Z
3,2026-04-30,2016-04-28,True,20,1.0319999999999254,2016-04-28T18:00:00Z
3,2026-04-30,2016-04-28,True,21,1.2899999999999636,2016-04-28T19:00:00Z
3,2026-04-30,2016-04-28,True,22,1.9780000000000655,2016-04-28T20:00:00Z
3,2026-04-30,2016-04-28,True,23,1.4279999999999973,2016-04-28T21:00:00Z
3,2026-07-01,2017-07-05,True,0,0.25,2017-07-04T22:00:00Z
3,2026-07-01,2017-07-05,True,1,0.1289999999999054,2017-07-04T23:00:00Z
3,2026-07-01,2017-07-05,True,2,0.11599999999998545,2017-07-05T00:00:00Z
3,2026-07-01,2017-07-05,True,3,0.13799999999991996,2017-07-05T01:00:00Z
3,2026-07-01,2017-07-05,True,4,0.15099999999983993,2017-07-05T02:00:00Z
3,2026-07-01,2017-07-05,True,5,0.10899999999946886,2017-07-05T03:00:00Z
3,2026-07-01,2017-07-05,True,6,0.13000000000101863,2017-07-05T04:00:00Z
3,2026-07-01,2017-07-05,True,7,1.5409999999992579,2017-07-05T05:00:00Z
3,2026-07-01,2017-07-05,True,8,0.23999999999978172,2017-07-05T06:00:00Z
3,2026-07-01,2017-07-05,True,9,0.20499999999992724,2017-07-05T07:00:00Z
3,2026-07-01,2017-07-05,True,10,0.18300000000090222,2017-07-05T08:00:00Z
3,2026-07-01,2017-07-05,True,11,0.19699999999920692,2017-07-05T09:00:00Z
3,2026-07-01,2017-07-05,True,12,1.5169999999998254,2017-07-05T10:00:00Z
3,2026-07-01,2017-07-05,True,13,1.2120000000004438,2017-07-05T11:00:00Z
3,2026-07-01,2017-07-05,True,14,0.2970000000004802,2017-07-05T12:00:00Z
3,2026-07-01,2017-07-05,True,15,0.40499999999974534,2017-07-05T13:00:00Z
3,2026-07-01,2017-07-05,True,16,0.5139999999992142,2017-07-05T14:00:00Z
3,2026-07-01,2017-07-05,True,17,0.11600000000089494,2017-07-05T15:00:00Z
3,2026-07-01,2017-07-05,True,18,0.10099999999965803,2017-07-05T16:00:00Z
3,2026-07-01,2017-07-05,True,19,0.6590000000005602,2017-07-05T17:00:00Z
3,2026-07-01,2017-07-05,True,20,0.8389999999999418,2017-07-05T18:00:00Z
3,2026-07-01,2017-07-05,True,21,0.2860000000000582,2017-07-05T19:00:00Z
3,2026-07-01,2017-07-05,True,22,0.5270000000000437,2017-07-05T20:00:00Z
3,2026-07-01,2017-07-05,True,23,0.39499999999952706,2017-07-05T21:00:00Z
3,2026-07-02,2017-07-06,True,0,0.1640000000006694,2017-07-05T22:00:00Z
3,2026-07-02,2017-07-06,True,1,0.09099999999943975,2017-07-05T23:00:00Z
3,2026-07-02,2017-07-06,True,2,0.13400000000001455,2017-07-06T00:00:00Z
3,2026-07-02,2017-07-06,True,3,0.09900000000016007,2017-07-06T01:00:00Z
3,2026-07-02,2017-07-06,True,4,0.11200000000008004,2017-07-06T02:00:00Z
3,2026-07-02,2017-07-06,True,5,0.11299999999937427,2017-07-06T03:00:00Z
3,2026-07-02,2017-07-06,True,6,0.07900000000063301,2017-07-06T04:00:00Z
3,2026-07-02,2017-07-06,True,7,1.006999999999607,2017-07-06T05:00:00Z
3,2026-07-02,2017-07-06,True,8,0.1999999999998181,2017-07-06T06:00:00Z
3,2026-07-02,2017-07-06,True,9,0.3000000000001819,2017-07-06T07:00:00Z
3,2026-07-02,2017-07-06,True,10,0.6100000000005821,2017-07-06T08:00:00Z
3,2026-07-02,2017-07-06,True,11,0.7199999999993452,2017-07-06T09:00:00Z
3,2026-07-02,2017-07-06,True,12,1.2890000000006694,2017-07-06T10:00:00Z
3,2026-07-02,2017-07-06,True,13,0.45499999999992724,2017-07-06T11:00:00Z
3,2026-07-02,2017-07-06,True,14,0.1750000000001819,2017-07-06T12:00:00Z
3,2026-07-02,2017-07-06,True,15,0.1609999999991487,2017-07-06T13:00:00Z
3,2026-07-02,2017-07-06,True,16,0.306999999999789,2017-07-06T14:00:00Z
3,2026-07-02,2017-07-06,True,17,0.40200000000004366,2017-07-06T15:00:00Z
3,2026-07-02,2017-07-06,True,18,0.1359999999995125,2017-07-06T16:00:00Z
3,2026-07-02,2017-07-06,True,19,0.14100000000053114,2017-07-06T17:00:00Z
3,2026-07-02,2017-07-06,True,20,0.2390000000004875,2017-07-06T18:00:00Z
3,2026-07-02,2017-07-06,True,21,0.23400000000037835,2017-07-06T19:00:00Z
3,2026-07-02,2017-07-06,True,22,0.22599999999965803,2017-07-06T20:00:00Z
3,2026-07-02,2017-07-06,True,23,0.1750000000001819,2017-07-06T21:00:00Z
3,2026-07-03,2016-07-01,True,0,0.8140000000000782,2016-06-30T22:00:00Z
3,2026-07-03,2016-07-01,True,1,0.5499999999999545,2016-06-30T23:00:00Z
3,2026-07-03,2016-07-01,True,2,0.4359999999999218,2016-07-01T00:00:00Z
3,2026-07-03,2016-07-01,True,3,0.4050000000002001,2016-07-01T01:00:00Z
3,2026-07-03,2016-07-01,True,4,0.38999999999987267,2016-07-01T02:00:00Z
3,2026-07-03,2016-07-01,True,5,0.26799999999980173,2016-07-01T03:00:00Z
3,2026-07-03,2016-07-01,True,6,0.8820000000000618,2016-07-01T04:00:00Z
3,2026-07-03,2016-07-01,True,7,0.33300000000031105,2016-07-01T05:00:00Z
3,2026-07-03,2016-07-01,True,8,0.2940000000000964,2016-07-01T06:00:00Z
3,2026-07-03,2016-07-01,True,9,0.14699999999970714,2016-07-01T07:00:00Z
3,2026-07-03,2016-07-01,True,10,1.0340000000003329,2016-07-01T08:00:00Z
3,2026-07-03,2016-07-01,True,11,0.5329999999999018,2016-07-01T09:00:00Z
3,2026-07-03,2016-07-01,True,12,0.24899999999979627,2016-07-01T10:00:00Z
3,2026-07-03,2016-07-01,True,13,0.3350000000000364,2016-07-01T11:00:00Z
3,2026-07-03,2016-07-01,True,14,0.8020000000001346,2016-07-01T12:00:00Z
3,2026-07-03,2016-07-01,True,15,0.5879999999997381,2016-07-01T13:00:00Z
3,2026-07-03,2016-07-01,True,16,0.4279999999998836,2016-07-01T14:00:00Z
3,2026-07-03,2016-07-01,True,17,0.2670000000002801,2016-07-01T15:00:00Z
3,2026-07-03,2016-07-01,True,18,0.3949999999999818,2016-07-01T16:00:00Z
3,2026-07-03,2016-07-01,True,19,1.19399999999996,2016-07-01T17:00:00Z
3,2026-07-03,2016-07-01,True,20,0.5870000000002165,2016-07-01T18:00:00Z
3,2026-07-03,2016-07-01,True,21,0.9739999999999327,2016-07-01T19:00:00Z
3,2026-07-03,2016-07-01,True,22,0.6859999999999218,2016-07-01T20:00:00Z
3,2026-07-03,2016-07-01,True,23,0.5900000000001455,2016-07-01T21:00:00Z
3,2026-07-04,2016-07-02,True,0,0.4739999999999327,2016-07-01T22:00:00Z
3,2026-07-04,2016-07-02,True,1,0.21499999999991815,2016-07-01T23:00:00Z
3,2026-07-04,2016-07-02,True,2,0.23600000000010368,2016-07-02T00:00:00Z
3,2026-07-04,2016-07-02,True,3,0.21900000000005093,2016-07-02T01:00:00Z
3,2026-07-04,2016-07-02,True,4,0.23499999999989996,2016-07-02T02:00:00Z
3,2026-07-04,2016-07-02,True,5,0.21500000000014552,2016-07-02T03:00:00Z
3,2026-07-04,2016-07-02,True,6,0.22199999999998,2016-07-02T04:00:00Z
3,2026-07-04,2016-07-02,True,7,0.17599999999993088,2016-07-02T05:00:00Z
3,2026-07-04,2016-07-02,True,8,0.8800000000001091,2016-07-02T06:00:00Z
3,2026-07-04,2016-07-02,True,9,1.6489999999998872,2016-07-02T07:00:00Z
3,2026-07-04,2016-07-02,True,10,1.6979999999998654,2016-07-02T08:00:00Z
3,2026-07-04,2016-07-02,True,11,1.068000000000211,2016-07-02T09:00:00Z
3,2026-07-04,2016-07-02,True,12,0.8249999999995907,2016-07-02T10:00:00Z
3,2026-07-04,2016-07-02,True,13,0.6080000000001746,2016-07-02T11:00:00Z
3,2026-07-04,2016-07-02,True,14,0.49499999999989086,2016-07-02T12:00:00Z
3,2026-07-04,2016-07-02,True,15,0.39400000000000546,2016-07-02T13:00:00Z
3,2026-07-04,2016-07-02,True,16,0.3580000000001746,2016-07-02T14:00:00Z
3,2026-07-04,2016-07-02,True,17,0.6439999999997781,2016-07-02T15:00:00Z
3,2026-07-04,2016-07-02,True,18,1.8410000000001219,2016-07-02T16:00:00Z
3,2026-07-04,2016-07-02,True,19,1.3780000000001564,2016-07-02T17:00:00Z
3,2026-07-04,2016-07-02,True,20,0.25700000000006185,2016-07-02T18:00:00Z
3,2026-07-04,2016-07-02,True,21,0.21800000000007458,2016-07-02T19:00:00Z
3,2026-07-04,2016-07-02,True,22,0.16499999999996362,2016-07-02T20:00:00Z
3,2026-07-04,2016-07-02,True,23,0.20499999999992724,2016-07-02T21:00:00Z
3,2026-07-05,2016-07-03,True,0,0.4410000000000309,2016-07-02T22:00:00Z
3,2026-07-05,2016-07-03,True,1,0.37400000000002365,2016-07-02T23:00:00Z
3,2026-07-05,2016-07-03,True,2,0.35999999999989996,2016-07-03T00:00:00Z
3,2026-07-05,2016-07-03,True,3,0.3510000000001128,2016-07-03T01:00:00Z
3,2026-07-05,2016-07-03,True,4,0.35400000000004184,2016-07-03T02:00:00Z
3,2026-07-05,2016-07-03,True,5,0.26499999999987267,2016-07-03T03:00:00Z
3,2026-07-05,2016-07-03,True,6,0.2039999999999509,2016-07-03T04:00:00Z
3,2026-07-05,2016-07-03,True,7,0.1770000000001346,2016-07-03T05:00:00Z
3,2026-07-05,2016-07-03,True,8,0.2969999999997981,2016-07-03T06:00:00Z
3,2026-07-05,2016-07-03,True,9,0.47400000000016007,2016-07-03T07:00:00Z
3,2026-07-05,2016-07-03,True,10,0.8189999999997326,2016-07-03T08:00:00Z
3,2026-07-05,2016-07-03,True,11,0.6820000000000164,2016-07-03T09:00:00Z
3,2026-07-05,2016-07-03,True,12,0.581000000000131,2016-07-03T10:00:00Z
3,2026-07-05,2016-07-03,True,13,0.6900000000000546,2016-07-03T11:00:00Z
3,2026-07-05,2016-07-03,True,14,1.3220000000001164,2016-07-03T12:00:00Z
3,2026-07-05,2016-07-03,True,15,1.2749999999998636,2016-07-03T13:00:00Z
3,2026-07-05,2016-07-03,True,16,1.8990000000001146,2016-07-03T14:00:00Z
3,2026-07-05,2016-07-03,True,17,1.5129999999996926,2016-07-03T15:00:00Z
3,2026-07-05,2016-07-03,True,18,0.8589999999999236,2016-07-03T16:00:00Z
3,2026-07-05,2016-07-03,True,19,0.8150000000002819,2016-07-03T17:00:00Z
3,2026-07-05,2016-07-03,True,20,0.5489999999997508,2016-07-03T18:00:00Z
3,2026-07-05,2016-07-03,True,21,0.4390000000000782,2016-07-03T19:00:00Z
3,2026-07-05,2016-07-03,True,22,0.525000000000091,2016-07-03T20:00:00Z
3,2026-07-05,2016-07-03,True,23,0.9499999999998181,2016-07-03T21:00:00Z
3,2026-07-06,2016-07-04,True,0,0.5910000000001219,2016-07-03T22:00:00Z
3,2026-07-06,2016-07-04,True,1,0.6440000000000055,2016-07-03T23:00:00Z
3,2026-07-06,2016-07-04,True,2,0.18100000000004002,2016-07-04T00:00:00Z
3,2026-07-06,2016-07-04,True,3,0.16499999999996362,2016-07-04T01:00:00Z
3,2026-07-06,2016-07-04,True,4,0.18899999999985084,2016-07-04T02:00:00Z
3,2026-07-06,2016-07-04,True,5,0.1290000000001328,2016-07-04T03:00:00Z
3,2026-07-06,2016-07-04,True,6,0.31700000000023465,2016-07-04T04:00:00Z
3,2026-07-06,2016-07-04,True,7,0.2929999999996653,2016-07-04T05:00:00Z
3,2026-07-06,2016-07-04,True,8,0.2560000000000855,2016-07-04T06:00:00Z
3,2026-07-06,2016-07-04,True,9,0.17799999999988358,2016-07-04T07:00:00Z
3,2026-07-06,2016-07-04,True,10,0.15600000000017644,2016-07-04T08:00:00Z
3,2026-07-06,2016-07-04,True,11,0.18099999999981264,2016-07-04T09:00:00Z
3,2026-07-06,2016-07-04,True,12,0.11199999999985266,2016-07-04T10:00:00Z
3,2026-07-06,2016-07-04,True,13,0.40100000000052205,2016-07-04T11:00:00Z
3,2026-07-06,2016-07-04,True,14,0.3839999999997872,2016-07-04T12:00:00Z
3,2026-07-06,2016-07-04,True,15,0.21400000000016917,2016-07-04T13:00:00Z
3,2026-07-06,2016-07-04,True,16,0.34699999999952524,2016-07-04T14:00:00Z
3,2026-07-06,2016-07-04,True,17,0.30300000000011096,2016-07-04T15:00:00Z
3,2026-07-06,2016-07-04,True,18,0.49600000000032196,2016-07-04T16:00:00Z
3,2026-07-06,2016-07-04,True,19,0.5059999999998581,2016-07-04T17:00:00Z
3,2026-07-06,2016-07-04,True,20,1.0599999999999454,2016-07-04T18:00:00Z
3,2026-07-06,2016-07-04,True,21,0.38599999999996726,2016-07-04T19:00:00Z
3,2026-07-06,2016-07-04,True,22,0.6549999999999727,2016-07-04T20:00:00Z
3,2026-07-06,2016-07-04,True,23,0.48900000000003274,2016-07-04T21:00:00Z
3,2026-07-07,2016-07-05,True,0,0.5699999999999363,2016-07-04T22:00:00Z
3,2026-07-07,2016-07-05,True,1,0.43600000000014916,2016-07-04T23:00:00Z
3,2026-07-07,2016-07-05,True,2,0.46900000000005093,2016-07-05T00:00:00Z
3,2026-07-07,2016-07-05,True,3,0.4199999999998454,2016-07-05T01:00:00Z
3,2026-07-07,2016-07-05,True,4,0.41000000000008185,2016-07-05T02:00:00Z
3,2026-07-07,2016-07-05,True,5,0.3930000000000291,2016-07-05T03:00:00Z
3,2026-07-07,2016-07-05,True,6,0.4149999999999636,2016-07-05T04:00:00Z
3,2026-07-07,2016-07-05,True,7,0.7680000000002565,2016-07-05T05:00:00Z
3,2026-07-07,2016-07-05,True,8,0.2989999999997508,2016-07-05T06:00:00Z
3,2026-07-07,2016-07-05,True,9,0.45400000000017826,2016-07-05T07:00:00Z
3,2026-07-07,2016-07-05,True,10,0.431999999999789,2016-07-05T08:00:00Z
3,2026-07-07,2016-07-05,True,11,0.47099999999977626,2016-07-05T09:00:00Z
3,2026-07-07,2016-07-05,True,12,0.35500000000047294,2016-07-05T10:00:00Z
3,2026-07-07,2016-07-05,True,13,0.4639999999999418,2016-07-05T11:00:00Z
3,2026-07-07,2016-07-05,True,14,0.41800000000012005,2016-07-05T12:00:00Z
3,2026-07-07,2016-07-05,True,15,0.22499999999990905,2016-07-05T13:00:00Z
3,2026-07-07,2016-07-05,True,16,0.7119999999999891,2016-07-05T14:00:00Z
3,2026-07-07,2016-07-05,True,17,1.0759999999997945,2016-07-05T15:00:00Z
3,2026-07-07,2016-07-05,True,18,0.9670000000000982,2016-07-05T16:00:00Z
3,2026-07-07,2016-07-05,True,19,1.1740000000002055,2016-07-05T17:00:00Z
3,2026-07-07,2016-07-05,True,20,0.7929999999998927,2016-07-05T18:00:00Z
3,2026-07-07,2016-07-05,True,21,2.7789999999999964,2016-07-05T19:00:00Z
3,2026-07-07,2016-07-05,True,22,1.4610000000000127,2016-07-05T20:00:00Z
3,2026-07-07,2016-07-05,True,23,0.6949999999999363,2016-07-05T21:00:00Z
3,2026-07-08,2016-07-06,True,0,0.43000000000006366,2016-07-05T22:00:00Z
3,2026-07-08,2016-07-06,True,1,0.32999999999992724,2016-07-05T23:00:00Z
3,2026-07-08,2016-07-06,True,2,0.3890000000001237,2016-07-06T00:00:00Z
3,2026-07-08,2016-07-06,True,3,0.30999999999994543,2016-07-06T01:00:00Z
3,2026-07-08,2016-07-06,True,4,0.36000000000012733,2016-07-06T02:00:00Z
3,2026-07-08,2016-07-06,True,5,0.2849999999998545,2016-07-06T03:00:00Z
3,2026-07-08,2016-07-06,True,6,0.3529999999998381,2016-07-06T04:00:00Z
3,2026-07-08,2016-07-06,True,7,0.5150000000001,2016-07-06T05:00:00Z
3,2026-07-08,2016-07-06,True,8,0.4700000000000273,2016-07-06T06:00:00Z
3,2026-07-08,2016-07-06,True,9,0.30399999999985994,2016-07-06T07:00:00Z
3,2026-07-08,2016-07-06,True,10,0.2680000000002565,2016-07-06T08:00:00Z
3,2026-07-08,2016-07-06,True,11,0.19299999999975626,2016-07-06T09:00:00Z
3,2026-07-08,2016-07-06,True,12,0.3160000000000309,2016-07-06T10:00:00Z
3,2026-07-08,2016-07-06,True,13,1.0209999999999582,2016-07-06T11:00:00Z
3,2026-07-08,2016-07-06,True,14,0.44200000000023465,2016-07-06T12:00:00Z
3,2026-07-08,2016-07-06,True,15,0.3369999999999891,2016-07-06T13:00:00Z
3,2026-07-08,2016-07-06,True,16,0.6039999999998145,2016-07-06T14:00:00Z
3,2026-07-08,2016-07-06,True,17,0.6820000000000164,2016-07-06T15:00:00Z
3,2026-07-08,2016-07-06,True,18,0.9770000000003165,2016-07-06T16:00:00Z
3,2026-07-08,2016-07-06,True,19,0.7789999999995416,2016-07-06T17:00:00Z
3,2026-07-08,2016-07-06,True,20,0.5600000000004002,2016-07-06T18:00:00Z
3,2026-07-08,2016-07-06,True,21,1.1859999999999218,2016-07-06T19:00:00Z
3,2026-07-08,2016-07-06,True,22,2.339000000000169,2016-07-06T20:00:00Z
3,2026-07-08,2016-07-06,True,23,1.6899999999998272,2016-07-06T21:00:00Z
3,2026-07-09,2016-07-07,True,0,0.9760000000001128,2016-07-06T22:00:00Z
3,2026-07-09,2016-07-07,True,1,1.1199999999998909,2016-07-06T23:00:00Z
3,2026-07-09,2016-07-07,True,2,0.3650000000000091,2016-07-07T00:00:00Z
3,2026-07-09,2016-07-07,True,3,0.18400000000019645,2016-07-07T01:00:00Z
3,2026-07-09,2016-07-07,True,4,0.19499999999993634,2016-07-07T02:00:00Z
3,2026-07-09,2016-07-07,True,5,0.19299999999952888,2016-07-07T03:00:00Z
3,2026-07-09,2016-07-07,True,6,0.14000000000010004,2016-07-07T04:00:00Z
3,2026-07-09,2016-07-07,True,7,1.2010000000000218,2016-07-07T05:00:00Z
3,2026-07-09,2016-07-07,True,8,1.553000000000111,2016-07-07T06:00:00Z
3,2026-07-09,2016-07-07,True,9,0.2880000000000109,2016-07-07T07:00:00Z
3,2026-07-09,2016-07-07,True,10,0.19299999999998363,2016-07-07T08:00:00Z
3,2026-07-09,2016-07-07,True,11,0.1979999999998654,2016-07-07T09:00:00Z
3,2026-07-09,2016-07-07,True,12,0.8580000000001746,2016-07-07T10:00:00Z
3,2026-07-09,2016-07-07,True,13,1.4649999999996908,2016-07-07T11:00:00Z
3,2026-07-09,2016-07-07,True,14,1.2980000000004566,2016-07-07T12:00:00Z
3,2026-07-09,2016-07-07,True,15,2.147999999999456,2016-07-07T13:00:00Z
3,2026-07-09,2016-07-07,True,16,0.45800000000031105,2016-07-07T14:00:00Z
3,2026-07-09,2016-07-07,True,17,0.43800000000010186,2016-07-07T15:00:00Z
3,2026-07-09,2016-07-07,True,18,1.8719999999998436,2016-07-07T16:00:00Z
3,2026-07-09,2016-07-07,True,19,1.413000000000011,2016-07-07T17:00:00Z
3,2026-07-09,2016-07-07,True,20,1.5080000000002656,2016-07-07T18:00:00Z
3,2026-07-09,2016-07-07,True,21,1.6759999999997035,2016-07-07T19:00:00Z
3,2026-07-09,2016-07-07,True,22,2.076999999999998,2016-07-07T20:00:00Z
3,2026-07-09,2016-07-07,True,23,1.7540000000001328,2016-07-07T21:00:00Z
3,2026-07-10,2016-07-08,True,0,1.1549999999999727,2016-07-07T22:00:00Z
3,2026-07-10,2016-07-08,True,1,0.7899999999999636,2016-07-07T23:00:00Z
3,2026-07-10,2016-07-08,True,2,0.6900000000000546,2016-07-08T00:00:00Z
3,2026-07-10,2016-07-08,True,3,0.6509999999998399,2016-07-08T01:00:00Z
3,2026-07-10,2016-07-08,True,4,0.5880000000001928,2016-07-08T02:00:00Z
3,2026-07-10,2016-07-08,True,5,0.2840000000001055,2016-07-08T03:00:00Z
3,2026-07-10,2016-07-08,True,6,0.3309999999996762,2016-07-08T04:00:00Z
3,2026-07-10,2016-07-08,True,7,0.3009999999999309,2016-07-08T05:00:00Z
3,2026-07-10,2016-07-08,True,8,0.7290000000002692,2016-07-08T06:00:00Z
3,2026-07-10,2016-07-08,True,9,0.3009999999999309,2016-07-08T07:00:00Z
3,2026-07-10,2016-07-08,True,10,0.45400000000017826,2016-07-08T08:00:00Z
3,2026-07-10,2016-07-08,True,11,0.6309999999996307,2016-07-08T09:00:00Z
3,2026-07-10,2016-07-08,True,12,0.2810000000004038,2016-07-08T10:00:00Z
3,2026-07-10,2016-07-08,True,13,1.2219999999997526,2016-07-08T11:00:00Z
3,2026-07-10,2016-07-08,True,14,1.2010000000002492,2016-07-08T12:00:00Z
3,2026-07-10,2016-07-08,True,15,2.084999999999809,2016-07-08T13:00:00Z
3,2026-07-10,2016-07-08,True,16,0.35199999999986176,2016-07-08T14:00:00Z
3,2026-07-10,2016-07-08,True,17,0.19400000000018736,2016-07-08T15:00:00Z
3,2026-07-10,2016-07-08,True,18,0.5359999999998308,2016-07-08T16:00:00Z
3,2026-07-10,2016-07-08,True,19,0.3849999999999909,2016-07-08T17:00:00Z
3,2026-07-10,2016-07-08,True,20,0.5480000000000018,2016-07-08T18:00:00Z
3,2026-07-10,2016-07-08,True,21,0.5309999999999491,2016-07-08T19:00:00Z
3,2026-07-10,2016-07-08,True,22,0.7950000000000728,2016-07-08T20:00:00Z
3,2026-07-10,2016-07-08,True,23,0.4490000000000691,2016-07-08T21:00:00Z
3,2026-07-11,2016-07-09,True,0,0.20100000000002183,2016-07-08T22:00:00Z
3,2026-07-11,2016-07-09,True,1,0.19899999999984175,2016-07-08T23:00:00Z
3,2026-07-11,2016-07-09,True,2,0.49500000000011823,2016-07-09T00:00:00Z
3,2026-07-11,2016-07-09,True,3,0.4759999999998854,2016-07-09T01:00:00Z
3,2026-07-11,2016-07-09,True,4,0.47400000000016007,2016-07-09T02:00:00Z
3,2026-07-11,2016-07-09,True,5,0.5,2016-07-09T03:00:00Z
3,2026-07-11,2016-07-09,True,6,0.3729999999998199,2016-07-09T04:00:00Z
3,2026-07-11,2016-07-09,True,7,0.19900000000006912,2016-07-09T05:00:00Z
3,2026-07-11,2016-07-09,True,8,0.4559999999999036,2016-07-09T06:00:00Z
3,2026-07-11,2016-07-09,True,9,0.5510000000001583,2016-07-09T07:00:00Z
3,2026-07-11,2016-07-09,True,10,1.3940000000000055,2016-07-09T08:00:00Z
3,2026-07-11,2016-07-09,True,11,0.27800000000002,2016-07-09T09:00:00Z
3,2026-07-11,2016-07-09,True,12,0.38999999999987267,2016-07-09T10:00:00Z
3,2026-07-11,2016-07-09,True,13,0.37000000000011823,2016-07-09T11:00:00Z
3,2026-07-11,2016-07-09,True,14,0.5599999999999454,2016-07-09T12:00:00Z
3,2026-07-11,2016-07-09,True,15,0.6000000000001364,2016-07-09T13:00:00Z
3,2026-07-11,2016-07-09,True,16,0.22199999999975262,2016-07-09T14:00:00Z
3,2026-07-11,2016-07-09,True,17,0.5850000000002638,2016-07-09T15:00:00Z
3,2026-07-11,2016-07-09,True,18,1.4339999999997417,2016-07-09T16:00:00Z
3,2026-07-11,2016-07-09,True,19,1.1530000000002474,2016-07-09T17:00:00Z
3,2026-07-11,2016-07-09,True,20,0.7369999999998527,2016-07-09T18:00:00Z
3,2026-07-11,2016-07-09,True,21,0.915000000000191,2016-07-09T19:00:00Z
3,2026-07-11,2016-07-09,True,22,1.5359999999998308,2016-07-09T20:00:00Z
3,2026-07-11,2016-07-09,True,23,1.3640000000000327,2016-07-09T21:00:00Z
3,2026-07-12,2016-07-10,True,0,0.8550000000000182,2016-07-09T22:00:00Z
3,2026-07-12,2016-07-10,True,1,0.5609999999999218,2016-07-09T23:00:00Z
3,2026-07-12,2016-07-10,True,2,0.29900000000020555,2016-07-10T00:00:00Z
3,2026-07-12,2016-07-10,True,3,0.23499999999989996,2016-07-10T01:00:00Z
3,2026-07-12,2016-07-10,True,4,0.2739999999998872,2016-07-10T02:00:00Z
3,2026-07-12,2016-07-10,True,5,0.19399999999995998,2016-07-10T03:00:00Z
3,2026-07-12,2016-07-10,True,6,0.23600000000033106,2016-07-10T04:00:00Z
3,2026-07-12,2016-07-10,True,7,0.24899999999979627,2016-07-10T05:00:00Z
3,2026-07-12,2016-07-10,True,8,0.33900000000016917,2016-07-10T06:00:00Z
3,2026-07-12,2016-07-10,True,9,0.5319999999999254,2016-07-10T07:00:00Z
3,2026-07-12,2016-07-10,True,10,0.30999999999994543,2016-07-10T08:00:00Z
3,2026-07-12,2016-07-10,True,11,0.2980000000000018,2016-07-10T09:00:00Z
3,2026-07-12,2016-07-10,True,12,2.1019999999998618,2016-07-10T10:00:00Z
3,2026-07-12,2016-07-10,True,13,1.1890000000003056,2016-07-10T11:00:00Z
3,2026-07-12,2016-07-10,True,14,1.3689999999996871,2016-07-10T12:00:00Z
3,2026-07-12,2016-07-10,True,15,0.47900000000004184,2016-07-10T13:00:00Z
3,2026-07-12,2016-07-10,True,16,1.5130000000003747,2016-07-10T14:00:00Z
3,2026-07-12,2016-07-10,True,17,1.1149999999997817,2016-07-10T15:00:00Z
3,2026-07-12,2016-07-10,True,18,0.3429999999998472,2016-07-10T16:00:00Z
3,2026-07-12,2016-07-10,True,19,0.3269999999999982,2016-07-10T17:00:00Z
3,2026-07-12,2016-07-10,True,20,0.5100000000002183,2016-07-10T18:00:00Z
3,2026-07-12,2016-07-10,True,21,0.7999999999999545,2016-07-10T19:00:00Z
3,2026-07-12,2016-07-10,True,22,1.0750000000000455,2016-07-10T20:00:00Z
3,2026-07-12,2016-07-10,True,23,0.6399999999998727,2016-07-10T21:00:00Z
3,2026-07-13,2016-07-11,True,0,0.5299999999999727,2016-07-10T22:00:00Z
3,2026-07-13,2016-07-11,True,1,0.48099999999999454,2016-07-10T23:00:00Z
3,2026-07-13,2016-07-11,True,2,0.5140000000001237,2016-07-11T00:00:00Z
3,2026-07-13,2016-07-11,True,3,0.49499999999989086,2016-07-11T01:00:00Z
3,2026-07-13,2016-07-11,True,4,0.28500000000008185,2016-07-11T02:00:00Z
3,2026-07-13,2016-07-11,True,5,0.15499999999974534,2016-07-11T03:00:00Z
3,2026-07-13,2016-07-11,True,6,0.3670000000001892,2016-07-11T04:00:00Z
3,2026-07-13,2016-07-11,True,7,0.6000000000001364,2016-07-11T05:00:00Z
3,2026-07-13,2016-07-11,True,8,0.20299999999974716,2016-07-11T06:00:00Z
3,2026-07-13,2016-07-11,True,9,0.2760000000002947,2016-07-11T07:00:00Z
3,2026-07-13,2016-07-11,True,10,0.26499999999987267,2016-07-11T08:00:00Z
3,2026-07-13,2016-07-11,True,11,0.3170000000000073,2016-07-11T09:00:00Z
3,2026-07-13,2016-07-11,True,12,0.2319999999999709,2016-07-11T10:00:00Z
3,2026-07-13,2016-07-11,True,13,0.9289999999998599,2016-07-11T11:00:00Z
3,2026-07-13,2016-07-11,True,14,0.7679999999998017,2016-07-11T12:00:00Z
3,2026-07-13,2016-07-11,True,15,1.4710000000004584,2016-07-11T13:00:00Z
3,2026-07-13,2016-07-11,True,16,0.4459999999999127,2016-07-11T14:00:00Z
3,2026-07-13,2016-07-11,True,17,0.6750000000001819,2016-07-11T15:00:00Z
3,2026-07-13,2016-07-11,True,18,0.46499999999969077,2016-07-11T16:00:00Z
3,2026-07-13,2016-07-11,True,19,0.38000000000010914,2016-07-11T17:00:00Z
3,2026-07-13,2016-07-11,True,20,0.35199999999986176,2016-07-11T18:00:00Z
3,2026-07-13,2016-07-11,True,21,0.38400000000001455,2016-07-11T19:00:00Z
3,2026-07-13,2016-07-11,True,22,0.7960000000000491,2016-07-11T20:00:00Z
3,2026-07-13,2016-07-11,True,23,0.5650000000000546,2016-07-11T21:00:00Z
3,2026-07-14,2016-07-12,True,0,0.40399999999999636,2016-07-11T22:00:00Z
3,2026-07-14,2016-07-12,True,1,0.36999999999989086,2016-07-11T23:00:00Z
3,2026-07-14,2016-07-12,True,2,0.43000000000006366,2016-07-12T00:00:00Z
3,2026-07-14,2016-07-12,True,3,0.18000000000006366,2016-07-12T01:00:00Z
3,2026-07-14,2016-07-12,True,4,0.1349999999999909,2016-07-12T02:00:00Z
3,2026-07-14,2016-07-12,True,5,0.15099999999983993,2016-07-12T03:00:00Z
3,2026-07-14,2016-07-12,True,6,0.1430000000000291,2016-07-12T04:00:00Z
3,2026-07-14,2016-07-12,True,7,0.2870000000004893,2016-07-12T05:00:00Z
3,2026-07-14,2016-07-12,True,8,0.28799999999978354,2016-07-12T06:00:00Z
3,2026-07-14,2016-07-12,True,9,0.3009999999997035,2016-07-12T07:00:00Z
3,2026-07-14,2016-07-12,True,10,0.4839999999999236,2016-07-12T08:00:00Z
3,2026-07-14,2016-07-12,True,11,0.44900000000052387,2016-07-12T09:00:00Z
3,2026-07-14,2016-07-12,True,12,0.2999999999994998,2016-07-12T10:00:00Z
3,2026-07-14,2016-07-12,True,13,0.19000000000028194,2016-07-12T11:00:00Z
3,2026-07-14,2016-07-12,True,14,0.3079999999999927,2016-07-12T12:00:00Z
3,2026-07-14,2016-07-12,True,15,0.39000000000010004,2016-07-12T13:00:00Z
3,2026-07-14,2016-07-12,True,16,0.6489999999998872,2016-07-12T14:00:00Z
3,2026-07-14,2016-07-12,True,17,0.31799999999998363,2016-07-12T15:00:00Z
3,2026-07-14,2016-07-12,True,18,0.599999999999909,2016-07-12T16:00:00Z
3,2026-07-14,2016-07-12,True,19,1.2760000000002947,2016-07-12T17:00:00Z
3,2026-07-14,2016-07-12,True,20,0.866999999999507,2016-07-12T18:00:00Z
3,2026-07-14,2016-07-12,True,21,0.4940000000001419,2016-07-12T19:00:00Z
3,2026-07-14,2016-07-12,True,22,0.890999999999849,2016-07-12T20:00:00Z
3,2026-07-14,2016-07-12,True,23,1.2000000000000455,2016-07-12T21:00:00Z
3,2026-07-15,2016-07-13,True,0,0.4339999999999691,2016-07-12T22:00:00Z
3,2026-07-15,2016-07-13,True,1,0.43000000000006366,2016-07-12T23:00:00Z
3,2026-07-15,2016-07-13,True,2,0.38599999999996726,2016-07-13T00:00:00Z
3,2026-07-15,2016-07-13,True,3,0.2599999999999909,2016-07-13T01:00:00Z
3,2026-07-15,2016-07-13,True,4,0.24500000000011823,2016-07-13T02:00:00Z
3,2026-07-15,2016-07-13,True,5,0.12599999999997635,2016-07-13T03:00:00Z
3,2026-07-15,2016-07-13,True,6,0.5550000000000637,2016-07-13T04:00:00Z
3,2026-07-15,2016-07-13,True,7,0.3369999999999891,2016-07-13T05:00:00Z
3,2026-07-15,2016-07-13,True,8,0.14299999999980173,2016-07-13T06:00:00Z
3,2026-07-15,2016-07-13,True,9,0.2350000000003547,2016-07-13T07:00:00Z
3,2026-07-15,2016-07-13,True,10,0.3429999999998472,2016-07-13T08:00:00Z
3,2026-07-15,2016-07-13,True,11,0.43699999999989814,2016-07-13T09:00:00Z
3,2026-07-15,2016-07-13,True,12,0.6639999999999873,2016-07-13T10:00:00Z
3,2026-07-15,2016-07-13,True,13,0.956000000000131,2016-07-13T11:00:00Z
3,2026-07-15,2016-07-13,True,14,0.4839999999999236,2016-07-13T12:00:00Z
3,2026-07-15,2016-07-13,True,15,0.35599999999999454,2016-07-13T13:00:00Z
3,2026-07-15,2016-07-13,True,16,0.40000000000009095,2016-07-13T14:00:00Z
3,2026-07-15,2016-07-13,True,17,1.0219999999999345,2016-07-13T15:00:00Z
3,2026-07-15,2016-07-13,True,18,1.1970000000003438,2016-07-13T16:00:00Z
3,2026-07-15,2016-07-13,True,19,1.6539999999999964,2016-07-13T17:00:00Z
3,2026-07-15,2016-07-13,True,20,1.8699999999996635,2016-07-13T18:00:00Z
3,2026-07-15,2016-07-13,True,21,1.1710000000000491,2016-07-13T19:00:00Z
3,2026-07-15,2016-07-13,True,22,1.9300000000000637,2016-07-13T20:00:00Z
3,2026-07-15,2016-07-13,True,23,1.4789999999998145,2016-07-13T21:00:00Z
3,2026-07-16,2016-07-14,True,0,0.915000000000191,2016-07-13T22:00:00Z
3,2026-07-16,2016-07-14,True,1,0.6150000000000091,2016-07-13T23:00:00Z
3,2026-07-16,2016-07-14,True,2,0.6749999999999545,2016-07-14T00:00:00Z
3,2026-07-16,2016-07-14,True,3,0.6559999999999491,2016-07-14T01:00:00Z
3,2026-07-16,2016-07-14,True,4,0.5039999999999054,2016-07-14T02:00:00Z
3,2026-07-16,2016-07-14,True,5,0.2400000000000091,2016-07-14T03:00:00Z
3,2026-07-16,2016-07-14,True,6,0.18100000000004002,2016-07-14T04:00:00Z
3,2026-07-16,2016-07-14,True,7,0.38200000000006185,2016-07-14T05:00:00Z
3,2026-07-16,2016-07-14,True,8,0.4019999999998163,2016-07-14T06:00:00Z
3,2026-07-16,2016-07-14,True,9,0.28600000000051296,2016-07-14T07:00:00Z
3,2026-07-16,2016-07-14,True,10,0.4459999999999127,2016-07-14T08:00:00Z
3,2026-07-16,2016-07-14,True,11,0.6189999999996871,2016-07-14T09:00:00Z
3,2026-07-16,2016-07-14,True,12,1.2420000000001892,2016-07-14T10:00:00Z
3,2026-07-16,2016-07-14,True,13,1.1889999999996235,2016-07-14T11:00:00Z
3,2026-07-16,2016-07-14,True,14,0.4600000000004911,2016-07-14T12:00:00Z
3,2026-07-16,2016-07-14,True,15,0.5369999999998072,2016-07-14T13:00:00Z
3,2026-07-16,2016-07-14,True,16,0.6079999999999472,2016-07-14T14:00:00Z
3,2026-07-16,2016-07-14,True,17,0.5139999999998963,2016-07-14T15:00:00Z
3,2026-07-16,2016-07-14,True,18,1.6209999999998672,2016-07-14T16:00:00Z
3,2026-07-16,2016-07-14,True,19,1.983000000000402,2016-07-14T17:00:00Z
3,2026-07-16,2016-07-14,True,20,1.2139999999999418,2016-07-14T18:00:00Z
3,2026-07-16,2016-07-14,True,21,0.8899999999998727,2016-07-14T19:00:00Z
3,2026-07-16,2016-07-14,True,22,0.5510000000001583,2016-07-14T20:00:00Z
3,2026-07-16,2016-07-14,True,23,0.14400000000000546,2016-07-14T21:00:00Z
3,2026-07-17,2016-07-15,True,0,0.1349999999999909,2016-07-14T22:00:00Z
3,2026-07-17,2016-07-15,True,1,0.16499999999996362,2016-07-14T23:00:00Z
3,2026-07-17,2016-07-15,True,2,0.15000000000009095,2016-07-15T00:00:00Z
3,2026-07-17,2016-07-15,True,3,0.16099999999983083,2016-07-15T01:00:00Z
3,2026-07-17,2016-07-15,True,4,0.9100000000000819,2016-07-15T02:00:00Z
3,2026-07-17,2016-07-15,True,5,0.19399999999995998,2016-07-15T03:00:00Z
3,2026-07-17,2016-07-15,True,6,0.3569999999997435,2016-07-15T04:00:00Z
3,2026-07-17,2016-07-15,True,7,0.29300000000012005,2016-07-15T05:00:00Z
3,2026-07-17,2016-07-15,True,8,0.19200000000000728,2016-07-15T06:00:00Z
3,2026-07-17,2016-07-15,True,9,0.19700000000011642,2016-07-15T07:00:00Z
3,2026-07-17,2016-07-15,True,10,0.25,2016-07-15T08:00:00Z
3,2026-07-17,2016-07-15,True,11,0.34799999999995634,2016-07-15T09:00:00Z
3,2026-07-17,2016-07-15,True,12,0.2589999999997872,2016-07-15T10:00:00Z
3,2026-07-17,2016-07-15,True,13,0.3040000000000873,2016-07-15T11:00:00Z
3,2026-07-17,2016-07-15,True,14,0.16000000000008185,2016-07-15T12:00:00Z
3,2026-07-17,2016-07-15,True,15,0.2419999999999618,2016-07-15T13:00:00Z
3,2026-07-17,2016-07-15,True,16,0.19900000000006912,2016-07-15T14:00:00Z
3,2026-07-17,2016-07-15,True,17,0.19900000000006912,2016-07-15T15:00:00Z
3,2026-07-17,2016-07-15,True,18,0.2740000000001146,2016-07-15T16:00:00Z
3,2026-07-17,2016-07-15,True,19,0.42099999999982174,2016-07-15T17:00:00Z
3,2026-07-17,2016-07-15,True,20,0.48000000000024556,2016-07-15T18:00:00Z
3,2026-07-17,2016-07-15,True,21,0.7349999999999,2016-07-15T19:00:00Z
3,2026-07-17,2016-07-15,True,22,0.7100000000000364,2016-07-15T20:00:00Z
3,2026-07-17,2016-07-15,True,23,0.3350000000000364,2016-07-15T21:00:00Z
3,2026-07-18,2016-07-16,True,0,0.4249999999999545,2016-07-15T22:00:00Z
3,2026-07-18,2016-07-16,True,1,0.9410000000000309,2016-07-15T23:00:00Z
3,2026-07-18,2016-07-16,True,2,0.6190000000001419,2016-07-16T00:00:00Z
3,2026-07-18,2016-07-16,True,3,0.26499999999987267,2016-07-16T01:00:00Z
3,2026-07-18,2016-07-16,True,4,0.3410000000001219,2016-07-16T02:00:00Z
3,2026-07-18,2016-07-16,True,5,0.14899999999988722,2016-07-16T03:00:00Z
3,2026-07-18,2016-07-16,True,6,0.19799999999963802,2016-07-16T04:00:00Z
3,2026-07-18,2016-07-16,True,7,0.2540000000001328,2016-07-16T05:00:00Z
3,2026-07-18,2016-07-16,True,8,0.46899999999982356,2016-07-16T06:00:00Z
3,2026-07-18,2016-07-16,True,9,0.4210000000000491,2016-07-16T07:00:00Z
3,2026-07-18,2016-07-16,True,10,0.24500000000011823,2016-07-16T08:00:00Z
3,2026-07-18,2016-07-16,True,11,1.3260000000000218,2016-07-16T09:00:00Z
3,2026-07-18,2016-07-16,True,12,1.2350000000003547,2016-07-16T10:00:00Z
3,2026-07-18,2016-07-16,True,13,0.2919999999999163,2016-07-16T11:00:00Z
3,2026-07-18,2016-07-16,True,14,0.9989999999997963,2016-07-16T12:00:00Z
3,2026-07-18,2016-07-16,True,15,0.5030000000001564,2016-07-16T13:00:00Z
3,2026-07-18,2016-07-16,True,16,0.8989999999996598,2016-07-16T14:00:00Z
3,2026-07-18,2016-07-16,True,17,0.580000000000382,2016-07-16T15:00:00Z
3,2026-07-18,2016-07-16,True,18,0.5229999999996835,2016-07-16T16:00:00Z
3,2026-07-18,2016-07-16,True,19,1.1539999999999964,2016-07-16T17:00:00Z
3,2026-07-18,2016-07-16,True,20,1.1460000000001855,2016-07-16T18:00:00Z
3,2026-07-18,2016-07-16,True,21,0.44399999999996,2016-07-16T19:00:00Z
3,2026-07-18,2016-07-16,True,22,0.8800000000001091,2016-07-16T20:00:00Z
3,2026-07-18,2016-07-16,True,23,0.5059999999998581,2016-07-16T21:00:00Z
3,2026-07-19,2016-07-17,True,0,1.384999999999991,2016-07-16T22:00:00Z
3,2026-07-19,2016-07-17,True,1,1.0090000000000146,2016-07-16T23:00:00Z
3,2026-07-19,2016-07-17,True,2,0.6210000000000946,2016-07-17T00:00:00Z
3,2026-07-19,2016-07-17,True,3,0.6839999999999691,2016-07-17T01:00:00Z
3,2026-07-19,2016-07-17,True,4,0.5240000000001146,2016-07-17T02:00:00Z
3,2026-07-19,2016-07-17,True,5,0.2640000000001237,2016-07-17T03:00:00Z
3,2026-07-19,2016-07-17,True,6,0.1949999999994816,2016-07-17T04:00:00Z
3,2026-07-19,2016-07-17,True,7,0.18000000000006366,2016-07-17T05:00:00Z
3,2026-07-19,2016-07-17,True,8,0.3420000000003256,2016-07-17T06:00:00Z
3,2026-07-19,2016-07-17,True,9,0.15499999999974534,2016-07-17T07:00:00Z
3,2026-07-19,2016-07-17,True,10,0.8569999999997435,2016-07-17T08:00:00Z
3,2026-07-19,2016-07-17,True,11,0.4410000000002583,2016-07-17T09:00:00Z
3,2026-07-19,2016-07-17,True,12,0.36000000000012733,2016-07-17T10:00:00Z
3,2026-07-19,2016-07-17,True,13,0.8510000000001128,2016-07-17T11:00:00Z
3,2026-07-19,2016-07-17,True,14,0.9659999999998945,2016-07-17T12:00:00Z
3,2026-07-19,2016-07-17,True,15,0.7979999999995471,2016-07-17T13:00:00Z
3,2026-07-19,2016-07-17,True,16,1.2890000000002146,2016-07-17T14:00:00Z
3,2026-07-19,2016-07-17,True,17,0.6720000000002528,2016-07-17T15:00:00Z
3,2026-07-19,2016-07-17,True,18,0.515999999999849,2016-07-17T16:00:00Z
3,2026-07-19,2016-07-17,True,19,0.765999999999849,2016-07-17T17:00:00Z
3,2026-07-19,2016-07-17,True,20,0.8840000000002419,2016-07-17T18:00:00Z
3,2026-07-19,2016-07-17,True,21,0.8889999999996689,2016-07-17T19:00:00Z
3,2026-07-19,2016-07-17,True,22,1.0050000000001091,2016-07-17T20:00:00Z
3,2026-07-19,2016-07-17,True,23,1.1549999999999727,2016-07-17T21:00:00Z
3,2026-07-20,2016-07-18,True,0,0.5540000000000873,2016-07-17T22:00:00Z
3,2026-07-20,2016-07-18,True,1,0.35999999999989996,2016-07-17T23:00:00Z
3,2026-07-20,2016-07-18,True,2,0.25500000000010914,2016-07-18T00:00:00Z
3,2026-07-20,2016-07-18,True,3,0.22000000000002728,2016-07-18T01:00:00Z
3,2026-07-20,2016-07-18,True,4,0.1999999999998181,2016-07-18T02:00:00Z
3,2026-07-20,2016-07-18,True,5,0.2300000000000182,2016-07-18T03:00:00Z
3,2026-07-20,2016-07-18,True,6,0.6539999999999964,2016-07-18T04:00:00Z
3,2026-07-20,2016-07-18,True,7,0.4210000000002765,2016-07-18T05:00:00Z
3,2026-07-20,2016-07-18,True,8,0.20299999999974716,2016-07-18T06:00:00Z
3,2026-07-20,2016-07-18,True,9,0.15200000000004366,2016-07-18T07:00:00Z
3,2026-07-20,2016-07-18,True,10,0.22500000000013642,2016-07-18T08:00:00Z
3,2026-07-20,2016-07-18,True,11,0.14499999999975444,2016-07-18T09:00:00Z
3,2026-07-20,2016-07-18,True,12,0.2250000000003638,2016-07-18T10:00:00Z
3,2026-07-20,2016-07-18,True,13,0.21100000000001273,2016-07-18T11:00:00Z
3,2026-07-20,2016-07-18,True,14,0.20699999999987995,2016-07-18T12:00:00Z
3,2026-07-20,2016-07-18,True,15,0.2539999999999054,2016-07-18T13:00:00Z
3,2026-07-20,2016-07-18,True,16,0.2460000000000946,2016-07-18T14:00:00Z
3,2026-07-20,2016-07-18,True,17,1.497000000000071,2016-07-18T15:00:00Z
3,2026-07-20,2016-07-18,True,18,1.5489999999999782,2016-07-18T16:00:00Z
3,2026-07-20,2016-07-18,True,19,0.9299999999998363,2016-07-18T17:00:00Z
3,2026-07-20,2016-07-18,True,20,0.3910000000000764,2016-07-18T18:00:00Z
3,2026-07-20,2016-07-18,True,21,0.38000000000010914,2016-07-18T19:00:00Z
3,2026-07-20,2016-07-18,True,22,0.8550000000000182,2016-07-18T20:00:00Z
3,2026-07-20,2016-07-18,True,23,0.7949999999998454,2016-07-18T21:00:00Z
3,2026-07-21,2016-07-19,True,0,0.44600000000014006,2016-07-18T22:00:00Z
3,2026-07-21,2016-07-19,True,1,0.29399999999986903,2016-07-18T23:00:00Z
3,2026-07-21,2016-07-19,True,2,0.18000000000006366,2016-07-19T00:00:00Z
3,2026-07-21,2016-07-19,True,3,0.20100000000002183,2016-07-19T01:00:00Z
3,2026-07-21,2016-07-19,True,4,0.2300000000000182,2016-07-19T02:00:00Z
3,2026-07-21,2016-07-19,True,5,0.12400000000002365,2016-07-19T03:00:00Z
3,2026-07-21,2016-07-19,True,6,0.2949999999998454,2016-07-19T04:00:00Z
3,2026-07-21,2016-07-19,True,7,0.2570000000002892,2016-07-19T05:00:00Z
3,2026-07-21,2016-07-19,True,8,0.25,2016-07-19T06:00:00Z
3,2026-07-21,2016-07-19,True,9,0.21199999999998909,2016-07-19T07:00:00Z
3,2026-07-21,2016-07-19,True,10,0.11599999999998545,2016-07-19T08:00:00Z
3,2026-07-21,2016-07-19,True,11,0.20699999999987995,2016-07-19T09:00:00Z
3,2026-07-21,2016-07-19,True,12,0.21299999999996544,2016-07-19T10:00:00Z
3,2026-07-21,2016-07-19,True,13,0.5090000000000146,2016-07-19T11:00:00Z
3,2026-07-21,2016-07-19,True,14,1.1080000000001746,2016-07-19T12:00:00Z
3,2026-07-21,2016-07-19,True,15,0.656999999999698,2016-07-19T13:00:00Z
3,2026-07-21,2016-07-19,True,16,0.3180000000004384,2016-07-19T14:00:00Z
3,2026-07-21,2016-07-19,True,17,0.2819999999994707,2016-07-19T15:00:00Z
3,2026-07-21,2016-07-19,True,18,0.45400000000017826,2016-07-19T16:00:00Z
3,2026-07-21,2016-07-19,True,19,0.5900000000003729,2016-07-19T17:00:00Z
3,2026-07-21,2016-07-19,True,20,2.12299999999982,2016-07-19T18:00:00Z
3,2026-07-21,2016-07-19,True,21,0.7690000000000055,2016-07-19T19:00:00Z
3,2026-07-21,2016-07-19,True,22,2.025000000000091,2016-07-19T20:00:00Z
3,2026-07-21,2016-07-19,True,23,1.240000000000009,2016-07-19T21:00:00Z
3,2026-07-22,2016-07-20,True,0,0.8199999999999363,2016-07-19T22:00:00Z
3,2026-07-22,2016-07-20,True,1,0.31500000000005457,2016-07-19T23:00:00Z
3,2026-07-22,2016-07-20,True,2,0.4299999999998363,2016-07-20T00:00:00Z
3,2026-07-22,2016-07-20,True,3,0.3300000000001546,2016-07-20T01:00:00Z
3,2026-07-22,2016-07-20,True,4,0.32999999999992724,2016-07-20T02:00:00Z
3,2026-07-22,2016-07-20,True,5,0.16000000000008185,2016-07-20T03:00:00Z
3,2026-07-22,2016-07-20,True,6,0.24599999999963984,2016-07-20T04:00:00Z
3,2026-07-22,2016-07-20,True,7,0.42000000000030013,2016-07-20T05:00:00Z
3,2026-07-22,2016-07-20,True,8,0.3649999999997817,2016-07-20T06:00:00Z
3,2026-07-22,2016-07-20,True,9,0.31900000000018736,2016-07-20T07:00:00Z
3,2026-07-22,2016-07-20,True,10,1.3149999999998272,2016-07-20T08:00:00Z
3,2026-07-22,2016-07-20,True,11,0.34199999999987085,2016-07-20T09:00:00Z
3,2026-07-22,2016-07-20,True,12,0.3970000000001619,2016-07-20T10:00:00Z
3,2026-07-22,2016-07-20,True,13,1.156999999999698,2016-07-20T11:00:00Z
3,2026-07-22,2016-07-20,True,14,0.930000000000291,2016-07-20T12:00:00Z
3,2026-07-22,2016-07-20,True,15,0.27999999999974534,2016-07-20T13:00:00Z
3,2026-07-22,2016-07-20,True,16,0.1550000000002001,2016-07-20T14:00:00Z
3,2026-07-22,2016-07-20,True,17,0.4939999999999145,2016-07-20T15:00:00Z
3,2026-07-22,2016-07-20,True,18,0.5140000000001237,2016-07-20T16:00:00Z
3,2026-07-22,2016-07-20,True,19,0.5580000000002201,2016-07-20T17:00:00Z
3,2026-07-22,2016-07-20,True,20,0.7460000000000946,2016-07-20T18:00:00Z
3,2026-07-22,2016-07-20,True,21,1.134999999999991,2016-07-20T19:00:00Z
3,2026-07-22,2016-07-20,True,22,2.0149999999998727,2016-07-20T20:00:00Z
3,2026-07-22,2016-07-20,True,23,0.9259999999999309,2016-07-20T21:00:00Z
3,2026-07-23,2016-07-21,True,0,0.8490000000001601,2016-07-20T22:00:00Z
3,2026-07-23,2016-07-21,True,1,0.625,2016-07-20T23:00:00Z
3,2026-07-23,2016-07-21,True,2,0.599999999999909,2016-07-21T00:00:00Z
3,2026-07-23,2016-07-21,True,3,0.22600000000011278,2016-07-21T01:00:00Z
3,2026-07-23,2016-07-21,True,4,0.2639999999998963,2016-07-21T02:00:00Z
3,2026-07-23,2016-07-21,True,5,0.14599999999995816,2016-07-21T03:00:00Z
3,2026-07-23,2016-07-21,True,6,0.4390000000000782,2016-07-21T04:00:00Z
3,2026-07-23,2016-07-21,True,7,0.6079999999997199,2016-07-21T05:00:00Z
3,2026-07-23,2016-07-21,True,8,0.221000000000231,2016-07-21T06:00:00Z
3,2026-07-23,2016-07-21,True,9,0.23899999999980537,2016-07-21T07:00:00Z
3,2026-07-23,2016-07-21,True,10,0.19399999999995998,2016-07-21T08:00:00Z
3,2026-07-23,2016-07-21,True,11,0.4800000000000182,2016-07-21T09:00:00Z
3,2026-07-23,2016-07-21,True,12,0.6790000000000873,2016-07-21T10:00:00Z
3,2026-07-23,2016-07-21,True,13,0.83199999999988,2016-07-21T11:00:00Z
3,2026-07-23,2016-07-21,True,14,0.6870000000001255,2016-07-21T12:00:00Z
3,2026-07-23,2016-07-21,True,15,0.43899999999962347,2016-07-21T13:00:00Z
3,2026-07-23,2016-07-21,True,16,1.040000000000191,2016-07-21T14:00:00Z
3,2026-07-23,2016-07-21,True,17,0.5920000000000982,2016-07-21T15:00:00Z
3,2026-07-23,2016-07-21,True,18,0.9640000000001692,2016-07-21T16:00:00Z
3,2026-07-23,2016-07-21,True,19,1.4439999999997326,2016-07-21T17:00:00Z
3,2026-07-23,2016-07-21,True,20,1.1080000000001746,2016-07-21T18:00:00Z
3,2026-07-23,2016-07-21,True,21,0.9939999999999145,2016-07-21T19:00:00Z
3,2026-07-23,2016-07-21,True,22,1.8700000000001182,2016-07-21T20:00:00Z
3,2026-07-23,2016-07-21,True,23,1.191000000000031,2016-07-21T21:00:00Z
3,2026-07-24,2016-07-22,True,0,0.44499999999993634,2016-07-21T22:00:00Z
3,2026-07-24,2016-07-22,True,1,0.4800000000000182,2016-07-21T23:00:00Z
3,2026-07-24,2016-07-22,True,2,0.3889999999998963,2016-07-22T00:00:00Z
3,2026-07-24,2016-07-22,True,3,0.37000000000011823,2016-07-22T01:00:00Z
3,2026-07-24,2016-07-22,True,4,0.4500000000000455,2016-07-22T02:00:00Z
3,2026-07-24,2016-07-22,True,5,0.09400000000005093,2016-07-22T03:00:00Z
3,2026-07-24,2016-07-22,True,6,0.44800000000009277,2016-07-22T04:00:00Z
3,2026-07-24,2016-07-22,True,7,0.4969999999993888,2016-07-22T05:00:00Z
3,2026-07-24,2016-07-22,True,8,0.33400000000006,2016-07-22T06:00:00Z
3,2026-07-24,2016-07-22,True,9,0.20400000000040563,2016-07-22T07:00:00Z
3,2026-07-24,2016-07-22,True,10,0.12299999999981992,2016-07-22T08:00:00Z
3,2026-07-24,2016-07-22,True,11,0.23300000000017462,2016-07-22T09:00:00Z
3,2026-07-24,2016-07-22,True,12,0.2319999999999709,2016-07-22T10:00:00Z
3,2026-07-24,2016-07-22,True,13,0.4760000000001128,2016-07-22T11:00:00Z
3,2026-07-24,2016-07-22,True,14,0.7679999999998017,2016-07-22T12:00:00Z
3,2026-07-24,2016-07-22,True,15,0.5030000000001564,2016-07-22T13:00:00Z
3,2026-07-24,2016-07-22,True,16,0.8040000000000873,2016-07-22T14:00:00Z
3,2026-07-24,2016-07-22,True,17,0.7229999999999563,2016-07-22T15:00:00Z
3,2026-07-24,2016-07-22,True,18,0.7490000000000236,2016-07-22T16:00:00Z
3,2026-07-24,2016-07-22,True,19,0.3969999999999345,2016-07-22T17:00:00Z
3,2026-07-24,2016-07-22,True,20,0.26099999999996726,2016-07-22T18:00:00Z
3,2026-07-24,2016-07-22,True,21,0.17799999999988358,2016-07-22T19:00:00Z
3,2026-07-24,2016-07-22,True,22,1.0470000000000255,2016-07-22T20:00:00Z
3,2026-07-24,2016-07-22,True,23,0.5799999999999272,2016-07-22T21:00:00Z
3,2026-07-25,2016-07-23,True,0,0.484000000000151,2016-07-22T22:00:00Z
3,2026-07-25,2016-07-23,True,1,0.3730000000000473,2016-07-22T23:00:00Z
3,2026-07-25,2016-07-23,True,2,0.2559999999998581,2016-07-23T00:00:00Z
3,2026-07-25,2016-07-23,True,3,0.25,2016-07-23T01:00:00Z
3,2026-07-25,2016-07-23,True,4,0.22100000000000364,2016-07-23T02:00:00Z
3,2026-07-25,2016-07-23,True,5,0.20900000000006003,2016-07-23T03:00:00Z
3,2026-07-25,2016-07-23,True,6,0.20900000000006003,2016-07-23T04:00:00Z
3,2026-07-25,2016-07-23,True,7,0.24400000000014188,2016-07-23T05:00:00Z
3,2026-07-25,2016-07-23,True,8,0.3519999999996344,2016-07-23T06:00:00Z
3,2026-07-25,2016-07-23,True,9,0.2739999999998872,2016-07-23T07:00:00Z
3,2026-07-25,2016-07-23,True,10,0.42000000000007276,2016-07-23T08:00:00Z
3,2026-07-25,2016-07-23,True,11,0.3950000000002092,2016-07-23T09:00:00Z
3,2026-07-25,2016-07-23,True,12,0.40300000000002,2016-07-23T10:00:00Z
3,2026-07-25,2016-07-23,True,13,0.7970000000000255,2016-07-23T11:00:00Z
3,2026-07-25,2016-07-23,True,14,0.2539999999999054,2016-07-23T12:00:00Z
3,2026-07-25,2016-07-23,True,15,1.3730000000000473,2016-07-23T13:00:00Z
3,2026-07-25,2016-07-23,True,16,0.28300000000012915,2016-07-23T14:00:00Z
3,2026-07-25,2016-07-23,True,17,0.26299999999991996,2016-07-23T15:00:00Z
3,2026-07-25,2016-07-23,True,18,0.47899999999981446,2016-07-23T16:00:00Z
3,2026-07-25,2016-07-23,True,19,1.1700000000000728,2016-07-23T17:00:00Z
3,2026-07-25,2016-07-23,True,20,0.4190000000003238,2016-07-23T18:00:00Z
3,2026-07-25,2016-07-23,True,21,0.44299999999998363,2016-07-23T19:00:00Z
3,2026-07-25,2016-07-23,True,22,0.6169999999999618,2016-07-23T20:00:00Z
3,2026-07-25,2016-07-23,True,23,0.7339999999999236,2016-07-23T21:00:00Z
3,2026-07-26,2016-07-24,True,0,0.3530000000000655,2016-07-23T22:00:00Z
3,2026-07-26,2016-07-24,True,1,0.2599999999999909,2016-07-23T23:00:00Z
3,2026-07-26,2016-07-24,True,2,0.3430000000000746,2016-07-24T00:00:00Z
3,2026-07-26,2016-07-24,True,3,0.23699999999985266,2016-07-24T01:00:00Z
3,2026-07-26,2016-07-24,True,4,0.32999999999992724,2016-07-24T02:00:00Z
3,2026-07-26,2016-07-24,True,5,0.29900000000020555,2016-07-24T03:00:00Z
3,2026-07-26,2016-07-24,True,6,0.2179999999998472,2016-07-24T04:00:00Z
3,2026-07-26,2016-07-24,True,7,0.3049999999998363,2016-07-24T05:00:00Z
3,2026-07-26,2016-07-24,True,8,0.5309999999997217,2016-07-24T06:00:00Z
3,2026-07-26,2016-07-24,True,9,0.49600000000032196,2016-07-24T07:00:00Z
3,2026-07-26,2016-07-24,True,10,0.9210000000000491,2016-07-24T08:00:00Z
3,2026-07-26,2016-07-24,True,11,0.37799999999992906,2016-07-24T09:00:00Z
3,2026-07-26,2016-07-24,True,12,0.6730000000000018,2016-07-24T10:00:00Z
3,2026-07-26,2016-07-24,True,13,1.8179999999999836,2016-07-24T11:00:00Z
3,2026-07-26,2016-07-24,True,14,0.9499999999998181,2016-07-24T12:00:00Z
3,2026-07-26,2016-07-24,True,15,1.349999999999909,2016-07-24T13:00:00Z
3,2026-07-26,2016-07-24,True,16,0.3930000000000291,2016-07-24T14:00:00Z
3,2026-07-26,2016-07-24,True,17,0.4170000000003711,2016-07-24T15:00:00Z
3,2026-07-26,2016-07-24,True,18,1.0859999999997854,2016-07-24T16:00:00Z
3,2026-07-26,2016-07-24,True,19,0.5059999999998581,2016-07-24T17:00:00Z
3,2026-07-26,2016-07-24,True,20,0.2999999999999545,2016-07-24T18:00:00Z
3,2026-07-26,2016-07-24,True,21,0.5350000000000819,2016-07-24T19:00:00Z
3,2026-07-26,2016-07-24,True,22,0.7339999999999236,2016-07-24T20:00:00Z
3,2026-07-26,2016-07-24,True,23,0.9500000000000455,2016-07-24T21:00:00Z
3,2026-07-27,2016-07-25,True,0,0.553000000000111,2016-07-24T22:00:00Z
3,2026-07-27,2016-07-25,True,1,0.37999999999988177,2016-07-24T23:00:00Z
3,2026-07-27,2016-07-25,True,2,0.37000000000011823,2016-07-25T00:00:00Z
3,2026-07-27,2016-07-25,True,3,0.28599999999983083,2016-07-25T01:00:00Z
3,2026-07-27,2016-07-25,True,4,0.19200000000000728,2016-07-25T02:00:00Z
3,2026-07-27,2016-07-25,True,5,0.21800000000007458,2016-07-25T03:00:00Z
3,2026-07-27,2016-07-25,True,6,0.359000000000151,2016-07-25T04:00:00Z
3,2026-07-27,2016-07-25,True,7,0.38999999999987267,2016-07-25T05:00:00Z
3,2026-07-27,2016-07-25,True,8,0.5289999999999964,2016-07-25T06:00:00Z
3,2026-07-27,2016-07-25,True,9,0.525000000000091,2016-07-25T07:00:00Z
3,2026-07-27,2016-07-25,True,10,0.35599999999976717,2016-07-25T08:00:00Z
3,2026-07-27,2016-07-25,True,11,0.25300000000015643,2016-07-25T09:00:00Z
3,2026-07-27,2016-07-25,True,12,0.20699999999987995,2016-07-25T10:00:00Z
3,2026-07-27,2016-07-25,True,13,0.6700000000003001,2016-07-25T11:00:00Z
3,2026-07-27,2016-07-25,True,14,0.24899999999979627,2016-07-25T12:00:00Z
3,2026-07-27,2016-07-25,True,15,0.3160000000002583,2016-07-25T13:00:00Z
3,2026-07-27,2016-07-25,True,16,0.30500000000006366,2016-07-25T14:00:00Z
3,2026-07-27,2016-07-25,True,17,0.4239999999995234,2016-07-25T15:00:00Z
3,2026-07-27,2016-07-25,True,18,0.6620000000002619,2016-07-25T16:00:00Z
3,2026-07-27,2016-07-25,True,19,0.9190000000003238,2016-07-25T17:00:00Z
3,2026-07-27,2016-07-25,True,20,0.6939999999997326,2016-07-25T18:00:00Z
3,2026-07-27,2016-07-25,True,21,2.033999999999878,2016-07-25T19:00:00Z
3,2026-07-27,2016-07-25,True,22,0.9800000000000182,2016-07-25T20:00:00Z
3,2026-07-27,2016-07-25,True,23,0.8130000000001019,2016-07-25T21:00:00Z
3,2026-07-28,2016-07-26,True,0,1.3509999999998854,2016-07-25T22:00:00Z
3,2026-07-28,2016-07-26,True,1,0.6089999999999236,2016-07-25T23:00:00Z
3,2026-07-28,2016-07-26,True,2,0.5800000000001546,2016-07-26T00:00:00Z
3,2026-07-28,2016-07-26,True,3,0.44699999999988904,2016-07-26T01:00:00Z
3,2026-07-28,2016-07-26,True,4,0.26700000000005275,2016-07-26T02:00:00Z
3,2026-07-28,2016-07-26,True,5,0.21900000000005093,2016-07-26T03:00:00Z
3,2026-07-28,2016-07-26,True,6,0.21900000000005093,2016-07-26T04:00:00Z
3,2026-07-28,2016-07-26,True,7,0.2709999999997308,2016-07-26T05:00:00Z
3,2026-07-28,2016-07-26,True,8,0.7600000000004457,2016-07-26T06:00:00Z
3,2026-07-28,2016-07-26,True,9,1.0789999999999509,2016-07-26T07:00:00Z
3,2026-07-28,2016-07-26,True,10,0.4499999999998181,2016-07-26T08:00:00Z
3,2026-07-28,2016-07-26,True,11,1.1749999999999545,2016-07-26T09:00:00Z
3,2026-07-28,2016-07-26,True,12,0.4399999999998272,2016-07-26T10:00:00Z
3,2026-07-28,2016-07-26,True,13,0.8270000000004529,2016-07-26T11:00:00Z
3,2026-07-28,2016-07-26,True,14,1.9339999999997417,2016-07-26T12:00:00Z
3,2026-07-28,2016-07-26,True,15,1.2890000000002146,2016-07-26T13:00:00Z
3,2026-07-28,2016-07-26,True,16,0.4519999999997708,2016-07-26T14:00:00Z
3,2026-07-28,2016-07-26,True,17,1.0110000000001946,2016-07-26T15:00:00Z
3,2026-07-28,2016-07-26,True,18,1.1889999999998508,2016-07-26T16:00:00Z
3,2026-07-28,2016-07-26,True,19,1.4130000000002383,2016-07-26T17:00:00Z
3,2026-07-28,2016-07-26,True,20,0.6529999999997926,2016-07-26T18:00:00Z
3,2026-07-28,2016-07-26,True,21,0.362999999999829,2016-07-26T19:00:00Z
3,2026-07-28,2016-07-26,True,22,0.7000000000000455,2016-07-26T20:00:00Z
3,2026-07-28,2016-07-26,True,23,0.7910000000001673,2016-07-26T21:00:00Z
3,2026-07-29,2016-07-27,True,0,0.5369999999998072,2016-07-26T22:00:00Z
3,2026-07-29,2016-07-27,True,1,0.5210000000001855,2016-07-26T23:00:00Z
3,2026-07-29,2016-07-27,True,2,0.4420000000000073,2016-07-27T00:00:00Z
3,2026-07-29,2016-07-27,True,3,0.39599999999995816,2016-07-27T01:00:00Z
3,2026-07-29,2016-07-27,True,4,0.31799999999998363,2016-07-27T02:00:00Z
3,2026-07-29,2016-07-27,True,5,0.19100000000003092,2016-07-27T03:00:00Z
3,2026-07-29,2016-07-27,True,6,0.22100000000000364,2016-07-27T04:00:00Z
3,2026-07-29,2016-07-27,True,7,0.6839999999997417,2016-07-27T05:00:00Z
3,2026-07-29,2016-07-27,True,8,0.5869999999999891,2016-07-27T06:00:00Z
3,2026-07-29,2016-07-27,True,9,0.387000000000171,2016-07-27T07:00:00Z
3,2026-07-29,2016-07-27,True,10,0.2500000000002274,2016-07-27T08:00:00Z
3,2026-07-29,2016-07-27,True,11,0.9369999999998981,2016-07-27T09:00:00Z
3,2026-07-29,2016-07-27,True,12,0.9850000000001273,2016-07-27T10:00:00Z
3,2026-07-29,2016-07-27,True,13,0.5009999999999764,2016-07-27T11:00:00Z
3,2026-07-29,2016-07-27,True,14,0.40899999999965075,2016-07-27T12:00:00Z
3,2026-07-29,2016-07-27,True,15,0.42200000000002547,2016-07-27T13:00:00Z
3,2026-07-29,2016-07-27,True,16,0.36799999999993815,2016-07-27T14:00:00Z
3,2026-07-29,2016-07-27,True,17,0.35799999999994725,2016-07-27T15:00:00Z
3,2026-07-29,2016-07-27,True,18,0.5400000000004184,2016-07-27T16:00:00Z
3,2026-07-29,2016-07-27,True,19,0.40300000000002,2016-07-27T17:00:00Z
3,2026-07-29,2016-07-27,True,20,1.30399999999986,2016-07-27T18:00:00Z
3,2026-07-29,2016-07-27,True,21,0.8679999999999382,2016-07-27T19:00:00Z
3,2026-07-29,2016-07-27,True,22,0.6499999999998636,2016-07-27T20:00:00Z
3,2026-07-29,2016-07-27,True,23,0.7200000000000273,2016-07-27T21:00:00Z
3,2026-07-30,2016-07-28,True,0,0.6690000000000964,2016-07-27T22:00:00Z
3,2026-07-30,2016-07-28,True,1,0.9680000000000746,2016-07-27T23:00:00Z
3,2026-07-30,2016-07-28,True,2,0.43699999999989814,2016-07-28T00:00:00Z
3,2026-07-30,2016-07-28,True,3,0.3450000000000273,2016-07-28T01:00:00Z
3,2026-07-30,2016-07-28,True,4,0.2159999999998945,2016-07-28T02:00:00Z
3,2026-07-30,2016-07-28,True,5,0.21100000000001273,2016-07-28T03:00:00Z
3,2026-07-30,2016-07-28,True,6,0.20100000000002183,2016-07-28T04:00:00Z
3,2026-07-30,2016-07-28,True,7,0.30599999999981264,2016-07-28T05:00:00Z
3,2026-07-30,2016-07-28,True,8,0.32000000000061846,2016-07-28T06:00:00Z
3,2026-07-30,2016-07-28,True,9,0.3969999999999345,2016-07-28T07:00:00Z
3,2026-07-30,2016-07-28,True,10,0.4659999999996671,2016-07-28T08:00:00Z
3,2026-07-30,2016-07-28,True,11,0.4000000000003183,2016-07-28T09:00:00Z
3,2026-07-30,2016-07-28,True,12,0.31899999999996,2016-07-28T10:00:00Z
3,2026-07-30,2016-07-28,True,13,0.4619999999999891,2016-07-28T11:00:00Z
3,2026-07-30,2016-07-28,True,14,0.3170000000000073,2016-07-28T12:00:00Z
3,2026-07-30,2016-07-28,True,15,0.2809999999997217,2016-07-28T13:00:00Z
3,2026-07-30,2016-07-28,True,16,0.3089999999999691,2016-07-28T14:00:00Z
3,2026-07-30,2016-07-28,True,17,0.4079999999999018,2016-07-28T15:00:00Z
3,2026-07-30,2016-07-28,True,18,1.1440000000002328,2016-07-28T16:00:00Z
3,2026-07-30,2016-07-28,True,19,0.5879999999997381,2016-07-28T17:00:00Z
3,2026-07-30,2016-07-28,True,20,2.0850000000000364,2016-07-28T18:00:00Z
3,2026-07-30,2016-07-28,True,21,2.0,2016-07-28T19:00:00Z
3,2026-07-30,2016-07-28,True,22,1.4519999999999982,2016-07-28T20:00:00Z
3,2026-07-30,2016-07-28,True,23,2.0319999999999254,2016-07-28T21:00:00Z
3,2026-07-31,2016-07-29,True,0,1.9480000000000928,2016-07-28T22:00:00Z
3,2026-07-31,2016-07-29,True,1,0.6669999999999163,2016-07-28T23:00:00Z
3,2026-07-31,2016-07-29,True,2,0.40200000000004366,2016-07-29T00:00:00Z
3,2026-07-31,2016-07-29,True,3,0.3350000000000364,2016-07-29T01:00:00Z
3,2026-07-31,2016-07-29,True,4,0.22100000000000364,2016-07-29T02:00:00Z
3,2026-07-31,2016-07-29,True,5,0.15300000000002,2016-07-29T03:00:00Z
3,2026-07-31,2016-07-29,True,6,0.18399999999996908,2016-07-29T04:00:00Z
3,2026-07-31,2016-07-29,True,7,0.5540000000003147,2016-07-29T05:00:00Z
3,2026-07-31,2016-07-29,True,8,0.18499999999994543,2016-07-29T06:00:00Z
3,2026-07-31,2016-07-29,True,9,0.3550000000000182,2016-07-29T07:00:00Z
3,2026-07-31,2016-07-29,True,10,0.3850000000002183,2016-07-29T08:00:00Z
3,2026-07-31,2016-07-29,True,11,0.6589999999996508,2016-07-29T09:00:00Z
3,2026-07-31,2016-07-29,True,12,0.6890000000000782,2016-07-29T10:00:00Z
3,2026-07-31,2016-07-29,True,13,0.6100000000001273,2016-07-29T11:00:00Z
3,2026-07-31,2016-07-29,True,14,0.32799999999974716,2016-07-29T12:00:00Z
3,2026-07-31,2016-07-29,True,15,0.8770000000001801,2016-07-29T13:00:00Z
3,2026-07-31,2016-07-29,True,16,1.4640000000001692,2016-07-29T14:00:00Z
3,2026-07-31,2016-07-29,True,17,0.7369999999993979,2016-07-29T15:00:00Z
3,2026-07-31,2016-07-29,True,18,1.080000000000382,2016-07-29T16:00:00Z
3,2026-07-31,2016-07-29,True,19,0.19900000000006912,2016-07-29T17:00:00Z
3,2026-07-31,2016-07-29,True,20,0.3109999999999218,2016-07-29T18:00:00Z
3,2026-07-31,2016-07-29,True,21,0.3129999999998745,2016-07-29T19:00:00Z
3,2026-07-31,2016-07-29,True,22,1.5470000000000255,2016-07-29T20:00:00Z
3,2026-07-31,2016-07-29,True,23,1.2860000000000582,2016-07-29T21:00:00Z
3,2026-09-01,2016-09-06,True,0,0.15000000000009095,2016-09-05T22:00:00Z
3,2026-09-01,2016-09-06,True,1,0.10999999999989996,2016-09-05T23:00:00Z
3,2026-09-01,2016-09-06,True,2,0.19299999999998363,2016-09-06T00:00:00Z
3,2026-09-01,2016-09-06,True,3,0.09999999999990905,2016-09-06T01:00:00Z
3,2026-09-01,2016-09-06,True,4,0.16800000000012005,2016-09-06T02:00:00Z
3,2026-09-01,2016-09-06,True,5,0.15200000000004366,2016-09-06T03:00:00Z
3,2026-09-01,2016-09-06,True,6,0.1169999999999618,2016-09-06T04:00:00Z
3,2026-09-01,2016-09-06,True,7,0.29700000000002547,2016-09-06T05:00:00Z
3,2026-09-01,2016-09-06,True,8,0.1570000000001528,2016-09-06T06:00:00Z
3,2026-09-01,2016-09-06,True,9,0.18000000000029104,2016-09-06T07:00:00Z
3,2026-09-01,2016-09-06,True,10,0.16699999999946158,2016-09-06T08:00:00Z
3,2026-09-01,2016-09-06,True,11,0.23200000000042564,2016-09-06T09:00:00Z
3,2026-09-01,2016-09-06,True,12,0.36999999999989086,2016-09-06T10:00:00Z
3,2026-09-01,2016-09-06,True,13,0.23400000000015098,2016-09-06T11:00:00Z
3,2026-09-01,2016-09-06,True,14,0.2519999999999527,2016-09-06T12:00:00Z
3,2026-09-01,2016-09-06,True,15,0.17000000000007276,2016-09-06T13:00:00Z
3,2026-09-01,2016-09-06,True,16,0.17399999999997817,2016-09-06T14:00:00Z
3,2026-09-01,2016-09-06,True,17,0.14899999999988722,2016-09-06T15:00:00Z
3,2026-09-01,2016-09-06,True,18,0.6739999999999782,2016-09-06T16:00:00Z
3,2026-09-01,2016-09-06,True,19,0.24900000000002365,2016-09-06T17:00:00Z
3,2026-09-01,2016-09-06,True,20,0.3129999999998745,2016-09-06T18:00:00Z
3,2026-09-01,2016-09-06,True,21,0.75,2016-09-06T19:00:00Z
3,2026-09-01,2016-09-06,True,22,0.2740000000001146,2016-09-06T20:00:00Z
3,2026-09-01,2016-09-06,True,23,0.1410000000000764,2016-09-06T21:00:00Z
3,2026-09-02,2016-09-07,True,0,0.18899999999985084,2016-09-06T22:00:00Z
3,2026-09-02,2016-09-07,True,1,0.15000000000009095,2016-09-06T23:00:00Z
3,2026-09-02,2016-09-07,True,2,0.19699999999988904,2016-09-07T00:00:00Z
3,2026-09-02,2016-09-07,True,3,0.18399999999996908,2016-09-07T01:00:00Z
3,2026-09-02,2016-09-07,True,4,0.13700000000017099,2016-09-07T02:00:00Z
3,2026-09-02,2016-09-07,True,5,0.22000000000002728,2016-09-07T03:00:00Z
3,2026-09-02,2016-09-07,True,6,0.13399999999978718,2016-09-07T04:00:00Z
3,2026-09-02,2016-09-07,True,7,0.15399999999999636,2016-09-07T05:00:00Z
3,2026-09-02,2016-09-07,True,8,0.20699999999987995,2016-09-07T06:00:00Z
3,2026-09-02,2016-09-07,True,9,0.3789999999999054,2016-09-07T07:00:00Z
3,2026-09-02,2016-09-07,True,10,0.3910000000000764,2016-09-07T08:00:00Z
3,2026-09-02,2016-09-07,True,11,0.40000000000009095,2016-09-07T09:00:00Z
3,2026-09-02,2016-09-07,True,12,0.30700000000024374,2016-09-07T10:00:00Z
3,2026-09-02,2016-09-07,True,13,0.553000000000111,2016-09-07T11:00:00Z
3,2026-09-02,2016-09-07,True,14,0.29999999999972715,2016-09-07T12:00:00Z
3,2026-09-02,2016-09-07,True,15,0.11599999999998545,2016-09-07T13:00:00Z
3,2026-09-02,2016-09-07,True,16,0.15799999999990177,2016-09-07T14:00:00Z
3,2026-09-02,2016-09-07,True,17,0.9670000000000982,2016-09-07T15:00:00Z
3,2026-09-02,2016-09-07,True,18,1.637000000000171,2016-09-07T16:00:00Z
3,2026-09-02,2016-09-07,True,19,0.7339999999999236,2016-09-07T17:00:00Z
3,2026-09-02,2016-09-07,True,20,0.6180000000001655,2016-09-07T18:00:00Z
3,2026-09-02,2016-09-07,True,21,0.3869999999999436,2016-09-07T19:00:00Z
3,2026-09-02,2016-09-07,True,22,0.3229999999998654,2016-09-07T20:00:00Z
3,2026-09-02,2016-09-07,True,23,1.456000000000131,2016-09-07T21:00:00Z
3,2026-09-03,2016-09-01,True,0,0.4779999999998381,2016-08-31T22:00:00Z
3,2026-09-03,2016-09-01,True,1,0.318000000000211,2016-08-31T23:00:00Z
3,2026-09-03,2016-09-01,True,2,0.3129999999998745,2016-09-01T00:00:00Z
3,2026-09-03,2016-09-01,True,3,0.22900000000004184,2016-09-01T01:00:00Z
3,2026-09-03,2016-09-01,True,4,0.2439999999999145,2016-09-01T02:00:00Z
3,2026-09-03,2016-09-01,True,5,0.1770000000001346,2016-09-01T03:00:00Z
3,2026-09-03,2016-09-01,True,6,0.18499999999994543,2016-09-01T04:00:00Z
3,2026-09-03,2016-09-01,True,7,0.5939999999998236,2016-09-01T05:00:00Z
3,2026-09-03,2016-09-01,True,8,0.37900000000036016,2016-09-01T06:00:00Z
3,2026-09-03,2016-09-01,True,9,0.306999999999789,2016-09-01T07:00:00Z
3,2026-09-03,2016-09-01,True,10,0.16000000000030923,2016-09-01T08:00:00Z
3,2026-09-03,2016-09-01,True,11,0.2629999999994652,2016-09-01T09:00:00Z
3,2026-09-03,2016-09-01,True,12,0.25,2016-09-01T10:00:00Z
3,2026-09-03,2016-09-01,True,13,0.6500000000005457,2016-09-01T11:00:00Z
3,2026-09-03,2016-09-01,True,14,0.8289999999997235,2016-09-01T12:00:00Z
3,2026-09-03,2016-09-01,True,15,1.1279999999997017,2016-09-01T13:00:00Z
3,2026-09-03,2016-09-01,True,16,1.2230000000001837,2016-09-01T14:00:00Z
3,2026-09-03,2016-09-01,True,17,0.40200000000004366,2016-09-01T15:00:00Z
3,2026-09-03,2016-09-01,True,18,0.44600000000014006,2016-09-01T16:00:00Z
3,2026-09-03,2016-09-01,True,19,0.7989999999997508,2016-09-01T17:00:00Z
3,2026-09-03,2016-09-01,True,20,0.9790000000000418,2016-09-01T18:00:00Z
3,2026-09-03,2016-09-01,True,21,0.7809999999999491,2016-09-01T19:00:00Z
3,2026-09-03,2016-09-01,True,22,0.8599999999999,2016-09-01T20:00:00Z
3,2026-09-03,2016-09-01,True,23,0.48500000000012733,2016-09-01T21:00:00Z
3,2026-09-04,2016-09-02,True,0,0.2279999999998381,2016-09-01T22:00:00Z
3,2026-09-04,2016-09-02,True,1,0.22800000000006548,2016-09-01T23:00:00Z
3,2026-09-04,2016-09-02,True,2,0.1510000000000673,2016-09-02T00:00:00Z
3,2026-09-04,2016-09-02,True,3,0.18900000000007822,2016-09-02T01:00:00Z
3,2026-09-04,2016-09-02,True,4,0.1619999999998072,2016-09-02T02:00:00Z
3,2026-09-04,2016-09-02,True,5,0.16800000000012005,2016-09-02T03:00:00Z
3,2026-09-04,2016-09-02,True,6,0.9149999999999636,2016-09-02T04:00:00Z
3,2026-09-04,2016-09-02,True,7,0.4169999999999163,2016-09-02T05:00:00Z
3,2026-09-04,2016-09-02,True,8,0.3770000000001801,2016-09-02T06:00:00Z
3,2026-09-04,2016-09-02,True,9,0.7110000000002401,2016-09-02T07:00:00Z
3,2026-09-04,2016-09-02,True,10,0.2640000000001237,2016-09-02T08:00:00Z
3,2026-09-04,2016-09-02,True,11,1.1219999999996162,2016-09-02T09:00:00Z
3,2026-09-04,2016-09-02,True,12,0.6590000000001055,2016-09-02T10:00:00Z
3,2026-09-04,2016-09-02,True,13,1.3789999999999054,2016-09-02T11:00:00Z
3,2026-09-04,2016-09-02,True,14,1.6450000000002092,2016-09-02T12:00:00Z
3,2026-09-04,2016-09-02,True,15,1.400000000000091,2016-09-02T13:00:00Z
3,2026-09-04,2016-09-02,True,16,0.4389999999993961,2016-09-02T14:00:00Z
3,2026-09-04,2016-09-02,True,17,0.5660000000004857,2016-09-02T15:00:00Z
3,2026-09-04,2016-09-02,True,18,0.706000000000131,2016-09-02T16:00:00Z
3,2026-09-04,2016-09-02,True,19,0.6649999999999636,2016-09-02T17:00:00Z
3,2026-09-04,2016-09-02,True,20,0.7719999999999345,2016-09-02T18:00:00Z
3,2026-09-04,2016-09-02,True,21,0.7789999999999964,2016-09-02T19:00:00Z
3,2026-09-04,2016-09-02,True,22,0.4780000000000655,2016-09-02T20:00:00Z
3,2026-09-04,2016-09-02,True,23,0.6920000000000073,2016-09-02T21:00:00Z
3,2026-09-05,2016-09-03,True,0,0.4539999999999509,2016-09-02T22:00:00Z
3,2026-09-05,2016-09-03,True,1,0.3430000000000746,2016-09-02T23:00:00Z
3,2026-09-05,2016-09-03,True,2,0.30700000000001637,2016-09-03T00:00:00Z
3,2026-09-05,2016-09-03,True,3,0.2599999999999909,2016-09-03T01:00:00Z
3,2026-09-05,2016-09-03,True,4,0.15999999999985448,2016-09-03T02:00:00Z
3,2026-09-05,2016-09-03,True,5,0.2480000000000473,2016-09-03T03:00:00Z
3,2026-09-05,2016-09-03,True,6,0.28300000000012915,2016-09-03T04:00:00Z
3,2026-09-05,2016-09-03,True,7,0.17799999999988358,2016-09-03T05:00:00Z
3,2026-09-05,2016-09-03,True,8,0.3709999999998672,2016-09-03T06:00:00Z
3,2026-09-05,2016-09-03,True,9,0.6669999999999163,2016-09-03T07:00:00Z
3,2026-09-05,2016-09-03,True,10,0.66800000000012,2016-09-03T08:00:00Z
3,2026-09-05,2016-09-03,True,11,0.45600000000013097,2016-09-03T09:00:00Z
3,2026-09-05,2016-09-03,True,12,0.3839999999995598,2016-09-03T10:00:00Z
3,2026-09-05,2016-09-03,True,13,1.7370000000005348,2016-09-03T11:00:00Z
3,2026-09-05,2016-09-03,True,14,0.5540000000000873,2016-09-03T12:00:00Z
3,2026-09-05,2016-09-03,True,15,2.647999999999456,2016-09-03T13:00:00Z
3,2026-09-05,2016-09-03,True,16,0.834999999999809,2016-09-03T14:00:00Z
3,2026-09-05,2016-09-03,True,17,0.2530000000006112,2016-09-03T15:00:00Z
3,2026-09-05,2016-09-03,True,18,0.2709999999997308,2016-09-03T16:00:00Z
3,2026-09-05,2016-09-03,True,19,0.30500000000029104,2016-09-03T17:00:00Z
3,2026-09-05,2016-09-03,True,20,0.5919999999998709,2016-09-03T18:00:00Z
3,2026-09-05,2016-09-03,True,21,0.7670000000000528,2016-09-03T19:00:00Z
3,2026-09-05,2016-09-03,True,22,1.030999999999949,2016-09-03T20:00:00Z
3,2026-09-05,2016-09-03,True,23,1.3550000000000182,2016-09-03T21:00:00Z
3,2026-09-06,2016-09-04,True,0,1.09900000000016,2016-09-03T22:00:00Z
3,2026-09-06,2016-09-04,True,1,0.8279999999999745,2016-09-03T23:00:00Z
3,2026-09-06,2016-09-04,True,2,0.2929999999998927,2016-09-04T00:00:00Z
3,2026-09-06,2016-09-04,True,3,0.1089999999999236,2016-09-04T01:00:00Z
3,2026-09-06,2016-09-04,True,4,0.17800000000011096,2016-09-04T02:00:00Z
3,2026-09-06,2016-09-04,True,5,0.16499999999996362,2016-09-04T03:00:00Z
3,2026-09-06,2016-09-04,True,6,0.11799999999971078,2016-09-04T04:00:00Z
3,2026-09-06,2016-09-04,True,7,0.18000000000006366,2016-09-04T05:00:00Z
3,2026-09-06,2016-09-04,True,8,0.8820000000002892,2016-09-04T06:00:00Z
3,2026-09-06,2016-09-04,True,9,0.7269999999996344,2016-09-04T07:00:00Z
3,2026-09-06,2016-09-04,True,10,0.4670000000000982,2016-09-04T08:00:00Z
3,2026-09-06,2016-09-04,True,11,0.4959999999998672,2016-09-04T09:00:00Z
3,2026-09-06,2016-09-04,True,12,0.5160000000000764,2016-09-04T10:00:00Z
3,2026-09-06,2016-09-04,True,13,1.4369999999998981,2016-09-04T11:00:00Z
3,2026-09-06,2016-09-04,True,14,0.778999999999769,2016-09-04T12:00:00Z
3,2026-09-06,2016-09-04,True,15,0.7970000000007076,2016-09-04T13:00:00Z
3,2026-09-06,2016-09-04,True,16,1.284999999999627,2016-09-04T14:00:00Z
3,2026-09-06,2016-09-04,True,17,1.0729999999998654,2016-09-04T15:00:00Z
3,2026-09-06,2016-09-04,True,18,0.5850000000000364,2016-09-04T16:00:00Z
3,2026-09-06,2016-09-04,True,19,0.6769999999999072,2016-09-04T17:00:00Z
3,2026-09-06,2016-09-04,True,20,1.63799999999992,2016-09-04T18:00:00Z
3,2026-09-06,2016-09-04,True,21,0.9350000000001728,2016-09-04T19:00:00Z
3,2026-09-06,2016-09-04,True,22,0.7789999999999964,2016-09-04T20:00:00Z
3,2026-09-06,2016-09-04,True,23,0.8399999999999181,2016-09-04T21:00:00Z
3,2026-09-07,2016-09-05,True,0,0.3589999999999236,2016-09-04T22:00:00Z
3,2026-09-07,2016-09-05,True,1,0.27700000000004366,2016-09-04T23:00:00Z
3,2026-09-07,2016-09-05,True,2,0.3220000000001164,2016-09-05T00:00:00Z
3,2026-09-07,2016-09-05,True,3,0.2580000000000382,2016-09-05T01:00:00Z
3,2026-09-07,2016-09-05,True,4,0.25,2016-09-05T02:00:00Z
3,2026-09-07,2016-09-05,True,5,0.2199999999997999,2016-09-05T03:00:00Z
3,2026-09-07,2016-09-05,True,6,0.25300000000015643,2016-09-05T04:00:00Z
3,2026-09-07,2016-09-05,True,7,1.018000000000029,2016-09-05T05:00:00Z
3,2026-09-07,2016-09-05,True,8,0.5330000000003565,2016-09-05T06:00:00Z
3,2026-09-07,2016-09-05,True,9,0.20599999999967622,2016-09-05T07:00:00Z
3,2026-09-07,2016-09-05,True,10,0.49300000000016553,2016-09-05T08:00:00Z
3,2026-09-07,2016-09-05,True,11,0.6840000000001965,2016-09-05T09:00:00Z
3,2026-09-07,2016-09-05,True,12,0.6539999999995416,2016-09-05T10:00:00Z
3,2026-09-07,2016-09-05,True,13,0.58199999999988,2016-09-05T11:00:00Z
3,2026-09-07,2016-09-05,True,14,0.580000000000382,2016-09-05T12:00:00Z
3,2026-09-07,2016-09-05,True,15,0.6790000000000873,2016-09-05T13:00:00Z
3,2026-09-07,2016-09-05,True,16,0.36799999999993815,2016-09-05T14:00:00Z
3,2026-09-07,2016-09-05,True,17,0.34799999999972897,2016-09-05T15:00:00Z
3,2026-09-07,2016-09-05,True,18,0.4249999999999545,2016-09-05T16:00:00Z
3,2026-09-07,2016-09-05,True,19,0.3789999999999054,2016-09-05T17:00:00Z
3,2026-09-07,2016-09-05,True,20,0.4619999999999891,2016-09-05T18:00:00Z
3,2026-09-07,2016-09-05,True,21,0.5990000000001601,2016-09-05T19:00:00Z
3,2026-09-07,2016-09-05,True,22,0.5750000000000455,2016-09-05T20:00:00Z
3,2026-09-07,2016-09-05,True,23,0.14799999999991087,2016-09-05T21:00:00Z
3,2026-09-08,2016-09-13,True,0,0.6210000000000946,2016-09-12T22:00:00Z
3,2026-09-08,2016-09-13,True,1,0.42699999999990723,2016-09-12T23:00:00Z
3,2026-09-08,2016-09-13,True,2,0.25500000000010914,2016-09-13T00:00:00Z
3,2026-09-08,2016-09-13,True,3,0.1919999999997799,2016-09-13T01:00:00Z
3,2026-09-08,2016-09-13,True,4,0.19200000000000728,2016-09-13T02:00:00Z
3,2026-09-08,2016-09-13,True,5,0.25,2016-09-13T03:00:00Z
3,2026-09-08,2016-09-13,True,6,0.31300000000010186,2016-09-13T04:00:00Z
3,2026-09-08,2016-09-13,True,7,0.5659999999995762,2016-09-13T05:00:00Z
3,2026-09-08,2016-09-13,True,8,0.302000000000362,2016-09-13T06:00:00Z
3,2026-09-08,2016-09-13,True,9,0.2460000000000946,2016-09-13T07:00:00Z
3,2026-09-08,2016-09-13,True,10,0.17299999999977445,2016-09-13T08:00:00Z
3,2026-09-08,2016-09-13,True,11,0.2070000000003347,2016-09-13T09:00:00Z
3,2026-09-08,2016-09-13,True,12,0.2840000000001055,2016-09-13T10:00:00Z
3,2026-09-08,2016-09-13,True,13,1.656999999999698,2016-09-13T11:00:00Z
3,2026-09-08,2016-09-13,True,14,0.5140000000001237,2016-09-13T12:00:00Z
3,2026-09-08,2016-09-13,True,15,0.9229999999995471,2016-09-13T13:00:00Z
3,2026-09-08,2016-09-13,True,16,1.302000000000362,2016-09-13T14:00:00Z
3,2026-09-08,2016-09-13,True,17,0.5859999999997854,2016-09-13T15:00:00Z
3,2026-09-08,2016-09-13,True,18,0.36800000000016553,2016-09-13T16:00:00Z
3,2026-09-08,2016-09-13,True,19,0.4979999999998199,2016-09-13T17:00:00Z
3,2026-09-08,2016-09-13,True,20,0.9659999999998945,2016-09-13T18:00:00Z
3,2026-09-08,2016-09-13,True,21,0.59699999999998,2016-09-13T19:00:00Z
3,2026-09-08,2016-09-13,True,22,1.2570000000000618,2016-09-13T20:00:00Z
3,2026-09-08,2016-09-13,True,23,1.0630000000001019,2016-09-13T21:00:00Z
3,2026-09-09,2016-09-14,True,0,0.6489999999998872,2016-09-13T22:00:00Z
3,2026-09-09,2016-09-14,True,1,0.3510000000001128,2016-09-13T23:00:00Z
3,2026-09-09,2016-09-14,True,2,0.3569999999999709,2016-09-14T00:00:00Z
3,2026-09-09,2016-09-14,True,3,0.2519999999999527,2016-09-14T01:00:00Z
3,2026-09-09,2016-09-14,True,4,0.34799999999995634,2016-09-14T02:00:00Z
3,2026-09-09,2016-09-14,True,5,0.2319999999999709,2016-09-14T03:00:00Z
3,2026-09-09,2016-09-14,True,6,0.35200000000008913,2016-09-14T04:00:00Z
3,2026-09-09,2016-09-14,True,7,0.7480000000002747,2016-09-14T05:00:00Z
3,2026-09-09,2016-09-14,True,8,0.7010000000000218,2016-09-14T06:00:00Z
3,2026-09-09,2016-09-14,True,9,0.42200000000002547,2016-09-14T07:00:00Z
3,2026-09-09,2016-09-14,True,10,0.38499999999976353,2016-09-14T08:00:00Z
3,2026-09-09,2016-09-14,True,11,0.7829999999999018,2016-09-14T09:00:00Z
3,2026-09-09,2016-09-14,True,12,1.3540000000000418,2016-09-14T10:00:00Z
3,2026-09-09,2016-09-14,True,13,1.0050000000005639,2016-09-14T11:00:00Z
3,2026-09-09,2016-09-14,True,14,1.0129999999992378,2016-09-14T12:00:00Z
3,2026-09-09,2016-09-14,True,15,0.262000000000171,2016-09-14T13:00:00Z
3,2026-09-09,2016-09-14,True,16,0.342000000000553,2016-09-14T14:00:00Z
3,2026-09-09,2016-09-14,True,17,0.22599999999965803,2016-09-14T15:00:00Z
3,2026-09-09,2016-09-14,True,18,0.25300000000015643,2016-09-14T16:00:00Z
3,2026-09-09,2016-09-14,True,19,0.556999999999789,2016-09-14T17:00:00Z
3,2026-09-09,2016-09-14,True,20,0.97199999999998,2016-09-14T18:00:00Z
3,2026-09-09,2016-09-14,True,21,0.9260000000001583,2016-09-14T19:00:00Z
3,2026-09-09,2016-09-14,True,22,0.821999999999889,2016-09-14T20:00:00Z
3,2026-09-09,2016-09-14,True,23,0.6279999999999291,2016-09-14T21:00:00Z
3,2026-09-10,2016-09-08,True,0,0.45100000000002183,2016-09-07T22:00:00Z
3,2026-09-10,2016-09-08,True,1,0.24299999999993815,2016-09-07T23:00:00Z
3,2026-09-10,2016-09-08,True,2,0.16499999999996362,2016-09-08T00:00:00Z
3,2026-09-10,2016-09-08,True,3,0.21299999999996544,2016-09-08T01:00:00Z
3,2026-09-10,2016-09-08,True,4,0.14600000000018554,2016-09-08T02:00:00Z
3,2026-09-10,2016-09-08,True,5,0.23099999999999454,2016-09-08T03:00:00Z
3,2026-09-10,2016-09-08,True,6,0.1619999999998072,2016-09-08T04:00:00Z
3,2026-09-10,2016-09-08,True,7,0.181999999999789,2016-09-08T05:00:00Z
3,2026-09-10,2016-09-08,True,8,0.3090000000004238,2016-09-08T06:00:00Z
3,2026-09-10,2016-09-08,True,9,0.44099999999980355,2016-09-08T07:00:00Z
3,2026-09-10,2016-09-08,True,10,0.47100000000000364,2016-09-08T08:00:00Z
3,2026-09-10,2016-09-08,True,11,0.28700000000026193,2016-09-08T09:00:00Z
3,2026-09-10,2016-09-08,True,12,0.23799999999982901,2016-09-08T10:00:00Z
3,2026-09-10,2016-09-08,True,13,0.6329999999995835,2016-09-08T11:00:00Z
3,2026-09-10,2016-09-08,True,14,1.189000000000533,2016-09-08T12:00:00Z
3,2026-09-10,2016-09-08,True,15,2.0049999999996544,2016-09-08T13:00:00Z
3,2026-09-10,2016-09-08,True,16,1.6099999999999,2016-09-08T14:00:00Z
3,2026-09-10,2016-09-08,True,17,0.7280000000002929,2016-09-08T15:00:00Z
3,2026-09-10,2016-09-08,True,18,0.3100000000001728,2016-09-08T16:00:00Z
3,2026-09-10,2016-09-08,True,19,0.4829999999997199,2016-09-08T17:00:00Z
3,2026-09-10,2016-09-08,True,20,0.3710000000000946,2016-09-08T18:00:00Z
3,2026-09-10,2016-09-08,True,21,0.7119999999999891,2016-09-08T19:00:00Z
3,2026-09-10,2016-09-08,True,22,0.9400000000000546,2016-09-08T20:00:00Z
3,2026-09-10,2016-09-08,True,23,1.0649999999998272,2016-09-08T21:00:00Z
3,2026-09-11,2016-09-09,True,0,0.4270000000001346,2016-09-08T22:00:00Z
3,2026-09-11,2016-09-09,True,1,0.27099999999995816,2016-09-08T23:00:00Z
3,2026-09-11,2016-09-09,True,2,0.19000000000005457,2016-09-09T00:00:00Z
3,2026-09-11,2016-09-09,True,3,0.2400000000000091,2016-09-09T01:00:00Z
3,2026-09-11,2016-09-09,True,4,0.17200000000002547,2016-09-09T02:00:00Z
3,2026-09-11,2016-09-09,True,5,0.16599999999993997,2016-09-09T03:00:00Z
3,2026-09-11,2016-09-09,True,6,0.1410000000000764,2016-09-09T04:00:00Z
3,2026-09-11,2016-09-09,True,7,0.40800000000012915,2016-09-09T05:00:00Z
3,2026-09-11,2016-09-09,True,8,0.31999999999970896,2016-09-09T06:00:00Z
3,2026-09-11,2016-09-09,True,9,0.4219999999997981,2016-09-09T07:00:00Z
3,2026-09-11,2016-09-09,True,10,0.442000000000462,2016-09-09T08:00:00Z
3,2026-09-11,2016-09-09,True,11,0.9410000000000309,2016-09-09T09:00:00Z
3,2026-09-11,2016-09-09,True,12,0.9079999999996744,2016-09-09T10:00:00Z
3,2026-09-11,2016-09-09,True,13,1.1529999999997926,2016-09-09T11:00:00Z
3,2026-09-11,2016-09-09,True,14,1.1320000000000618,2016-09-09T12:00:00Z
3,2026-09-11,2016-09-09,True,15,0.9290000000005421,2016-09-09T13:00:00Z
3,2026-09-11,2016-09-09,True,16,0.9019999999998163,2016-09-09T14:00:00Z
3,2026-09-11,2016-09-09,True,17,0.6779999999996562,2016-09-09T15:00:00Z
3,2026-09-11,2016-09-09,True,18,0.6920000000000073,2016-09-09T16:00:00Z
3,2026-09-11,2016-09-09,True,19,0.8890000000001237,2016-09-09T17:00:00Z
3,2026-09-11,2016-09-09,True,20,0.6700000000000728,2016-09-09T18:00:00Z
3,2026-09-11,2016-09-09,True,21,0.8019999999999072,2016-09-09T19:00:00Z
3,2026-09-11,2016-09-09,True,22,1.3550000000000182,2016-09-09T20:00:00Z
3,2026-09-11,2016-09-09,True,23,0.9169999999999163,2016-09-09T21:00:00Z
3,2026-09-12,2016-09-10,True,0,0.8150000000000546,2016-09-09T22:00:00Z
3,2026-09-12,2016-09-10,True,1,0.8130000000001019,2016-09-09T23:00:00Z
3,2026-09-12,2016-09-10,True,2,0.35199999999986176,2016-09-10T00:00:00Z
3,2026-09-12,2016-09-10,True,3,0.2039999999999509,2016-09-10T01:00:00Z
3,2026-09-12,2016-09-10,True,4,0.19600000000014006,2016-09-10T02:00:00Z
3,2026-09-12,2016-09-10,True,5,0.2599999999999909,2016-09-10T03:00:00Z
3,2026-09-12,2016-09-10,True,6,0.16300000000001091,2016-09-10T04:00:00Z
3,2026-09-12,2016-09-10,True,7,0.21699999999987085,2016-09-10T05:00:00Z
3,2026-09-12,2016-09-10,True,8,0.42400000000020555,2016-09-10T06:00:00Z
3,2026-09-12,2016-09-10,True,9,0.5829999999996289,2016-09-10T07:00:00Z
3,2026-09-12,2016-09-10,True,10,0.5960000000000036,2016-09-10T08:00:00Z
3,2026-09-12,2016-09-10,True,11,0.25700000000006185,2016-09-10T09:00:00Z
3,2026-09-12,2016-09-10,True,12,1.0690000000001874,2016-09-10T10:00:00Z
3,2026-09-12,2016-09-10,True,13,0.6700000000003001,2016-09-10T11:00:00Z
3,2026-09-12,2016-09-10,True,14,0.4329999999999927,2016-09-10T12:00:00Z
3,2026-09-12,2016-09-10,True,15,0.8949999999999818,2016-09-10T13:00:00Z
3,2026-09-12,2016-09-10,True,16,0.7779999999995653,2016-09-10T14:00:00Z
3,2026-09-12,2016-09-10,True,17,0.4270000000001346,2016-09-10T15:00:00Z
3,2026-09-12,2016-09-10,True,18,0.26199999999971624,2016-09-10T16:00:00Z
3,2026-09-12,2016-09-10,True,19,0.4130000000002383,2016-09-10T17:00:00Z
3,2026-09-12,2016-09-10,True,20,2.0629999999998745,2016-09-10T18:00:00Z
3,2026-09-12,2016-09-10,True,21,0.6700000000000728,2016-09-10T19:00:00Z
3,2026-09-12,2016-09-10,True,22,0.4099999999998545,2016-09-10T20:00:00Z
3,2026-09-12,2016-09-10,True,23,0.8470000000002074,2016-09-10T21:00:00Z
3,2026-09-13,2016-09-11,True,0,1.0899999999999181,2016-09-10T22:00:00Z
3,2026-09-13,2016-09-11,True,1,0.5579999999999927,2016-09-10T23:00:00Z
3,2026-09-13,2016-09-11,True,2,0.3420000000000982,2016-09-11T00:00:00Z
3,2026-09-13,2016-09-11,True,3,0.15299999999979264,2016-09-11T01:00:00Z
3,2026-09-13,2016-09-11,True,4,0.15000000000009095,2016-09-11T02:00:00Z
3,2026-09-13,2016-09-11,True,5,0.18000000000006366,2016-09-11T03:00:00Z
3,2026-09-13,2016-09-11,True,6,0.13599999999996726,2016-09-11T04:00:00Z
3,2026-09-13,2016-09-11,True,7,0.15300000000024738,2016-09-11T05:00:00Z
3,2026-09-13,2016-09-11,True,8,0.4010000000000673,2016-09-11T06:00:00Z
3,2026-09-13,2016-09-11,True,9,0.5500000000001819,2016-09-11T07:00:00Z
3,2026-09-13,2016-09-11,True,10,0.2179999999998472,2016-09-11T08:00:00Z
3,2026-09-13,2016-09-11,True,11,0.2909999999997126,2016-09-11T09:00:00Z
3,2026-09-13,2016-09-11,True,12,1.6419999999998254,2016-09-11T10:00:00Z
3,2026-09-13,2016-09-11,True,13,0.8240000000002965,2016-09-11T11:00:00Z
3,2026-09-13,2016-09-11,True,14,1.4409999999995762,2016-09-11T12:00:00Z
3,2026-09-13,2016-09-11,True,15,0.442000000000462,2016-09-11T13:00:00Z
3,2026-09-13,2016-09-11,True,16,0.3149999999995998,2016-09-11T14:00:00Z
3,2026-09-13,2016-09-11,True,17,0.48600000000033106,2016-09-11T15:00:00Z
3,2026-09-13,2016-09-11,True,18,0.33700000000021646,2016-09-11T16:00:00Z
3,2026-09-13,2016-09-11,True,19,0.4329999999999927,2016-09-11T17:00:00Z
3,2026-09-13,2016-09-11,True,20,0.5879999999999654,2016-09-11T18:00:00Z
3,2026-09-13,2016-09-11,True,21,1.2919999999999163,2016-09-11T19:00:00Z
3,2026-09-13,2016-09-11,True,22,1.3610000000001037,2016-09-11T20:00:00Z
3,2026-09-13,2016-09-11,True,23,1.252999999999929,2016-09-11T21:00:00Z
3,2026-09-14,2016-09-12,True,0,1.0170000000000528,2016-09-11T22:00:00Z
3,2026-09-14,2016-09-12,True,1,0.4700000000000273,2016-09-11T23:00:00Z
3,2026-09-14,2016-09-12,True,2,0.14999999999986358,2016-09-12T00:00:00Z
3,2026-09-14,2016-09-12,True,3,0.1290000000001328,2016-09-12T01:00:00Z
3,2026-09-14,2016-09-12,True,4,0.1510000000000673,2016-09-12T02:00:00Z
3,2026-09-14,2016-09-12,True,5,0.15999999999985448,2016-09-12T03:00:00Z
3,2026-09-14,2016-09-12,True,6,0.2300000000000182,2016-09-12T04:00:00Z
3,2026-09-14,2016-09-12,True,7,0.4919999999999618,2016-09-12T05:00:00Z
3,2026-09-14,2016-09-12,True,8,0.3029999999996562,2016-09-12T06:00:00Z
3,2026-09-14,2016-09-12,True,9,0.22400000000016007,2016-09-12T07:00:00Z
3,2026-09-14,2016-09-12,True,10,0.16300000000001091,2016-09-12T08:00:00Z
3,2026-09-14,2016-09-12,True,11,0.18699999999989814,2016-09-12T09:00:00Z
3,2026-09-14,2016-09-12,True,12,0.29599999999982174,2016-09-12T10:00:00Z
3,2026-09-14,2016-09-12,True,13,0.5750000000002728,2016-09-12T11:00:00Z
3,2026-09-14,2016-09-12,True,14,0.724999999999909,2016-09-12T12:00:00Z
3,2026-09-14,2016-09-12,True,15,1.0660000000004857,2016-09-12T13:00:00Z
3,2026-09-14,2016-09-12,True,16,0.27700000000004366,2016-09-12T14:00:00Z
3,2026-09-14,2016-09-12,True,17,0.5329999999999018,2016-09-12T15:00:00Z
3,2026-09-14,2016-09-12,True,18,0.3769999999999527,2016-09-12T16:00:00Z
3,2026-09-14,2016-09-12,True,19,0.6459999999999582,2016-09-12T17:00:00Z
3,2026-09-14,2016-09-12,True,20,0.9780000000000655,2016-09-12T18:00:00Z
3,2026-09-14,2016-09-12,True,21,1.2960000000000491,2016-09-12T19:00:00Z
3,2026-09-14,2016-09-12,True,22,1.34699999999998,2016-09-12T20:00:00Z
3,2026-09-14,2016-09-12,True,23,0.6089999999999236,2016-09-12T21:00:00Z
3,2026-09-15,2016-09-20,True,0,0.5950000000000273,2016-09-19T22:00:00Z
3,2026-09-15,2016-09-20,True,1,0.13799999999991996,2016-09-19T23:00:00Z
3,2026-09-15,2016-09-20,True,2,0.22100000000000364,2016-09-20T00:00:00Z
3,2026-09-15,2016-09-20,True,3,0.11900000000014188,2016-09-20T01:00:00Z
3,2026-09-15,2016-09-20,True,4,0.19200000000000728,2016-09-20T02:00:00Z
3,2026-09-15,2016-09-20,True,5,0.15999999999985448,2016-09-20T03:00:00Z
3,2026-09-15,2016-09-20,True,6,0.43400000000019645,2016-09-20T04:00:00Z
3,2026-09-15,2016-09-20,True,7,0.7690000000000055,2016-09-20T05:00:00Z
3,2026-09-15,2016-09-20,True,8,0.415000000000191,2016-09-20T06:00:00Z
3,2026-09-15,2016-09-20,True,9,1.1510000000002947,2016-09-20T07:00:00Z
3,2026-09-15,2016-09-20,True,10,0.4589999999996053,2016-09-20T08:00:00Z
3,2026-09-15,2016-09-20,True,11,0.42399999999997817,2016-09-20T09:00:00Z
3,2026-09-15,2016-09-20,True,12,0.24499999999989086,2016-09-20T10:00:00Z
3,2026-09-15,2016-09-20,True,13,0.6390000000003511,2016-09-20T11:00:00Z
3,2026-09-15,2016-09-20,True,14,0.3480000000001837,2016-09-20T12:00:00Z
3,2026-09-15,2016-09-20,True,15,0.710999999999558,2016-09-20T13:00:00Z
3,2026-09-15,2016-09-20,True,16,0.3620000000005348,2016-09-20T14:00:00Z
3,2026-09-15,2016-09-20,True,17,0.7169999999994161,2016-09-20T15:00:00Z
3,2026-09-15,2016-09-20,True,18,2.05600000000004,2016-09-20T16:00:00Z
3,2026-09-15,2016-09-20,True,19,0.7630000000003747,2016-09-20T17:00:00Z
3,2026-09-15,2016-09-20,True,20,1.4349999999999454,2016-09-20T18:00:00Z
3,2026-09-15,2016-09-20,True,21,1.4880000000000564,2016-09-20T19:00:00Z
3,2026-09-15,2016-09-20,True,22,0.9759999999998854,2016-09-20T20:00:00Z
3,2026-09-15,2016-09-20,True,23,0.7599999999999909,2016-09-20T21:00:00Z
3,2026-09-16,2016-09-21,True,0,0.6430000000000291,2016-09-20T22:00:00Z
3,2026-09-16,2016-09-21,True,1,0.26500000000010004,2016-09-20T23:00:00Z
3,2026-09-16,2016-09-21,True,2,0.25700000000006185,2016-09-21T00:00:00Z
3,2026-09-16,2016-09-21,True,3,0.15999999999985448,2016-09-21T01:00:00Z
3,2026-09-16,2016-09-21,True,4,0.14000000000010004,2016-09-21T02:00:00Z
3,2026-09-16,2016-09-21,True,5,0.1799999999998363,2016-09-21T03:00:00Z
3,2026-09-16,2016-09-21,True,6,0.5230000000001382,2016-09-21T04:00:00Z
3,2026-09-16,2016-09-21,True,7,0.9529999999997472,2016-09-21T05:00:00Z
3,2026-09-16,2016-09-21,True,8,0.13199999999983447,2016-09-21T06:00:00Z
3,2026-09-16,2016-09-21,True,9,0.18600000000014916,2016-09-21T07:00:00Z
3,2026-09-16,2016-09-21,True,10,0.1430000000000291,2016-09-21T08:00:00Z
3,2026-09-16,2016-09-21,True,11,0.38799999999991996,2016-09-21T09:00:00Z
3,2026-09-16,2016-09-21,True,12,0.31599999999980355,2016-09-21T10:00:00Z
3,2026-09-16,2016-09-21,True,13,0.6520000000004984,2016-09-21T11:00:00Z
3,2026-09-16,2016-09-21,True,14,0.2969999999995707,2016-09-21T12:00:00Z
3,2026-09-16,2016-09-21,True,15,0.3480000000004111,2016-09-21T13:00:00Z
3,2026-09-16,2016-09-21,True,16,0.4509999999995671,2016-09-21T14:00:00Z
3,2026-09-16,2016-09-21,True,17,0.4350000000004002,2016-09-21T15:00:00Z
3,2026-09-16,2016-09-21,True,18,0.7799999999997453,2016-09-21T16:00:00Z
3,2026-09-16,2016-09-21,True,19,0.40200000000004366,2016-09-21T17:00:00Z
3,2026-09-16,2016-09-21,True,20,0.8640000000000327,2016-09-21T18:00:00Z
3,2026-09-16,2016-09-21,True,21,0.83199999999988,2016-09-21T19:00:00Z
3,2026-09-16,2016-09-21,True,22,1.0080000000000382,2016-09-21T20:00:00Z
3,2026-09-16,2016-09-21,True,23,0.73700000000008,2016-09-21T21:00:00Z
3,2026-09-17,2016-09-15,True,0,0.5090000000000146,2016-09-14T22:00:00Z
3,2026-09-17,2016-09-15,True,1,0.26300000000014734,2016-09-14T23:00:00Z
3,2026-09-17,2016-09-15,True,2,0.21299999999996544,2016-09-15T00:00:00Z
3,2026-09-17,2016-09-15,True,3,0.14999999999986358,2016-09-15T01:00:00Z
3,2026-09-17,2016-09-15,True,4,0.20000000000004547,2016-09-15T02:00:00Z
3,2026-09-17,2016-09-15,True,5,0.16000000000008185,2016-09-15T03:00:00Z
3,2026-09-17,2016-09-15,True,6,0.32999999999992724,2016-09-15T04:00:00Z
3,2026-09-17,2016-09-15,True,7,0.48899999999980537,2016-09-15T05:00:00Z
3,2026-09-17,2016-09-15,True,8,0.818000000000211,2016-09-15T06:00:00Z
3,2026-09-17,2016-09-15,True,9,0.8670000000001892,2016-09-15T07:00:00Z
3,2026-09-17,2016-09-15,True,10,1.3969999999997071,2016-09-15T08:00:00Z
3,2026-09-17,2016-09-15,True,11,0.5040000000001328,2016-09-15T09:00:00Z
3,2026-09-17,2016-09-15,True,12,0.4459999999999127,2016-09-15T10:00:00Z
3,2026-09-17,2016-09-15,True,13,0.8900000000001,2016-09-15T11:00:00Z
3,2026-09-17,2016-09-15,True,14,1.6359999999997399,2016-09-15T12:00:00Z
3,2026-09-17,2016-09-15,True,15,1.147000000000162,2016-09-15T13:00:00Z
3,2026-09-17,2016-09-15,True,16,0.3029999999998836,2016-09-15T14:00:00Z
3,2026-09-17,2016-09-15,True,17,0.49900000000002365,2016-09-15T15:00:00Z
3,2026-09-17,2016-09-15,True,18,0.8900000000001,2016-09-15T16:00:00Z
3,2026-09-17,2016-09-15,True,19,1.1099999999999,2016-09-15T17:00:00Z
3,2026-09-17,2016-09-15,True,20,1.280999999999949,2016-09-15T18:00:00Z
3,2026-09-17,2016-09-15,True,21,0.6700000000000728,2016-09-15T19:00:00Z
3,2026-09-17,2016-09-15,True,22,0.5729999999998654,2016-09-15T20:00:00Z
3,2026-09-17,2016-09-15,True,23,0.5720000000001164,2016-09-15T21:00:00Z
3,2026-09-18,2016-09-16,True,0,0.5099999999999909,2016-09-15T22:00:00Z
3,2026-09-18,2016-09-16,True,1,0.20100000000002183,2016-09-15T23:00:00Z
3,2026-09-18,2016-09-16,True,2,0.2699999999999818,2016-09-16T00:00:00Z
3,2026-09-18,2016-09-16,True,3,0.15999999999985448,2016-09-16T01:00:00Z
3,2026-09-18,2016-09-16,True,4,0.24700000000007094,2016-09-16T02:00:00Z
3,2026-09-18,2016-09-16,True,5,0.17300000000000182,2016-09-16T03:00:00Z
3,2026-09-18,2016-09-16,True,6,0.2380000000000564,2016-09-16T04:00:00Z
3,2026-09-18,2016-09-16,True,7,0.5709999999999127,2016-09-16T05:00:00Z
3,2026-09-18,2016-09-16,True,8,0.4940000000001419,2016-09-16T06:00:00Z
3,2026-09-18,2016-09-16,True,9,0.4580000000000837,2016-09-16T07:00:00Z
3,2026-09-18,2016-09-16,True,10,0.3170000000000073,2016-09-16T08:00:00Z
3,2026-09-18,2016-09-16,True,11,0.2660000000000764,2016-09-16T09:00:00Z
3,2026-09-18,2016-09-16,True,12,0.8109999999999218,2016-09-16T10:00:00Z
3,2026-09-18,2016-09-16,True,13,0.7030000000004293,2016-09-16T11:00:00Z
3,2026-09-18,2016-09-16,True,14,0.31199999999989814,2016-09-16T12:00:00Z
3,2026-09-18,2016-09-16,True,15,0.3289999999997235,2016-09-16T13:00:00Z
3,2026-09-18,2016-09-16,True,16,0.38999999999987267,2016-09-16T14:00:00Z
3,2026-09-18,2016-09-16,True,17,0.29900000000020555,2016-09-16T15:00:00Z
3,2026-09-18,2016-09-16,True,18,0.23199999999974352,2016-09-16T16:00:00Z
3,2026-09-18,2016-09-16,True,19,0.16000000000008185,2016-09-16T17:00:00Z
3,2026-09-18,2016-09-16,True,20,0.6069999999999709,2016-09-16T18:00:00Z
3,2026-09-18,2016-09-16,True,21,1.4660000000001219,2016-09-16T19:00:00Z
3,2026-09-18,2016-09-16,True,22,0.94399999999996,2016-09-16T20:00:00Z
3,2026-09-18,2016-09-16,True,23,0.7770000000000437,2016-09-16T21:00:00Z
3,2026-09-19,2016-09-17,True,0,0.4559999999999036,2016-09-16T22:00:00Z
3,2026-09-19,2016-09-17,True,1,0.2619999999999436,2016-09-16T23:00:00Z
3,2026-09-19,2016-09-17,True,2,0.2580000000000382,2016-09-17T00:00:00Z
3,2026-09-19,2016-09-17,True,3,0.19900000000006912,2016-09-17T01:00:00Z
3,2026-09-19,2016-09-17,True,4,0.14999999999986358,2016-09-17T02:00:00Z
3,2026-09-19,2016-09-17,True,5,0.2400000000000091,2016-09-17T03:00:00Z
3,2026-09-19,2016-09-17,True,6,0.1510000000000673,2016-09-17T04:00:00Z
3,2026-09-19,2016-09-17,True,7,0.1750000000001819,2016-09-17T05:00:00Z
3,2026-09-19,2016-09-17,True,8,0.5290000000002237,2016-09-17T06:00:00Z
3,2026-09-19,2016-09-17,True,9,0.28700000000003456,2016-09-17T07:00:00Z
3,2026-09-19,2016-09-17,True,10,0.46199999999953434,2016-09-17T08:00:00Z
3,2026-09-19,2016-09-17,True,11,0.8350000000002638,2016-09-17T09:00:00Z
3,2026-09-19,2016-09-17,True,12,1.0179999999995744,2016-09-17T10:00:00Z
3,2026-09-19,2016-09-17,True,13,0.47400000000016007,2016-09-17T11:00:00Z
3,2026-09-19,2016-09-17,True,14,0.2869999999998072,2016-09-17T12:00:00Z
3,2026-09-19,2016-09-17,True,15,0.2510000000002037,2016-09-17T13:00:00Z
3,2026-09-19,2016-09-17,True,16,0.27100000000018554,2016-09-17T14:00:00Z
3,2026-09-19,2016-09-17,True,17,0.3389999999999418,2016-09-17T15:00:00Z
3,2026-09-19,2016-09-17,True,18,0.3910000000000764,2016-09-17T16:00:00Z
3,2026-09-19,2016-09-17,True,19,0.8419999999998709,2016-09-17T17:00:00Z
3,2026-09-19,2016-09-17,True,20,1.1990000000000691,2016-09-17T18:00:00Z
3,2026-09-19,2016-09-17,True,21,0.41200000000003456,2016-09-17T19:00:00Z
3,2026-09-19,2016-09-17,True,22,0.37599999999997635,2016-09-17T20:00:00Z
3,2026-09-19,2016-09-17,True,23,0.38400000000001455,2016-09-17T21:00:00Z
3,2026-09-20,2016-09-18,True,0,0.37799999999992906,2016-09-17T22:00:00Z
3,2026-09-20,2016-09-18,True,1,0.5830000000000837,2016-09-17T23:00:00Z
3,2026-09-20,2016-09-18,True,2,0.6669999999999163,2016-09-18T00:00:00Z
3,2026-09-20,2016-09-18,True,3,0.5299999999999727,2016-09-18T01:00:00Z
3,2026-09-20,2016-09-18,True,4,0.5200000000002092,2016-09-18T02:00:00Z
3,2026-09-20,2016-09-18,True,5,0.3869999999999436,2016-09-18T03:00:00Z
3,2026-09-20,2016-09-18,True,6,0.15799999999990177,2016-09-18T04:00:00Z
3,2026-09-20,2016-09-18,True,7,0.2119999999997617,2016-09-18T05:00:00Z
3,2026-09-20,2016-09-18,True,8,0.20800000000008367,2016-09-18T06:00:00Z
3,2026-09-20,2016-09-18,True,9,0.6140000000002601,2016-09-18T07:00:00Z
3,2026-09-20,2016-09-18,True,10,0.2840000000001055,2016-09-18T08:00:00Z
3,2026-09-20,2016-09-18,True,11,1.1089999999996962,2016-09-18T09:00:00Z
3,2026-09-20,2016-09-18,True,12,0.928000000000111,2016-09-18T10:00:00Z
3,2026-09-20,2016-09-18,True,13,1.4459999999999127,2016-09-18T11:00:00Z
3,2026-09-20,2016-09-18,True,14,0.7630000000001473,2016-09-18T12:00:00Z
3,2026-09-20,2016-09-18,True,15,0.7489999999997963,2016-09-18T13:00:00Z
3,2026-09-20,2016-09-18,True,16,0.6290000000001328,2016-09-18T14:00:00Z
3,2026-09-20,2016-09-18,True,17,0.27100000000018554,2016-09-18T15:00:00Z
3,2026-09-20,2016-09-18,True,18,0.28100000000017644,2016-09-18T16:00:00Z
3,2026-09-20,2016-09-18,True,19,0.4939999999999145,2016-09-18T17:00:00Z
3,2026-09-20,2016-09-18,True,20,1.04300000000012,2016-09-18T18:00:00Z
3,2026-09-20,2016-09-18,True,21,0.8369999999999891,2016-09-18T19:00:00Z
3,2026-09-20,2016-09-18,True,22,1.140999999999849,2016-09-18T20:00:00Z
3,2026-09-20,2016-09-18,True,23,1.012000000000171,2016-09-18T21:00:00Z
3,2026-09-21,2016-09-19,True,0,0.6479999999999109,2016-09-18T22:00:00Z
3,2026-09-21,2016-09-19,True,1,0.47900000000004184,2016-09-18T23:00:00Z
3,2026-09-21,2016-09-19,True,2,1.0609999999999218,2016-09-19T00:00:00Z
3,2026-09-21,2016-09-19,True,3,1.240000000000009,2016-09-19T01:00:00Z
3,2026-09-21,2016-09-19,True,4,0.2639999999998963,2016-09-19T02:00:00Z
3,2026-09-21,2016-09-19,True,5,0.25300000000015643,2016-09-19T03:00:00Z
3,2026-09-21,2016-09-19,True,6,0.724999999999909,2016-09-19T04:00:00Z
3,2026-09-21,2016-09-19,True,7,0.47599999999965803,2016-09-19T05:00:00Z
3,2026-09-21,2016-09-19,True,8,0.11399999999980537,2016-09-19T06:00:00Z
3,2026-09-21,2016-09-19,True,9,0.2700000000002092,2016-09-19T07:00:00Z
3,2026-09-21,2016-09-19,True,10,0.4979999999998199,2016-09-19T08:00:00Z
3,2026-09-21,2016-09-19,True,11,0.5450000000000728,2016-09-19T09:00:00Z
3,2026-09-21,2016-09-19,True,12,1.1700000000003001,2016-09-19T10:00:00Z
3,2026-09-21,2016-09-19,True,13,0.7279999999998381,2016-09-19T11:00:00Z
3,2026-09-21,2016-09-19,True,14,0.37200000000007094,2016-09-19T12:00:00Z
3,2026-09-21,2016-09-19,True,15,0.2909999999997126,2016-09-19T13:00:00Z
3,2026-09-21,2016-09-19,True,16,0.2070000000003347,2016-09-19T14:00:00Z
3,2026-09-21,2016-09-19,True,17,0.9099999999996271,2016-09-19T15:00:00Z
3,2026-09-21,2016-09-19,True,18,0.6900000000002819,2016-09-19T16:00:00Z
3,2026-09-21,2016-09-19,True,19,0.9029999999997926,2016-09-19T17:00:00Z
3,2026-09-21,2016-09-19,True,20,1.074999999999818,2016-09-19T18:00:00Z
3,2026-09-21,2016-09-19,True,21,1.5050000000001091,2016-09-19T19:00:00Z
3,2026-09-21,2016-09-19,True,22,1.5270000000000437,2016-09-19T20:00:00Z
3,2026-09-21,2016-09-19,True,23,0.9579999999998563,2016-09-19T21:00:00Z
3,2026-09-22,2016-09-27,True,0,0.5950000000000273,2016-09-26T22:00:00Z
3,2026-09-22,2016-09-27,True,1,0.44000000000005457,2016-09-26T23:00:00Z
3,2026-09-22,2016-09-27,True,2,0.23699999999985266,2016-09-27T00:00:00Z
3,2026-09-22,2016-09-27,True,3,0.17000000000007276,2016-09-27T01:00:00Z
3,2026-09-22,2016-09-27,True,4,0.1410000000000764,2016-09-27T02:00:00Z
3,2026-09-22,2016-09-27,True,5,0.17899999999985994,2016-09-27T03:00:00Z
3,2026-09-22,2016-09-27,True,6,0.706000000000131,2016-09-27T04:00:00Z
3,2026-09-22,2016-09-27,True,7,1.3169999999995525,2016-09-27T05:00:00Z
3,2026-09-22,2016-09-27,True,8,0.568000000000211,2016-09-27T06:00:00Z
3,2026-09-22,2016-09-27,True,9,0.11400000000003274,2016-09-27T07:00:00Z
3,2026-09-22,2016-09-27,True,10,0.10600000000022192,2016-09-27T08:00:00Z
3,2026-09-22,2016-09-27,True,11,0.18099999999958527,2016-09-27T09:00:00Z
3,2026-09-22,2016-09-27,True,12,0.31100000000014916,2016-09-27T10:00:00Z
3,2026-09-22,2016-09-27,True,13,0.3609999999998763,2016-09-27T11:00:00Z
3,2026-09-22,2016-09-27,True,14,0.47200000000020736,2016-09-27T12:00:00Z
3,2026-09-22,2016-09-27,True,15,0.22000000000025466,2016-09-27T13:00:00Z
3,2026-09-22,2016-09-27,True,16,0.2669999999998254,2016-09-27T14:00:00Z
3,2026-09-22,2016-09-27,True,17,0.3249999999998181,2016-09-27T15:00:00Z
3,2026-09-22,2016-09-27,True,18,0.5590000000001965,2016-09-27T16:00:00Z
3,2026-09-22,2016-09-27,True,19,1.009999999999991,2016-09-27T17:00:00Z
3,2026-09-22,2016-09-27,True,20,1.1749999999999545,2016-09-27T18:00:00Z
3,2026-09-22,2016-09-27,True,21,1.0899999999999181,2016-09-27T19:00:00Z
3,2026-09-22,2016-09-27,True,22,0.6949999999999363,2016-09-27T20:00:00Z
3,2026-09-22,2016-09-27,True,23,0.387000000000171,2016-09-27T21:00:00Z
3,2026-09-23,2016-09-28,True,0,0.29399999999986903,2016-09-27T22:00:00Z
3,2026-09-23,2016-09-28,True,1,0.10400000000004184,2016-09-27T23:00:00Z
3,2026-09-23,2016-09-28,True,2,0.18000000000006366,2016-09-28T00:00:00Z
3,2026-09-23,2016-09-28,True,3,0.11899999999991451,2016-09-28T01:00:00Z
3,2026-09-23,2016-09-28,True,4,0.12799999999992906,2016-09-28T02:00:00Z
3,2026-09-23,2016-09-28,True,5,0.16300000000001091,2016-09-28T03:00:00Z
3,2026-09-23,2016-09-28,True,6,1.0970000000002074,2016-09-28T04:00:00Z
3,2026-09-23,2016-09-28,True,7,1.6749999999999545,2016-09-28T05:00:00Z
3,2026-09-23,2016-09-28,True,8,0.4739999999999327,2016-09-28T06:00:00Z
3,2026-09-23,2016-09-28,True,9,0.6909999999998035,2016-09-28T07:00:00Z
3,2026-09-23,2016-09-28,True,10,0.4410000000000309,2016-09-28T08:00:00Z
3,2026-09-23,2016-09-28,True,11,0.805000000000291,2016-09-28T09:00:00Z
3,2026-09-23,2016-09-28,True,12,0.3579999999997199,2016-09-28T10:00:00Z
3,2026-09-23,2016-09-28,True,13,1.7960000000002765,2016-09-28T11:00:00Z
3,2026-09-23,2016-09-28,True,14,0.5059999999998581,2016-09-28T12:00:00Z
3,2026-09-23,2016-09-28,True,15,0.17200000000002547,2016-09-28T13:00:00Z
3,2026-09-23,2016-09-28,True,16,1.1050000000000182,2016-09-28T14:00:00Z
3,2026-09-23,2016-09-28,True,17,0.5920000000000982,2016-09-28T15:00:00Z
3,2026-09-23,2016-09-28,True,18,1.7419999999997344,2016-09-28T16:00:00Z
3,2026-09-23,2016-09-28,True,19,1.6600000000000819,2016-09-28T17:00:00Z
3,2026-09-23,2016-09-28,True,20,2.280999999999949,2016-09-28T18:00:00Z
3,2026-09-23,2016-09-28,True,21,1.122000000000071,2016-09-28T19:00:00Z
3,2026-09-23,2016-09-28,True,22,0.7999999999999545,2016-09-28T20:00:00Z
3,2026-09-23,2016-09-28,True,23,0.8600000000001273,2016-09-28T21:00:00Z
3,2026-09-24,2016-09-22,True,0,0.34799999999995634,2016-09-21T22:00:00Z
3,2026-09-24,2016-09-22,True,1,0.31999999999993634,2016-09-21T23:00:00Z
3,2026-09-24,2016-09-22,True,2,0.24700000000007094,2016-09-22T00:00:00Z
3,2026-09-24,2016-09-22,True,3,0.17000000000007276,2016-09-22T01:00:00Z
3,2026-09-24,2016-09-22,True,4,0.20000000000004547,2016-09-22T02:00:00Z
3,2026-09-24,2016-09-22,True,5,0.18899999999985084,2016-09-22T03:00:00Z
3,2026-09-24,2016-09-22,True,6,0.5180000000000291,2016-09-22T04:00:00Z
3,2026-09-24,2016-09-22,True,7,0.68100000000004,2016-09-22T05:00:00Z
3,2026-09-24,2016-09-22,True,8,0.10700000000019827,2016-09-22T06:00:00Z
3,2026-09-24,2016-09-22,True,9,0.14600000000018554,2016-09-22T07:00:00Z
3,2026-09-24,2016-09-22,True,10,0.09799999999995634,2016-09-22T08:00:00Z
3,2026-09-24,2016-09-22,True,11,0.238999999999578,2016-09-22T09:00:00Z
3,2026-09-24,2016-09-22,True,12,1.1419999999998254,2016-09-22T10:00:00Z
3,2026-09-24,2016-09-22,True,13,1.1900000000000546,2016-09-22T11:00:00Z
3,2026-09-24,2016-09-22,True,14,0.9060000000001764,2016-09-22T12:00:00Z
3,2026-09-24,2016-09-22,True,15,0.8520000000003165,2016-09-22T13:00:00Z
3,2026-09-24,2016-09-22,True,16,0.18800000000010186,2016-09-22T14:00:00Z
3,2026-09-24,2016-09-22,True,17,0.32899999999949614,2016-09-22T15:00:00Z
3,2026-09-24,2016-09-22,True,18,0.5989999999999327,2016-09-22T16:00:00Z
3,2026-09-24,2016-09-22,True,19,0.5370000000000346,2016-09-22T17:00:00Z
3,2026-09-24,2016-09-22,True,20,1.0,2016-09-22T18:00:00Z
3,2026-09-24,2016-09-22,True,21,0.7739999999998872,2016-09-22T19:00:00Z
3,2026-09-24,2016-09-22,True,22,0.5650000000000546,2016-09-22T20:00:00Z
3,2026-09-24,2016-09-22,True,23,0.1069999999999709,2016-09-22T21:00:00Z
3,2026-09-25,2016-09-23,True,0,0.1430000000000291,2016-09-22T22:00:00Z
3,2026-09-25,2016-09-23,True,1,0.11000000000012733,2016-09-22T23:00:00Z
3,2026-09-25,2016-09-23,True,2,0.18099999999981264,2016-09-23T00:00:00Z
3,2026-09-25,2016-09-23,True,3,0.10700000000019827,2016-09-23T01:00:00Z
3,2026-09-25,2016-09-23,True,4,0.16299999999978354,2016-09-23T02:00:00Z
3,2026-09-25,2016-09-23,True,5,0.11900000000014188,2016-09-23T03:00:00Z
3,2026-09-25,2016-09-23,True,6,0.32600000000002183,2016-09-23T04:00:00Z
3,2026-09-25,2016-09-23,True,7,0.7180000000000746,2016-09-23T05:00:00Z
3,2026-09-25,2016-09-23,True,8,0.36400000000003274,2016-09-23T06:00:00Z
3,2026-09-25,2016-09-23,True,9,0.48700000000008004,2016-09-23T07:00:00Z
3,2026-09-25,2016-09-23,True,10,0.34799999999995634,2016-09-23T08:00:00Z
3,2026-09-25,2016-09-23,True,11,0.4580000000000837,2016-09-23T09:00:00Z
3,2026-09-25,2016-09-23,True,12,0.20699999999987995,2016-09-23T10:00:00Z
3,2026-09-25,2016-09-23,True,13,0.6829999999999927,2016-09-23T11:00:00Z
3,2026-09-25,2016-09-23,True,14,0.3949999999999818,2016-09-23T12:00:00Z
3,2026-09-25,2016-09-23,True,15,1.022000000000162,2016-09-23T13:00:00Z
3,2026-09-25,2016-09-23,True,16,0.9670000000000982,2016-09-23T14:00:00Z
3,2026-09-25,2016-09-23,True,17,0.5469999999997981,2016-09-23T15:00:00Z
3,2026-09-25,2016-09-23,True,18,0.32700000000022555,2016-09-23T16:00:00Z
3,2026-09-25,2016-09-23,True,19,0.31199999999989814,2016-09-23T17:00:00Z
3,2026-09-25,2016-09-23,True,20,0.5799999999999272,2016-09-23T18:00:00Z
3,2026-09-25,2016-09-23,True,21,2.224999999999909,2016-09-23T19:00:00Z
3,2026-09-25,2016-09-23,True,22,0.8179999999999836,2016-09-23T20:00:00Z
3,2026-09-25,2016-09-23,True,23,0.7119999999999891,2016-09-23T21:00:00Z
3,2026-09-26,2016-09-24,True,0,0.6929999999999836,2016-09-23T22:00:00Z
3,2026-09-26,2016-09-24,True,1,0.11900000000014188,2016-09-23T23:00:00Z
3,2026-09-26,2016-09-24,True,2,0.18000000000006366,2016-09-24T00:00:00Z
3,2026-09-26,2016-09-24,True,3,0.12099999999986721,2016-09-24T01:00:00Z
3,2026-09-26,2016-09-24,True,4,0.16000000000008185,2016-09-24T02:00:00Z
3,2026-09-26,2016-09-24,True,5,0.1169999999999618,2016-09-24T03:00:00Z
3,2026-09-26,2016-09-24,True,6,0.16200000000003456,2016-09-24T04:00:00Z
3,2026-09-26,2016-09-24,True,7,0.10500000000001819,2016-09-24T05:00:00Z
3,2026-09-26,2016-09-24,True,8,0.17799999999988358,2016-09-24T06:00:00Z
3,2026-09-26,2016-09-24,True,9,0.9139999999999873,2016-09-24T07:00:00Z
3,2026-09-26,2016-09-24,True,10,0.7979999999997744,2016-09-24T08:00:00Z
3,2026-09-26,2016-09-24,True,11,0.5599999999999454,2016-09-24T09:00:00Z
3,2026-09-26,2016-09-24,True,12,0.4360000000006039,2016-09-24T10:00:00Z
3,2026-09-26,2016-09-24,True,13,1.5249999999998636,2016-09-24T11:00:00Z
3,2026-09-26,2016-09-24,True,14,1.4829999999994925,2016-09-24T12:00:00Z
3,2026-09-26,2016-09-24,True,15,0.915000000000191,2016-09-24T13:00:00Z
3,2026-09-26,2016-09-24,True,16,1.6150000000002365,2016-09-24T14:00:00Z
3,2026-09-26,2016-09-24,True,17,0.5880000000001928,2016-09-24T15:00:00Z
3,2026-09-26,2016-09-24,True,18,0.5049999999996544,2016-09-24T16:00:00Z
3,2026-09-26,2016-09-24,True,19,0.3930000000000291,2016-09-24T17:00:00Z
3,2026-09-26,2016-09-24,True,20,0.48099999999999454,2016-09-24T18:00:00Z
3,2026-09-26,2016-09-24,True,21,0.6960000000001401,2016-09-24T19:00:00Z
3,2026-09-26,2016-09-24,True,22,0.9839999999999236,2016-09-24T20:00:00Z
3,2026-09-26,2016-09-24,True,23,0.5480000000000018,2016-09-24T21:00:00Z
3,2026-09-27,2016-09-25,True,0,0.5699999999999363,2016-09-24T22:00:00Z
3,2026-09-27,2016-09-25,True,1,0.6710000000000491,2016-09-24T23:00:00Z
3,2026-09-27,2016-09-25,True,2,0.8659999999999854,2016-09-25T00:00:00Z
3,2026-09-27,2016-09-25,True,3,0.18100000000004002,2016-09-25T01:00:00Z
3,2026-09-27,2016-09-25,True,4,0.1590000000001055,2016-09-25T02:00:00Z
3,2026-09-27,2016-09-25,True,5,0.20099999999979445,2016-09-25T03:00:00Z
3,2026-09-27,2016-09-25,True,6,0.14000000000010004,2016-09-25T04:00:00Z
3,2026-09-27,2016-09-25,True,7,0.15600000000017644,2016-09-25T05:00:00Z
3,2026-09-27,2016-09-25,True,8,0.2669999999998254,2016-09-25T06:00:00Z
3,2026-09-27,2016-09-25,True,9,0.6859999999996944,2016-09-25T07:00:00Z
3,2026-09-27,2016-09-25,True,10,1.19399999999996,2016-09-25T08:00:00Z
3,2026-09-27,2016-09-25,True,11,1.0100000000004457,2016-09-25T09:00:00Z
3,2026-09-27,2016-09-25,True,12,0.43000000000029104,2016-09-25T10:00:00Z
3,2026-09-27,2016-09-25,True,13,1.398999999999205,2016-09-25T11:00:00Z
3,2026-09-27,2016-09-25,True,14,0.609000000000151,2016-09-25T12:00:00Z
3,2026-09-27,2016-09-25,True,15,0.9290000000003147,2016-09-25T13:00:00Z
3,2026-09-27,2016-09-25,True,16,0.3079999999999927,2016-09-25T14:00:00Z
3,2026-09-27,2016-09-25,True,17,0.4660000000001219,2016-09-25T15:00:00Z
3,2026-09-27,2016-09-25,True,18,0.9179999999998927,2016-09-25T16:00:00Z
3,2026-09-27,2016-09-25,True,19,1.0579999999999927,2016-09-25T17:00:00Z
3,2026-09-27,2016-09-25,True,20,1.04099999999994,2016-09-25T18:00:00Z
3,2026-09-27,2016-09-25,True,21,1.34900000000016,2016-09-25T19:00:00Z
3,2026-09-27,2016-09-25,True,22,1.2849999999998545,2016-09-25T20:00:00Z
3,2026-09-27,2016-09-25,True,23,0.8320000000001073,2016-09-25T21:00:00Z
3,2026-09-28,2016-09-26,True,0,0.7159999999998945,2016-09-25T22:00:00Z
3,2026-09-28,2016-09-26,True,1,0.4919999999999618,2016-09-25T23:00:00Z
3,2026-09-28,2016-09-26,True,2,0.11200000000008004,2016-09-26T00:00:00Z
3,2026-09-28,2016-09-26,True,3,0.08999999999991815,2016-09-26T01:00:00Z
3,2026-09-28,2016-09-26,True,4,0.12100000000009459,2016-09-26T02:00:00Z
3,2026-09-28,2016-09-26,True,5,0.16000000000008185,2016-09-26T03:00:00Z
3,2026-09-28,2016-09-26,True,6,0.4179999999998927,2016-09-26T04:00:00Z
3,2026-09-28,2016-09-26,True,7,0.46900000000005093,2016-09-26T05:00:00Z
3,2026-09-28,2016-09-26,True,8,0.8089999999997417,2016-09-26T06:00:00Z
3,2026-09-28,2016-09-26,True,9,0.43600000000037653,2016-09-26T07:00:00Z
3,2026-09-28,2016-09-26,True,10,0.17399999999952342,2016-09-26T08:00:00Z
3,2026-09-28,2016-09-26,True,11,0.148000000000593,2016-09-26T09:00:00Z
3,2026-09-28,2016-09-26,True,12,0.18799999999964712,2016-09-26T10:00:00Z
3,2026-09-28,2016-09-26,True,13,0.9590000000002874,2016-09-26T11:00:00Z
3,2026-09-28,2016-09-26,True,14,0.640999999999849,2016-09-26T12:00:00Z
3,2026-09-28,2016-09-26,True,15,0.834999999999809,2016-09-26T13:00:00Z
3,2026-09-28,2016-09-26,True,16,0.7419999999999618,2016-09-26T14:00:00Z
3,2026-09-28,2016-09-26,True,17,0.3980000000003656,2016-09-26T15:00:00Z
3,2026-09-28,2016-09-26,True,18,0.5789999999999509,2016-09-26T16:00:00Z
3,2026-09-28,2016-09-26,True,19,0.6469999999999345,2016-09-26T17:00:00Z
3,2026-09-28,2016-09-26,True,20,0.8659999999999854,2016-09-26T18:00:00Z
3,2026-09-28,2016-09-26,True,21,1.5460000000000491,2016-09-26T19:00:00Z
3,2026-09-28,2016-09-26,True,22,1.3350000000000364,2016-09-26T20:00:00Z
3,2026-09-28,2016-09-26,True,23,0.8779999999999291,2016-09-26T21:00:00Z
4,2026-01-01,2018-01-04,True,0,1.3150000000005093,2018-01-03T23:00:00Z
4,2026-01-01,2018-01-04,True,1,0.8259999999991123,2018-01-04T00:00:00Z
4,2026-01-01,2018-01-04,True,2,0.7209999999995489,2018-01-04T01:00:00Z
4,2026-01-01,2018-01-04,True,3,0.7880000000004657,2018-01-04T02:00:00Z
4,2026-01-01,2018-01-04,True,4,1.2600000000002183,2018-01-04T03:00:00Z
4,2026-01-01,2018-01-04,True,5,0.8029999999998836,2018-01-04T04:00:00Z
4,2026-01-01,2018-01-04,True,6,0.9750000000003638,2018-01-04T05:00:00Z
4,2026-01-01,2018-01-04,True,7,1.6460000000006403,2018-01-04T06:00:00Z
4,2026-01-01,2018-01-04,True,8,0.963000000003376,2018-01-04T07:00:00Z
4,2026-01-01,2018-01-04,True,9,1.2139999999963038,2018-01-04T08:00:00Z
4,2026-01-01,2018-01-04,True,10,0.9049999999988358,2018-01-04T09:00:00Z
4,2026-01-01,2018-01-04,True,11,1.4030000000020664,2018-01-04T10:00:00Z
4,2026-01-01,2018-01-04,True,12,0.8460000000013679,2018-01-04T11:00:00Z
4,2026-01-01,2018-01-04,True,13,1.1449999999986176,2018-01-04T12:00:00Z
4,2026-01-01,2018-01-04,True,14,0.7799999999988358,2018-01-04T13:00:00Z
4,2026-01-01,2018-01-04,True,15,2.110000000002401,2018-01-04T14:00:00Z
4,2026-01-01,2018-01-04,True,16,2.5869999999995343,2018-01-04T15:00:00Z
4,2026-01-01,2018-01-04,True,17,2.5100000000002183,2018-01-04T16:00:00Z
4,2026-01-01,2018-01-04,True,18,1.5840000000007421,2018-01-04T17:00:00Z
4,2026-01-01,2018-01-04,True,19,0.9909999999999854,2018-01-04T18:00:00Z
4,2026-01-01,2018-01-04,True,20,1.0100000000002183,2018-01-04T19:00:00Z
4,2026-01-01,2018-01-04,True,21,1.5399999999990541,2018-01-04T20:00:00Z
4,2026-01-01,2018-01-04,True,22,1.1300000000010186,2018-01-04T21:00:00Z
4,2026-01-01,2018-01-04,True,23,0.9949999999989814,2018-01-04T22:00:00Z
4,2026-01-02,2016-01-01,True,0,0.9500000000000455,2015-12-31T23:00:00Z
4,2026-01-02,2016-01-01,True,1,1.0050000000001091,2016-01-01T00:00:00Z
4,2026-01-02,2016-01-01,True,2,0.8249999999998181,2016-01-01T01:00:00Z
4,2026-01-02,2016-01-01,True,3,0.9880000000000564,2016-01-01T02:00:00Z
4,2026-01-02,2016-01-01,True,4,0.8199999999999363,2016-01-01T03:00:00Z
4,2026-01-02,2016-01-01,True,5,0.6200000000001182,2016-01-01T04:00:00Z
4,2026-01-02,2016-01-01,True,6,0.7999999999999545,2016-01-01T05:00:00Z
4,2026-01-02,2016-01-01,True,7,0.7889999999999873,2016-01-01T06:00:00Z
4,2026-01-02,2016-01-01,True,8,0.6859999999999218,2016-01-01T07:00:00Z
4,2026-01-02,2016-01-01,True,9,0.66700000000003,2016-01-01T08:00:00Z
4,2026-01-02,2016-01-01,True,10,1.303000000000111,2016-01-01T09:00:00Z
4,2026-01-02,2016-01-01,True,11,1.2570000000000618,2016-01-01T10:00:00Z
4,2026-01-02,2016-01-01,True,12,0.8139999999999645,2016-01-01T11:00:00Z
4,2026-01-02,2016-01-01,True,13,2.310000000000059,2016-01-01T12:00:00Z
4,2026-01-02,2016-01-01,True,14,1.09699999999998,2016-01-01T13:00:00Z
4,2026-01-02,2016-01-01,True,15,0.8289999999999509,2016-01-01T14:00:00Z
4,2026-01-02,2016-01-01,True,16,0.5909999999998945,2016-01-01T15:00:00Z
4,2026-01-02,2016-01-01,True,17,0.9400000000000546,2016-01-01T16:00:00Z
4,2026-01-02,2016-01-01,True,18,0.9900000000000091,2016-01-01T17:00:00Z
4,2026-01-02,2016-01-01,True,19,1.1549999999999727,2016-01-01T18:00:00Z
4,2026-01-02,2016-01-01,True,20,2.5579999999999927,2016-01-01T19:00:00Z
4,2026-01-02,2016-01-01,True,21,1.375,2016-01-01T20:00:00Z
4,2026-01-02,2016-01-01,True,22,0.9320000000000164,2016-01-01T21:00:00Z
4,2026-01-02,2016-01-01,True,23,0.6980000000000928,2016-01-01T22:00:00Z
4,2026-01-03,2016-01-02,True,0,0.8799999999998818,2016-01-01T23:00:00Z
4,2026-01-03,2016-01-02,True,1,0.8120000000001255,2016-01-02T00:00:00Z
4,2026-01-03,2016-01-02,True,2,0.5550000000000637,2016-01-02T01:00:00Z
4,2026-01-03,2016-01-02,True,3,0.7849999999998545,2016-01-02T02:00:00Z
4,2026-01-03,2016-01-02,True,4,0.8079999999999927,2016-01-02T03:00:00Z
4,2026-01-03,2016-01-02,True,5,0.6570000000001528,2016-01-02T04:00:00Z
4,2026-01-03,2016-01-02,True,6,0.6629999999997835,2016-01-02T05:00:00Z
4,2026-01-03,2016-01-02,True,7,0.8120000000001255,2016-01-02T06:00:00Z
4,2026-01-03,2016-01-02,True,8,0.8379999999999654,2016-01-02T07:00:00Z
4,2026-01-03,2016-01-02,True,9,0.6639999999997599,2016-01-02T08:00:00Z
4,2026-01-03,2016-01-02,True,10,1.6480000000000246,2016-01-02T09:00:00Z
4,2026-01-03,2016-01-02,True,11,1.2840000000003329,2016-01-02T10:00:00Z
4,2026-01-03,2016-01-02,True,12,3.03899999999976,2016-01-02T11:00:00Z
4,2026-01-03,2016-01-02,True,13,3.18300000000022,2016-01-02T12:00:00Z
4,2026-01-03,2016-01-02,True,14,1.7929999999998927,2016-01-02T13:00:00Z
4,2026-01-03,2016-01-02,True,15,0.9449999999999363,2016-01-02T14:00:00Z
4,2026-01-03,2016-01-02,True,16,2.064999999999827,2016-01-02T15:00:00Z
4,2026-01-03,2016-01-02,True,17,0.9900000000000091,2016-01-02T16:00:00Z
4,2026-01-03,2016-01-02,True,18,0.9700000000000273,2016-01-02T17:00:00Z
4,2026-01-03,2016-01-02,True,19,0.7980000000000018,2016-01-02T18:00:00Z
4,2026-01-03,2016-01-02,True,20,1.05600000000004,2016-01-02T19:00:00Z
4,2026-01-03,2016-01-02,True,21,1.0889999999999418,2016-01-02T20:00:00Z
4,2026-01-03,2016-01-02,True,22,0.9909999999999854,2016-01-02T21:00:00Z
4,2026-01-03,2016-01-02,True,23,0.734000000000151,2016-01-02T22:00:00Z
4,2026-01-04,2016-01-03,True,0,1.4049999999999727,2016-01-02T23:00:00Z
4,2026-01-04,2016-01-03,True,1,1.1869999999998981,2016-01-03T00:00:00Z
4,2026-01-04,2016-01-03,True,2,0.8279999999999745,2016-01-03T01:00:00Z
4,2026-01-04,2016-01-03,True,3,0.5520000000001346,2016-01-03T02:00:00Z
4,2026-01-04,2016-01-03,True,4,0.8079999999999927,2016-01-03T03:00:00Z
4,2026-01-04,2016-01-03,True,5,0.849999999999909,2016-01-03T04:00:00Z
4,2026-01-04,2016-01-03,True,6,0.6449999999999818,2016-01-03T05:00:00Z
4,2026-01-04,2016-01-03,True,7,0.7050000000001546,2016-01-03T06:00:00Z
4,2026-01-04,2016-01-03,True,8,0.8160000000000309,2016-01-03T07:00:00Z
4,2026-01-04,2016-01-03,True,9,0.7590000000001282,2016-01-03T08:00:00Z
4,2026-01-04,2016-01-03,True,10,1.6829999999999927,2016-01-03T09:00:00Z
4,2026-01-04,2016-01-03,True,11,3.6589999999997644,2016-01-03T10:00:00Z
4,2026-01-04,2016-01-03,True,12,3.249000000000251,2016-01-03T11:00:00Z
4,2026-01-04,2016-01-03,True,13,3.31799999999987,2016-01-03T12:00:00Z
4,2026-01-04,2016-01-03,True,14,1.4579999999998563,2016-01-03T13:00:00Z
4,2026-01-04,2016-01-03,True,15,1.1910000000002583,2016-01-03T14:00:00Z
4,2026-01-04,2016-01-03,True,16,1.2009999999997945,2016-01-03T15:00:00Z
4,2026-01-04,2016-01-03,True,17,0.2580000000000382,2016-01-03T16:00:00Z
4,2026-01-04,2016-01-03,True,18,1.0920000000000982,2016-01-03T17:00:00Z
4,2026-01-04,2016-01-03,True,19,0.9479999999998654,2016-01-03T18:00:00Z
4,2026-01-04,2016-01-03,True,20,0.875,2016-01-03T19:00:00Z
4,2026-01-04,2016-01-03,True,21,1.06899999999996,2016-01-03T20:00:00Z
4,2026-01-04,2016-01-03,True,22,1.0080000000000382,2016-01-03T21:00:00Z
4,2026-01-04,2016-01-03,True,23,0.8130000000001019,2016-01-03T22:00:00Z
4,2026-01-05,2016-01-04,True,0,0.7749999999998636,2016-01-03T23:00:00Z
4,2026-01-05,2016-01-04,True,1,0.8500000000001364,2016-01-04T00:00:00Z
4,2026-01-05,2016-01-04,True,2,1.634999999999991,2016-01-04T01:00:00Z
4,2026-01-05,2016-01-04,True,3,0.6620000000000346,2016-01-04T02:00:00Z
4,2026-01-05,2016-01-04,True,4,0.7599999999999909,2016-01-04T03:00:00Z
4,2026-01-05,2016-01-04,True,5,0.8450000000000273,2016-01-04T04:00:00Z
4,2026-01-05,2016-01-04,True,6,0.8779999999999291,2016-01-04T05:00:00Z
4,2026-01-05,2016-01-04,True,7,0.6430000000000291,2016-01-04T06:00:00Z
4,2026-01-05,2016-01-04,True,8,0.6890000000000782,2016-01-04T07:00:00Z
4,2026-01-05,2016-01-04,True,9,0.932999999999879,2016-01-04T08:00:00Z
4,2026-01-05,2016-01-04,True,10,2.449000000000069,2016-01-04T09:00:00Z
4,2026-01-05,2016-01-04,True,11,4.30600000000004,2016-01-04T10:00:00Z
4,2026-01-05,2016-01-04,True,12,1.9919999999998481,2016-01-04T11:00:00Z
4,2026-01-05,2016-01-04,True,13,1.3929999999999154,2016-01-04T12:00:00Z
4,2026-01-05,2016-01-04,True,14,1.622000000000071,2016-01-04T13:00:00Z
4,2026-01-05,2016-01-04,True,15,0.6470000000001619,2016-01-04T14:00:00Z
4,2026-01-05,2016-01-04,True,16,0.6850000000000591,2016-01-04T15:00:00Z
4,2026-01-05,2016-01-04,True,17,0.775000000000091,2016-01-04T16:00:00Z
4,2026-01-05,2016-01-04,True,18,0.5769999999999982,2016-01-04T17:00:00Z
4,2026-01-05,2016-01-04,True,19,1.3229999999998654,2016-01-04T18:00:00Z
4,2026-01-05,2016-01-04,True,20,0.9940000000001419,2016-01-04T19:00:00Z
4,2026-01-05,2016-01-04,True,21,0.9829999999999472,2016-01-04T20:00:00Z
4,2026-01-05,2016-01-04,True,22,1.1730000000000018,2016-01-04T21:00:00Z
4,2026-01-05,2016-01-04,True,23,1.0570000000000164,2016-01-04T22:00:00Z
4,2026-01-06,2016-01-05,True,0,0.7369999999998527,2016-01-04T23:00:00Z
4,2026-01-06,2016-01-05,True,1,2.2129999999999654,2016-01-05T00:00:00Z
4,2026-01-06,2016-01-05,True,2,0.900000000000091,2016-01-05T01:00:00Z
4,2026-01-06,2016-01-05,True,3,0.8279999999999745,2016-01-05T02:00:00Z
4,2026-01-06,2016-01-05,True,4,0.5670000000000073,2016-01-05T03:00:00Z
4,2026-01-06,2016-01-05,True,5,0.7730000000001382,2016-01-05T04:00:00Z
4,2026-01-06,2016-01-05,True,6,0.8089999999999691,2016-01-05T05:00:00Z
4,2026-01-06,2016-01-05,True,7,0.737999999999829,2016-01-05T06:00:00Z
4,2026-01-06,2016-01-05,True,8,0.7149999999999181,2016-01-05T07:00:00Z
4,2026-01-06,2016-01-05,True,9,0.8140000000000782,2016-01-05T08:00:00Z
4,2026-01-06,2016-01-05,True,10,0.9139999999998736,2016-01-05T09:00:00Z
4,2026-01-06,2016-01-05,True,11,1.6180000000002792,2016-01-05T10:00:00Z
4,2026-01-06,2016-01-05,True,12,1.3409999999998945,2016-01-05T11:00:00Z
4,2026-01-06,2016-01-05,True,13,0.8149999999999409,2016-01-05T12:00:00Z
4,2026-01-06,2016-01-05,True,14,0.5749999999998181,2016-01-05T13:00:00Z
4,2026-01-06,2016-01-05,True,15,0.7400000000001228,2016-01-05T14:00:00Z
4,2026-01-06,2016-01-05,True,16,0.5630000000001019,2016-01-05T15:00:00Z
4,2026-01-06,2016-01-05,True,17,0.8899999999998727,2016-01-05T16:00:00Z
4,2026-01-06,2016-01-05,True,18,0.7880000000000109,2016-01-05T17:00:00Z
4,2026-01-06,2016-01-05,True,19,1.9149999999999636,2016-01-05T18:00:00Z
4,2026-01-06,2016-01-05,True,20,2.69600000000014,2016-01-05T19:00:00Z
4,2026-01-06,2016-01-05,True,21,2.5429999999998927,2016-01-05T20:00:00Z
4,2026-01-06,2016-01-05,True,22,1.2229999999999563,2016-01-05T21:00:00Z
4,2026-01-06,2016-01-05,True,23,0.9529999999999745,2016-01-05T22:00:00Z
4,2026-01-07,2016-01-13,True,0,0.7419999999999618,2016-01-12T23:00:00Z
4,2026-01-07,2016-01-13,True,1,0.7980000000000018,2016-01-13T00:00:00Z
4,2026-01-07,2016-01-13,True,2,0.8759999999999764,2016-01-13T01:00:00Z
4,2026-01-07,2016-01-13,True,3,0.7660000000000764,2016-01-13T02:00:00Z
4,2026-01-07,2016-01-13,True,4,1.5960000000000036,2016-01-13T03:00:00Z
4,2026-01-07,2016-01-13,True,5,0.7740000000001146,2016-01-13T04:00:00Z
4,2026-01-07,2016-01-13,True,6,0.8679999999999382,2016-01-13T05:00:00Z
4,2026-01-07,2016-01-13,True,7,1.2770000000000437,2016-01-13T06:00:00Z
4,2026-01-07,2016-01-13,True,8,1.8809999999998581,2016-01-13T07:00:00Z
4,2026-01-07,2016-01-13,True,9,0.84599999999989,2016-01-13T08:00:00Z
4,2026-01-07,2016-01-13,True,10,0.6750000000000682,2016-01-13T09:00:00Z
4,2026-01-07,2016-01-13,True,11,0.9160000000000537,2016-01-13T10:00:00Z
4,2026-01-07,2016-01-13,True,12,2.0960000000001173,2016-01-13T11:00:00Z
4,2026-01-07,2016-01-13,True,13,3.091000000000008,2016-01-13T12:00:00Z
4,2026-01-07,2016-01-13,True,14,2.56699999999978,2016-01-13T13:00:00Z
4,2026-01-07,2016-01-13,True,15,2.4540000000001783,2016-01-13T14:00:00Z
4,2026-01-07,2016-01-13,True,16,1.6669999999999163,2016-01-13T15:00:00Z
4,2026-01-07,2016-01-13,True,17,0.8980000000001382,2016-01-13T16:00:00Z
4,2026-01-07,2016-01-13,True,18,0.9320000000000164,2016-01-13T17:00:00Z
4,2026-01-07,2016-01-13,True,19,1.0,2016-01-13T18:00:00Z
4,2026-01-07,2016-01-13,True,20,1.02599999999984,2016-01-13T19:00:00Z
4,2026-01-07,2016-01-13,True,21,0.9139999999999873,2016-01-13T20:00:00Z
4,2026-01-07,2016-01-13,True,22,1.0350000000000819,2016-01-13T21:00:00Z
4,2026-01-07,2016-01-13,True,23,1.0109999999999673,2016-01-13T22:00:00Z
4,2026-01-08,2016-01-07,True,0,0.6630000000000109,2016-01-06T23:00:00Z
4,2026-01-08,2016-01-07,True,1,0.875,2016-01-07T00:00:00Z
4,2026-01-08,2016-01-07,True,2,0.8399999999999181,2016-01-07T01:00:00Z
4,2026-01-08,2016-01-07,True,3,0.7110000000000127,2016-01-07T02:00:00Z
4,2026-01-08,2016-01-07,True,4,0.6790000000000873,2016-01-07T03:00:00Z
4,2026-01-08,2016-01-07,True,5,1.3920000000000528,2016-01-07T04:00:00Z
4,2026-01-08,2016-01-07,True,6,1.0859999999997854,2016-01-07T05:00:00Z
4,2026-01-08,2016-01-07,True,7,1.0340000000001055,2016-01-07T06:00:00Z
4,2026-01-08,2016-01-07,True,8,0.9699999999999136,2016-01-07T07:00:00Z
4,2026-01-08,2016-01-07,True,9,0.5600000000000591,2016-01-07T08:00:00Z
4,2026-01-08,2016-01-07,True,10,1.625,2016-01-07T09:00:00Z
4,2026-01-08,2016-01-07,True,11,0.9139999999998736,2016-01-07T10:00:00Z
4,2026-01-08,2016-01-07,True,12,0.6430000000002565,2016-01-07T11:00:00Z
4,2026-01-08,2016-01-07,True,13,0.8029999999998836,2016-01-07T12:00:00Z
4,2026-01-08,2016-01-07,True,14,0.9829999999999472,2016-01-07T13:00:00Z
4,2026-01-08,2016-01-07,True,15,2.258000000000038,2016-01-07T14:00:00Z
4,2026-01-08,2016-01-07,True,16,1.6230000000000473,2016-01-07T15:00:00Z
4,2026-01-08,2016-01-07,True,17,1.0170000000000528,2016-01-07T16:00:00Z
4,2026-01-08,2016-01-07,True,18,1.074999999999818,2016-01-07T17:00:00Z
4,2026-01-08,2016-01-07,True,19,2.2450000000001182,2016-01-07T18:00:00Z
4,2026-01-08,2016-01-07,True,20,1.5049999999998818,2016-01-07T19:00:00Z
4,2026-01-08,2016-01-07,True,21,0.7250000000001364,2016-01-07T20:00:00Z
4,2026-01-08,2016-01-07,True,22,0.8650000000000091,2016-01-07T21:00:00Z
4,2026-01-08,2016-01-07,True,23,0.8550000000000182,2016-01-07T22:00:00Z
4,2026-01-09,2016-01-08,True,0,0.6749999999999545,2016-01-07T23:00:00Z
4,2026-01-09,2016-01-08,True,1,0.9379999999998745,2016-01-08T00:00:00Z
4,2026-01-09,2016-01-08,True,2,0.6820000000000164,2016-01-08T01:00:00Z
4,2026-01-09,2016-01-08,True,3,1.6880000000001019,2016-01-08T02:00:00Z
4,2026-01-09,2016-01-08,True,4,0.7449999999998909,2016-01-08T03:00:00Z
4,2026-01-09,2016-01-08,True,5,0.859000000000151,2016-01-08T04:00:00Z
4,2026-01-09,2016-01-08,True,6,0.8859999999999673,2016-01-08T05:00:00Z
4,2026-01-09,2016-01-08,True,7,1.9600000000000364,2016-01-08T06:00:00Z
4,2026-01-09,2016-01-08,True,8,0.97199999999998,2016-01-08T07:00:00Z
4,2026-01-09,2016-01-08,True,9,0.6519999999998163,2016-01-08T08:00:00Z
4,2026-01-09,2016-01-08,True,10,1.4780000000001792,2016-01-08T09:00:00Z
4,2026-01-09,2016-01-08,True,11,1.06799999999987,2016-01-08T10:00:00Z
4,2026-01-09,2016-01-08,True,12,0.7690000000000055,2016-01-08T11:00:00Z
4,2026-01-09,2016-01-08,True,13,0.90400000000011,2016-01-08T12:00:00Z
4,2026-01-09,2016-01-08,True,14,2.1549999999999727,2016-01-08T13:00:00Z
4,2026-01-09,2016-01-08,True,15,2.3640000000000327,2016-01-08T14:00:00Z
4,2026-01-09,2016-01-08,True,16,1.44600000000014,2016-01-08T15:00:00Z
4,2026-01-09,2016-01-08,True,17,0.8269999999999982,2016-01-08T16:00:00Z
4,2026-01-09,2016-01-08,True,18,1.1699999999998454,2016-01-08T17:00:00Z
4,2026-01-09,2016-01-08,True,19,3.0979999999999563,2016-01-08T18:00:00Z
4,2026-01-09,2016-01-08,True,20,1.0420000000001437,2016-01-08T19:00:00Z
4,2026-01-09,2016-01-08,True,21,0.8350000000000364,2016-01-08T20:00:00Z
4,2026-01-09,2016-01-08,True,22,1.0229999999999109,2016-01-08T21:00:00Z
4,2026-01-09,2016-01-08,True,23,0.6870000000001255,2016-01-08T22:00:00Z
4,2026-01-10,2017-01-07,True,0,1.1489999999994325,2017-01-06T23:00:00Z
4,2026-01-10,2017-01-07,True,1,1.5750000000007276,2017-01-07T00:00:00Z
4,2026-01-10,2017-01-07,True,2,1.1049999999995634,2017-01-07T01:00:00Z
4,2026-01-10,2017-01-07,True,3,1.3400000000001455,2017-01-07T02:00:00Z
4,2026-01-10,2017-01-07,True,4,1.4859999999998763,2017-01-07T03:00:00Z
4,2026-01-10,2017-01-07,True,5,0.9939999999996871,2017-01-07T04:00:00Z
4,2026-01-10,2017-01-07,True,6,1.5650000000005093,2017-01-07T05:00:00Z
4,2026-01-10,2017-01-07,True,7,2.369999999999891,2017-01-07T06:00:00Z
4,2026-01-10,2017-01-07,True,8,1.4160000000001673,2017-01-07T07:00:00Z
4,2026-01-10,2017-01-07,True,9,1.4259999999994761,2017-01-07T08:00:00Z
4,2026-01-10,2017-01-07,True,10,0.9160000000010768,2017-01-07T09:00:00Z
4,2026-01-10,2017-01-07,True,11,3.0600000000004,2017-01-07T10:00:00Z
4,2026-01-10,2017-01-07,True,12,1.9409999999979846,2017-01-07T11:00:00Z
4,2026-01-10,2017-01-07,True,13,2.481999999999971,2017-01-07T12:00:00Z
4,2026-01-10,2017-01-07,True,14,3.0800000000008367,2017-01-07T13:00:00Z
4,2026-01-10,2017-01-07,True,15,3.1729999999997744,2017-01-07T14:00:00Z
4,2026-01-10,2017-01-07,True,16,2.839999999999236,2017-01-07T15:00:00Z
4,2026-01-10,2017-01-07,True,17,3.0410000000001673,2017-01-07T16:00:00Z
4,2026-01-10,2017-01-07,True,18,2.7839999999996508,2017-01-07T17:00:00Z
4,2026-01-10,2017-01-07,True,19,2.0380000000004657,2017-01-07T18:00:00Z
4,2026-01-10,2017-01-07,True,20,1.3559999999997672,2017-01-07T19:00:00Z
4,2026-01-10,2017-01-07,True,21,1.3980000000001382,2017-01-07T20:00:00Z
4,2026-01-10,2017-01-07,True,22,1.3980000000001382,2017-01-07T21:00:00Z
4,2026-01-10,2017-01-07,True,23,1.2749999999996362,2017-01-07T22:00:00Z
4,2026-01-11,2016-01-10,True,0,0.9379999999998745,2016-01-09T23:00:00Z
4,2026-01-11,2016-01-10,True,1,0.6349999999999909,2016-01-10T00:00:00Z
4,2026-01-11,2016-01-10,True,2,0.7850000000000819,2016-01-10T01:00:00Z
4,2026-01-11,2016-01-10,True,3,0.8019999999999072,2016-01-10T02:00:00Z
4,2026-01-11,2016-01-10,True,4,0.5750000000000455,2016-01-10T03:00:00Z
4,2026-01-11,2016-01-10,True,5,0.7830000000001291,2016-01-10T04:00:00Z
4,2026-01-11,2016-01-10,True,6,0.8019999999999072,2016-01-10T05:00:00Z
4,2026-01-11,2016-01-10,True,7,0.7170000000000982,2016-01-10T06:00:00Z
4,2026-01-11,2016-01-10,True,8,0.7319999999999709,2016-01-10T07:00:00Z
4,2026-01-11,2016-01-10,True,9,0.8279999999999745,2016-01-10T08:00:00Z
4,2026-01-11,2016-01-10,True,10,0.8769999999999527,2016-01-10T09:00:00Z
4,2026-01-11,2016-01-10,True,11,1.5990000000000464,2016-01-10T10:00:00Z
4,2026-01-11,2016-01-10,True,12,1.9390000000000782,2016-01-10T11:00:00Z
4,2026-01-11,2016-01-10,True,13,1.1289999999999054,2016-01-10T12:00:00Z
4,2026-01-11,2016-01-10,True,14,0.84800000000007,2016-01-10T13:00:00Z
4,2026-01-11,2016-01-10,True,15,0.8979999999999109,2016-01-10T14:00:00Z
4,2026-01-11,2016-01-10,True,16,1.6600000000000819,2016-01-10T15:00:00Z
4,2026-01-11,2016-01-10,True,17,1.875,2016-01-10T16:00:00Z
4,2026-01-11,2016-01-10,True,18,0.9669999999998709,2016-01-10T17:00:00Z
4,2026-01-11,2016-01-10,True,19,1.2980000000000018,2016-01-10T18:00:00Z
4,2026-01-11,2016-01-10,True,20,1.62700000000018,2016-01-10T19:00:00Z
4,2026-01-11,2016-01-10,True,21,1.6959999999999127,2016-01-10T20:00:00Z
4,2026-01-11,2016-01-10,True,22,0.7639999999998963,2016-01-10T21:00:00Z
4,2026-01-11,2016-01-10,True,23,0.9050000000002001,2016-01-10T22:00:00Z
4,2026-01-12,2018-01-15,True,0,0.9200000000000728,2018-01-14T23:00:00Z
4,2026-01-12,2018-01-15,True,1,1.2270000000007713,2018-01-15T00:00:00Z
4,2026-01-12,2018-01-15,True,2,0.7259999999987485,2018-01-15T01:00:00Z
4,2026-01-12,2018-01-15,True,3,0.8299999999999272,2018-01-15T02:00:00Z
4,2026-01-12,2018-01-15,True,4,0.7520000000004075,2018-01-15T03:00:00Z
4,2026-01-12,2018-01-15,True,5,1.4439999999995052,2018-01-15T04:00:00Z
4,2026-01-12,2018-01-15,True,6,0.8999999999996362,2018-01-15T05:00:00Z
4,2026-01-12,2018-01-15,True,7,1.7560000000012224,2018-01-15T06:00:00Z
4,2026-01-12,2018-01-15,True,8,1.290000000002692,2018-01-15T07:00:00Z
4,2026-01-12,2018-01-15,True,9,2.4310000000004948,2018-01-15T08:00:00Z
4,2026-01-12,2018-01-15,True,10,3.40400000000227,2018-01-15T09:00:00Z
4,2026-01-12,2018-01-15,True,11,4.145000000000437,2018-01-15T10:00:00Z
4,2026-01-12,2018-01-15,True,12,2.56999999999789,2018-01-15T11:00:00Z
4,2026-01-12,2018-01-15,True,13,2.0939999999991414,2018-01-15T12:00:00Z
4,2026-01-12,2018-01-15,True,14,2.9900000000016007,2018-01-15T13:00:00Z
4,2026-01-12,2018-01-15,True,15,1.3829999999979918,2018-01-15T14:00:00Z
4,2026-01-12,2018-01-15,True,16,0.8099999999994907,2018-01-15T15:00:00Z
4,2026-01-12,2018-01-15,True,17,0.842000000000553,2018-01-15T16:00:00Z
4,2026-01-12,2018-01-15,True,18,1.5190000000002328,2018-01-15T17:00:00Z
4,2026-01-12,2018-01-15,True,19,0.966999999998734,2018-01-15T18:00:00Z
4,2026-01-12,2018-01-15,True,20,0.9710000000013679,2018-01-15T19:00:00Z
4,2026-01-12,2018-01-15,True,21,0.8609999999989668,2018-01-15T20:00:00Z
4,2026-01-12,2018-01-15,True,22,1.5950000000011642,2018-01-15T21:00:00Z
4,2026-01-12,2018-01-15,True,23,0.8059999999986758,2018-01-15T22:00:00Z
4,2026-01-13,2018-01-16,True,0,0.8109999999996944,2018-01-15T23:00:00Z
4,2026-01-13,2018-01-16,True,1,0.7430000000003929,2018-01-16T00:00:00Z
4,2026-01-13,2018-01-16,True,2,1.2950000000000728,2018-01-16T01:00:00Z
4,2026-01-13,2018-01-16,True,3,0.7980000000006839,2018-01-16T02:00:00Z
4,2026-01-13,2018-01-16,True,4,0.7440000000005966,2018-01-16T03:00:00Z
4,2026-01-13,2018-01-16,True,5,0.786999999998443,2018-01-16T04:00:00Z
4,2026-01-13,2018-01-16,True,6,1.0560000000004948,2018-01-16T05:00:00Z
4,2026-01-13,2018-01-16,True,7,1.320000000001528,2018-01-16T06:00:00Z
4,2026-01-13,2018-01-16,True,8,1.1329999999998108,2018-01-16T07:00:00Z
4,2026-01-13,2018-01-16,True,9,3.8029999999998836,2018-01-16T08:00:00Z
4,2026-01-13,2018-01-16,True,10,3.2489999999997963,2018-01-16T09:00:00Z
4,2026-01-13,2018-01-16,True,11,3.735999999997148,2018-01-16T10:00:00Z
4,2026-01-13,2018-01-16,True,12,1.7590000000036525,2018-01-16T11:00:00Z
4,2026-01-13,2018-01-16,True,13,2.0269999999982247,2018-01-16T12:00:00Z
4,2026-01-13,2018-01-16,True,14,1.452000000001135,2018-01-16T13:00:00Z
4,2026-01-13,2018-01-16,True,15,0.04799999999886495,2018-01-16T14:00:00Z
4,2026-01-13,2018-01-16,True,16,2.1200000000008004,2018-01-16T15:00:00Z
4,2026-01-13,2018-01-16,True,17,2.683999999999287,2018-01-16T16:00:00Z
4,2026-01-13,2018-01-16,True,18,2.643000000000029,2018-01-16T17:00:00Z
4,2026-01-13,2018-01-16,True,19,1.4700000000011642,2018-01-16T18:00:00Z
4,2026-01-13,2018-01-16,True,20,1.297999999998865,2018-01-16T19:00:00Z
4,2026-01-13,2018-01-16,True,21,0.9920000000001892,2018-01-16T20:00:00Z
4,2026-01-13,2018-01-16,True,22,1.5789999999997235,2018-01-16T21:00:00Z
4,2026-01-13,2018-01-16,True,23,0.8430000000007567,2018-01-16T22:00:00Z
4,2026-01-14,2017-01-18,True,0,0.9800000000004729,2017-01-17T23:00:00Z
4,2026-01-14,2017-01-18,True,1,1.0999999999994543,2017-01-18T00:00:00Z
4,2026-01-14,2017-01-18,True,2,1.3130000000001019,2017-01-18T01:00:00Z
4,2026-01-14,2017-01-18,True,3,0.8720000000002983,2017-01-18T02:00:00Z
4,2026-01-14,2017-01-18,True,4,1.264999999999418,2017-01-18T03:00:00Z
4,2026-01-14,2017-01-18,True,5,1.3120000000008076,2017-01-18T04:00:00Z
4,2026-01-14,2017-01-18,True,6,0.9749999999994543,2017-01-18T05:00:00Z
4,2026-01-14,2017-01-18,True,7,2.4080000000003565,2017-01-18T06:00:00Z
4,2026-01-14,2017-01-18,True,8,1.38799999999992,2017-01-18T07:00:00Z
4,2026-01-14,2017-01-18,True,9,1.606999999999971,2017-01-18T08:00:00Z
4,2026-01-14,2017-01-18,True,10,1.5970000000015716,2017-01-18T09:00:00Z
4,2026-01-14,2017-01-18,True,11,1.4129999999986467,2017-01-18T10:00:00Z
4,2026-01-14,2017-01-18,True,12,2.3850000000002183,2017-01-18T11:00:00Z
4,2026-01-14,2017-01-18,True,13,2.9909999999999854,2017-01-18T12:00:00Z
4,2026-01-14,2017-01-18,True,14,2.527999999999338,2017-01-18T13:00:00Z
4,2026-01-14,2017-01-18,True,15,2.209000000000742,2017-01-18T14:00:00Z
4,2026-01-14,2017-01-18,True,16,2.7169999999996435,2017-01-18T15:00:00Z
4,2026-01-14,2017-01-18,True,17,1.949999999999818,2017-01-18T16:00:00Z
4,2026-01-14,2017-01-18,True,18,1.6149999999997817,2017-01-18T17:00:00Z
4,2026-01-14,2017-01-18,True,19,1.1700000000000728,2017-01-18T18:00:00Z
4,2026-01-14,2017-01-18,True,20,1.5700000000006185,2017-01-18T19:00:00Z
4,2026-01-14,2017-01-18,True,21,1.1499999999996362,2017-01-18T20:00:00Z
4,2026-01-14,2017-01-18,True,22,1.5919999999996435,2017-01-18T21:00:00Z
4,2026-01-14,2017-01-18,True,23,0.9760000000005675,2017-01-18T22:00:00Z
4,2026-01-15,2016-01-14,True,0,1.0039999999999054,2016-01-13T23:00:00Z
4,2026-01-15,2016-01-14,True,1,0.7960000000000491,2016-01-14T00:00:00Z
4,2026-01-15,2016-01-14,True,2,1.2920000000001437,2016-01-14T01:00:00Z
4,2026-01-15,2016-01-14,True,3,1.2799999999999727,2016-01-14T02:00:00Z
4,2026-01-15,2016-01-14,True,4,0.9980000000000473,2016-01-14T03:00:00Z
4,2026-01-15,2016-01-14,True,5,0.97199999999998,2016-01-14T04:00:00Z
4,2026-01-15,2016-01-14,True,6,1.1099999999999,2016-01-14T05:00:00Z
4,2026-01-15,2016-01-14,True,7,0.9290000000000873,2016-01-14T06:00:00Z
4,2026-01-15,2016-01-14,True,8,1.3429999999998472,2016-01-14T07:00:00Z
4,2026-01-15,2016-01-14,True,9,1.1989999999999554,2016-01-14T08:00:00Z
4,2026-01-15,2016-01-14,True,10,0.9570000000001073,2016-01-14T09:00:00Z
4,2026-01-15,2016-01-14,True,11,2.467999999999847,2016-01-14T10:00:00Z
4,2026-01-15,2016-01-14,True,12,4.3390000000003965,2016-01-14T11:00:00Z
4,2026-01-15,2016-01-14,True,13,1.7089999999998327,2016-01-14T12:00:00Z
4,2026-01-15,2016-01-14,True,14,1.085999999999899,2016-01-14T13:00:00Z
4,2026-01-15,2016-01-14,True,15,0.9389999999999645,2016-01-14T14:00:00Z
4,2026-01-15,2016-01-14,True,16,1.0329999999999018,2016-01-14T15:00:00Z
4,2026-01-15,2016-01-14,True,17,1.06899999999996,2016-01-14T16:00:00Z
4,2026-01-15,2016-01-14,True,18,0.9390000000000782,2016-01-14T17:00:00Z
4,2026-01-15,2016-01-14,True,19,1.8669999999999618,2016-01-14T18:00:00Z
4,2026-01-15,2016-01-14,True,20,1.240000000000009,2016-01-14T19:00:00Z
4,2026-01-15,2016-01-14,True,21,1.1290000000001328,2016-01-14T20:00:00Z
4,2026-01-15,2016-01-14,True,22,1.0939999999998236,2016-01-14T21:00:00Z
4,2026-01-15,2016-01-14,True,23,0.7970000000000255,2016-01-14T22:00:00Z
4,2026-01-16,2016-01-15,True,0,0.9410000000000309,2016-01-14T23:00:00Z
4,2026-01-16,2016-01-15,True,1,0.9639999999999418,2016-01-15T00:00:00Z
4,2026-01-16,2016-01-15,True,2,0.9100000000000819,2016-01-15T01:00:00Z
4,2026-01-16,2016-01-15,True,3,0.8279999999999745,2016-01-15T02:00:00Z
4,2026-01-16,2016-01-15,True,4,0.8199999999999363,2016-01-15T03:00:00Z
4,2026-01-16,2016-01-15,True,5,0.9650000000001455,2016-01-15T04:00:00Z
4,2026-01-16,2016-01-15,True,6,1.0829999999998563,2016-01-15T05:00:00Z
4,2026-01-16,2016-01-15,True,7,1.7740000000001146,2016-01-15T06:00:00Z
4,2026-01-16,2016-01-15,True,8,1.586999999999989,2016-01-15T07:00:00Z
4,2026-01-16,2016-01-15,True,9,1.0450000000001864,2016-01-15T08:00:00Z
4,2026-01-16,2016-01-15,True,10,0.9940000000000282,2016-01-15T09:00:00Z
4,2026-01-16,2016-01-15,True,11,0.9190000000000964,2016-01-15T10:00:00Z
4,2026-01-16,2016-01-15,True,12,1.6589999999999918,2016-01-15T11:00:00Z
4,2026-01-16,2016-01-15,True,13,0.9379999999997608,2016-01-15T12:00:00Z
4,2026-01-16,2016-01-15,True,14,0.9640000000000555,2016-01-15T13:00:00Z
4,2026-01-16,2016-01-15,True,15,1.6319999999999482,2016-01-15T14:00:00Z
4,2026-01-16,2016-01-15,True,16,2.3090000000001965,2016-01-15T15:00:00Z
4,2026-01-16,2016-01-15,True,17,2.7619999999999436,2016-01-15T16:00:00Z
4,2026-01-16,2016-01-15,True,18,3.671000000000049,2016-01-15T17:00:00Z
4,2026-01-16,2016-01-15,True,19,1.7259999999998854,2016-01-15T18:00:00Z
4,2026-01-16,2016-01-15,True,20,1.1300000000001091,2016-01-15T19:00:00Z
4,2026-01-16,2016-01-15,True,21,0.7699999999999818,2016-01-15T20:00:00Z
4,2026-01-16,2016-01-15,True,22,1.06899999999996,2016-01-15T21:00:00Z
4,2026-01-16,2016-01-15,True,23,1.1040000000000418,2016-01-15T22:00:00Z
4,2026-01-17,2016-01-16,True,0,1.0699999999999363,2016-01-15T23:00:00Z
4,2026-01-17,2016-01-16,True,1,0.775000000000091,2016-01-16T00:00:00Z
4,2026-01-17,2016-01-16,True,2,0.8999999999998636,2016-01-16T01:00:00Z
4,2026-01-17,2016-01-16,True,3,1.5420000000001437,2016-01-16T02:00:00Z
4,2026-01-17,2016-01-16,True,4,1.112999999999829,2016-01-16T03:00:00Z
4,2026-01-17,2016-01-16,True,5,0.9980000000000473,2016-01-16T04:00:00Z
4,2026-01-17,2016-01-16,True,6,1.2640000000001237,2016-01-16T05:00:00Z
4,2026-01-17,2016-01-16,True,7,1.3669999999999618,2016-01-16T06:00:00Z
4,2026-01-17,2016-01-16,True,8,0.8170000000000073,2016-01-16T07:00:00Z
4,2026-01-17,2016-01-16,True,9,0.8009999999999309,2016-01-16T08:00:00Z
4,2026-01-17,2016-01-16,True,10,0.8910000000000764,2016-01-16T09:00:00Z
4,2026-01-17,2016-01-16,True,11,0.9249999999997272,2016-01-16T10:00:00Z
4,2026-01-17,2016-01-16,True,12,0.9090000000001055,2016-01-16T11:00:00Z
4,2026-01-17,2016-01-16,True,13,0.7640000000001237,2016-01-16T12:00:00Z
4,2026-01-17,2016-01-16,True,14,0.8559999999999945,2016-01-16T13:00:00Z
4,2026-01-17,2016-01-16,True,15,0.8109999999999218,2016-01-16T14:00:00Z
4,2026-01-17,2016-01-16,True,16,1.31899999999996,2016-01-16T15:00:00Z
4,2026-01-17,2016-01-16,True,17,1.3889999999998963,2016-01-16T16:00:00Z
4,2026-01-17,2016-01-16,True,18,1.3600000000001273,2016-01-16T17:00:00Z
4,2026-01-17,2016-01-16,True,19,1.134999999999991,2016-01-16T18:00:00Z
4,2026-01-17,2016-01-16,True,20,0.9519999999999982,2016-01-16T19:00:00Z
4,2026-01-17,2016-01-16,True,21,1.1499999999998636,2016-01-16T20:00:00Z
4,2026-01-17,2016-01-16,True,22,1.0350000000000819,2016-01-16T21:00:00Z
4,2026-01-17,2016-01-16,True,23,0.7300000000000182,2016-01-16T22:00:00Z
4,2026-01-18,2016-01-17,True,0,1.6700000000000728,2016-01-16T23:00:00Z
4,2026-01-18,2016-01-17,True,1,0.9349999999999454,2016-01-17T00:00:00Z
4,2026-01-18,2016-01-17,True,2,0.9049999999999727,2016-01-17T01:00:00Z
4,2026-01-18,2016-01-17,True,3,0.9349999999999454,2016-01-17T02:00:00Z
4,2026-01-18,2016-01-17,True,4,0.875,2016-01-17T03:00:00Z
4,2026-01-18,2016-01-17,True,5,0.6549999999999727,2016-01-17T04:00:00Z
4,2026-01-18,2016-01-17,True,6,0.9239999999999782,2016-01-17T05:00:00Z
4,2026-01-18,2016-01-17,True,7,0.9410000000000309,2016-01-17T06:00:00Z
4,2026-01-18,2016-01-17,True,8,0.9350000000001728,2016-01-17T07:00:00Z
4,2026-01-18,2016-01-17,True,9,0.9409999999998035,2016-01-17T08:00:00Z
4,2026-01-18,2016-01-17,True,10,1.0130000000001473,2016-01-17T09:00:00Z
4,2026-01-18,2016-01-17,True,11,1.2369999999998527,2016-01-17T10:00:00Z
4,2026-01-18,2016-01-17,True,12,2.6010000000002265,2016-01-17T11:00:00Z
4,2026-01-18,2016-01-17,True,13,0.9999999999998863,2016-01-17T12:00:00Z
4,2026-01-18,2016-01-17,True,14,0.9850000000001273,2016-01-17T13:00:00Z
4,2026-01-18,2016-01-17,True,15,0.9179999999998927,2016-01-17T14:00:00Z
4,2026-01-18,2016-01-17,True,16,1.1800000000000637,2016-01-17T15:00:00Z
4,2026-01-18,2016-01-17,True,17,1.2779999999997926,2016-01-17T16:00:00Z
4,2026-01-18,2016-01-17,True,18,1.134999999999991,2016-01-17T17:00:00Z
4,2026-01-18,2016-01-17,True,19,1.9770000000000891,2016-01-17T18:00:00Z
4,2026-01-18,2016-01-17,True,20,1.3540000000000418,2016-01-17T19:00:00Z
4,2026-01-18,2016-01-17,True,21,1.08400000000006,2016-01-17T20:00:00Z
4,2026-01-18,2016-01-17,True,22,1.3550000000000182,2016-01-17T21:00:00Z
4,2026-01-18,2016-01-17,True,23,1.334999999999809,2016-01-17T22:00:00Z
4,2026-01-19,2016-01-18,True,0,0.900000000000091,2016-01-17T23:00:00Z
4,2026-01-19,2016-01-18,True,1,1.3119999999998981,2016-01-18T00:00:00Z
4,2026-01-19,2016-01-18,True,2,1.1600000000000819,2016-01-18T01:00:00Z
4,2026-01-19,2016-01-18,True,3,0.9329999999999927,2016-01-18T02:00:00Z
4,2026-01-19,2016-01-18,True,4,1.2950000000000728,2016-01-18T03:00:00Z
4,2026-01-19,2016-01-18,True,5,1.09699999999998,2016-01-18T04:00:00Z
4,2026-01-19,2016-01-18,True,6,1.2799999999999727,2016-01-18T05:00:00Z
4,2026-01-19,2016-01-18,True,7,3.002999999999929,2016-01-18T06:00:00Z
4,2026-01-19,2016-01-18,True,8,1.4790000000000418,2016-01-18T07:00:00Z
4,2026-01-19,2016-01-18,True,9,1.01299999999992,2016-01-18T08:00:00Z
4,2026-01-19,2016-01-18,True,10,1.0100000000002183,2016-01-18T09:00:00Z
4,2026-01-19,2016-01-18,True,11,1.0619999999997844,2016-01-18T10:00:00Z
4,2026-01-19,2016-01-18,True,12,1.719000000000051,2016-01-18T11:00:00Z
4,2026-01-19,2016-01-18,True,13,1.2300000000001319,2016-01-18T12:00:00Z
4,2026-01-19,2016-01-18,True,14,1.3379999999999654,2016-01-18T13:00:00Z
4,2026-01-19,2016-01-18,True,15,1.719000000000051,2016-01-18T14:00:00Z
4,2026-01-19,2016-01-18,True,16,0.9669999999998709,2016-01-18T15:00:00Z
4,2026-01-19,2016-01-18,True,17,1.125,2016-01-18T16:00:00Z
4,2026-01-19,2016-01-18,True,18,1.2950000000000728,2016-01-18T17:00:00Z
4,2026-01-19,2016-01-18,True,19,2.2349999999999,2016-01-18T18:00:00Z
4,2026-01-19,2016-01-18,True,20,1.540000000000191,2016-01-18T19:00:00Z
4,2026-01-19,2016-01-18,True,21,1.1619999999998072,2016-01-18T20:00:00Z
4,2026-01-19,2016-01-18,True,22,1.1330000000000382,2016-01-18T21:00:00Z
4,2026-01-19,2016-01-18,True,23,1.1710000000000491,2016-01-18T22:00:00Z
4,2026-01-20,2016-01-19,True,0,1.1269999999999527,2016-01-18T23:00:00Z
4,2026-01-20,2016-01-19,True,1,1.137000000000171,2016-01-19T00:00:00Z
4,2026-01-20,2016-01-19,True,2,1.1529999999997926,2016-01-19T01:00:00Z
4,2026-01-20,2016-01-19,True,3,1.0769999999999982,2016-01-19T02:00:00Z
4,2026-01-20,2016-01-19,True,4,1.0450000000000728,2016-01-19T03:00:00Z
4,2026-01-20,2016-01-19,True,5,1.0340000000001055,2016-01-19T04:00:00Z
4,2026-01-20,2016-01-19,True,6,1.3239999999998417,2016-01-19T05:00:00Z
4,2026-01-20,2016-01-19,True,7,2.341000000000122,2016-01-19T06:00:00Z
4,2026-01-20,2016-01-19,True,8,0.8900000000001,2016-01-19T07:00:00Z
4,2026-01-20,2016-01-19,True,9,1.349999999999909,2016-01-19T08:00:00Z
4,2026-01-20,2016-01-19,True,10,0.9220000000000255,2016-01-19T09:00:00Z
4,2026-01-20,2016-01-19,True,11,1.0860000000000127,2016-01-19T10:00:00Z
4,2026-01-20,2016-01-19,True,12,0.9840000000000373,2016-01-19T11:00:00Z
4,2026-01-20,2016-01-19,True,13,1.0739999999998417,2016-01-19T12:00:00Z
4,2026-01-20,2016-01-19,True,14,1.0790000000001783,2016-01-19T13:00:00Z
4,2026-01-20,2016-01-19,True,15,1.0429999999998927,2016-01-19T14:00:00Z
4,2026-01-20,2016-01-19,True,16,0.7849999999998545,2016-01-19T15:00:00Z
4,2026-01-20,2016-01-19,True,17,2.355000000000018,2016-01-19T16:00:00Z
4,2026-01-20,2016-01-19,True,18,1.2699999999999818,2016-01-19T17:00:00Z
4,2026-01-20,2016-01-19,True,19,2.0150000000001,2016-01-19T18:00:00Z
4,2026-01-20,2016-01-19,True,20,1.0009999999999764,2016-01-19T19:00:00Z
4,2026-01-20,2016-01-19,True,21,1.3240000000000691,2016-01-19T20:00:00Z
4,2026-01-20,2016-01-19,True,22,1.2619999999999436,2016-01-19T21:00:00Z
4,2026-01-20,2016-01-19,True,23,0.9369999999998981,2016-01-19T22:00:00Z
4,2026-01-21,2016-01-20,True,0,1.0460000000000491,2016-01-19T23:00:00Z
4,2026-01-21,2016-01-20,True,1,1.0550000000000637,2016-01-20T00:00:00Z
4,2026-01-21,2016-01-20,True,2,0.7100000000000364,2016-01-20T01:00:00Z
4,2026-01-21,2016-01-20,True,3,1.0649999999998272,2016-01-20T02:00:00Z
4,2026-01-21,2016-01-20,True,4,1.0670000000000073,2016-01-20T03:00:00Z
4,2026-01-21,2016-01-20,True,5,0.7550000000001091,2016-01-20T04:00:00Z
4,2026-01-21,2016-01-20,True,6,1.0820000000001073,2016-01-20T05:00:00Z
4,2026-01-21,2016-01-20,True,7,2.5909999999998945,2016-01-20T06:00:00Z
4,2026-01-21,2016-01-20,True,8,1.8949999999999818,2016-01-20T07:00:00Z
4,2026-01-21,2016-01-20,True,9,1.469000000000051,2016-01-20T08:00:00Z
4,2026-01-21,2016-01-20,True,10,1.3289999999999509,2016-01-20T09:00:00Z
4,2026-01-21,2016-01-20,True,11,1.0299999999999727,2016-01-20T10:00:00Z
4,2026-01-21,2016-01-20,True,12,1.1280000000001564,2016-01-20T11:00:00Z
4,2026-01-21,2016-01-20,True,13,1.9369999999998981,2016-01-20T12:00:00Z
4,2026-01-21,2016-01-20,True,14,0.8079999999999927,2016-01-20T13:00:00Z
4,2026-01-21,2016-01-20,True,15,1.9559999999999036,2016-01-20T14:00:00Z
4,2026-01-21,2016-01-20,True,16,1.234000000000151,2016-01-20T15:00:00Z
4,2026-01-21,2016-01-20,True,17,2.9420000000000073,2016-01-20T16:00:00Z
4,2026-01-21,2016-01-20,True,18,2.7329999999999472,2016-01-20T17:00:00Z
4,2026-01-21,2016-01-20,True,19,3.336999999999989,2016-01-20T18:00:00Z
4,2026-01-21,2016-01-20,True,20,2.9449999999999363,2016-01-20T19:00:00Z
4,2026-01-21,2016-01-20,True,21,2.5300000000002,2016-01-20T20:00:00Z
4,2026-01-21,2016-01-20,True,22,1.9699999999998,2016-01-20T21:00:00Z
4,2026-01-21,2016-01-20,True,23,1.3830000000000382,2016-01-20T22:00:00Z
4,2026-01-22,2016-01-21,True,0,1.1949999999999363,2016-01-20T23:00:00Z
4,2026-01-22,2016-01-21,True,1,1.8800000000001091,2016-01-21T00:00:00Z
4,2026-01-22,2016-01-21,True,2,0.8599999999999,2016-01-21T01:00:00Z
4,2026-01-22,2016-01-21,True,3,1.022000000000162,2016-01-21T02:00:00Z
4,2026-01-22,2016-01-21,True,4,1.112999999999829,2016-01-21T03:00:00Z
4,2026-01-22,2016-01-21,True,5,0.9350000000001728,2016-01-21T04:00:00Z
4,2026-01-22,2016-01-21,True,6,1.0799999999999272,2016-01-21T05:00:00Z
4,2026-01-22,2016-01-21,True,7,1.4049999999999727,2016-01-21T06:00:00Z
4,2026-01-22,2016-01-21,True,8,1.1179999999999382,2016-01-21T07:00:00Z
4,2026-01-22,2016-01-21,True,9,0.9490000000000691,2016-01-21T08:00:00Z
4,2026-01-22,2016-01-21,True,10,1.053000000000111,2016-01-21T09:00:00Z
4,2026-01-22,2016-01-21,True,11,0.9570000000001073,2016-01-21T10:00:00Z
4,2026-01-22,2016-01-21,True,12,1.0199999999998681,2016-01-21T11:00:00Z
4,2026-01-22,2016-01-21,True,13,1.8410000000000082,2016-01-21T12:00:00Z
4,2026-01-22,2016-01-21,True,14,1.48800000000017,2016-01-21T13:00:00Z
4,2026-01-22,2016-01-21,True,15,0.9749999999997954,2016-01-21T14:00:00Z
4,2026-01-22,2016-01-21,True,16,0.6349999999999909,2016-01-21T15:00:00Z
4,2026-01-22,2016-01-21,True,17,1.0199999999999818,2016-01-21T16:00:00Z
4,2026-01-22,2016-01-21,True,18,1.0879999999999654,2016-01-21T17:00:00Z
4,2026-01-22,2016-01-21,True,19,1.8070000000000164,2016-01-21T18:00:00Z
4,2026-01-22,2016-01-21,True,20,1.2029999999999745,2016-01-21T19:00:00Z
4,2026-01-22,2016-01-21,True,21,1.0720000000001164,2016-01-21T20:00:00Z
4,2026-01-22,2016-01-21,True,22,1.209999999999809,2016-01-21T21:00:00Z
4,2026-01-22,2016-01-21,True,23,1.04300000000012,2016-01-21T22:00:00Z
4,2026-01-23,2016-01-22,True,0,0.7950000000000728,2016-01-21T23:00:00Z
4,2026-01-23,2016-01-22,True,1,0.9339999999999691,2016-01-22T00:00:00Z
4,2026-01-23,2016-01-22,True,2,1.566000000000031,2016-01-22T01:00:00Z
4,2026-01-23,2016-01-22,True,3,1.071999999999889,2016-01-22T02:00:00Z
4,2026-01-23,2016-01-22,True,4,0.9429999999999836,2016-01-22T03:00:00Z
4,2026-01-23,2016-01-22,True,5,0.9900000000000091,2016-01-22T04:00:00Z
4,2026-01-23,2016-01-22,True,6,1.0399999999999636,2016-01-22T05:00:00Z
4,2026-01-23,2016-01-22,True,7,0.8770000000001801,2016-01-22T06:00:00Z
4,2026-01-23,2016-01-22,True,8,0.8989999999998872,2016-01-22T07:00:00Z
4,2026-01-23,2016-01-22,True,9,1.0060000000000855,2016-01-22T08:00:00Z
4,2026-01-23,2016-01-22,True,10,1.626999999999839,2016-01-22T09:00:00Z
4,2026-01-23,2016-01-22,True,11,0.9230000000001155,2016-01-22T10:00:00Z
4,2026-01-23,2016-01-22,True,12,1.7910000000000537,2016-01-22T11:00:00Z
4,2026-01-23,2016-01-22,True,13,3.3319999999999936,2016-01-22T12:00:00Z
4,2026-01-23,2016-01-22,True,14,2.6620000000000346,2016-01-22T13:00:00Z
4,2026-01-23,2016-01-22,True,15,1.9199999999997317,2016-01-22T14:00:00Z
4,2026-01-23,2016-01-22,True,16,1.6290000000003602,2016-01-22T15:00:00Z
4,2026-01-23,2016-01-22,True,17,1.0219999999999345,2016-01-22T16:00:00Z
4,2026-01-23,2016-01-22,True,18,0.34799999999995634,2016-01-22T17:00:00Z
4,2026-01-23,2016-01-22,True,19,0.4290000000000873,2016-01-22T18:00:00Z
4,2026-01-23,2016-01-22,True,20,1.5090000000000146,2016-01-22T19:00:00Z
4,2026-01-23,2016-01-22,True,21,1.084999999999809,2016-01-22T20:00:00Z
4,2026-01-23,2016-01-22,True,22,1.23700000000008,2016-01-22T21:00:00Z
4,2026-01-23,2016-01-22,True,23,1.2480000000000473,2016-01-22T22:00:00Z
4,2026-01-24,2016-01-23,True,0,0.9669999999998709,2016-01-22T23:00:00Z
4,2026-01-24,2016-01-23,True,1,0.8780000000001564,2016-01-23T00:00:00Z
4,2026-01-24,2016-01-23,True,2,0.9510000000000218,2016-01-23T01:00:00Z
4,2026-01-24,2016-01-23,True,3,0.9759999999998854,2016-01-23T02:00:00Z
4,2026-01-24,2016-01-23,True,4,0.7180000000000746,2016-01-23T03:00:00Z
4,2026-01-24,2016-01-23,True,5,0.8920000000000528,2016-01-23T04:00:00Z
4,2026-01-24,2016-01-23,True,6,0.95699999999988,2016-01-23T05:00:00Z
4,2026-01-24,2016-01-23,True,7,0.9770000000000891,2016-01-23T06:00:00Z
4,2026-01-24,2016-01-23,True,8,1.620999999999981,2016-01-23T07:00:00Z
4,2026-01-24,2016-01-23,True,9,1.1479999999997972,2016-01-23T08:00:00Z
4,2026-01-24,2016-01-23,True,10,0.6279999999999291,2016-01-23T09:00:00Z
4,2026-01-24,2016-01-23,True,11,1.5220000000002756,2016-01-23T10:00:00Z
4,2026-01-24,2016-01-23,True,12,1.115000000000009,2016-01-23T11:00:00Z
4,2026-01-24,2016-01-23,True,13,0.48500000000001364,2016-01-23T12:00:00Z
4,2026-01-24,2016-01-23,True,14,3.0859999999997854,2016-01-23T13:00:00Z
4,2026-01-24,2016-01-23,True,15,2.5610000000000355,2016-01-23T14:00:00Z
4,2026-01-24,2016-01-23,True,16,1.9320000000000164,2016-01-23T15:00:00Z
4,2026-01-24,2016-01-23,True,17,0.8549999999997908,2016-01-23T16:00:00Z
4,2026-01-24,2016-01-23,True,18,1.6020000000000891,2016-01-23T17:00:00Z
4,2026-01-24,2016-01-23,True,19,1.3330000000000837,2016-01-23T18:00:00Z
4,2026-01-24,2016-01-23,True,20,1.8129999999998745,2016-01-23T19:00:00Z
4,2026-01-24,2016-01-23,True,21,1.240000000000009,2016-01-23T20:00:00Z
4,2026-01-24,2016-01-23,True,22,0.7940000000000964,2016-01-23T21:00:00Z
4,2026-01-24,2016-01-23,True,23,1.0059999999998581,2016-01-23T22:00:00Z
4,2026-01-25,2016-01-24,True,0,0.9400000000000546,2016-01-23T23:00:00Z
4,2026-01-25,2016-01-24,True,1,0.875,2016-01-24T00:00:00Z
4,2026-01-25,2016-01-24,True,2,0.625,2016-01-24T01:00:00Z
4,2026-01-25,2016-01-24,True,3,0.9100000000000819,2016-01-24T02:00:00Z
4,2026-01-25,2016-01-24,True,4,0.946999999999889,2016-01-24T03:00:00Z
4,2026-01-25,2016-01-24,True,5,0.775000000000091,2016-01-24T04:00:00Z
4,2026-01-25,2016-01-24,True,6,0.73700000000008,2016-01-24T05:00:00Z
4,2026-01-25,2016-01-24,True,7,0.9209999999998217,2016-01-24T06:00:00Z
4,2026-01-25,2016-01-24,True,8,1.3379999999999654,2016-01-24T07:00:00Z
4,2026-01-25,2016-01-24,True,9,2.2930000000002337,2016-01-24T08:00:00Z
4,2026-01-25,2016-01-24,True,10,0.7309999999999945,2016-01-24T09:00:00Z
4,2026-01-25,2016-01-24,True,11,0.98700000000008,2016-01-24T10:00:00Z
4,2026-01-25,2016-01-24,True,12,3.0719999999997754,2016-01-24T11:00:00Z
4,2026-01-25,2016-01-24,True,13,1.8040000000003147,2016-01-24T12:00:00Z
4,2026-01-25,2016-01-24,True,14,2.3609999999998763,2016-01-24T13:00:00Z
4,2026-01-25,2016-01-24,True,15,0.8970000000000482,2016-01-24T14:00:00Z
4,2026-01-25,2016-01-24,True,16,0.8559999999998809,2016-01-24T15:00:00Z
4,2026-01-25,2016-01-24,True,17,1.2919999999999163,2016-01-24T16:00:00Z
4,2026-01-25,2016-01-24,True,18,1.9990000000000236,2016-01-24T17:00:00Z
4,2026-01-25,2016-01-24,True,19,0.9120000000000346,2016-01-24T18:00:00Z
4,2026-01-25,2016-01-24,True,20,1.0639999999998508,2016-01-24T19:00:00Z
4,2026-01-25,2016-01-24,True,21,1.1050000000000182,2016-01-24T20:00:00Z
4,2026-01-25,2016-01-24,True,22,0.915000000000191,2016-01-24T21:00:00Z
4,2026-01-25,2016-01-24,True,23,0.9429999999999836,2016-01-24T22:00:00Z
4,2026-01-26,2016-01-25,True,0,0.9099999999998545,2016-01-24T23:00:00Z
4,2026-01-26,2016-01-25,True,1,0.9500000000000455,2016-01-25T00:00:00Z
4,2026-01-26,2016-01-25,True,2,1.650000000000091,2016-01-25T01:00:00Z
4,2026-01-26,2016-01-25,True,3,0.9379999999998745,2016-01-25T02:00:00Z
4,2026-01-26,2016-01-25,True,4,0.7119999999999891,2016-01-25T03:00:00Z
4,2026-01-26,2016-01-25,True,5,0.95900000000006,2016-01-25T04:00:00Z
4,2026-01-26,2016-01-25,True,6,1.1749999999999545,2016-01-25T05:00:00Z
4,2026-01-26,2016-01-25,True,7,1.0879999999999654,2016-01-25T06:00:00Z
4,2026-01-26,2016-01-25,True,8,0.6480000000000246,2016-01-25T07:00:00Z
4,2026-01-26,2016-01-25,True,9,0.8800000000001091,2016-01-25T08:00:00Z
4,2026-01-26,2016-01-25,True,10,0.8949999999999818,2016-01-25T09:00:00Z
4,2026-01-26,2016-01-25,True,11,0.5659999999999172,2016-01-25T10:00:00Z
4,2026-01-26,2016-01-25,True,12,1.8479999999999563,2016-01-25T11:00:00Z
4,2026-01-26,2016-01-25,True,13,1.9670000000000982,2016-01-25T12:00:00Z
4,2026-01-26,2016-01-25,True,14,1.06799999999987,2016-01-25T13:00:00Z
4,2026-01-26,2016-01-25,True,15,0.9080000000001291,2016-01-25T14:00:00Z
4,2026-01-26,2016-01-25,True,16,0.7369999999999663,2016-01-25T15:00:00Z
4,2026-01-26,2016-01-25,True,17,0.6020000000000891,2016-01-25T16:00:00Z
4,2026-01-26,2016-01-25,True,18,1.1490000000001146,2016-01-25T17:00:00Z
4,2026-01-26,2016-01-25,True,19,0.36799999999993815,2016-01-25T18:00:00Z
4,2026-01-26,2016-01-25,True,20,0.3830000000000382,2016-01-25T19:00:00Z
4,2026-01-26,2016-01-25,True,21,0.42399999999997817,2016-01-25T20:00:00Z
4,2026-01-26,2016-01-25,True,22,0.4459999999999127,2016-01-25T21:00:00Z
4,2026-01-26,2016-01-25,True,23,0.5099999999999909,2016-01-25T22:00:00Z
4,2026-01-27,2016-01-26,True,0,1.8900000000001,2016-01-25T23:00:00Z
4,2026-01-27,2016-01-26,True,1,0.8109999999999218,2016-01-26T00:00:00Z
4,2026-01-27,2016-01-26,True,2,0.7940000000000964,2016-01-26T01:00:00Z
4,2026-01-27,2016-01-26,True,3,0.875,2016-01-26T02:00:00Z
4,2026-01-27,2016-01-26,True,4,0.9300000000000637,2016-01-26T03:00:00Z
4,2026-01-27,2016-01-26,True,5,0.8249999999998181,2016-01-26T04:00:00Z
4,2026-01-27,2016-01-26,True,6,0.8120000000001255,2016-01-26T05:00:00Z
4,2026-01-27,2016-01-26,True,7,1.768000000000029,2016-01-26T06:00:00Z
4,2026-01-27,2016-01-26,True,8,1.0019999999999527,2016-01-26T07:00:00Z
4,2026-01-27,2016-01-26,True,9,0.9289999999998599,2016-01-26T08:00:00Z
4,2026-01-27,2016-01-26,True,10,0.8750000000001137,2016-01-26T09:00:00Z
4,2026-01-27,2016-01-26,True,11,0.5930000000000746,2016-01-26T10:00:00Z
4,2026-01-27,2016-01-26,True,12,1.0190000000000055,2016-01-26T11:00:00Z
4,2026-01-27,2016-01-26,True,13,1.8240000000000691,2016-01-26T12:00:00Z
4,2026-01-27,2016-01-26,True,14,0.9589999999998327,2016-01-26T13:00:00Z
4,2026-01-27,2016-01-26,True,15,0.4700000000000273,2016-01-26T14:00:00Z
4,2026-01-27,2016-01-26,True,16,2.009999999999991,2016-01-26T15:00:00Z
4,2026-01-27,2016-01-26,True,17,1.3199999999999363,2016-01-26T16:00:00Z
4,2026-01-27,2016-01-26,True,18,0.7029999999999745,2016-01-26T17:00:00Z
4,2026-01-27,2016-01-26,True,19,0.5,2016-01-26T18:00:00Z
4,2026-01-27,2016-01-26,True,20,0.5370000000000346,2016-01-26T19:00:00Z
4,2026-01-27,2016-01-26,True,21,0.4800000000000182,2016-01-26T20:00:00Z
4,2026-01-27,2016-01-26,True,22,0.38999999999987267,2016-01-26T21:00:00Z
4,2026-01-27,2016-01-26,True,23,0.8379999999999654,2016-01-26T22:00:00Z
4,2026-01-28,2016-01-27,True,0,1.2550000000001091,2016-01-26T23:00:00Z
4,2026-01-28,2016-01-27,True,1,0.6679999999998927,2016-01-27T00:00:00Z
4,2026-01-28,2016-01-27,True,2,0.9230000000000018,2016-01-27T01:00:00Z
4,2026-01-28,2016-01-27,True,3,0.8990000000001146,2016-01-27T02:00:00Z
4,2026-01-28,2016-01-27,True,4,1.4200000000000728,2016-01-27T03:00:00Z
4,2026-01-28,2016-01-27,True,5,0.959999999999809,2016-01-27T04:00:00Z
4,2026-01-28,2016-01-27,True,6,1.0950000000000273,2016-01-27T05:00:00Z
4,2026-01-28,2016-01-27,True,7,0.9220000000000255,2016-01-27T06:00:00Z
4,2026-01-28,2016-01-27,True,8,1.752999999999929,2016-01-27T07:00:00Z
4,2026-01-28,2016-01-27,True,9,0.6620000000000346,2016-01-27T08:00:00Z
4,2026-01-28,2016-01-27,True,10,0.8380000000001928,2016-01-27T09:00:00Z
4,2026-01-28,2016-01-27,True,11,2.206000000000131,2016-01-27T10:00:00Z
4,2026-01-28,2016-01-27,True,12,2.5,2016-01-27T11:00:00Z
4,2026-01-28,2016-01-27,True,13,1.2839999999999918,2016-01-27T12:00:00Z
4,2026-01-28,2016-01-27,True,14,1.7439999999999145,2016-01-27T13:00:00Z
4,2026-01-28,2016-01-27,True,15,0.76299999999992,2016-01-27T14:00:00Z
4,2026-01-28,2016-01-27,True,16,0.7739999999998872,2016-01-27T15:00:00Z
4,2026-01-28,2016-01-27,True,17,0.7510000000002037,2016-01-27T16:00:00Z
4,2026-01-28,2016-01-27,True,18,0.9429999999999836,2016-01-27T17:00:00Z
4,2026-01-28,2016-01-27,True,19,0.7300000000000182,2016-01-27T18:00:00Z
4,2026-01-28,2016-01-27,True,20,0.875,2016-01-27T19:00:00Z
4,2026-01-28,2016-01-27,True,21,0.83199999999988,2016-01-27T20:00:00Z
4,2026-01-28,2016-01-27,True,22,0.8150000000000546,2016-01-27T21:00:00Z
4,2026-01-28,2016-01-27,True,23,0.9700000000000273,2016-01-27T22:00:00Z
4,2026-01-29,2016-01-28,True,0,0.6630000000000109,2016-01-27T23:00:00Z
4,2026-01-29,2016-01-28,True,1,0.7999999999999545,2016-01-28T00:00:00Z
4,2026-01-29,2016-01-28,True,2,1.16599999999994,2016-01-28T01:00:00Z
4,2026-01-29,2016-01-28,True,3,0.83400000000006,2016-01-28T02:00:00Z
4,2026-01-29,2016-01-28,True,4,0.8299999999999272,2016-01-28T03:00:00Z
4,2026-01-29,2016-01-28,True,5,0.7650000000001,2016-01-28T04:00:00Z
4,2026-01-29,2016-01-28,True,6,0.668999999999869,2016-01-28T05:00:00Z
4,2026-01-29,2016-01-28,True,7,1.3220000000001164,2016-01-28T06:00:00Z
4,2026-01-29,2016-01-28,True,8,1.4209999999998217,2016-01-28T07:00:00Z
4,2026-01-29,2016-01-28,True,9,0.524000000000342,2016-01-28T08:00:00Z
4,2026-01-29,2016-01-28,True,10,0.7979999999997744,2016-01-28T09:00:00Z
4,2026-01-29,2016-01-28,True,11,1.0130000000000337,2016-01-28T10:00:00Z
4,2026-01-29,2016-01-28,True,12,1.8319999999999936,2016-01-28T11:00:00Z
4,2026-01-29,2016-01-28,True,13,2.336999999999989,2016-01-28T12:00:00Z
4,2026-01-29,2016-01-28,True,14,3.354000000000042,2016-01-28T13:00:00Z
4,2026-01-29,2016-01-28,True,15,0.8439999999999372,2016-01-28T14:00:00Z
4,2026-01-29,2016-01-28,True,16,0.4500000000000455,2016-01-28T15:00:00Z
4,2026-01-29,2016-01-28,True,17,0.7970000000000255,2016-01-28T16:00:00Z
4,2026-01-29,2016-01-28,True,18,0.6920000000000073,2016-01-28T17:00:00Z
4,2026-01-29,2016-01-28,True,19,0.9570000000001073,2016-01-28T18:00:00Z
4,2026-01-29,2016-01-28,True,20,0.7229999999999563,2016-01-28T19:00:00Z
4,2026-01-29,2016-01-28,True,21,1.252999999999929,2016-01-28T20:00:00Z
4,2026-01-29,2016-01-28,True,22,1.6280000000001564,2016-01-28T21:00:00Z
4,2026-01-29,2016-01-28,True,23,0.6419999999998254,2016-01-28T22:00:00Z
4,2026-01-30,2016-01-29,True,0,0.8269999999999982,2016-01-28T23:00:00Z
4,2026-01-30,2016-01-29,True,1,0.5140000000001237,2016-01-29T00:00:00Z
4,2026-01-30,2016-01-29,True,2,0.7880000000000109,2016-01-29T01:00:00Z
4,2026-01-30,2016-01-29,True,3,0.515999999999849,2016-01-29T02:00:00Z
4,2026-01-30,2016-01-29,True,4,0.7650000000001,2016-01-29T03:00:00Z
4,2026-01-30,2016-01-29,True,5,0.52800000000002,2016-01-29T04:00:00Z
4,2026-01-30,2016-01-29,True,6,0.8889999999998963,2016-01-29T05:00:00Z
4,2026-01-30,2016-01-29,True,7,0.8780000000001564,2016-01-29T06:00:00Z
4,2026-01-30,2016-01-29,True,8,1.3940000000000055,2016-01-29T07:00:00Z
4,2026-01-30,2016-01-29,True,9,0.7599999999998772,2016-01-29T08:00:00Z
4,2026-01-30,2016-01-29,True,10,0.5660000000001446,2016-01-29T09:00:00Z
4,2026-01-30,2016-01-29,True,11,0.6179999999998245,2016-01-29T10:00:00Z
4,2026-01-30,2016-01-29,True,12,1.1760000000000446,2016-01-29T11:00:00Z
4,2026-01-30,2016-01-29,True,13,0.74899999999991,2016-01-29T12:00:00Z
4,2026-01-30,2016-01-29,True,14,0.7170000000000982,2016-01-29T13:00:00Z
4,2026-01-30,2016-01-29,True,15,0.8440000000000509,2016-01-29T14:00:00Z
4,2026-01-30,2016-01-29,True,16,1.7299999999997908,2016-01-29T15:00:00Z
4,2026-01-30,2016-01-29,True,17,0.7170000000000982,2016-01-29T16:00:00Z
4,2026-01-30,2016-01-29,True,18,0.5630000000001019,2016-01-29T17:00:00Z
4,2026-01-30,2016-01-29,True,19,1.34699999999998,2016-01-29T18:00:00Z
4,2026-01-30,2016-01-29,True,20,0.7369999999998527,2016-01-29T19:00:00Z
4,2026-01-30,2016-01-29,True,21,0.6059999999999945,2016-01-29T20:00:00Z
4,2026-01-30,2016-01-29,True,22,0.775000000000091,2016-01-29T21:00:00Z
4,2026-01-30,2016-01-29,True,23,0.6549999999999727,2016-01-29T22:00:00Z
4,2026-01-31,2016-01-30,True,0,0.6020000000000891,2016-01-29T23:00:00Z
4,2026-01-31,2016-01-30,True,1,0.63799999999992,2016-01-30T00:00:00Z
4,2026-01-31,2016-01-30,True,2,0.6590000000001055,2016-01-30T01:00:00Z
4,2026-01-31,2016-01-30,True,3,0.6109999999998763,2016-01-30T02:00:00Z
4,2026-01-31,2016-01-30,True,4,0.7570000000000618,2016-01-30T03:00:00Z
4,2026-01-31,2016-01-30,True,5,0.5609999999999218,2016-01-30T04:00:00Z
4,2026-01-31,2016-01-30,True,6,0.8220000000001164,2016-01-30T05:00:00Z
4,2026-01-31,2016-01-30,True,7,0.5099999999999909,2016-01-30T06:00:00Z
4,2026-01-31,2016-01-30,True,8,0.7749999999998636,2016-01-30T07:00:00Z
4,2026-01-31,2016-01-30,True,9,0.8560000000001082,2016-01-30T08:00:00Z
4,2026-01-31,2016-01-30,True,10,1.7429999999999382,2016-01-30T09:00:00Z
4,2026-01-31,2016-01-30,True,11,0.8559999999999945,2016-01-30T10:00:00Z
4,2026-01-31,2016-01-30,True,12,0.46000000000015007,2016-01-30T11:00:00Z
4,2026-01-31,2016-01-30,True,13,0.48699999999985266,2016-01-30T12:00:00Z
4,2026-01-31,2016-01-30,True,14,0.5390000000002146,2016-01-30T13:00:00Z
4,2026-01-31,2016-01-30,True,15,0.6440000000000055,2016-01-30T14:00:00Z
4,2026-01-31,2016-01-30,True,16,0.4679999999999609,2016-01-30T15:00:00Z
4,2026-01-31,2016-01-30,True,17,0.9119999999998072,2016-01-30T16:00:00Z
4,2026-01-31,2016-01-30,True,18,2.5650000000000546,2016-01-30T17:00:00Z
4,2026-01-31,2016-01-30,True,19,0.8099999999999454,2016-01-30T18:00:00Z
4,2026-01-31,2016-01-30,True,20,0.8250000000000455,2016-01-30T19:00:00Z
4,2026-01-31,2016-01-30,True,21,0.8070000000000164,2016-01-30T20:00:00Z
4,2026-01-31,2016-01-30,True,22,0.66800000000012,2016-01-30T21:00:00Z
4,2026-01-31,2016-01-30,True,23,0.8419999999998709,2016-01-30T22:00:00Z
4,2026-04-01,2017-04-05,True,0,0.21299999999973807,2017-04-04T22:00:00Z
4,2026-04-01,2017-04-05,True,1,0.16200000000026193,2017-04-04T23:00:00Z
4,2026-04-01,2017-04-05,True,2,0.181999999999789,2017-04-05T00:00:00Z
4,2026-04-01,2017-04-05,True,3,0.193000000000211,2017-04-05T01:00:00Z
4,2026-04-01,2017-04-05,True,4,0.1639999999997599,2017-04-05T02:00:00Z
4,2026-04-01,2017-04-05,True,5,0.18800000000010186,2017-04-05T03:00:00Z
4,2026-04-01,2017-04-05,True,6,0.18800000000010186,2017-04-05T04:00:00Z
4,2026-04-01,2017-04-05,True,7,0.3400000000019645,2017-04-05T05:00:00Z
4,2026-04-01,2017-04-05,True,8,0.20599999999831198,2017-04-05T06:00:00Z
4,2026-04-01,2017-04-05,True,9,0.1500000000014552,2017-04-05T07:00:00Z
4,2026-04-01,2017-04-05,True,10,0.24199999999837019,2017-04-05T08:00:00Z
4,2026-04-01,2017-04-05,True,11,0.19900000000052387,2017-04-05T09:00:00Z
4,2026-04-01,2017-04-05,True,12,0.8350000000009459,2017-04-05T10:00:00Z
4,2026-04-01,2017-04-05,True,13,0.271999999999025,2017-04-05T11:00:00Z
4,2026-04-01,2017-04-05,True,14,0.2960000000002765,2017-04-05T12:00:00Z
4,2026-04-01,2017-04-05,True,15,0.22400000000016007,2017-04-05T13:00:00Z
4,2026-04-01,2017-04-05,True,16,0.1640000000006694,2017-04-05T14:00:00Z
4,2026-04-01,2017-04-05,True,17,0.34400000000005093,2017-04-05T15:00:00Z
4,2026-04-01,2017-04-05,True,18,0.2809999999981301,2017-04-05T16:00:00Z
4,2026-04-01,2017-04-05,True,19,0.21900000000096043,2017-04-05T17:00:00Z
4,2026-04-01,2017-04-05,True,20,0.3680000000003929,2017-04-05T18:00:00Z
4,2026-04-01,2017-04-05,True,21,0.32699999999931606,2017-04-05T19:00:00Z
4,2026-04-01,2017-04-05,True,22,0.3070000000006985,2017-04-05T20:00:00Z
4,2026-04-01,2017-04-05,True,23,0.2609999999995125,2017-04-05T21:00:00Z
4,2026-04-02,2017-04-06,True,0,0.181999999999789,2017-04-05T22:00:00Z
4,2026-04-02,2017-04-06,True,1,0.14900000000034197,2017-04-05T23:00:00Z
4,2026-04-02,2017-04-06,True,2,0.19399999999950523,2017-04-06T00:00:00Z
4,2026-04-02,2017-04-06,True,3,0.15500000000065484,2017-04-06T01:00:00Z
4,2026-04-02,2017-04-06,True,4,0.17999999999938154,2017-04-06T02:00:00Z
4,2026-04-02,2017-04-06,True,5,0.1750000000001819,2017-04-06T03:00:00Z
4,2026-04-02,2017-04-06,True,6,0.2860000000000582,2017-04-06T04:00:00Z
4,2026-04-02,2017-04-06,True,7,0.2790000000004511,2017-04-06T05:00:00Z
4,2026-04-02,2017-04-06,True,8,0.8900000000003274,2017-04-06T06:00:00Z
4,2026-04-02,2017-04-06,True,9,0.18399999999928696,2017-04-06T07:00:00Z
4,2026-04-02,2017-04-06,True,10,0.22699999999895226,2017-04-06T08:00:00Z
4,2026-04-02,2017-04-06,True,11,0.1610000000018772,2017-04-06T09:00:00Z
4,2026-04-02,2017-04-06,True,12,0.793999999999869,2017-04-06T10:00:00Z
4,2026-04-02,2017-04-06,True,13,0.43399999999928696,2017-04-06T11:00:00Z
4,2026-04-02,2017-04-06,True,14,0.2250000000003638,2017-04-06T12:00:00Z
4,2026-04-02,2017-04-06,True,15,0.2579999999998108,2017-04-06T13:00:00Z
4,2026-04-02,2017-04-06,True,16,0.2530000000006112,2017-04-06T14:00:00Z
4,2026-04-02,2017-04-06,True,17,0.22899999999935972,2017-04-06T15:00:00Z
4,2026-04-02,2017-04-06,True,18,0.31999999999970896,2017-04-06T16:00:00Z
4,2026-04-02,2017-04-06,True,19,0.2110000000002401,2017-04-06T17:00:00Z
4,2026-04-02,2017-04-06,True,20,0.17400000000088767,2017-04-06T18:00:00Z
4,2026-04-02,2017-04-06,True,21,0.3109999999996944,2017-04-06T19:00:00Z
4,2026-04-02,2017-04-06,True,22,0.2929999999996653,2017-04-06T20:00:00Z
4,2026-04-02,2017-04-06,True,23,0.2460000000000946,2017-04-06T21:00:00Z
4,2026-04-03,2017-04-07,True,0,0.2110000000002401,2017-04-06T22:00:00Z
4,2026-04-03,2017-04-07,True,1,0.16899999999986903,2017-04-06T23:00:00Z
4,2026-04-03,2017-04-07,True,2,0.1639999999997599,2017-04-07T00:00:00Z
4,2026-04-03,2017-04-07,True,3,0.19200000000000728,2017-04-07T01:00:00Z
4,2026-04-03,2017-04-07,True,4,0.16300000000046566,2017-04-07T02:00:00Z
4,2026-04-03,2017-04-07,True,5,0.14800000000013824,2017-04-07T03:00:00Z
4,2026-04-03,2017-04-07,True,6,0.295999999999367,2017-04-07T04:00:00Z
4,2026-04-03,2017-04-07,True,7,0.18800000000010186,2017-04-07T05:00:00Z
4,2026-04-03,2017-04-07,True,8,1.659999999998945,2017-04-07T06:00:00Z
4,2026-04-03,2017-04-07,True,9,2.2590000000018335,2017-04-07T07:00:00Z
4,2026-04-03,2017-04-07,True,10,1.7770000000000437,2017-04-07T08:00:00Z
4,2026-04-03,2017-04-07,True,11,0.8239999999987049,2017-04-07T09:00:00Z
4,2026-04-03,2017-04-07,True,12,0.3889999999992142,2017-04-07T10:00:00Z
4,2026-04-03,2017-04-07,True,13,0.22000000000116415,2017-04-07T11:00:00Z
4,2026-04-03,2017-04-07,True,14,0.20800000000053842,2017-04-07T12:00:00Z
4,2026-04-03,2017-04-07,True,15,0.3569999999999709,2017-04-07T13:00:00Z
4,2026-04-03,2017-04-07,True,16,0.23299999999835563,2017-04-07T14:00:00Z
4,2026-04-03,2017-04-07,True,17,0.250000000001819,2017-04-07T15:00:00Z
4,2026-04-03,2017-04-07,True,18,0.23399999999855936,2017-04-07T16:00:00Z
4,2026-04-03,2017-04-07,True,19,0.1750000000001819,2017-04-07T17:00:00Z
4,2026-04-03,2017-04-07,True,20,0.2860000000000582,2017-04-07T18:00:00Z
4,2026-04-03,2017-04-07,True,21,0.3109999999996944,2017-04-07T19:00:00Z
4,2026-04-03,2017-04-07,True,22,0.33100000000013097,2017-04-07T20:00:00Z
4,2026-04-03,2017-04-07,True,23,0.26599999999962165,2017-04-07T21:00:00Z
4,2026-04-04,2017-04-01,True,0,0.21899999999914144,2017-03-31T22:00:00Z
4,2026-04-04,2017-04-01,True,1,0.19100000000071304,2017-03-31T23:00:00Z
4,2026-04-04,2017-04-01,True,2,0.1499999999996362,2017-04-01T00:00:00Z
4,2026-04-04,2017-04-01,True,3,0.20300000000042928,2017-04-01T01:00:00Z
4,2026-04-04,2017-04-01,True,4,0.1569999999992433,2017-04-01T02:00:00Z
4,2026-04-04,2017-04-01,True,5,0.18000000000029104,2017-04-01T03:00:00Z
4,2026-04-04,2017-04-01,True,6,0.17399999999997817,2017-04-01T04:00:00Z
4,2026-04-04,2017-04-01,True,7,0.805000000000291,2017-04-01T05:00:00Z
4,2026-04-04,2017-04-01,True,8,0.33000000000083674,2017-04-01T06:00:00Z
4,2026-04-04,2017-04-01,True,9,0.16899999999986903,2017-04-01T07:00:00Z
4,2026-04-04,2017-04-01,True,10,0.9120000000002619,2017-04-01T08:00:00Z
4,2026-04-04,2017-04-01,True,11,0.4000000000014552,2017-04-01T09:00:00Z
4,2026-04-04,2017-04-01,True,12,1.2489999999988868,2017-04-01T10:00:00Z
4,2026-04-04,2017-04-01,True,13,1.484999999998763,2017-04-01T11:00:00Z
4,2026-04-04,2017-04-01,True,14,0.3030000000017026,2017-04-01T12:00:00Z
4,2026-04-04,2017-04-01,True,15,0.1890000000003056,2017-04-01T13:00:00Z
4,2026-04-04,2017-04-01,True,16,0.18699999999989814,2017-04-01T14:00:00Z
4,2026-04-04,2017-04-01,True,17,0.15200000000004366,2017-04-01T15:00:00Z
4,2026-04-04,2017-04-01,True,18,0.1859999999996944,2017-04-01T16:00:00Z
4,2026-04-04,2017-04-01,True,19,0.16599999999925785,2017-04-01T17:00:00Z
4,2026-04-04,2017-04-01,True,20,0.569999999999709,2017-04-01T18:00:00Z
4,2026-04-04,2017-04-01,True,21,0.3000000000001819,2017-04-01T19:00:00Z
4,2026-04-04,2017-04-01,True,22,0.3649999999997817,2017-04-01T20:00:00Z
4,2026-04-04,2017-04-01,True,23,0.3500000000003638,2017-04-01T21:00:00Z
4,2026-04-05,2017-04-02,True,0,0.20999999999912689,2017-04-01T22:00:00Z
4,2026-04-05,2017-04-02,True,1,0.1680000000005748,2017-04-01T23:00:00Z
4,2026-04-05,2017-04-02,True,2,0.18800000000010186,2017-04-02T00:00:00Z
4,2026-04-05,2017-04-02,True,3,0.1459999999997308,2017-04-02T01:00:00Z
4,2026-04-05,2017-04-02,True,4,0.18299999999999272,2017-04-02T02:00:00Z
4,2026-04-05,2017-04-02,True,5,0.16499999999996362,2017-04-02T03:00:00Z
4,2026-04-05,2017-04-02,True,6,0.15300000000024738,2017-04-02T04:00:00Z
4,2026-04-05,2017-04-02,True,7,0.30500000000029104,2017-04-02T05:00:00Z
4,2026-04-05,2017-04-02,True,8,0.19500000000061846,2017-04-02T06:00:00Z
4,2026-04-05,2017-04-02,True,9,0.3320000000003347,2017-04-02T07:00:00Z
4,2026-04-05,2017-04-02,True,10,0.3149999999986903,2017-04-02T08:00:00Z
4,2026-04-05,2017-04-02,True,11,0.25500000000101863,2017-04-02T09:00:00Z
4,2026-04-05,2017-04-02,True,12,0.7299999999995634,2017-04-02T10:00:00Z
4,2026-04-05,2017-04-02,True,13,0.016999999999825377,2017-04-02T11:00:00Z
4,2026-04-05,2017-04-02,True,14,0.45900000000074215,2017-04-02T12:00:00Z
4,2026-04-05,2017-04-02,True,15,3.2070000000003347,2017-04-02T13:00:00Z
4,2026-04-05,2017-04-02,True,16,1.9969999999975698,2017-04-02T14:00:00Z
4,2026-04-05,2017-04-02,True,17,0.5820000000021537,2017-04-02T15:00:00Z
4,2026-04-05,2017-04-02,True,18,0.22399999999834108,2017-04-02T16:00:00Z
4,2026-04-05,2017-04-02,True,19,0.47000000000207365,2017-04-02T17:00:00Z
4,2026-04-05,2017-04-02,True,20,1.08600000000024,2017-04-02T18:00:00Z
4,2026-04-05,2017-04-02,True,21,0.38799999999991996,2017-04-02T19:00:00Z
4,2026-04-05,2017-04-02,True,22,0.43000000000029104,2017-04-02T20:00:00Z
4,2026-04-05,2017-04-02,True,23,0.24700000000029831,2017-04-02T21:00:00Z
4,2026-04-06,2017-04-03,True,0,0.20100000000002183,2017-04-02T22:00:00Z
4,2026-04-06,2017-04-03,True,1,0.15799999999944703,2017-04-02T23:00:00Z
4,2026-04-06,2017-04-03,True,2,0.1890000000003056,2017-04-03T00:00:00Z
4,2026-04-06,2017-04-03,True,3,0.17000000000007276,2017-04-03T01:00:00Z
4,2026-04-06,2017-04-03,True,4,0.16199999999935244,2017-04-03T02:00:00Z
4,2026-04-06,2017-04-03,True,5,0.1890000000003056,2017-04-03T03:00:00Z
4,2026-04-06,2017-04-03,True,6,0.1890000000003056,2017-04-03T04:00:00Z
4,2026-04-06,2017-04-03,True,7,0.4399999999986903,2017-04-03T05:00:00Z
4,2026-04-06,2017-04-03,True,8,0.15999999999985448,2017-04-03T06:00:00Z
4,2026-04-06,2017-04-03,True,9,0.1999999999989086,2017-04-03T07:00:00Z
4,2026-04-06,2017-04-03,True,10,0.12200000000120781,2017-04-03T08:00:00Z
4,2026-04-06,2017-04-03,True,11,0.23300000000017462,2017-04-03T09:00:00Z
4,2026-04-06,2017-04-03,True,12,1.594000000000051,2017-04-03T10:00:00Z
4,2026-04-06,2017-04-03,True,13,0.6479999999992287,2017-04-03T11:00:00Z
4,2026-04-06,2017-04-03,True,14,0.14100000000144064,2017-04-03T12:00:00Z
4,2026-04-06,2017-04-03,True,15,0.6059999999988577,2017-04-03T13:00:00Z
4,2026-04-06,2017-04-03,True,16,0.16599999999925785,2017-04-03T14:00:00Z
4,2026-04-06,2017-04-03,True,17,0.23099999999976717,2017-04-03T15:00:00Z
4,2026-04-06,2017-04-03,True,18,0.2150000000019645,2017-04-03T16:00:00Z
4,2026-04-06,2017-04-03,True,19,0.31999999999970896,2017-04-03T17:00:00Z
4,2026-04-06,2017-04-03,True,20,0.3429999999998472,2017-04-03T18:00:00Z
4,2026-04-06,2017-04-03,True,21,0.3500000000003638,2017-04-03T19:00:00Z
4,2026-04-06,2017-04-03,True,22,0.3149999999995998,2017-04-03T20:00:00Z
4,2026-04-06,2017-04-03,True,23,0.23300000000017462,2017-04-03T21:00:00Z
4,2026-04-07,2017-04-04,True,0,0.22199999999975262,2017-04-03T22:00:00Z
4,2026-04-07,2017-04-04,True,1,0.17000000000007276,2017-04-03T23:00:00Z
4,2026-04-07,2017-04-04,True,2,0.21000000000003638,2017-04-04T00:00:00Z
4,2026-04-07,2017-04-04,True,3,0.16700000000037107,2017-04-04T01:00:00Z
4,2026-04-07,2017-04-04,True,4,0.18999999999959982,2017-04-04T02:00:00Z
4,2026-04-07,2017-04-04,True,5,0.42299999999977445,2017-04-04T03:00:00Z
4,2026-04-07,2017-04-04,True,6,0.7799999999997453,2017-04-04T04:00:00Z
4,2026-04-07,2017-04-04,True,7,0.27700000000004366,2017-04-04T05:00:00Z
4,2026-04-07,2017-04-04,True,8,0.14199999999982538,2017-04-04T06:00:00Z
4,2026-04-07,2017-04-04,True,9,0.24200000000018917,2017-04-04T07:00:00Z
4,2026-04-07,2017-04-04,True,10,0.19900000000052387,2017-04-04T08:00:00Z
4,2026-04-07,2017-04-04,True,11,0.8369999999995343,2017-04-04T09:00:00Z
4,2026-04-07,2017-04-04,True,12,0.1929999999993015,2017-04-04T10:00:00Z
4,2026-04-07,2017-04-04,True,13,0.19499999999970896,2017-04-04T11:00:00Z
4,2026-04-07,2017-04-04,True,14,1.3190000000013242,2017-04-04T12:00:00Z
4,2026-04-07,2017-04-04,True,15,2.277999999999338,2017-04-04T13:00:00Z
4,2026-04-07,2017-04-04,True,16,1.5870000000004438,2017-04-04T14:00:00Z
4,2026-04-07,2017-04-04,True,17,0.5749999999989086,2017-04-04T15:00:00Z
4,2026-04-07,2017-04-04,True,18,0.6730000000006839,2017-04-04T16:00:00Z
4,2026-04-07,2017-04-04,True,19,0.997999999998683,2017-04-04T17:00:00Z
4,2026-04-07,2017-04-04,True,20,0.2319999999999709,2017-04-04T18:00:00Z
4,2026-04-07,2017-04-04,True,21,0.45200000000022555,2017-04-04T19:00:00Z
4,2026-04-07,2017-04-04,True,22,0.2749999999996362,2017-04-04T20:00:00Z
4,2026-04-07,2017-04-04,True,23,0.21600000000034925,2017-04-04T21:00:00Z
4,2026-04-08,2017-04-12,True,0,0.23700000000008004,2017-04-11T22:00:00Z
4,2026-04-08,2017-04-12,True,1,0.15800000000035652,2017-04-11T23:00:00Z
4,2026-04-08,2017-04-12,True,2,0.1999999999998181,2017-04-12T00:00:00Z
4,2026-04-08,2017-04-12,True,3,0.16200000000026193,2017-04-12T01:00:00Z
4,2026-04-08,2017-04-12,True,4,0.18299999999999272,2017-04-12T02:00:00Z
4,2026-04-08,2017-04-12,True,5,0.17599999999947613,2017-04-12T03:00:00Z
4,2026-04-08,2017-04-12,True,6,0.26599999999871216,2017-04-12T04:00:00Z
4,2026-04-08,2017-04-12,True,7,0.22100000000136788,2017-04-12T05:00:00Z
4,2026-04-08,2017-04-12,True,8,1.1179999999994834,2017-04-12T06:00:00Z
4,2026-04-08,2017-04-12,True,9,2.1130000000011933,2017-04-12T07:00:00Z
4,2026-04-08,2017-04-12,True,10,2.342000000000553,2017-04-12T08:00:00Z
4,2026-04-08,2017-04-12,True,11,2.7849999999980355,2017-04-12T09:00:00Z
4,2026-04-08,2017-04-12,True,12,2.257000000001426,2017-04-12T10:00:00Z
4,2026-04-08,2017-04-12,True,13,0.771999999999025,2017-04-12T11:00:00Z
4,2026-04-08,2017-04-12,True,14,2.2590000000018335,2017-04-12T12:00:00Z
4,2026-04-08,2017-04-12,True,15,1.422999999998865,2017-04-12T13:00:00Z
4,2026-04-08,2017-04-12,True,16,0.3670000000001892,2017-04-12T14:00:00Z
4,2026-04-08,2017-04-12,True,17,0.23799999999937427,2017-04-12T15:00:00Z
4,2026-04-08,2017-04-12,True,18,0.2640000000010332,2017-04-12T16:00:00Z
4,2026-04-08,2017-04-12,True,19,0.2319999999990614,2017-04-12T17:00:00Z
4,2026-04-08,2017-04-12,True,20,0.3900000000003274,2017-04-12T18:00:00Z
4,2026-04-08,2017-04-12,True,21,0.9879999999993743,2017-04-12T19:00:00Z
4,2026-04-08,2017-04-12,True,22,0.8919999999998254,2017-04-12T20:00:00Z
4,2026-04-08,2017-04-12,True,23,0.3680000000003929,2017-04-12T21:00:00Z
4,2026-04-09,2017-04-13,True,0,0.22000000000025466,2017-04-12T22:00:00Z
4,2026-04-09,2017-04-13,True,1,0.1889999999993961,2017-04-12T23:00:00Z
4,2026-04-09,2017-04-13,True,2,0.18100000000049477,2017-04-13T00:00:00Z
4,2026-04-09,2017-04-13,True,3,0.16499999999996362,2017-04-13T01:00:00Z
4,2026-04-09,2017-04-13,True,4,0.19099999999980355,2017-04-13T02:00:00Z
4,2026-04-09,2017-04-13,True,5,0.1570000000001528,2017-04-13T03:00:00Z
4,2026-04-09,2017-04-13,True,6,0.27999999999974534,2017-04-13T04:00:00Z
4,2026-04-09,2017-04-13,True,7,0.24099999999998545,2017-04-13T05:00:00Z
4,2026-04-09,2017-04-13,True,8,0.16700000000128057,2017-04-13T06:00:00Z
4,2026-04-09,2017-04-13,True,9,0.18299999999908323,2017-04-13T07:00:00Z
4,2026-04-09,2017-04-13,True,10,0.15999999999985448,2017-04-13T08:00:00Z
4,2026-04-09,2017-04-13,True,11,0.17700000000149885,2017-04-13T09:00:00Z
4,2026-04-09,2017-04-13,True,12,1.8719999999984793,2017-04-13T10:00:00Z
4,2026-04-09,2017-04-13,True,13,0.8099999999994907,2017-04-13T11:00:00Z
4,2026-04-09,2017-04-13,True,14,0.3780000000006112,2017-04-13T12:00:00Z
4,2026-04-09,2017-04-13,True,15,0.12299999999959255,2017-04-13T13:00:00Z
4,2026-04-09,2017-04-13,True,16,0.29500000000189175,2017-04-13T14:00:00Z
4,2026-04-09,2017-04-13,True,17,0.26900000000023283,2017-04-13T15:00:00Z
4,2026-04-09,2017-04-13,True,18,0.49499999999807187,2017-04-13T16:00:00Z
4,2026-04-09,2017-04-13,True,19,0.626999999999498,2017-04-13T17:00:00Z
4,2026-04-09,2017-04-13,True,20,0.23700000000008004,2017-04-13T18:00:00Z
4,2026-04-09,2017-04-13,True,21,0.5030000000006112,2017-04-13T19:00:00Z
4,2026-04-09,2017-04-13,True,22,0.3679999999994834,2017-04-13T20:00:00Z
4,2026-04-09,2017-04-13,True,23,0.2820000000001528,2017-04-13T21:00:00Z
4,2026-04-10,2017-04-14,True,0,0.21000000000003638,2017-04-13T22:00:00Z
4,2026-04-10,2017-04-14,True,1,0.2460000000000946,2017-04-13T23:00:00Z
4,2026-04-10,2017-04-14,True,2,0.15800000000035652,2017-04-14T00:00:00Z
4,2026-04-10,2017-04-14,True,3,0.19099999999980355,2017-04-14T01:00:00Z
4,2026-04-10,2017-04-14,True,4,0.16200000000026193,2017-04-14T02:00:00Z
4,2026-04-10,2017-04-14,True,5,0.1859999999996944,2017-04-14T03:00:00Z
4,2026-04-10,2017-04-14,True,6,0.38699999999971624,2017-04-14T04:00:00Z
4,2026-04-10,2017-04-14,True,7,1.4210000000002765,2017-04-14T05:00:00Z
4,2026-04-10,2017-04-14,True,8,0.6229999999995925,2017-04-14T06:00:00Z
4,2026-04-10,2017-04-14,True,9,1.0829999999987194,2017-04-14T07:00:00Z
4,2026-04-10,2017-04-14,True,10,0.5040000000017244,2017-04-14T08:00:00Z
4,2026-04-10,2017-04-14,True,11,0.38400000000001455,2017-04-14T09:00:00Z
4,2026-04-10,2017-04-14,True,12,0.9139999999997599,2017-04-14T10:00:00Z
4,2026-04-10,2017-04-14,True,13,0.9499999999989086,2017-04-14T11:00:00Z
4,2026-04-10,2017-04-14,True,14,2.4460000000017317,2017-04-14T12:00:00Z
4,2026-04-10,2017-04-14,True,15,3.059999999998581,2017-04-14T13:00:00Z
4,2026-04-10,2017-04-14,True,16,2.8560000000006767,2017-04-14T14:00:00Z
4,2026-04-10,2017-04-14,True,17,0.875,2017-04-14T15:00:00Z
4,2026-04-10,2017-04-14,True,18,0.30600000000049477,2017-04-14T16:00:00Z
4,2026-04-10,2017-04-14,True,19,0.30900000000019645,2017-04-14T17:00:00Z
4,2026-04-10,2017-04-14,True,20,0.3389999999999418,2017-04-14T18:00:00Z
4,2026-04-10,2017-04-14,True,21,0.3850000000002183,2017-04-14T19:00:00Z
4,2026-04-10,2017-04-14,True,22,0.39400000000023283,2017-04-14T20:00:00Z
4,2026-04-10,2017-04-14,True,23,0.36999999999989086,2017-04-14T21:00:00Z
4,2026-04-11,2017-04-08,True,0,0.18100000000049477,2017-04-07T22:00:00Z
4,2026-04-11,2017-04-08,True,1,0.1929999999993015,2017-04-07T23:00:00Z
4,2026-04-11,2017-04-08,True,2,0.15600000000085856,2017-04-08T00:00:00Z
4,2026-04-11,2017-04-08,True,3,0.1859999999996944,2017-04-08T01:00:00Z
4,2026-04-11,2017-04-08,True,4,0.14499999999952706,2017-04-08T02:00:00Z
4,2026-04-11,2017-04-08,True,5,0.15500000000065484,2017-04-08T03:00:00Z
4,2026-04-11,2017-04-08,True,6,0.8059999999995853,2017-04-08T04:00:00Z
4,2026-04-11,2017-04-08,True,7,0.4390000000003056,2017-04-08T05:00:00Z
4,2026-04-11,2017-04-08,True,8,0.22400000000016007,2017-04-08T06:00:00Z
4,2026-04-11,2017-04-08,True,9,0.27700000000004366,2017-04-08T07:00:00Z
4,2026-04-11,2017-04-08,True,10,0.2639999999992142,2017-04-08T08:00:00Z
4,2026-04-11,2017-04-08,True,11,0.3330000000005384,2017-04-08T09:00:00Z
4,2026-04-11,2017-04-08,True,12,0.3250000000007276,2017-04-08T10:00:00Z
4,2026-04-11,2017-04-08,True,13,2.0499999999992724,2017-04-08T11:00:00Z
4,2026-04-11,2017-04-08,True,14,2.701999999999316,2017-04-08T12:00:00Z
4,2026-04-11,2017-04-08,True,15,0.7540000000008149,2017-04-08T13:00:00Z
4,2026-04-11,2017-04-08,True,16,0.23500000000058208,2017-04-08T14:00:00Z
4,2026-04-11,2017-04-08,True,17,0.22899999999935972,2017-04-08T15:00:00Z
4,2026-04-11,2017-04-08,True,18,1.1850000000004002,2017-04-08T16:00:00Z
4,2026-04-11,2017-04-08,True,19,0.48100000000067666,2017-04-08T17:00:00Z
4,2026-04-11,2017-04-08,True,20,0.3500000000003638,2017-04-08T18:00:00Z
4,2026-04-11,2017-04-08,True,21,0.35599999999976717,2017-04-08T19:00:00Z
4,2026-04-11,2017-04-08,True,22,0.2899999999999636,2017-04-08T20:00:00Z
4,2026-04-11,2017-04-08,True,23,0.3140000000003056,2017-04-08T21:00:00Z
4,2026-04-12,2017-04-09,True,0,0.18800000000010186,2017-04-08T22:00:00Z
4,2026-04-12,2017-04-09,True,1,0.20199999999931606,2017-04-08T23:00:00Z
4,2026-04-12,2017-04-09,True,2,0.1860000000006039,2017-04-09T00:00:00Z
4,2026-04-12,2017-04-09,True,3,0.15799999999944703,2017-04-09T01:00:00Z
4,2026-04-12,2017-04-09,True,4,0.16600000000016735,2017-04-09T02:00:00Z
4,2026-04-12,2017-04-09,True,5,0.1750000000001819,2017-04-09T03:00:00Z
4,2026-04-12,2017-04-09,True,6,0.15300000000024738,2017-04-09T04:00:00Z
4,2026-04-12,2017-04-09,True,7,0.18999999999869033,2017-04-09T05:00:00Z
4,2026-04-12,2017-04-09,True,8,0.3209999999999127,2017-04-09T06:00:00Z
4,2026-04-12,2017-04-09,True,9,0.7620000000006257,2017-04-09T07:00:00Z
4,2026-04-12,2017-04-09,True,10,1.375,2017-04-09T08:00:00Z
4,2026-04-12,2017-04-09,True,11,0.14400000000023283,2017-04-09T09:00:00Z
4,2026-04-12,2017-04-09,True,12,0.9459999999999127,2017-04-09T10:00:00Z
4,2026-04-12,2017-04-09,True,13,0.2890000000006694,2017-04-09T11:00:00Z
4,2026-04-12,2017-04-09,True,14,0.24399999999877764,2017-04-09T12:00:00Z
4,2026-04-12,2017-04-09,True,15,0.2110000000011496,2017-04-09T13:00:00Z
4,2026-04-12,2017-04-09,True,16,0.32999999999992724,2017-04-09T14:00:00Z
4,2026-04-12,2017-04-09,True,17,1.3539999999993597,2017-04-09T15:00:00Z
4,2026-04-12,2017-04-09,True,18,2.1470000000017535,2017-04-09T16:00:00Z
4,2026-04-12,2017-04-09,True,19,1.0429999999978463,2017-04-09T17:00:00Z
4,2026-04-12,2017-04-09,True,20,0.3110000000006039,2017-04-09T18:00:00Z
4,2026-04-12,2017-04-09,True,21,0.3359999999993306,2017-04-09T19:00:00Z
4,2026-04-12,2017-04-09,True,22,0.3400000000001455,2017-04-09T20:00:00Z
4,2026-04-12,2017-04-09,True,23,0.20600000000013097,2017-04-09T21:00:00Z
4,2026-04-13,2017-04-10,True,0,0.19700000000011642,2017-04-09T22:00:00Z
4,2026-04-13,2017-04-10,True,1,0.17000000000007276,2017-04-09T23:00:00Z
4,2026-04-13,2017-04-10,True,2,0.18400000000019645,2017-04-10T00:00:00Z
4,2026-04-13,2017-04-10,True,3,0.1859999999996944,2017-04-10T01:00:00Z
4,2026-04-13,2017-04-10,True,4,0.17000000000007276,2017-04-10T02:00:00Z
4,2026-04-13,2017-04-10,True,5,0.1999999999998181,2017-04-10T03:00:00Z
4,2026-04-13,2017-04-10,True,6,0.2970000000004802,2017-04-10T04:00:00Z
4,2026-04-13,2017-04-10,True,7,0.1790000000000873,2017-04-10T05:00:00Z
4,2026-04-13,2017-04-10,True,8,0.21700000000055297,2017-04-10T06:00:00Z
4,2026-04-13,2017-04-10,True,9,0.22199999999793363,2017-04-10T07:00:00Z
4,2026-04-13,2017-04-10,True,10,0.22400000000197906,2017-04-10T08:00:00Z
4,2026-04-13,2017-04-10,True,11,0.19699999999829743,2017-04-10T09:00:00Z
4,2026-04-13,2017-04-10,True,12,0.2530000000006112,2017-04-10T10:00:00Z
4,2026-04-13,2017-04-10,True,13,3.253000000000611,2017-04-10T11:00:00Z
4,2026-04-13,2017-04-10,True,14,1.3059999999986758,2017-04-10T12:00:00Z
4,2026-04-13,2017-04-10,True,15,0.27000000000043656,2017-04-10T13:00:00Z
4,2026-04-13,2017-04-10,True,16,0.22000000000116415,2017-04-10T14:00:00Z
4,2026-04-13,2017-04-10,True,17,0.6100000000005821,2017-04-10T15:00:00Z
4,2026-04-13,2017-04-10,True,18,0.23399999999855936,2017-04-10T16:00:00Z
4,2026-04-13,2017-04-10,True,19,0.6180000000003929,2017-04-10T17:00:00Z
4,2026-04-13,2017-04-10,True,20,0.3890000000001237,2017-04-10T18:00:00Z
4,2026-04-13,2017-04-10,True,21,0.4080000000003565,2017-04-10T19:00:00Z
4,2026-04-13,2017-04-10,True,22,0.3789999999999054,2017-04-10T20:00:00Z
4,2026-04-13,2017-04-10,True,23,0.2640000000001237,2017-04-10T21:00:00Z
4,2026-04-14,2017-04-11,True,0,0.19499999999970896,2017-04-10T22:00:00Z
4,2026-04-14,2017-04-11,True,1,0.20799999999962893,2017-04-10T23:00:00Z
4,2026-04-14,2017-04-11,True,2,0.16700000000037107,2017-04-11T00:00:00Z
4,2026-04-14,2017-04-11,True,3,0.17299999999977445,2017-04-11T01:00:00Z
4,2026-04-14,2017-04-11,True,4,0.19200000000000728,2017-04-11T02:00:00Z
4,2026-04-14,2017-04-11,True,5,0.1639999999997599,2017-04-11T03:00:00Z
4,2026-04-14,2017-04-11,True,6,0.3070000000006985,2017-04-11T04:00:00Z
4,2026-04-14,2017-04-11,True,7,0.4219999999986612,2017-04-11T05:00:00Z
4,2026-04-14,2017-04-11,True,8,2.0650000000005093,2017-04-11T06:00:00Z
4,2026-04-14,2017-04-11,True,9,1.4700000000002547,2017-04-11T07:00:00Z
4,2026-04-14,2017-04-11,True,10,1.3060000000014043,2017-04-11T08:00:00Z
4,2026-04-14,2017-04-11,True,11,0.33299999999871943,2017-04-11T09:00:00Z
4,2026-04-14,2017-04-11,True,12,0.7819999999983338,2017-04-11T10:00:00Z
4,2026-04-14,2017-04-11,True,13,0.8150000000005093,2017-04-11T11:00:00Z
4,2026-04-14,2017-04-11,True,14,0.3180000000011205,2017-04-11T12:00:00Z
4,2026-04-14,2017-04-11,True,15,0.3539999999993597,2017-04-11T13:00:00Z
4,2026-04-14,2017-04-11,True,16,1.2330000000019936,2017-04-11T14:00:00Z
4,2026-04-14,2017-04-11,True,17,0.37599999999838474,2017-04-11T15:00:00Z
4,2026-04-14,2017-04-11,True,18,0.17599999999947613,2017-04-11T16:00:00Z
4,2026-04-14,2017-04-11,True,19,0.24099999999907595,2017-04-11T17:00:00Z
4,2026-04-14,2017-04-11,True,20,1.0300000000015643,2017-04-11T18:00:00Z
4,2026-04-14,2017-04-11,True,21,0.8559999999997672,2017-04-11T19:00:00Z
4,2026-04-14,2017-04-11,True,22,0.3220000000001164,2017-04-11T20:00:00Z
4,2026-04-14,2017-04-11,True,23,0.35199999999986176,2017-04-11T21:00:00Z
4,2026-04-15,2017-04-19,True,0,0.45600000000013097,2017-04-18T22:00:00Z
4,2026-04-15,2017-04-19,True,1,0.6320000000005166,2017-04-18T23:00:00Z
4,2026-04-15,2017-04-19,True,2,0.5850000000000364,2017-04-19T00:00:00Z
4,2026-04-15,2017-04-19,True,3,0.5919999999996435,2017-04-19T01:00:00Z
4,2026-04-15,2017-04-19,True,4,0.5979999999999563,2017-04-19T02:00:00Z
4,2026-04-15,2017-04-19,True,5,0.5900000000001455,2017-04-19T03:00:00Z
4,2026-04-15,2017-04-19,True,6,0.6000000000003638,2017-04-19T04:00:00Z
4,2026-04-15,2017-04-19,True,7,1.370999999999185,2017-04-19T05:00:00Z
4,2026-04-15,2017-04-19,True,8,0.7070000000021537,2017-04-19T06:00:00Z
4,2026-04-15,2017-04-19,True,9,0.6019999999989523,2017-04-19T07:00:00Z
4,2026-04-15,2017-04-19,True,10,0.5969999999997526,2017-04-19T08:00:00Z
4,2026-04-15,2017-04-19,True,11,0.6410000000005311,2017-04-19T09:00:00Z
4,2026-04-15,2017-04-19,True,12,1.2780000000002474,2017-04-19T10:00:00Z
4,2026-04-15,2017-04-19,True,13,1.1279999999997017,2017-04-19T11:00:00Z
4,2026-04-15,2017-04-19,True,14,0.42599999999947613,2017-04-19T12:00:00Z
4,2026-04-15,2017-04-19,True,15,0.6300000000001091,2017-04-19T13:00:00Z
4,2026-04-15,2017-04-19,True,16,0.4749999999994543,2017-04-19T14:00:00Z
4,2026-04-15,2017-04-19,True,17,0.5500000000010914,2017-04-19T15:00:00Z
4,2026-04-15,2017-04-19,True,18,1.240999999999076,2017-04-19T16:00:00Z
4,2026-04-15,2017-04-19,True,19,0.636000000000422,2017-04-19T17:00:00Z
4,2026-04-15,2017-04-19,True,20,0.6469999999999345,2017-04-19T18:00:00Z
4,2026-04-15,2017-04-19,True,21,0.7550000000001091,2017-04-19T19:00:00Z
4,2026-04-15,2017-04-19,True,22,0.7489999999997963,2017-04-19T20:00:00Z
4,2026-04-15,2017-04-19,True,23,0.7210000000004584,2017-04-19T21:00:00Z
4,2026-04-16,2017-04-20,True,0,0.6489999999994325,2017-04-19T22:00:00Z
4,2026-04-16,2017-04-20,True,1,0.6019999999998618,2017-04-19T23:00:00Z
4,2026-04-16,2017-04-20,True,2,0.6690000000007785,2017-04-20T00:00:00Z
4,2026-04-16,2017-04-20,True,3,0.8249999999998181,2017-04-20T01:00:00Z
4,2026-04-16,2017-04-20,True,4,0.626999999999498,2017-04-20T02:00:00Z
4,2026-04-16,2017-04-20,True,5,0.7049999999999272,2017-04-20T03:00:00Z
4,2026-04-16,2017-04-20,True,6,0.941000000000713,2017-04-20T04:00:00Z
4,2026-04-16,2017-04-20,True,7,1.2470000000012078,2017-04-20T05:00:00Z
4,2026-04-16,2017-04-20,True,8,0.6779999999989741,2017-04-20T06:00:00Z
4,2026-04-16,2017-04-20,True,9,0.6509999999998399,2017-04-20T07:00:00Z
4,2026-04-16,2017-04-20,True,10,0.407999999999447,2017-04-20T08:00:00Z
4,2026-04-16,2017-04-20,True,11,0.6159999999999854,2017-04-20T09:00:00Z
4,2026-04-16,2017-04-20,True,12,1.4210000000002765,2017-04-20T10:00:00Z
4,2026-04-16,2017-04-20,True,13,0.8119999999998981,2017-04-20T11:00:00Z
4,2026-04-16,2017-04-20,True,14,0.7539999999999054,2017-04-20T12:00:00Z
4,2026-04-16,2017-04-20,True,15,0.6009999999987485,2017-04-20T13:00:00Z
4,2026-04-16,2017-04-20,True,16,1.5620000000026266,2017-04-20T14:00:00Z
4,2026-04-16,2017-04-20,True,17,1.9029999999984284,2017-04-20T15:00:00Z
4,2026-04-16,2017-04-20,True,18,0.8460000000013679,2017-04-20T16:00:00Z
4,2026-04-16,2017-04-20,True,19,0.6189999999996871,2017-04-20T17:00:00Z
4,2026-04-16,2017-04-20,True,20,0.6419999999989159,2017-04-20T18:00:00Z
4,2026-04-16,2017-04-20,True,21,0.6880000000001019,2017-04-20T19:00:00Z
4,2026-04-16,2017-04-20,True,22,0.694999999999709,2017-04-20T20:00:00Z
4,2026-04-16,2017-04-20,True,23,0.7390000000004875,2017-04-20T21:00:00Z
4,2026-04-17,2017-04-21,True,0,0.6209999999991851,2017-04-20T22:00:00Z
4,2026-04-17,2017-04-21,True,1,0.6620000000002619,2017-04-20T23:00:00Z
4,2026-04-17,2017-04-21,True,2,0.6580000000003565,2017-04-21T00:00:00Z
4,2026-04-17,2017-04-21,True,3,0.8350000000000364,2017-04-21T01:00:00Z
4,2026-04-17,2017-04-21,True,4,0.6449999999995271,2017-04-21T02:00:00Z
4,2026-04-17,2017-04-21,True,5,0.7700000000004366,2017-04-21T03:00:00Z
4,2026-04-17,2017-04-21,True,6,0.8500000000003638,2017-04-21T04:00:00Z
4,2026-04-17,2017-04-21,True,7,0.6469999999999345,2017-04-21T05:00:00Z
4,2026-04-17,2017-04-21,True,8,0.4539999999997235,2017-04-21T06:00:00Z
4,2026-04-17,2017-04-21,True,9,0.16899999999986903,2017-04-21T07:00:00Z
4,2026-04-17,2017-04-21,True,10,0.1930000000011205,2017-04-21T08:00:00Z
4,2026-04-17,2017-04-21,True,11,0.16999999999825377,2017-04-21T09:00:00Z
4,2026-04-17,2017-04-21,True,12,1.3340000000007421,2017-04-21T10:00:00Z
4,2026-04-17,2017-04-21,True,13,0.522000000000844,2017-04-21T11:00:00Z
4,2026-04-17,2017-04-21,True,14,0.19499999999970896,2017-04-21T12:00:00Z
4,2026-04-17,2017-04-21,True,15,0.21600000000034925,2017-04-21T13:00:00Z
4,2026-04-17,2017-04-21,True,16,0.21499999999832653,2017-04-21T14:00:00Z
4,2026-04-17,2017-04-21,True,17,0.9700000000011642,2017-04-21T15:00:00Z
4,2026-04-17,2017-04-21,True,18,1.4050000000006548,2017-04-21T16:00:00Z
4,2026-04-17,2017-04-21,True,19,0.1779999999989741,2017-04-21T17:00:00Z
4,2026-04-17,2017-04-21,True,20,0.20100000000002183,2017-04-21T18:00:00Z
4,2026-04-17,2017-04-21,True,21,0.3169999999990978,2017-04-21T19:00:00Z
4,2026-04-17,2017-04-21,True,22,0.3640000000004875,2017-04-21T20:00:00Z
4,2026-04-17,2017-04-21,True,23,0.22599999999965803,2017-04-21T21:00:00Z
4,2026-04-18,2017-04-15,True,0,0.3400000000001455,2017-04-14T22:00:00Z
4,2026-04-18,2017-04-15,True,1,0.29799999999977445,2017-04-14T23:00:00Z
4,2026-04-18,2017-04-15,True,2,0.17000000000007276,2017-04-15T00:00:00Z
4,2026-04-18,2017-04-15,True,3,0.18699999999989814,2017-04-15T01:00:00Z
4,2026-04-18,2017-04-15,True,4,0.1610000000000582,2017-04-15T02:00:00Z
4,2026-04-18,2017-04-15,True,5,0.19900000000052387,2017-04-15T03:00:00Z
4,2026-04-18,2017-04-15,True,6,0.14799999999922875,2017-04-15T04:00:00Z
4,2026-04-18,2017-04-15,True,7,0.2110000000011496,2017-04-15T05:00:00Z
4,2026-04-18,2017-04-15,True,8,0.26899999999932334,2017-04-15T06:00:00Z
4,2026-04-18,2017-04-15,True,9,0.2070000000003347,2017-04-15T07:00:00Z
4,2026-04-18,2017-04-15,True,10,1.0169999999989159,2017-04-15T08:00:00Z
4,2026-04-18,2017-04-15,True,11,0.342000000000553,2017-04-15T09:00:00Z
4,2026-04-18,2017-04-15,True,12,2.484000000001288,2017-04-15T10:00:00Z
4,2026-04-18,2017-04-15,True,13,1.3319999999976062,2017-04-15T11:00:00Z
4,2026-04-18,2017-04-15,True,14,0.17799999999988358,2017-04-15T12:00:00Z
4,2026-04-18,2017-04-15,True,15,0.9050000000015643,2017-04-15T13:00:00Z
4,2026-04-18,2017-04-15,True,16,0.45900000000074215,2017-04-15T14:00:00Z
4,2026-04-18,2017-04-15,True,17,0.37599999999838474,2017-04-15T15:00:00Z
4,2026-04-18,2017-04-15,True,18,0.8170000000000073,2017-04-15T16:00:00Z
4,2026-04-18,2017-04-15,True,19,0.22399999999925058,2017-04-15T17:00:00Z
4,2026-04-18,2017-04-15,True,20,0.28400000000056025,2017-04-15T18:00:00Z
4,2026-04-18,2017-04-15,True,21,0.2709999999997308,2017-04-15T19:00:00Z
4,2026-04-18,2017-04-15,True,22,0.3220000000001164,2017-04-15T20:00:00Z
4,2026-04-18,2017-04-15,True,23,0.27999999999974534,2017-04-15T21:00:00Z
4,2026-04-19,2017-04-16,True,0,0.31300000000010186,2017-04-15T22:00:00Z
4,2026-04-19,2017-04-16,True,1,0.19499999999970896,2017-04-15T23:00:00Z
4,2026-04-19,2017-04-16,True,2,0.20600000000013097,2017-04-16T00:00:00Z
4,2026-04-19,2017-04-16,True,3,0.15999999999985448,2017-04-16T01:00:00Z
4,2026-04-19,2017-04-16,True,4,0.18299999999999272,2017-04-16T02:00:00Z
4,2026-04-19,2017-04-16,True,5,0.15900000000056025,2017-04-16T03:00:00Z
4,2026-04-19,2017-04-16,True,6,0.1610000000000582,2017-04-16T04:00:00Z
4,2026-04-19,2017-04-16,True,7,0.1750000000001819,2017-04-16T05:00:00Z
4,2026-04-19,2017-04-16,True,8,0.535000000000764,2017-04-16T06:00:00Z
4,2026-04-19,2017-04-16,True,9,1.238999999999578,2017-04-16T07:00:00Z
4,2026-04-19,2017-04-16,True,10,0.3070000000006985,2017-04-16T08:00:00Z
4,2026-04-19,2017-04-16,True,11,0.7539999999989959,2017-04-16T09:00:00Z
4,2026-04-19,2017-04-16,True,12,2.3740000000007058,2017-04-16T10:00:00Z
4,2026-04-19,2017-04-16,True,13,1.5379999999995562,2017-04-16T11:00:00Z
4,2026-04-19,2017-04-16,True,14,0.15899999999965075,2017-04-16T12:00:00Z
4,2026-04-19,2017-04-16,True,15,0.2109999999993306,2017-04-16T13:00:00Z
4,2026-04-19,2017-04-16,True,16,0.15600000000085856,2017-04-16T14:00:00Z
4,2026-04-19,2017-04-16,True,17,0.2139999999999418,2017-04-16T15:00:00Z
4,2026-04-19,2017-04-16,True,18,0.8460000000004584,2017-04-16T16:00:00Z
4,2026-04-19,2017-04-16,True,19,0.6870000000008076,2017-04-16T17:00:00Z
4,2026-04-19,2017-04-16,True,20,1.3580000000001746,2017-04-16T18:00:00Z
4,2026-04-19,2017-04-16,True,21,0.7460000000000946,2017-04-16T19:00:00Z
4,2026-04-19,2017-04-16,True,22,0.7669999999998254,2017-04-16T20:00:00Z
4,2026-04-19,2017-04-16,True,23,0.7579999999998108,2017-04-16T21:00:00Z
4,2026-04-20,2017-04-17,True,0,0.5720000000001164,2017-04-16T22:00:00Z
4,2026-04-20,2017-04-17,True,1,0.7770000000000437,2017-04-16T23:00:00Z
4,2026-04-20,2017-04-17,True,2,0.5830000000005384,2017-04-17T00:00:00Z
4,2026-04-20,2017-04-17,True,3,0.6559999999999491,2017-04-17T01:00:00Z
4,2026-04-20,2017-04-17,True,4,0.6829999999999927,2017-04-17T02:00:00Z
4,2026-04-20,2017-04-17,True,5,0.5979999999999563,2017-04-17T03:00:00Z
4,2026-04-20,2017-04-17,True,6,0.7029999999995198,2017-04-17T04:00:00Z
4,2026-04-20,2017-04-17,True,7,1.144999999999527,2017-04-17T05:00:00Z
4,2026-04-20,2017-04-17,True,8,0.6159999999999854,2017-04-17T06:00:00Z
4,2026-04-20,2017-04-17,True,9,0.6879999999991924,2017-04-17T07:00:00Z
4,2026-04-20,2017-04-17,True,10,1.4719999999997526,2017-04-17T08:00:00Z
4,2026-04-20,2017-04-17,True,11,0.8029999999998836,2017-04-17T09:00:00Z
4,2026-04-20,2017-04-17,True,12,1.4160000000001673,2017-04-17T10:00:00Z
4,2026-04-20,2017-04-17,True,13,1.3780000000015207,2017-04-17T11:00:00Z
4,2026-04-20,2017-04-17,True,14,1.7339999999976499,2017-04-17T12:00:00Z
4,2026-04-20,2017-04-17,True,15,0.8610000000016953,2017-04-17T13:00:00Z
4,2026-04-20,2017-04-17,True,16,0.9419999999990978,2017-04-17T14:00:00Z
4,2026-04-20,2017-04-17,True,17,0.6829999999999927,2017-04-17T15:00:00Z
4,2026-04-20,2017-04-17,True,18,0.6180000000022119,2017-04-17T16:00:00Z
4,2026-04-20,2017-04-17,True,19,0.7429999999985739,2017-04-17T17:00:00Z
4,2026-04-20,2017-04-17,True,20,0.7659999999996217,2017-04-17T18:00:00Z
4,2026-04-20,2017-04-17,True,21,0.6990000000005239,2017-04-17T19:00:00Z
4,2026-04-20,2017-04-17,True,22,0.7109999999993306,2017-04-17T20:00:00Z
4,2026-04-20,2017-04-17,True,23,0.5390000000006694,2017-04-17T21:00:00Z
4,2026-04-21,2017-04-18,True,0,0.6849999999994907,2017-04-17T22:00:00Z
4,2026-04-21,2017-04-18,True,1,0.7039999999997235,2017-04-17T23:00:00Z
4,2026-04-21,2017-04-18,True,2,0.5910000000003492,2017-04-18T00:00:00Z
4,2026-04-21,2017-04-18,True,3,0.6300000000001091,2017-04-18T01:00:00Z
4,2026-04-21,2017-04-18,True,4,0.5950000000002547,2017-04-18T02:00:00Z
4,2026-04-21,2017-04-18,True,5,0.6300000000001091,2017-04-18T03:00:00Z
4,2026-04-21,2017-04-18,True,6,0.8930000000009386,2017-04-18T04:00:00Z
4,2026-04-21,2017-04-18,True,7,1.4629999999988286,2017-04-18T05:00:00Z
4,2026-04-21,2017-04-18,True,8,1.3359999999993306,2017-04-18T06:00:00Z
4,2026-04-21,2017-04-18,True,9,0.545999999999367,2017-04-18T07:00:00Z
4,2026-04-21,2017-04-18,True,10,0.5420000000021901,2017-04-18T08:00:00Z
4,2026-04-21,2017-04-18,True,11,0.4919999999983702,2017-04-18T09:00:00Z
4,2026-04-21,2017-04-18,True,12,1.6190000000005966,2017-04-18T10:00:00Z
4,2026-04-21,2017-04-18,True,13,0.6199999999998909,2017-04-18T11:00:00Z
4,2026-04-21,2017-04-18,True,14,1.8289999999997235,2017-04-18T12:00:00Z
4,2026-04-21,2017-04-18,True,15,2.9609999999993306,2017-04-18T13:00:00Z
4,2026-04-21,2017-04-18,True,16,1.2919999999994616,2017-04-18T14:00:00Z
4,2026-04-21,2017-04-18,True,17,0.8180000000011205,2017-04-18T15:00:00Z
4,2026-04-21,2017-04-18,True,18,0.7769999999991342,2017-04-18T16:00:00Z
4,2026-04-21,2017-04-18,True,19,0.7710000000015498,2017-04-18T17:00:00Z
4,2026-04-21,2017-04-18,True,20,0.47699999999895226,2017-04-18T18:00:00Z
4,2026-04-21,2017-04-18,True,21,0.75,2017-04-18T19:00:00Z
4,2026-04-21,2017-04-18,True,22,0.7289999999993597,2017-04-18T20:00:00Z
4,2026-04-21,2017-04-18,True,23,0.6430000000000291,2017-04-18T21:00:00Z
4,2026-04-22,2017-04-26,True,0,0.3999999999996362,2017-04-25T22:00:00Z
4,2026-04-22,2017-04-26,True,1,0.6289999999999054,2017-04-25T23:00:00Z
4,2026-04-22,2017-04-26,True,2,0.47400000000016007,2017-04-26T00:00:00Z
4,2026-04-22,2017-04-26,True,3,0.5429999999996653,2017-04-26T01:00:00Z
4,2026-04-22,2017-04-26,True,4,0.5770000000002256,2017-04-26T02:00:00Z
4,2026-04-22,2017-04-26,True,5,0.5820000000003347,2017-04-26T03:00:00Z
4,2026-04-22,2017-04-26,True,6,0.6729999999997744,2017-04-26T04:00:00Z
4,2026-04-22,2017-04-26,True,7,0.6589999999996508,2017-04-26T05:00:00Z
4,2026-04-22,2017-04-26,True,8,0.7570000000005166,2017-04-26T06:00:00Z
4,2026-04-22,2017-04-26,True,9,0.5779999999995198,2017-04-26T07:00:00Z
4,2026-04-22,2017-04-26,True,10,0.6170000000001892,2017-04-26T08:00:00Z
4,2026-04-22,2017-04-26,True,11,0.6869999999998981,2017-04-26T09:00:00Z
4,2026-04-22,2017-04-26,True,12,1.4719999999997526,2017-04-26T10:00:00Z
4,2026-04-22,2017-04-26,True,13,0.6169999999992797,2017-04-26T11:00:00Z
4,2026-04-22,2017-04-26,True,14,1.1980000000003201,2017-04-26T12:00:00Z
4,2026-04-22,2017-04-26,True,15,0.6189999999996871,2017-04-26T13:00:00Z
4,2026-04-22,2017-04-26,True,16,0.6210000000019136,2017-04-26T14:00:00Z
4,2026-04-22,2017-04-26,True,17,0.6059999999988577,2017-04-26T15:00:00Z
4,2026-04-22,2017-04-26,True,18,0.5960000000004584,2017-04-26T16:00:00Z
4,2026-04-22,2017-04-26,True,19,0.5719999999992069,2017-04-26T17:00:00Z
4,2026-04-22,2017-04-26,True,20,0.6350000000002183,2017-04-26T18:00:00Z
4,2026-04-22,2017-04-26,True,21,0.625,2017-04-26T19:00:00Z
4,2026-04-22,2017-04-26,True,22,0.6920000000000073,2017-04-26T20:00:00Z
4,2026-04-22,2017-04-26,True,23,0.6159999999999854,2017-04-26T21:00:00Z
4,2026-04-23,2017-04-27,True,0,0.6959999999999127,2017-04-26T22:00:00Z
4,2026-04-23,2017-04-27,True,1,0.6739999999999782,2017-04-26T23:00:00Z
4,2026-04-23,2017-04-27,True,2,0.6219999999993888,2017-04-27T00:00:00Z
4,2026-04-23,2017-04-27,True,3,0.623000000000502,2017-04-27T01:00:00Z
4,2026-04-23,2017-04-27,True,4,0.5879999999997381,2017-04-27T02:00:00Z
4,2026-04-23,2017-04-27,True,5,0.6170000000001892,2017-04-27T03:00:00Z
4,2026-04-23,2017-04-27,True,6,0.6990000000005239,2017-04-27T04:00:00Z
4,2026-04-23,2017-04-27,True,7,1.020000000001346,2017-04-27T05:00:00Z
4,2026-04-23,2017-04-27,True,8,0.6199999999998909,2017-04-27T06:00:00Z
4,2026-04-23,2017-04-27,True,9,0.5929999999998472,2017-04-27T07:00:00Z
4,2026-04-23,2017-04-27,True,10,0.600999999999658,2017-04-27T08:00:00Z
4,2026-04-23,2017-04-27,True,11,0.5919999999996435,2017-04-27T09:00:00Z
4,2026-04-23,2017-04-27,True,12,2.587000000000444,2017-04-27T10:00:00Z
4,2026-04-23,2017-04-27,True,13,3.1859999999996944,2017-04-27T11:00:00Z
4,2026-04-23,2017-04-27,True,14,1.282999999999447,2017-04-27T12:00:00Z
4,2026-04-23,2017-04-27,True,15,2.559000000001106,2017-04-27T13:00:00Z
4,2026-04-23,2017-04-27,True,16,2.4290000000000873,2017-04-27T14:00:00Z
4,2026-04-23,2017-04-27,True,17,1.550000000000182,2017-04-27T15:00:00Z
4,2026-04-23,2017-04-27,True,18,0.6169999999983702,2017-04-27T16:00:00Z
4,2026-04-23,2017-04-27,True,19,0.748000000000502,2017-04-27T17:00:00Z
4,2026-04-23,2017-04-27,True,20,1.4070000000001528,2017-04-27T18:00:00Z
4,2026-04-23,2017-04-27,True,21,0.8260000000000218,2017-04-27T19:00:00Z
4,2026-04-23,2017-04-27,True,22,0.8329999999996289,2017-04-27T20:00:00Z
4,2026-04-23,2017-04-27,True,23,0.6970000000001164,2017-04-27T21:00:00Z
4,2026-04-24,2017-04-28,True,0,0.6530000000002474,2017-04-27T22:00:00Z
4,2026-04-24,2017-04-28,True,1,0.5909999999994398,2017-04-27T23:00:00Z
4,2026-04-24,2017-04-28,True,2,0.61200000000008,2017-04-28T00:00:00Z
4,2026-04-24,2017-04-28,True,3,0.8090000000001965,2017-04-28T01:00:00Z
4,2026-04-24,2017-04-28,True,4,0.5950000000002547,2017-04-28T02:00:00Z
4,2026-04-24,2017-04-28,True,5,0.6499999999996362,2017-04-28T03:00:00Z
4,2026-04-24,2017-04-28,True,6,0.8780000000006112,2017-04-28T04:00:00Z
4,2026-04-24,2017-04-28,True,7,1.2840000000005602,2017-04-28T05:00:00Z
4,2026-04-24,2017-04-28,True,8,2.0909999999985303,2017-04-28T06:00:00Z
4,2026-04-24,2017-04-28,True,9,1.0400000000008731,2017-04-28T07:00:00Z
4,2026-04-24,2017-04-28,True,10,0.7730000000001382,2017-04-28T08:00:00Z
4,2026-04-24,2017-04-28,True,11,0.6399999999994179,2017-04-28T09:00:00Z
4,2026-04-24,2017-04-28,True,12,0.8350000000018554,2017-04-28T10:00:00Z
4,2026-04-24,2017-04-28,True,13,0.6079999999974461,2017-04-28T11:00:00Z
4,2026-04-24,2017-04-28,True,14,0.669000000001688,2017-04-28T12:00:00Z
4,2026-04-24,2017-04-28,True,15,1.317999999998392,2017-04-28T13:00:00Z
4,2026-04-24,2017-04-28,True,16,0.6820000000006985,2017-04-28T14:00:00Z
4,2026-04-24,2017-04-28,True,17,0.7240000000001601,2017-04-28T15:00:00Z
4,2026-04-24,2017-04-28,True,18,0.6220000000002983,2017-04-28T16:00:00Z
4,2026-04-24,2017-04-28,True,19,0.8009999999976571,2017-04-28T17:00:00Z
4,2026-04-24,2017-04-28,True,20,0.6820000000006985,2017-04-28T18:00:00Z
4,2026-04-24,2017-04-28,True,21,0.73700000000008,2017-04-28T19:00:00Z
4,2026-04-24,2017-04-28,True,22,0.7929999999996653,2017-04-28T20:00:00Z
4,2026-04-24,2017-04-28,True,23,0.7390000000004875,2017-04-28T21:00:00Z
4,2026-04-25,2017-04-22,True,0,0.17799999999988358,2017-04-21T22:00:00Z
4,2026-04-25,2017-04-22,True,1,0.14200000000073487,2017-04-21T23:00:00Z
4,2026-04-25,2017-04-22,True,2,0.17000000000007276,2017-04-22T00:00:00Z
4,2026-04-25,2017-04-22,True,3,0.16999999999916326,2017-04-22T01:00:00Z
4,2026-04-25,2017-04-22,True,4,0.1500000000005457,2017-04-22T02:00:00Z
4,2026-04-25,2017-04-22,True,5,0.21500000000014552,2017-04-22T03:00:00Z
4,2026-04-25,2017-04-22,True,6,0.20599999999922147,2017-04-22T04:00:00Z
4,2026-04-25,2017-04-22,True,7,0.3570000000026994,2017-04-22T05:00:00Z
4,2026-04-25,2017-04-22,True,8,0.17999999999847205,2017-04-22T06:00:00Z
4,2026-04-25,2017-04-22,True,9,1.3519999999998618,2017-04-22T07:00:00Z
4,2026-04-25,2017-04-22,True,10,0.18299999999908323,2017-04-22T08:00:00Z
4,2026-04-25,2017-04-22,True,11,0.16900000000168802,2017-04-22T09:00:00Z
4,2026-04-25,2017-04-22,True,12,0.19900000000052387,2017-04-22T10:00:00Z
4,2026-04-25,2017-04-22,True,13,0.14899999999943248,2017-04-22T11:00:00Z
4,2026-04-25,2017-04-22,True,14,0.19499999999970896,2017-04-22T12:00:00Z
4,2026-04-25,2017-04-22,True,15,0.1959999999999127,2017-04-22T13:00:00Z
4,2026-04-25,2017-04-22,True,16,2.0409999999983484,2017-04-22T14:00:00Z
4,2026-04-25,2017-04-22,True,17,2.027000000000953,2017-04-22T15:00:00Z
4,2026-04-25,2017-04-22,True,18,0.9799999999995634,2017-04-22T16:00:00Z
4,2026-04-25,2017-04-22,True,19,0.5529999999998836,2017-04-22T17:00:00Z
4,2026-04-25,2017-04-22,True,20,0.5710000000008222,2017-04-22T18:00:00Z
4,2026-04-25,2017-04-22,True,21,1.4949999999998909,2017-04-22T19:00:00Z
4,2026-04-25,2017-04-22,True,22,0.9780000000000655,2017-04-22T20:00:00Z
4,2026-04-25,2017-04-22,True,23,0.793999999999869,2017-04-22T21:00:00Z
4,2026-04-26,2017-04-23,True,0,0.7619999999997162,2017-04-22T22:00:00Z
4,2026-04-26,2017-04-23,True,1,0.6170000000001892,2017-04-22T23:00:00Z
4,2026-04-26,2017-04-23,True,2,0.6540000000004511,2017-04-23T00:00:00Z
4,2026-04-26,2017-04-23,True,3,0.6279999999997017,2017-04-23T01:00:00Z
4,2026-04-26,2017-04-23,True,4,0.6620000000002619,2017-04-23T02:00:00Z
4,2026-04-26,2017-04-23,True,5,0.5779999999995198,2017-04-23T03:00:00Z
4,2026-04-26,2017-04-23,True,6,0.6179999999994834,2017-04-23T04:00:00Z
4,2026-04-26,2017-04-23,True,7,0.6710000000020955,2017-04-23T05:00:00Z
4,2026-04-26,2017-04-23,True,8,0.6189999999996871,2017-04-23T06:00:00Z
4,2026-04-26,2017-04-23,True,9,0.5969999999997526,2017-04-23T07:00:00Z
4,2026-04-26,2017-04-23,True,10,0.5839999999989232,2017-04-23T08:00:00Z
4,2026-04-26,2017-04-23,True,11,0.4860000000007858,2017-04-23T09:00:00Z
4,2026-04-26,2017-04-23,True,12,0.5489999999999782,2017-04-23T10:00:00Z
4,2026-04-26,2017-04-23,True,13,0.9459999999999127,2017-04-23T11:00:00Z
4,2026-04-26,2017-04-23,True,14,3.5349999999998545,2017-04-23T12:00:00Z
4,2026-04-26,2017-04-23,True,15,0.3030000000017026,2017-04-23T13:00:00Z
4,2026-04-26,2017-04-23,True,16,1.9069999999992433,2017-04-23T14:00:00Z
4,2026-04-26,2017-04-23,True,17,2.5499999999992724,2017-04-23T15:00:00Z
4,2026-04-26,2017-04-23,True,18,2.3059999999986758,2017-04-23T16:00:00Z
4,2026-04-26,2017-04-23,True,19,1.4420000000009168,2017-04-23T17:00:00Z
4,2026-04-26,2017-04-23,True,20,0.3890000000010332,2017-04-23T18:00:00Z
4,2026-04-26,2017-04-23,True,21,0.31999999999970896,2017-04-23T19:00:00Z
4,2026-04-26,2017-04-23,True,22,0.3780000000006112,2017-04-23T20:00:00Z
4,2026-04-26,2017-04-23,True,23,0.3170000000000073,2017-04-23T21:00:00Z
4,2026-04-27,2017-04-24,True,0,0.23499999999967258,2017-04-23T22:00:00Z
4,2026-04-27,2017-04-24,True,1,0.18499999999949068,2017-04-23T23:00:00Z
4,2026-04-27,2017-04-24,True,2,0.15500000000065484,2017-04-24T00:00:00Z
4,2026-04-27,2017-04-24,True,3,0.19499999999970896,2017-04-24T01:00:00Z
4,2026-04-27,2017-04-24,True,4,0.15300000000024738,2017-04-24T02:00:00Z
4,2026-04-27,2017-04-24,True,5,0.17699999999967986,2017-04-24T03:00:00Z
4,2026-04-27,2017-04-24,True,6,0.27700000000004366,2017-04-24T04:00:00Z
4,2026-04-27,2017-04-24,True,7,0.7949999999982538,2017-04-24T05:00:00Z
4,2026-04-27,2017-04-24,True,8,0.5990000000010696,2017-04-24T06:00:00Z
4,2026-04-27,2017-04-24,True,9,0.5799999999999272,2017-04-24T07:00:00Z
4,2026-04-27,2017-04-24,True,10,0.6160000000018044,2017-04-24T08:00:00Z
4,2026-04-27,2017-04-24,True,11,0.41299999999864667,2017-04-24T09:00:00Z
4,2026-04-27,2017-04-24,True,12,0.478000000000975,2017-04-24T10:00:00Z
4,2026-04-27,2017-04-24,True,13,0.3999999999996362,2017-04-24T11:00:00Z
4,2026-04-27,2017-04-24,True,14,0.4419999999990978,2017-04-24T12:00:00Z
4,2026-04-27,2017-04-24,True,15,0.43699999999989814,2017-04-24T13:00:00Z
4,2026-04-27,2017-04-24,True,16,0.28399999999965075,2017-04-24T14:00:00Z
4,2026-04-27,2017-04-24,True,17,0.4440000000013242,2017-04-24T15:00:00Z
4,2026-04-27,2017-04-24,True,18,0.4499999999989086,2017-04-24T16:00:00Z
4,2026-04-27,2017-04-24,True,19,0.5040000000017244,2017-04-24T17:00:00Z
4,2026-04-27,2017-04-24,True,20,0.31999999999879947,2017-04-24T18:00:00Z
4,2026-04-27,2017-04-24,True,21,0.6080000000001746,2017-04-24T19:00:00Z
4,2026-04-27,2017-04-24,True,22,0.4679999999998472,2017-04-24T20:00:00Z
4,2026-04-27,2017-04-24,True,23,0.4570000000003347,2017-04-24T21:00:00Z
4,2026-04-28,2017-04-25,True,0,0.6149999999997817,2017-04-24T22:00:00Z
4,2026-04-28,2017-04-25,True,1,0.40599999999994907,2017-04-24T23:00:00Z
4,2026-04-28,2017-04-25,True,2,0.44099999999980355,2017-04-25T00:00:00Z
4,2026-04-28,2017-04-25,True,3,0.40200000000004366,2017-04-25T01:00:00Z
4,2026-04-28,2017-04-25,True,4,0.6010000000005675,2017-04-25T02:00:00Z
4,2026-04-28,2017-04-25,True,5,0.4099999999998545,2017-04-25T03:00:00Z
4,2026-04-28,2017-04-25,True,6,0.5729999999994106,2017-04-25T04:00:00Z
4,2026-04-28,2017-04-25,True,7,0.5829999999996289,2017-04-25T05:00:00Z
4,2026-04-28,2017-04-25,True,8,0.5480000000006839,2017-04-25T06:00:00Z
4,2026-04-28,2017-04-25,True,9,0.4390000000012151,2017-04-25T07:00:00Z
4,2026-04-28,2017-04-25,True,10,0.3999999999996362,2017-04-25T08:00:00Z
4,2026-04-28,2017-04-25,True,11,0.4129999999977372,2017-04-25T09:00:00Z
4,2026-04-28,2017-04-25,True,12,0.8820000000023356,2017-04-25T10:00:00Z
4,2026-04-28,2017-04-25,True,13,2.9580000000005384,2017-04-25T11:00:00Z
4,2026-04-28,2017-04-25,True,14,2.088999999998123,2017-04-25T12:00:00Z
4,2026-04-28,2017-04-25,True,15,1.350999999999658,2017-04-25T13:00:00Z
4,2026-04-28,2017-04-25,True,16,0.7890000000006694,2017-04-25T14:00:00Z
4,2026-04-28,2017-04-25,True,17,0.48399999999946886,2017-04-25T15:00:00Z
4,2026-04-28,2017-04-25,True,18,0.4679999999989377,2017-04-25T16:00:00Z
4,2026-04-28,2017-04-25,True,19,0.4220000000013897,2017-04-25T17:00:00Z
4,2026-04-28,2017-04-25,True,20,0.6239999999997963,2017-04-25T18:00:00Z
4,2026-04-28,2017-04-25,True,21,0.5140000000001237,2017-04-25T19:00:00Z
4,2026-04-28,2017-04-25,True,22,0.4859999999998763,2017-04-25T20:00:00Z
4,2026-04-28,2017-04-25,True,23,0.5970000000006621,2017-04-25T21:00:00Z
4,2026-04-29,2017-04-29,False,0,0.7770000000000437,2017-04-28T22:00:00Z
4,2026-04-29,2017-04-29,False,1,0.6570000000001528,2017-04-28T23:00:00Z
4,2026-04-29,2017-04-29,False,2,0.6229999999995925,2017-04-29T00:00:00Z
4,2026-04-29,2017-04-29,False,3,0.6750000000001819,2017-04-29T01:00:00Z
4,2026-04-29,2017-04-29,False,4,0.8090000000001965,2017-04-29T02:00:00Z
4,2026-04-29,2017-04-29,False,5,0.7460000000000946,2017-04-29T03:00:00Z
4,2026-04-29,2017-04-29,False,6,0.7840000000005602,2017-04-29T04:00:00Z
4,2026-04-29,2017-04-29,False,7,1.8939999999993233,2017-04-29T05:00:00Z
4,2026-04-29,2017-04-29,False,8,0.7050000000017462,2017-04-29T06:00:00Z
4,2026-04-29,2017-04-29,False,9,1.3709999999982756,2017-04-29T07:00:00Z
4,2026-04-29,2017-04-29,False,10,0.8330000000005384,2017-04-29T08:00:00Z
4,2026-04-29,2017-04-29,False,11,0.5430000000014843,2017-04-29T09:00:00Z
4,2026-04-29,2017-04-29,False,12,2.276999999999134,2017-04-29T10:00:00Z
4,2026-04-29,2017-04-29,False,13,3.02599999999984,2017-04-29T11:00:00Z
4,2026-04-29,2017-04-29,False,14,3.0160000000014406,2017-04-29T12:00:00Z
4,2026-04-29,2017-04-29,False,15,2.9609999999975116,2017-04-29T13:00:00Z
4,2026-04-29,2017-04-29,False,16,1.3919999999998254,2017-04-29T14:00:00Z
4,2026-04-29,2017-04-29,False,17,0.17600000000129512,2017-04-29T15:00:00Z
4,2026-04-29,2017-04-29,False,18,0.22600000000056752,2017-04-29T16:00:00Z
4,2026-04-29,2017-04-29,False,19,0.328999999998814,2017-04-29T17:00:00Z
4,2026-04-29,2017-04-29,False,20,0.24500000000080036,2017-04-29T18:00:00Z
4,2026-04-29,2017-04-29,False,21,0.29399999999986903,2017-04-29T19:00:00Z
4,2026-04-29,2017-04-29,False,22,0.2359999999998763,2017-04-29T20:00:00Z
4,2026-04-29,2017-04-29,False,23,0.20899999999983265,2017-04-29T21:00:00Z
4,2026-04-30,2017-04-30,False,0,0.21600000000034925,2017-04-29T22:00:00Z
4,2026-04-30,2017-04-30,False,1,0.15200000000004366,2017-04-29T23:00:00Z
4,2026-04-30,2017-04-30,False,2,0.18800000000010186,2017-04-30T00:00:00Z
4,2026-04-30,2017-04-30,False,3,0.15199999999913416,2017-04-30T01:00:00Z
4,2026-04-30,2017-04-30,False,4,0.15200000000004366,2017-04-30T02:00:00Z
4,2026-04-30,2017-04-30,False,5,0.18800000000010186,2017-04-30T03:00:00Z
4,2026-04-30,2017-04-30,False,6,0.1570000000010623,2017-04-30T04:00:00Z
4,2026-04-30,2017-04-30,False,7,0.19799999999850115,2017-04-30T05:00:00Z
4,2026-04-30,2017-04-30,False,8,1.068000000000211,2017-04-30T06:00:00Z
4,2026-04-30,2017-04-30,False,9,0.22000000000116415,2017-04-30T07:00:00Z
4,2026-04-30,2017-04-30,False,10,0.7049999999999272,2017-04-30T08:00:00Z
4,2026-04-30,2017-04-30,False,11,2.219999999999345,2017-04-30T09:00:00Z
4,2026-04-30,2017-04-30,False,12,1.2469999999993888,2017-04-30T10:00:00Z
4,2026-04-30,2017-04-30,False,13,2.7550000000010186,2017-04-30T11:00:00Z
4,2026-04-30,2017-04-30,False,14,1.2450000000008004,2017-04-30T12:00:00Z
4,2026-04-30,2017-04-30,False,15,0.39099999999962165,2017-04-30T13:00:00Z
4,2026-04-30,2017-04-30,False,16,0.2860000000000582,2017-04-30T14:00:00Z
4,2026-04-30,2017-04-30,False,17,0.19099999999889405,2017-04-30T15:00:00Z
4,2026-04-30,2017-04-30,False,18,0.14500000000043656,2017-04-30T16:00:00Z
4,2026-04-30,2017-04-30,False,19,0.2929999999996653,2017-04-30T17:00:00Z
4,2026-04-30,2017-04-30,False,20,0.22199999999975262,2017-04-30T18:00:00Z
4,2026-04-30,2017-04-30,False,21,0.2920000000003711,2017-04-30T19:00:00Z
4,2026-04-30,2017-04-30,False,22,0.2669999999998254,2017-04-30T20:00:00Z
4,2026-04-30,2017-04-30,False,23,0.1890000000003056,2017-04-30T21:00:00Z
4,2026-07-01,2017-07-05,True,0,0.29100000000016735,2017-07-04T22:00:00Z
4,2026-07-01,2017-07-05,True,1,0.2430000000003929,2017-07-04T23:00:00Z
4,2026-07-01,2017-07-05,True,2,0.23399999999946886,2017-07-05T00:00:00Z
4,2026-07-01,2017-07-05,True,3,0.2570000000005166,2017-07-05T01:00:00Z
4,2026-07-01,2017-07-05,True,4,0.18999999999959982,2017-07-05T02:00:00Z
4,2026-07-01,2017-07-05,True,5,0.21099999999660213,2017-07-05T03:00:00Z
4,2026-07-01,2017-07-05,True,6,0.3140000000021246,2017-07-05T04:00:00Z
4,2026-07-01,2017-07-05,True,7,0.3359999999975116,2017-07-05T05:00:00Z
4,2026-07-01,2017-07-05,True,8,0.19500000000152795,2017-07-05T06:00:00Z
4,2026-07-01,2017-07-05,True,9,0.17299999999886495,2017-07-05T07:00:00Z
4,2026-07-01,2017-07-05,True,10,0.18700000000353612,2017-07-05T08:00:00Z
4,2026-07-01,2017-07-05,True,11,1.444999999999709,2017-07-05T09:00:00Z
4,2026-07-01,2017-07-05,True,12,0.24099999999816646,2017-07-05T10:00:00Z
4,2026-07-01,2017-07-05,True,13,0.22400000000016007,2017-07-05T11:00:00Z
4,2026-07-01,2017-07-05,True,14,0.33100000000013097,2017-07-05T12:00:00Z
4,2026-07-01,2017-07-05,True,15,0.2709999999988213,2017-07-05T13:00:00Z
4,2026-07-01,2017-07-05,True,16,0.44900000000052387,2017-07-05T14:00:00Z
4,2026-07-01,2017-07-05,True,17,0.3710000000010041,2017-07-05T15:00:00Z
4,2026-07-01,2017-07-05,True,18,0.34100000000034925,2017-07-05T16:00:00Z
4,2026-07-01,2017-07-05,True,19,0.2139999999981228,2017-07-05T17:00:00Z
4,2026-07-01,2017-07-05,True,20,0.2000000000007276,2017-07-05T18:00:00Z
4,2026-07-01,2017-07-05,True,21,0.2749999999996362,2017-07-05T19:00:00Z
4,2026-07-01,2017-07-05,True,22,0.3250000000007276,2017-07-05T20:00:00Z
4,2026-07-01,2017-07-05,True,23,0.2669999999998254,2017-07-05T21:00:00Z
4,2026-07-02,2017-07-06,True,0,0.25,2017-07-05T22:00:00Z
4,2026-07-02,2017-07-06,True,1,0.21299999999973807,2017-07-05T23:00:00Z
4,2026-07-02,2017-07-06,True,2,0.19000000000050932,2017-07-06T00:00:00Z
4,2026-07-02,2017-07-06,True,3,0.23799999999937427,2017-07-06T01:00:00Z
4,2026-07-02,2017-07-06,True,4,0.18699999999989814,2017-07-06T02:00:00Z
4,2026-07-02,2017-07-06,True,5,0.1790000000028158,2017-07-06T03:00:00Z
4,2026-07-02,2017-07-06,True,6,0.29799999999613647,2017-07-06T04:00:00Z
4,2026-07-02,2017-07-06,True,7,0.21000000000185537,2017-07-06T05:00:00Z
4,2026-07-02,2017-07-06,True,8,0.19400000000132422,2017-07-06T06:00:00Z
4,2026-07-02,2017-07-06,True,9,0.646999999999025,2017-07-06T07:00:00Z
4,2026-07-02,2017-07-06,True,10,0.30200000000149885,2017-07-06T08:00:00Z
4,2026-07-02,2017-07-06,True,11,0.2849999999980355,2017-07-06T09:00:00Z
4,2026-07-02,2017-07-06,True,12,0.1320000000014261,2017-07-06T10:00:00Z
4,2026-07-02,2017-07-06,True,13,0.5540000000000873,2017-07-06T11:00:00Z
4,2026-07-02,2017-07-06,True,14,0.2849999999998545,2017-07-06T12:00:00Z
4,2026-07-02,2017-07-06,True,15,0.5299999999988358,2017-07-06T13:00:00Z
4,2026-07-02,2017-07-06,True,16,0.29200000000128057,2017-07-06T14:00:00Z
4,2026-07-02,2017-07-06,True,17,0.23299999999835563,2017-07-06T15:00:00Z
4,2026-07-02,2017-07-06,True,18,0.2430000000003929,2017-07-06T16:00:00Z
4,2026-07-02,2017-07-06,True,19,0.27300000000104774,2017-07-06T17:00:00Z
4,2026-07-02,2017-07-06,True,20,0.5410000000010768,2017-07-06T18:00:00Z
4,2026-07-02,2017-07-06,True,21,0.26299999999991996,2017-07-06T19:00:00Z
4,2026-07-02,2017-07-06,True,22,0.3819999999996071,2017-07-06T20:00:00Z
4,2026-07-02,2017-07-06,True,23,0.32300000000032014,2017-07-06T21:00:00Z
4,2026-07-03,2017-07-07,True,0,0.22400000000016007,2017-07-06T22:00:00Z
4,2026-07-03,2017-07-07,True,1,0.2209999999995489,2017-07-06T23:00:00Z
4,2026-07-03,2017-07-07,True,2,0.23000000000047294,2017-07-07T00:00:00Z
4,2026-07-03,2017-07-07,True,3,0.19499999999970896,2017-07-07T01:00:00Z
4,2026-07-03,2017-07-07,True,4,0.21600000000034925,2017-07-07T02:00:00Z
4,2026-07-03,2017-07-07,True,5,0.20599999999740248,2017-07-07T03:00:00Z
4,2026-07-03,2017-07-07,True,6,0.2610000000013315,2017-07-07T04:00:00Z
4,2026-07-03,2017-07-07,True,7,0.2750000000005457,2017-07-07T05:00:00Z
4,2026-07-03,2017-07-07,True,8,0.1819999999988795,2017-07-07T06:00:00Z
4,2026-07-03,2017-07-07,True,9,0.17199999999866122,2017-07-07T07:00:00Z
4,2026-07-03,2017-07-07,True,10,0.2470000000012078,2017-07-07T08:00:00Z
4,2026-07-03,2017-07-07,True,11,0.21900000000096043,2017-07-07T09:00:00Z
4,2026-07-03,2017-07-07,True,12,0.6919999999990978,2017-07-07T10:00:00Z
4,2026-07-03,2017-07-07,True,13,0.5950000000011642,2017-07-07T11:00:00Z
4,2026-07-03,2017-07-07,True,14,0.3669999999983702,2017-07-07T12:00:00Z
4,2026-07-03,2017-07-07,True,15,0.28400000000328873,2017-07-07T13:00:00Z
4,2026-07-03,2017-07-07,True,16,0.3679999999967549,2017-07-07T14:00:00Z
4,2026-07-03,2017-07-07,True,17,0.24799999999959255,2017-07-07T15:00:00Z
4,2026-07-03,2017-07-07,True,18,0.2510000000038417,2017-07-07T16:00:00Z
4,2026-07-03,2017-07-07,True,19,0.27899999999590364,2017-07-07T17:00:00Z
4,2026-07-03,2017-07-07,True,20,0.702000000001135,2017-07-07T18:00:00Z
4,2026-07-03,2017-07-07,True,21,0.48700000000008004,2017-07-07T19:00:00Z
4,2026-07-03,2017-07-07,True,22,0.32600000000002183,2017-07-07T20:00:00Z
4,2026-07-03,2017-07-07,True,23,0.25,2017-07-07T21:00:00Z
4,2026-07-04,2017-07-01,True,0,0.21000000000003638,2017-06-30T22:00:00Z
4,2026-07-04,2017-07-01,True,1,0.181999999999789,2017-06-30T23:00:00Z
4,2026-07-04,2017-07-01,True,2,0.23800000000028376,2017-07-01T00:00:00Z
4,2026-07-04,2017-07-01,True,3,0.181999999999789,2017-07-01T01:00:00Z
4,2026-07-04,2017-07-01,True,4,0.17000000000007276,2017-07-01T02:00:00Z
4,2026-07-04,2017-07-01,True,5,0.226000000003296,2017-07-01T03:00:00Z
4,2026-07-04,2017-07-01,True,6,0.17899999999735883,2017-07-01T04:00:00Z
4,2026-07-04,2017-07-01,True,7,0.26300000000173895,2017-07-01T05:00:00Z
4,2026-07-04,2017-07-01,True,8,0.341999999998734,2017-07-01T06:00:00Z
4,2026-07-04,2017-07-01,True,9,0.362000000001899,2017-07-01T07:00:00Z
4,2026-07-04,2017-07-01,True,10,0.25099999999656575,2017-07-01T08:00:00Z
4,2026-07-04,2017-07-01,True,11,0.1510000000034779,2017-07-01T09:00:00Z
4,2026-07-04,2017-07-01,True,12,0.39799999999922875,2017-07-01T10:00:00Z
4,2026-07-04,2017-07-01,True,13,0.07699999999931606,2017-07-01T11:00:00Z
4,2026-07-04,2017-07-01,True,14,0.27599999999983993,2017-07-01T12:00:00Z
4,2026-07-04,2017-07-01,True,15,0.341999999998734,2017-07-01T13:00:00Z
4,2026-07-04,2017-07-01,True,16,1.8480000000008658,2017-07-01T14:00:00Z
4,2026-07-04,2017-07-01,True,17,0.7270000000007713,2017-07-01T15:00:00Z
4,2026-07-04,2017-07-01,True,18,0.43799999999919237,2017-07-01T16:00:00Z
4,2026-07-04,2017-07-01,True,19,0.19200000000091677,2017-07-01T17:00:00Z
4,2026-07-04,2017-07-01,True,20,0.22399999999834108,2017-07-01T18:00:00Z
4,2026-07-04,2017-07-01,True,21,0.2599999999993088,2017-07-01T19:00:00Z
4,2026-07-04,2017-07-01,True,22,0.26999999999952706,2017-07-01T20:00:00Z
4,2026-07-04,2017-07-01,True,23,0.3079999999999927,2017-07-01T21:00:00Z
4,2026-07-05,2017-07-02,True,0,0.23800000000028376,2017-07-01T22:00:00Z
4,2026-07-05,2017-07-02,True,1,0.2179999999998472,2017-07-01T23:00:00Z
4,2026-07-05,2017-07-02,True,2,0.2290000000002692,2017-07-02T00:00:00Z
4,2026-07-05,2017-07-02,True,3,0.19099999999980355,2017-07-02T01:00:00Z
4,2026-07-05,2017-07-02,True,4,0.1959999999999127,2017-07-02T02:00:00Z
4,2026-07-05,2017-07-02,True,5,0.20499999999992724,2017-07-02T03:00:00Z
4,2026-07-05,2017-07-02,True,6,0.17700000000149885,2017-07-02T04:00:00Z
4,2026-07-05,2017-07-02,True,7,0.19199999999909778,2017-07-02T05:00:00Z
4,2026-07-05,2017-07-02,True,8,0.29500000000098225,2017-07-02T06:00:00Z
4,2026-07-05,2017-07-02,True,9,0.19499999999970896,2017-07-02T07:00:00Z
4,2026-07-05,2017-07-02,True,10,0.22400000000197906,2017-07-02T08:00:00Z
4,2026-07-05,2017-07-02,True,11,0.21500000000014552,2017-07-02T09:00:00Z
4,2026-07-05,2017-07-02,True,12,0.35499999999865395,2017-07-02T10:00:00Z
4,2026-07-05,2017-07-02,True,13,0.21899999999732245,2017-07-02T11:00:00Z
4,2026-07-05,2017-07-02,True,14,0.2530000000006112,2017-07-02T12:00:00Z
4,2026-07-05,2017-07-02,True,15,0.3190000000040527,2017-07-02T13:00:00Z
4,2026-07-05,2017-07-02,True,16,0.34499999999934516,2017-07-02T14:00:00Z
4,2026-07-05,2017-07-02,True,17,0.21899999999732245,2017-07-02T15:00:00Z
4,2026-07-05,2017-07-02,True,18,0.23699999999917054,2017-07-02T16:00:00Z
4,2026-07-05,2017-07-02,True,19,0.577000000002954,2017-07-02T17:00:00Z
4,2026-07-05,2017-07-02,True,20,0.3279999999986103,2017-07-02T18:00:00Z
4,2026-07-05,2017-07-02,True,21,0.3779999999987922,2017-07-02T19:00:00Z
4,2026-07-05,2017-07-02,True,22,0.3139999999993961,2017-07-02T20:00:00Z
4,2026-07-05,2017-07-02,True,23,0.2750000000005457,2017-07-02T21:00:00Z
4,2026-07-06,2017-07-03,True,0,0.22800000000006548,2017-07-02T22:00:00Z
4,2026-07-06,2017-07-03,True,1,0.17799999999988358,2017-07-02T23:00:00Z
4,2026-07-06,2017-07-03,True,2,0.21900000000005093,2017-07-03T00:00:00Z
4,2026-07-06,2017-07-03,True,3,0.16299999999955617,2017-07-03T01:00:00Z
4,2026-07-06,2017-07-03,True,4,0.17699999999967986,2017-07-03T02:00:00Z
4,2026-07-06,2017-07-03,True,5,0.21300000000064756,2017-07-03T03:00:00Z
4,2026-07-06,2017-07-03,True,6,0.7880000000031941,2017-07-03T04:00:00Z
4,2026-07-06,2017-07-03,True,7,1.076999999997497,2017-07-03T05:00:00Z
4,2026-07-06,2017-07-03,True,8,1.352999999999156,2017-07-03T06:00:00Z
4,2026-07-06,2017-07-03,True,9,0.14800000000468572,2017-07-03T07:00:00Z
4,2026-07-06,2017-07-03,True,10,0.18599999999605643,2017-07-03T08:00:00Z
4,2026-07-06,2017-07-03,True,11,0.22899999999935972,2017-07-03T09:00:00Z
4,2026-07-06,2017-07-03,True,12,0.4400000000014188,2017-07-03T10:00:00Z
4,2026-07-06,2017-07-03,True,13,0.20199999999931606,2017-07-03T11:00:00Z
4,2026-07-06,2017-07-03,True,14,0.42699999999967986,2017-07-03T12:00:00Z
4,2026-07-06,2017-07-03,True,15,0.8180000000029395,2017-07-03T13:00:00Z
4,2026-07-06,2017-07-03,True,16,0.2519999999967695,2017-07-03T14:00:00Z
4,2026-07-06,2017-07-03,True,17,0.26200000000062573,2017-07-03T15:00:00Z
4,2026-07-06,2017-07-03,True,18,0.19500000000152795,2017-07-03T16:00:00Z
4,2026-07-06,2017-07-03,True,19,0.22199999999975262,2017-07-03T17:00:00Z
4,2026-07-06,2017-07-03,True,20,0.21499999999832653,2017-07-03T18:00:00Z
4,2026-07-06,2017-07-03,True,21,0.19500000000061846,2017-07-03T19:00:00Z
4,2026-07-06,2017-07-03,True,22,0.46300000000064756,2017-07-03T20:00:00Z
4,2026-07-06,2017-07-03,True,23,0.36899999999968713,2017-07-03T21:00:00Z
4,2026-07-07,2017-07-04,True,0,0.2209999999995489,2017-07-03T22:00:00Z
4,2026-07-07,2017-07-04,True,1,0.2070000000003347,2017-07-03T23:00:00Z
4,2026-07-07,2017-07-04,True,2,0.20200000000022555,2017-07-04T00:00:00Z
4,2026-07-07,2017-07-04,True,3,0.16299999999955617,2017-07-04T01:00:00Z
4,2026-07-07,2017-07-04,True,4,0.22000000000025466,2017-07-04T02:00:00Z
4,2026-07-07,2017-07-04,True,5,0.18400000000019645,2017-07-04T03:00:00Z
4,2026-07-07,2017-07-04,True,6,0.2859999999991487,2017-07-04T04:00:00Z
4,2026-07-07,2017-07-04,True,7,0.2910000000038053,2017-07-04T05:00:00Z
4,2026-07-07,2017-07-04,True,8,2.2509999999983847,2017-07-04T06:00:00Z
4,2026-07-07,2017-07-04,True,9,2.466999999998734,2017-07-04T07:00:00Z
4,2026-07-07,2017-07-04,True,10,2.8980000000001382,2017-07-04T08:00:00Z
4,2026-07-07,2017-07-04,True,11,2.613999999999578,2017-07-04T09:00:00Z
4,2026-07-07,2017-07-04,True,12,0.6430000000018481,2017-07-04T10:00:00Z
4,2026-07-07,2017-07-04,True,13,0.9989999999979773,2017-07-04T11:00:00Z
4,2026-07-07,2017-07-04,True,14,0.577000000001135,2017-07-04T12:00:00Z
4,2026-07-07,2017-07-04,True,15,0.41599999999925785,2017-07-04T13:00:00Z
4,2026-07-07,2017-07-04,True,16,0.22400000000197906,2017-07-04T14:00:00Z
4,2026-07-07,2017-07-04,True,17,0.6620000000002619,2017-07-04T15:00:00Z
4,2026-07-07,2017-07-04,True,18,0.3599999999969441,2017-07-04T16:00:00Z
4,2026-07-07,2017-07-04,True,19,0.25600000000122236,2017-07-04T17:00:00Z
4,2026-07-07,2017-07-04,True,20,1.034999999998945,2017-07-04T18:00:00Z
4,2026-07-07,2017-07-04,True,21,0.5490000000027067,2017-07-04T19:00:00Z
4,2026-07-07,2017-07-04,True,22,0.3149999999995998,2017-07-04T20:00:00Z
4,2026-07-07,2017-07-04,True,23,0.23999999999978172,2017-07-04T21:00:00Z
4,2026-07-08,2017-07-12,True,0,0.44099999999980355,2017-07-11T22:00:00Z
4,2026-07-08,2017-07-12,True,1,0.4819999999999709,2017-07-11T23:00:00Z
4,2026-07-08,2017-07-12,True,2,0.4459999999999127,2017-07-12T00:00:00Z
4,2026-07-08,2017-07-12,True,3,0.4610000000002401,2017-07-12T01:00:00Z
4,2026-07-08,2017-07-12,True,4,0.43099999999958527,2017-07-12T02:00:00Z
4,2026-07-08,2017-07-12,True,5,0.42000000000007276,2017-07-12T03:00:00Z
4,2026-07-08,2017-07-12,True,6,0.5059999999966749,2017-07-12T04:00:00Z
4,2026-07-08,2017-07-12,True,7,0.4120000000020809,2017-07-12T05:00:00Z
4,2026-07-08,2017-07-12,True,8,0.3540000000011787,2017-07-12T06:00:00Z
4,2026-07-08,2017-07-12,True,9,0.3359999999993306,2017-07-12T07:00:00Z
4,2026-07-08,2017-07-12,True,10,0.8989999999994325,2017-07-12T08:00:00Z
4,2026-07-08,2017-07-12,True,11,1.9290000000019063,2017-07-12T09:00:00Z
4,2026-07-08,2017-07-12,True,12,1.4379999999982829,2017-07-12T10:00:00Z
4,2026-07-08,2017-07-12,True,13,0.5049999999991996,2017-07-12T11:00:00Z
4,2026-07-08,2017-07-12,True,14,0.4120000000020809,2017-07-12T12:00:00Z
4,2026-07-08,2017-07-12,True,15,0.2999999999992724,2017-07-12T13:00:00Z
4,2026-07-08,2017-07-12,True,16,0.8959999999988213,2017-07-12T14:00:00Z
4,2026-07-08,2017-07-12,True,17,1.8119999999998981,2017-07-12T15:00:00Z
4,2026-07-08,2017-07-12,True,18,0.41700000000309956,2017-07-12T16:00:00Z
4,2026-07-08,2017-07-12,True,19,0.532999999997628,2017-07-12T17:00:00Z
4,2026-07-08,2017-07-12,True,20,0.4900000000016007,2017-07-12T18:00:00Z
4,2026-07-08,2017-07-12,True,21,0.6329999999979918,2017-07-12T19:00:00Z
4,2026-07-08,2017-07-12,True,22,0.5769999999993161,2017-07-12T20:00:00Z
4,2026-07-08,2017-07-12,True,23,0.42300000000068394,2017-07-12T21:00:00Z
4,2026-07-09,2017-07-13,True,0,0.4099999999998545,2017-07-12T22:00:00Z
4,2026-07-09,2017-07-13,True,1,0.3679999999994834,2017-07-12T23:00:00Z
4,2026-07-09,2017-07-13,True,2,0.3360000000002401,2017-07-13T00:00:00Z
4,2026-07-09,2017-07-13,True,3,0.3739999999997963,2017-07-13T01:00:00Z
4,2026-07-09,2017-07-13,True,4,0.27000000000043656,2017-07-13T02:00:00Z
4,2026-07-09,2017-07-13,True,5,0.19499999999970896,2017-07-13T03:00:00Z
4,2026-07-09,2017-07-13,True,6,1.1760000000012951,2017-07-13T04:00:00Z
4,2026-07-09,2017-07-13,True,7,0.41300000000046566,2017-07-13T05:00:00Z
4,2026-07-09,2017-07-13,True,8,0.34100000000034925,2017-07-13T06:00:00Z
4,2026-07-09,2017-07-13,True,9,0.5529999999998836,2017-07-13T07:00:00Z
4,2026-07-09,2017-07-13,True,10,0.36199999999735155,2017-07-13T08:00:00Z
4,2026-07-09,2017-07-13,True,11,0.2430000000003929,2017-07-13T09:00:00Z
4,2026-07-09,2017-07-13,True,12,0.3040000000019063,2017-07-13T10:00:00Z
4,2026-07-09,2017-07-13,True,13,0.7029999999977008,2017-07-13T11:00:00Z
4,2026-07-09,2017-07-13,True,14,1.3279999999995198,2017-07-13T12:00:00Z
4,2026-07-09,2017-07-13,True,15,0.9490000000014334,2017-07-13T13:00:00Z
4,2026-07-09,2017-07-13,True,16,0.760999999998603,2017-07-13T14:00:00Z
4,2026-07-09,2017-07-13,True,17,0.6180000000003929,2017-07-13T15:00:00Z
4,2026-07-09,2017-07-13,True,18,0.7110000000020591,2017-07-13T16:00:00Z
4,2026-07-09,2017-07-13,True,19,0.36599999999816646,2017-07-13T17:00:00Z
4,2026-07-09,2017-07-13,True,20,0.31000000000403816,2017-07-13T18:00:00Z
4,2026-07-09,2017-07-13,True,21,0.3149999999995998,2017-07-13T19:00:00Z
4,2026-07-09,2017-07-13,True,22,0.3249999999998181,2017-07-13T20:00:00Z
4,2026-07-09,2017-07-13,True,23,0.21299999999973807,2017-07-13T21:00:00Z
4,2026-07-10,2017-07-14,True,0,0.25,2017-07-13T22:00:00Z
4,2026-07-10,2017-07-14,True,1,0.2220000000006621,2017-07-13T23:00:00Z
4,2026-07-10,2017-07-14,True,2,0.19499999999970896,2017-07-14T00:00:00Z
4,2026-07-10,2017-07-14,True,3,0.22400000000016007,2017-07-14T01:00:00Z
4,2026-07-10,2017-07-14,True,4,0.1790000000000873,2017-07-14T02:00:00Z
4,2026-07-10,2017-07-14,True,5,0.18699999999989814,2017-07-14T03:00:00Z
4,2026-07-10,2017-07-14,True,6,1.0139999999992142,2017-07-14T04:00:00Z
4,2026-07-10,2017-07-14,True,7,0.2679999999963911,2017-07-14T05:00:00Z
4,2026-07-10,2017-07-14,True,8,0.18100000000049477,2017-07-14T06:00:00Z
4,2026-07-10,2017-07-14,True,9,0.18000000000029104,2017-07-14T07:00:00Z
4,2026-07-10,2017-07-14,True,10,0.5310000000017681,2017-07-14T08:00:00Z
4,2026-07-10,2017-07-14,True,11,0.7259999999987485,2017-07-14T09:00:00Z
4,2026-07-10,2017-07-14,True,12,0.29900000000088767,2017-07-14T10:00:00Z
4,2026-07-10,2017-07-14,True,13,0.3209999999999127,2017-07-14T11:00:00Z
4,2026-07-10,2017-07-14,True,14,0.397000000000844,2017-07-14T12:00:00Z
4,2026-07-10,2017-07-14,True,15,0.5300000000006548,2017-07-14T13:00:00Z
4,2026-07-10,2017-07-14,True,16,0.5929999999980282,2017-07-14T14:00:00Z
4,2026-07-10,2017-07-14,True,17,0.8489999999983411,2017-07-14T15:00:00Z
4,2026-07-10,2017-07-14,True,18,0.2250000000021828,2017-07-14T16:00:00Z
4,2026-07-10,2017-07-14,True,19,1.9839999999994689,2017-07-14T17:00:00Z
4,2026-07-10,2017-07-14,True,20,1.1290000000017244,2017-07-14T18:00:00Z
4,2026-07-10,2017-07-14,True,21,0.3379999999970096,2017-07-14T19:00:00Z
4,2026-07-10,2017-07-14,True,22,0.39900000000034197,2017-07-14T20:00:00Z
4,2026-07-10,2017-07-14,True,23,0.23800000000028376,2017-07-14T21:00:00Z
4,2026-07-11,2017-07-08,True,0,0.18500000000040018,2017-07-07T22:00:00Z
4,2026-07-11,2017-07-08,True,1,0.21499999999923602,2017-07-07T23:00:00Z
4,2026-07-11,2017-07-08,True,2,0.22700000000077125,2017-07-08T00:00:00Z
4,2026-07-11,2017-07-08,True,3,0.1929999999993015,2017-07-08T01:00:00Z
4,2026-07-11,2017-07-08,True,4,0.23100000000067666,2017-07-08T02:00:00Z
4,2026-07-11,2017-07-08,True,5,0.22100000000227737,2017-07-08T03:00:00Z
4,2026-07-11,2017-07-08,True,6,0.1919999999963693,2017-07-08T04:00:00Z
4,2026-07-11,2017-07-08,True,7,0.21600000000034925,2017-07-08T05:00:00Z
4,2026-07-11,2017-07-08,True,8,0.19499999999970896,2017-07-08T06:00:00Z
4,2026-07-11,2017-07-08,True,9,0.20999999999912689,2017-07-08T07:00:00Z
4,2026-07-11,2017-07-08,True,10,0.18100000000049477,2017-07-08T08:00:00Z
4,2026-07-11,2017-07-08,True,11,0.30099999999947613,2017-07-08T09:00:00Z
4,2026-07-11,2017-07-08,True,12,0.26000000000203727,2017-07-08T10:00:00Z
4,2026-07-11,2017-07-08,True,13,0.3679999999967549,2017-07-08T11:00:00Z
4,2026-07-11,2017-07-08,True,14,0.33800000000337604,2017-07-08T12:00:00Z
4,2026-07-11,2017-07-08,True,15,0.3379999999979191,2017-07-08T13:00:00Z
4,2026-07-11,2017-07-08,True,16,1.436000000000604,2017-07-08T14:00:00Z
4,2026-07-11,2017-07-08,True,17,0.5120000000024447,2017-07-08T15:00:00Z
4,2026-07-11,2017-07-08,True,18,0.26199999999880674,2017-07-08T16:00:00Z
4,2026-07-11,2017-07-08,True,19,0.21999999999934516,2017-07-08T17:00:00Z
4,2026-07-11,2017-07-08,True,20,0.22199999999884312,2017-07-08T18:00:00Z
4,2026-07-11,2017-07-08,True,21,0.26900000000023283,2017-07-08T19:00:00Z
4,2026-07-11,2017-07-08,True,22,0.2650000000003274,2017-07-08T20:00:00Z
4,2026-07-11,2017-07-08,True,23,0.1890000000003056,2017-07-08T21:00:00Z
4,2026-07-12,2017-07-09,True,0,0.2460000000000946,2017-07-08T22:00:00Z
4,2026-07-12,2017-07-09,True,1,0.17999999999938154,2017-07-08T23:00:00Z
4,2026-07-12,2017-07-09,True,2,0.2000000000007276,2017-07-09T00:00:00Z
4,2026-07-12,2017-07-09,True,3,0.22999999999956344,2017-07-09T01:00:00Z
4,2026-07-12,2017-07-09,True,4,0.18000000000029104,2017-07-09T02:00:00Z
4,2026-07-12,2017-07-09,True,5,0.21999999999934516,2017-07-09T03:00:00Z
4,2026-07-12,2017-07-09,True,6,0.1900000000014188,2017-07-09T04:00:00Z
4,2026-07-12,2017-07-09,True,7,0.170999999997548,2017-07-09T05:00:00Z
4,2026-07-12,2017-07-09,True,8,0.1860000000033324,2017-07-09T06:00:00Z
4,2026-07-12,2017-07-09,True,9,0.2430000000003929,2017-07-09T07:00:00Z
4,2026-07-12,2017-07-09,True,10,0.21899999999732245,2017-07-09T08:00:00Z
4,2026-07-12,2017-07-09,True,11,0.23200000000360887,2017-07-09T09:00:00Z
4,2026-07-12,2017-07-09,True,12,0.24499999999898137,2017-07-09T10:00:00Z
4,2026-07-12,2017-07-09,True,13,0.227999999999156,2017-07-09T11:00:00Z
4,2026-07-12,2017-07-09,True,14,0.19000000000050932,2017-07-09T12:00:00Z
4,2026-07-12,2017-07-09,True,15,0.2139999999981228,2017-07-09T13:00:00Z
4,2026-07-12,2017-07-09,True,16,0.2330000000019936,2017-07-09T14:00:00Z
4,2026-07-12,2017-07-09,True,17,0.17799999999988358,2017-07-09T15:00:00Z
4,2026-07-12,2017-07-09,True,18,1.2100000000000364,2017-07-09T16:00:00Z
4,2026-07-12,2017-07-09,True,19,0.32599999999820284,2017-07-09T17:00:00Z
4,2026-07-12,2017-07-09,True,20,0.28700000000117143,2017-07-09T18:00:00Z
4,2026-07-12,2017-07-09,True,21,0.5809999999992215,2017-07-09T19:00:00Z
4,2026-07-12,2017-07-09,True,22,0.7590000000000146,2017-07-09T20:00:00Z
4,2026-07-12,2017-07-09,True,23,0.3470000000006621,2017-07-09T21:00:00Z
4,2026-07-13,2017-07-10,True,0,0.2510000000002037,2017-07-09T22:00:00Z
4,2026-07-13,2017-07-10,True,1,0.2539999999999054,2017-07-09T23:00:00Z
4,2026-07-13,2017-07-10,True,2,0.18699999999989814,2017-07-10T00:00:00Z
4,2026-07-13,2017-07-10,True,3,0.22999999999956344,2017-07-10T01:00:00Z
4,2026-07-13,2017-07-10,True,4,0.2110000000002401,2017-07-10T02:00:00Z
4,2026-07-13,2017-07-10,True,5,0.17399999999997817,2017-07-10T03:00:00Z
4,2026-07-13,2017-07-10,True,6,0.3080000000009022,2017-07-10T04:00:00Z
4,2026-07-13,2017-07-10,True,7,0.34099999999943975,2017-07-10T05:00:00Z
4,2026-07-13,2017-07-10,True,8,0.36499999999796273,2017-07-10T06:00:00Z
4,2026-07-13,2017-07-10,True,9,0.3280000000013388,2017-07-10T07:00:00Z
4,2026-07-13,2017-07-10,True,10,0.34399999999914144,2017-07-10T08:00:00Z
4,2026-07-13,2017-07-10,True,11,0.3280000000013388,2017-07-10T09:00:00Z
4,2026-07-13,2017-07-10,True,12,0.8659999999999854,2017-07-10T10:00:00Z
4,2026-07-13,2017-07-10,True,13,0.36599999999998545,2017-07-10T11:00:00Z
4,2026-07-13,2017-07-10,True,14,0.7019999999993161,2017-07-10T12:00:00Z
4,2026-07-13,2017-07-10,True,15,0.38099999999940337,2017-07-10T13:00:00Z
4,2026-07-13,2017-07-10,True,16,0.3790000000008149,2017-07-10T14:00:00Z
4,2026-07-13,2017-07-10,True,17,0.36600000000089494,2017-07-10T15:00:00Z
4,2026-07-13,2017-07-10,True,18,0.41199999999844295,2017-07-10T16:00:00Z
4,2026-07-13,2017-07-10,True,19,0.3760000000020227,2017-07-10T17:00:00Z
4,2026-07-13,2017-07-10,True,20,0.3859999999976935,2017-07-10T18:00:00Z
4,2026-07-13,2017-07-10,True,21,0.431999999999789,2017-07-10T19:00:00Z
4,2026-07-13,2017-07-10,True,22,0.4849999999996726,2017-07-10T20:00:00Z
4,2026-07-13,2017-07-10,True,23,0.42000000000007276,2017-07-10T21:00:00Z
4,2026-07-14,2017-07-11,True,0,0.21000000000003638,2017-07-10T22:00:00Z
4,2026-07-14,2017-07-11,True,1,0.19700000000011642,2017-07-10T23:00:00Z
4,2026-07-14,2017-07-11,True,2,0.23099999999976717,2017-07-11T00:00:00Z
4,2026-07-14,2017-07-11,True,3,0.18699999999989814,2017-07-11T01:00:00Z
4,2026-07-14,2017-07-11,True,4,0.2180000000007567,2017-07-11T02:00:00Z
4,2026-07-14,2017-07-11,True,5,0.23200000000178989,2017-07-11T03:00:00Z
4,2026-07-14,2017-07-11,True,6,0.2709999999979118,2017-07-11T04:00:00Z
4,2026-07-14,2017-07-11,True,7,0.25500000000192813,2017-07-11T05:00:00Z
4,2026-07-14,2017-07-11,True,8,0.36499999999796273,2017-07-11T06:00:00Z
4,2026-07-14,2017-07-11,True,9,0.20700000000397267,2017-07-11T07:00:00Z
4,2026-07-14,2017-07-11,True,10,0.1779999999962456,2017-07-11T08:00:00Z
4,2026-07-14,2017-07-11,True,11,0.25200000000040745,2017-07-11T09:00:00Z
4,2026-07-14,2017-07-11,True,12,0.20600000000013097,2017-07-11T10:00:00Z
4,2026-07-14,2017-07-11,True,13,0.22299999999995634,2017-07-11T11:00:00Z
4,2026-07-14,2017-07-11,True,14,2.0630000000028303,2017-07-11T12:00:00Z
4,2026-07-14,2017-07-11,True,15,1.6849999999985812,2017-07-11T13:00:00Z
4,2026-07-14,2017-07-11,True,16,0.27299999999740976,2017-07-11T14:00:00Z
4,2026-07-14,2017-07-11,True,17,0.8930000000027576,2017-07-11T15:00:00Z
4,2026-07-14,2017-07-11,True,18,2.1480000000001382,2017-07-11T16:00:00Z
4,2026-07-14,2017-07-11,True,19,0.9819999999981519,2017-07-11T17:00:00Z
4,2026-07-14,2017-07-11,True,20,0.4680000000016662,2017-07-11T18:00:00Z
4,2026-07-14,2017-07-11,True,21,0.3470000000006621,2017-07-11T19:00:00Z
4,2026-07-14,2017-07-11,True,22,0.45199999999931606,2017-07-11T20:00:00Z
4,2026-07-14,2017-07-11,True,23,0.46300000000064756,2017-07-11T21:00:00Z
4,2026-07-15,2017-07-19,True,0,0.2039999999997235,2017-07-18T22:00:00Z
4,2026-07-15,2017-07-19,True,1,0.25600000000031287,2017-07-18T23:00:00Z
4,2026-07-15,2017-07-19,True,2,0.18399999999928696,2017-07-19T00:00:00Z
4,2026-07-15,2017-07-19,True,3,0.2179999999998472,2017-07-19T01:00:00Z
4,2026-07-15,2017-07-19,True,4,0.18700000000080763,2017-07-19T02:00:00Z
4,2026-07-15,2017-07-19,True,5,0.2139999999999418,2017-07-19T03:00:00Z
4,2026-07-15,2017-07-19,True,6,0.8640000000004875,2017-07-19T04:00:00Z
4,2026-07-15,2017-07-19,True,7,0.2429999999994834,2017-07-19T05:00:00Z
4,2026-07-15,2017-07-19,True,8,0.23000000000138243,2017-07-19T06:00:00Z
4,2026-07-15,2017-07-19,True,9,0.17999999999665306,2017-07-19T07:00:00Z
4,2026-07-15,2017-07-19,True,10,0.8020000000033178,2017-07-19T08:00:00Z
4,2026-07-15,2017-07-19,True,11,0.2949999999964348,2017-07-19T09:00:00Z
4,2026-07-15,2017-07-19,True,12,0.6340000000000146,2017-07-19T10:00:00Z
4,2026-07-15,2017-07-19,True,13,0.3539999999993597,2017-07-19T11:00:00Z
4,2026-07-15,2017-07-19,True,14,3.107000000003609,2017-07-19T12:00:00Z
4,2026-07-15,2017-07-19,True,15,1.370999999997366,2017-07-19T13:00:00Z
4,2026-07-15,2017-07-19,True,16,0.5840000000025611,2017-07-19T14:00:00Z
4,2026-07-15,2017-07-19,True,17,0.23400000000037835,2017-07-19T15:00:00Z
4,2026-07-15,2017-07-19,True,18,0.2780000000002474,2017-07-19T16:00:00Z
4,2026-07-15,2017-07-19,True,19,0.36899999999968713,2017-07-19T17:00:00Z
4,2026-07-15,2017-07-19,True,20,0.28699999999844295,2017-07-19T18:00:00Z
4,2026-07-15,2017-07-19,True,21,0.3319999999994252,2017-07-19T19:00:00Z
4,2026-07-15,2017-07-19,True,22,0.28000000000065484,2017-07-19T20:00:00Z
4,2026-07-15,2017-07-19,True,23,0.24799999999959255,2017-07-19T21:00:00Z
4,2026-07-16,2017-07-20,True,0,0.21500000000014552,2017-07-19T22:00:00Z
4,2026-07-16,2017-07-20,True,1,0.21000000000003638,2017-07-19T23:00:00Z
4,2026-07-16,2017-07-20,True,2,0.1999999999998181,2017-07-20T00:00:00Z
4,2026-07-16,2017-07-20,True,3,0.22600000000056752,2017-07-20T01:00:00Z
4,2026-07-16,2017-07-20,True,4,0.22399999999925058,2017-07-20T02:00:00Z
4,2026-07-16,2017-07-20,True,5,0.18500000000040018,2017-07-20T03:00:00Z
4,2026-07-16,2017-07-20,True,6,0.3320000000003347,2017-07-20T04:00:00Z
4,2026-07-16,2017-07-20,True,7,0.1929999999993015,2017-07-20T05:00:00Z
4,2026-07-16,2017-07-20,True,8,0.261000000000422,2017-07-20T06:00:00Z
4,2026-07-16,2017-07-20,True,9,0.19700000000011642,2017-07-20T07:00:00Z
4,2026-07-16,2017-07-20,True,10,0.21199999999953434,2017-07-20T08:00:00Z
4,2026-07-16,2017-07-20,True,11,0.3220000000019354,2017-07-20T09:00:00Z
4,2026-07-16,2017-07-20,True,12,0.9499999999998181,2017-07-20T10:00:00Z
4,2026-07-16,2017-07-20,True,13,0.5060000000003129,2017-07-20T11:00:00Z
4,2026-07-16,2017-07-20,True,14,0.25199999999858846,2017-07-20T12:00:00Z
4,2026-07-16,2017-07-20,True,15,0.2290000000011787,2017-07-20T13:00:00Z
4,2026-07-16,2017-07-20,True,16,0.33299999999690044,2017-07-20T14:00:00Z
4,2026-07-16,2017-07-20,True,17,0.32800000000315777,2017-07-20T15:00:00Z
4,2026-07-16,2017-07-20,True,18,0.25799999999617285,2017-07-20T16:00:00Z
4,2026-07-16,2017-07-20,True,19,0.23700000000098953,2017-07-20T17:00:00Z
4,2026-07-16,2017-07-20,True,20,0.30500000000211,2017-07-20T18:00:00Z
4,2026-07-16,2017-07-20,True,21,0.29399999999805004,2017-07-20T19:00:00Z
4,2026-07-16,2017-07-20,True,22,0.318000000000211,2017-07-20T20:00:00Z
4,2026-07-16,2017-07-20,True,23,0.3139999999993961,2017-07-20T21:00:00Z
4,2026-07-17,2017-07-21,True,0,0.3250000000007276,2017-07-20T22:00:00Z
4,2026-07-17,2017-07-21,True,1,0.16999999999916326,2017-07-20T23:00:00Z
4,2026-07-17,2017-07-21,True,2,0.22000000000025466,2017-07-21T00:00:00Z
4,2026-07-17,2017-07-21,True,3,0.18299999999999272,2017-07-21T01:00:00Z
4,2026-07-17,2017-07-21,True,4,0.2039999999997235,2017-07-21T02:00:00Z
4,2026-07-17,2017-07-21,True,5,0.20800000000053842,2017-07-21T03:00:00Z
4,2026-07-17,2017-07-21,True,6,0.2579999999998108,2017-07-21T04:00:00Z
4,2026-07-17,2017-07-21,True,7,0.273999999998523,2017-07-21T05:00:00Z
4,2026-07-17,2017-07-21,True,8,1.6230000000032305,2017-07-21T06:00:00Z
4,2026-07-17,2017-07-21,True,9,1.9809999999979482,2017-07-21T07:00:00Z
4,2026-07-17,2017-07-21,True,10,2.3430000000007567,2017-07-21T08:00:00Z
4,2026-07-17,2017-07-21,True,11,2.111000000000786,2017-07-21T09:00:00Z
4,2026-07-17,2017-07-21,True,12,1.4839999999985594,2017-07-21T10:00:00Z
4,2026-07-17,2017-07-21,True,13,0.3070000000025175,2017-07-21T11:00:00Z
4,2026-07-17,2017-07-21,True,14,0.23999999999978172,2017-07-21T12:00:00Z
4,2026-07-17,2017-07-21,True,15,0.3429999999971187,2017-07-21T13:00:00Z
4,2026-07-17,2017-07-21,True,16,0.3010000000031141,2017-07-21T14:00:00Z
4,2026-07-17,2017-07-21,True,17,0.26900000000023283,2017-07-21T15:00:00Z
4,2026-07-17,2017-07-21,True,18,0.2710000000006403,2017-07-21T16:00:00Z
4,2026-07-17,2017-07-21,True,19,0.5199999999977081,2017-07-21T17:00:00Z
4,2026-07-17,2017-07-21,True,20,0.3440000000009604,2017-07-21T18:00:00Z
4,2026-07-17,2017-07-21,True,21,0.2919999999994616,2017-07-21T19:00:00Z
4,2026-07-17,2017-07-21,True,22,0.24800000000050204,2017-07-21T20:00:00Z
4,2026-07-17,2017-07-21,True,23,0.3679999999994834,2017-07-21T21:00:00Z
4,2026-07-18,2017-07-15,True,0,0.22399999999925058,2017-07-14T22:00:00Z
4,2026-07-18,2017-07-15,True,1,0.24700000000029831,2017-07-14T23:00:00Z
4,2026-07-18,2017-07-15,True,2,0.19099999999980355,2017-07-15T00:00:00Z
4,2026-07-18,2017-07-15,True,3,0.22100000000045839,2017-07-15T01:00:00Z
4,2026-07-18,2017-07-15,True,4,0.20899999999983265,2017-07-15T02:00:00Z
4,2026-07-18,2017-07-15,True,5,0.16499999999996362,2017-07-15T03:00:00Z
4,2026-07-18,2017-07-15,True,6,0.20100000000002183,2017-07-15T04:00:00Z
4,2026-07-18,2017-07-15,True,7,0.20500000000356522,2017-07-15T05:00:00Z
4,2026-07-18,2017-07-15,True,8,0.9169999999985521,2017-07-15T06:00:00Z
4,2026-07-18,2017-07-15,True,9,2.1369999999997162,2017-07-15T07:00:00Z
4,2026-07-18,2017-07-15,True,10,1.5179999999991196,2017-07-15T08:00:00Z
4,2026-07-18,2017-07-15,True,11,0.2899999999990541,2017-07-15T09:00:00Z
4,2026-07-18,2017-07-15,True,12,1.2219999999997526,2017-07-15T10:00:00Z
4,2026-07-18,2017-07-15,True,13,0.6040000000011787,2017-07-15T11:00:00Z
4,2026-07-18,2017-07-15,True,14,0.4360000000015134,2017-07-15T12:00:00Z
4,2026-07-18,2017-07-15,True,15,0.24200000000018917,2017-07-15T13:00:00Z
4,2026-07-18,2017-07-15,True,16,0.43299999999726424,2017-07-15T14:00:00Z
4,2026-07-18,2017-07-15,True,17,0.12400000000161526,2017-07-15T15:00:00Z
4,2026-07-18,2017-07-15,True,18,0.22699999999895226,2017-07-15T16:00:00Z
4,2026-07-18,2017-07-15,True,19,0.20199999999931606,2017-07-15T17:00:00Z
4,2026-07-18,2017-07-15,True,20,1.2660000000041691,2017-07-15T18:00:00Z
4,2026-07-18,2017-07-15,True,21,0.5990000000001601,2017-07-15T19:00:00Z
4,2026-07-18,2017-07-15,True,22,0.3029999999998836,2017-07-15T20:00:00Z
4,2026-07-18,2017-07-15,True,23,0.27300000000013824,2017-07-15T21:00:00Z
4,2026-07-19,2017-07-16,True,0,0.21199999999953434,2017-07-15T22:00:00Z
4,2026-07-19,2017-07-16,True,1,0.22299999999995634,2017-07-15T23:00:00Z
4,2026-07-19,2017-07-16,True,2,0.24000000000069122,2017-07-16T00:00:00Z
4,2026-07-19,2017-07-16,True,3,0.19700000000011642,2017-07-16T01:00:00Z
4,2026-07-19,2017-07-16,True,4,0.25499999999919964,2017-07-16T02:00:00Z
4,2026-07-19,2017-07-16,True,5,0.19900000000052387,2017-07-16T03:00:00Z
4,2026-07-19,2017-07-16,True,6,0.21599999999762076,2017-07-16T04:00:00Z
4,2026-07-19,2017-07-16,True,7,0.21199999999771535,2017-07-16T05:00:00Z
4,2026-07-19,2017-07-16,True,8,0.24800000000141154,2017-07-16T06:00:00Z
4,2026-07-19,2017-07-16,True,9,0.43800000000192085,2017-07-16T07:00:00Z
4,2026-07-19,2017-07-16,True,10,0.6869999999980791,2017-07-16T08:00:00Z
4,2026-07-19,2017-07-16,True,11,0.4610000000011496,2017-07-16T09:00:00Z
4,2026-07-19,2017-07-16,True,12,0.31199999999807915,2017-07-16T10:00:00Z
4,2026-07-19,2017-07-16,True,13,0.42300000000250293,2017-07-16T11:00:00Z
4,2026-07-19,2017-07-16,True,14,0.23299999999653664,2017-07-16T12:00:00Z
4,2026-07-19,2017-07-16,True,15,0.2250000000021828,2017-07-16T13:00:00Z
4,2026-07-19,2017-07-16,True,16,0.38100000000122236,2017-07-16T14:00:00Z
4,2026-07-19,2017-07-16,True,17,0.2679999999982101,2017-07-16T15:00:00Z
4,2026-07-19,2017-07-16,True,18,1.1200000000026193,2017-07-16T16:00:00Z
4,2026-07-19,2017-07-16,True,19,2.2419999999992797,2017-07-16T17:00:00Z
4,2026-07-19,2017-07-16,True,20,0.38299999999890133,2017-07-16T18:00:00Z
4,2026-07-19,2017-07-16,True,21,0.5379999999986467,2017-07-16T19:00:00Z
4,2026-07-19,2017-07-16,True,22,0.2940000000007785,2017-07-16T20:00:00Z
4,2026-07-19,2017-07-16,True,23,0.2859999999991487,2017-07-16T21:00:00Z
4,2026-07-20,2017-07-17,True,0,0.2000000000007276,2017-07-16T22:00:00Z
4,2026-07-20,2017-07-17,True,1,0.2460000000000946,2017-07-16T23:00:00Z
4,2026-07-20,2017-07-17,True,2,0.19899999999961437,2017-07-17T00:00:00Z
4,2026-07-20,2017-07-17,True,3,0.2179999999998472,2017-07-17T01:00:00Z
4,2026-07-20,2017-07-17,True,4,0.21000000000003638,2017-07-17T02:00:00Z
4,2026-07-20,2017-07-17,True,5,0.2000000000016371,2017-07-17T03:00:00Z
4,2026-07-20,2017-07-17,True,6,1.0309999999990396,2017-07-17T04:00:00Z
4,2026-07-20,2017-07-17,True,7,0.22999999999865395,2017-07-17T05:00:00Z
4,2026-07-20,2017-07-17,True,8,0.22299999999995634,2017-07-17T06:00:00Z
4,2026-07-20,2017-07-17,True,9,0.15600000000085856,2017-07-17T07:00:00Z
4,2026-07-20,2017-07-17,True,10,0.23900000000139698,2017-07-17T08:00:00Z
4,2026-07-20,2017-07-17,True,11,0.24800000000141154,2017-07-17T09:00:00Z
4,2026-07-20,2017-07-17,True,12,0.18399999999746797,2017-07-17T10:00:00Z
4,2026-07-20,2017-07-17,True,13,0.24899999999979627,2017-07-17T11:00:00Z
4,2026-07-20,2017-07-17,True,14,0.20499999999992724,2017-07-17T12:00:00Z
4,2026-07-20,2017-07-17,True,15,0.3099999999994907,2017-07-17T13:00:00Z
4,2026-07-20,2017-07-17,True,16,0.4099999999998545,2017-07-17T14:00:00Z
4,2026-07-20,2017-07-17,True,17,0.20900000000074215,2017-07-17T15:00:00Z
4,2026-07-20,2017-07-17,True,18,0.23099999999976717,2017-07-17T16:00:00Z
4,2026-07-20,2017-07-17,True,19,0.8670000000010987,2017-07-17T17:00:00Z
4,2026-07-20,2017-07-17,True,20,0.28700000000026193,2017-07-17T18:00:00Z
4,2026-07-20,2017-07-17,True,21,0.32699999999840657,2017-07-17T19:00:00Z
4,2026-07-20,2017-07-17,True,22,0.2960000000002765,2017-07-17T20:00:00Z
4,2026-07-20,2017-07-17,True,23,0.2539999999999054,2017-07-17T21:00:00Z
4,2026-07-21,2017-07-18,True,0,0.20200000000022555,2017-07-17T22:00:00Z
4,2026-07-21,2017-07-18,True,1,0.2029999999995198,2017-07-17T23:00:00Z
4,2026-07-21,2017-07-18,True,2,0.19900000000052387,2017-07-18T00:00:00Z
4,2026-07-21,2017-07-18,True,3,0.17599999999947613,2017-07-18T01:00:00Z
4,2026-07-21,2017-07-18,True,4,0.2250000000003638,2017-07-18T02:00:00Z
4,2026-07-21,2017-07-18,True,5,0.18700000000262662,2017-07-18T03:00:00Z
4,2026-07-21,2017-07-18,True,6,1.0079999999979918,2017-07-18T04:00:00Z
4,2026-07-21,2017-07-18,True,7,0.29099999999925785,2017-07-18T05:00:00Z
4,2026-07-21,2017-07-18,True,8,0.15899999999965075,2017-07-18T06:00:00Z
4,2026-07-21,2017-07-18,True,9,0.25900000000001455,2017-07-18T07:00:00Z
4,2026-07-21,2017-07-18,True,10,0.17000000000189175,2017-07-18T08:00:00Z
4,2026-07-21,2017-07-18,True,11,0.28399999999965075,2017-07-18T09:00:00Z
4,2026-07-21,2017-07-18,True,12,0.4679999999989377,2017-07-18T10:00:00Z
4,2026-07-21,2017-07-18,True,13,0.28000000000065484,2017-07-18T11:00:00Z
4,2026-07-21,2017-07-18,True,14,0.271999999999025,2017-07-18T12:00:00Z
4,2026-07-21,2017-07-18,True,15,0.2360000000007858,2017-07-18T13:00:00Z
4,2026-07-21,2017-07-18,True,16,0.29099999999925785,2017-07-18T14:00:00Z
4,2026-07-21,2017-07-18,True,17,0.20000000000254659,2017-07-18T15:00:00Z
4,2026-07-21,2017-07-18,True,18,0.2669999999980064,2017-07-18T16:00:00Z
4,2026-07-21,2017-07-18,True,19,0.2220000000015716,2017-07-18T17:00:00Z
4,2026-07-21,2017-07-18,True,20,0.2249999999994543,2017-07-18T18:00:00Z
4,2026-07-21,2017-07-18,True,21,0.3330000000005384,2017-07-18T19:00:00Z
4,2026-07-21,2017-07-18,True,22,0.40499999999974534,2017-07-18T20:00:00Z
4,2026-07-21,2017-07-18,True,23,0.25600000000031287,2017-07-18T21:00:00Z
4,2026-07-22,2017-07-26,True,0,0.2290000000002692,2017-07-25T22:00:00Z
4,2026-07-22,2017-07-26,True,1,0.18299999999999272,2017-07-25T23:00:00Z
4,2026-07-22,2017-07-26,True,2,0.22199999999975262,2017-07-26T00:00:00Z
4,2026-07-22,2017-07-26,True,3,0.1710000000002765,2017-07-26T01:00:00Z
4,2026-07-22,2017-07-26,True,4,0.2139999999999418,2017-07-26T02:00:00Z
4,2026-07-22,2017-07-26,True,5,0.18799999999919237,2017-07-26T03:00:00Z
4,2026-07-22,2017-07-26,True,6,0.3059999999986758,2017-07-26T04:00:00Z
4,2026-07-22,2017-07-26,True,7,0.2610000000031505,2017-07-26T05:00:00Z
4,2026-07-22,2017-07-26,True,8,0.2589999999963766,2017-07-26T06:00:00Z
4,2026-07-22,2017-07-26,True,9,0.1930000000029395,2017-07-26T07:00:00Z
4,2026-07-22,2017-07-26,True,10,0.1749999999992724,2017-07-26T08:00:00Z
4,2026-07-22,2017-07-26,True,11,0.38699999999880674,2017-07-26T09:00:00Z
4,2026-07-22,2017-07-26,True,12,0.21700000000055297,2017-07-26T10:00:00Z
4,2026-07-22,2017-07-26,True,13,0.2430000000003929,2017-07-26T11:00:00Z
4,2026-07-22,2017-07-26,True,14,0.15899999999783176,2017-07-26T12:00:00Z
4,2026-07-22,2017-07-26,True,15,0.25500000000101863,2017-07-26T13:00:00Z
4,2026-07-22,2017-07-26,True,16,0.23000000000138243,2017-07-26T14:00:00Z
4,2026-07-22,2017-07-26,True,17,0.33699999999953434,2017-07-26T15:00:00Z
4,2026-07-22,2017-07-26,True,18,0.1710000000002765,2017-07-26T16:00:00Z
4,2026-07-22,2017-07-26,True,19,0.24799999999959255,2017-07-26T17:00:00Z
4,2026-07-22,2017-07-26,True,20,0.524000000000342,2017-07-26T18:00:00Z
4,2026-07-22,2017-07-26,True,21,0.22999999999956344,2017-07-26T19:00:00Z
4,2026-07-22,2017-07-26,True,22,0.3210000000008222,2017-07-26T20:00:00Z
4,2026-07-22,2017-07-26,True,23,0.3279999999995198,2017-07-26T21:00:00Z
4,2026-07-23,2017-07-27,True,0,0.3500000000003638,2017-07-26T22:00:00Z
4,2026-07-23,2017-07-27,True,1,0.21999999999934516,2017-07-26T23:00:00Z
4,2026-07-23,2017-07-27,True,2,0.21500000000014552,2017-07-27T00:00:00Z
4,2026-07-23,2017-07-27,True,3,0.19800000000032014,2017-07-27T01:00:00Z
4,2026-07-23,2017-07-27,True,4,0.18400000000019645,2017-07-27T02:00:00Z
4,2026-07-23,2017-07-27,True,5,0.20100000000002183,2017-07-27T03:00:00Z
4,2026-07-23,2017-07-27,True,6,0.9179999999996653,2017-07-27T04:00:00Z
4,2026-07-23,2017-07-27,True,7,0.4350000000004002,2017-07-27T05:00:00Z
4,2026-07-23,2017-07-27,True,8,0.1989999999968859,2017-07-27T06:00:00Z
4,2026-07-23,2017-07-27,True,9,0.19800000000213913,2017-07-27T07:00:00Z
4,2026-07-23,2017-07-27,True,10,0.2430000000003929,2017-07-27T08:00:00Z
4,2026-07-23,2017-07-27,True,11,0.2919999999994616,2017-07-27T09:00:00Z
4,2026-07-23,2017-07-27,True,12,2.183999999999287,2017-07-27T10:00:00Z
4,2026-07-23,2017-07-27,True,13,2.563000000000102,2017-07-27T11:00:00Z
4,2026-07-23,2017-07-27,True,14,1.070000000001528,2017-07-27T12:00:00Z
4,2026-07-23,2017-07-27,True,15,0.44900000000052387,2017-07-27T13:00:00Z
4,2026-07-23,2017-07-27,True,16,0.36900000000059663,2017-07-27T14:00:00Z
4,2026-07-23,2017-07-27,True,17,0.21600000000034925,2017-07-27T15:00:00Z
4,2026-07-23,2017-07-27,True,18,0.3459999999968204,2017-07-27T16:00:00Z
4,2026-07-23,2017-07-27,True,19,0.26700000000073487,2017-07-27T17:00:00Z
4,2026-07-23,2017-07-27,True,20,0.3470000000006621,2017-07-27T18:00:00Z
4,2026-07-23,2017-07-27,True,21,0.8779999999997017,2017-07-27T19:00:00Z
4,2026-07-23,2017-07-27,True,22,0.28000000000065484,2017-07-27T20:00:00Z
4,2026-07-23,2017-07-27,True,23,0.3289999999997235,2017-07-27T21:00:00Z
4,2026-07-24,2017-07-28,True,0,0.2649999999994179,2017-07-27T22:00:00Z
4,2026-07-24,2017-07-28,True,1,0.21000000000003638,2017-07-27T23:00:00Z
4,2026-07-24,2017-07-28,True,2,0.19600000000082218,2017-07-28T00:00:00Z
4,2026-07-24,2017-07-28,True,3,0.18799999999919237,2017-07-28T01:00:00Z
4,2026-07-24,2017-07-28,True,4,0.21900000000005093,2017-07-28T02:00:00Z
4,2026-07-24,2017-07-28,True,5,0.17700000000058935,2017-07-28T03:00:00Z
4,2026-07-24,2017-07-28,True,6,0.24199999999837019,2017-07-28T04:00:00Z
4,2026-07-24,2017-07-28,True,7,0.30200000000149885,2017-07-28T05:00:00Z
4,2026-07-24,2017-07-28,True,8,0.21600000000034925,2017-07-28T06:00:00Z
4,2026-07-24,2017-07-28,True,9,0.18599999999787542,2017-07-28T07:00:00Z
4,2026-07-24,2017-07-28,True,10,0.22700000000259024,2017-07-28T08:00:00Z
4,2026-07-24,2017-07-28,True,11,0.21500000000014552,2017-07-28T09:00:00Z
4,2026-07-24,2017-07-28,True,12,0.22600000000056752,2017-07-28T10:00:00Z
4,2026-07-24,2017-07-28,True,13,0.34799999999995634,2017-07-28T11:00:00Z
4,2026-07-24,2017-07-28,True,14,0.29500000000007276,2017-07-28T12:00:00Z
4,2026-07-24,2017-07-28,True,15,0.9629999999979191,2017-07-28T13:00:00Z
4,2026-07-24,2017-07-28,True,16,0.5180000000018481,2017-07-28T14:00:00Z
4,2026-07-24,2017-07-28,True,17,1.0949999999993452,2017-07-28T15:00:00Z
4,2026-07-24,2017-07-28,True,18,0.5779999999995198,2017-07-28T16:00:00Z
4,2026-07-24,2017-07-28,True,19,0.34900000000016007,2017-07-28T17:00:00Z
4,2026-07-24,2017-07-28,True,20,0.3469999999988431,2017-07-28T18:00:00Z
4,2026-07-24,2017-07-28,True,21,0.3170000000000073,2017-07-28T19:00:00Z
4,2026-07-24,2017-07-28,True,22,0.3760000000002037,2017-07-28T20:00:00Z
4,2026-07-24,2017-07-28,True,23,0.30499999999938154,2017-07-28T21:00:00Z
4,2026-07-25,2017-07-22,True,0,0.27400000000034197,2017-07-21T22:00:00Z
4,2026-07-25,2017-07-22,True,1,0.26599999999962165,2017-07-21T23:00:00Z
4,2026-07-25,2017-07-22,True,2,0.19700000000011642,2017-07-22T00:00:00Z
4,2026-07-25,2017-07-22,True,3,0.25,2017-07-22T01:00:00Z
4,2026-07-25,2017-07-22,True,4,0.1999999999998181,2017-07-22T02:00:00Z
4,2026-07-25,2017-07-22,True,5,0.21000000000003638,2017-07-22T03:00:00Z
4,2026-07-25,2017-07-22,True,6,0.25099999999929423,2017-07-22T04:00:00Z
4,2026-07-25,2017-07-22,True,7,0.33400000000165164,2017-07-22T05:00:00Z
4,2026-07-25,2017-07-22,True,8,0.25199999999858846,2017-07-22T06:00:00Z
4,2026-07-25,2017-07-22,True,9,0.18399999999928696,2017-07-22T07:00:00Z
4,2026-07-25,2017-07-22,True,10,0.2600000000002183,2017-07-22T08:00:00Z
4,2026-07-25,2017-07-22,True,11,0.27299999999922875,2017-07-22T09:00:00Z
4,2026-07-25,2017-07-22,True,12,0.19200000000273576,2017-07-22T10:00:00Z
4,2026-07-25,2017-07-22,True,13,0.4249999999992724,2017-07-22T11:00:00Z
4,2026-07-25,2017-07-22,True,14,0.4459999999999127,2017-07-22T12:00:00Z
4,2026-07-25,2017-07-22,True,15,0.3280000000013388,2017-07-22T13:00:00Z
4,2026-07-25,2017-07-22,True,16,0.24099999999816646,2017-07-22T14:00:00Z
4,2026-07-25,2017-07-22,True,17,1.0739999999996144,2017-07-22T15:00:00Z
4,2026-07-25,2017-07-22,True,18,0.8610000000026048,2017-07-22T16:00:00Z
4,2026-07-25,2017-07-22,True,19,0.26499999999850843,2017-07-22T17:00:00Z
4,2026-07-25,2017-07-22,True,20,0.6549999999988358,2017-07-22T18:00:00Z
4,2026-07-25,2017-07-22,True,21,0.2849999999998545,2017-07-22T19:00:00Z
4,2026-07-25,2017-07-22,True,22,0.29899999999997817,2017-07-22T20:00:00Z
4,2026-07-25,2017-07-22,True,23,0.2179999999998472,2017-07-22T21:00:00Z
4,2026-07-26,2017-07-23,True,0,0.23400000000037835,2017-07-22T22:00:00Z
4,2026-07-26,2017-07-23,True,1,0.20499999999992724,2017-07-22T23:00:00Z
4,2026-07-26,2017-07-23,True,2,0.21900000000005093,2017-07-23T00:00:00Z
4,2026-07-26,2017-07-23,True,3,0.2179999999998472,2017-07-23T01:00:00Z
4,2026-07-26,2017-07-23,True,4,0.19399999999950523,2017-07-23T02:00:00Z
4,2026-07-26,2017-07-23,True,5,0.23000000000047294,2017-07-23T03:00:00Z
4,2026-07-26,2017-07-23,True,6,0.18100000000049477,2017-07-23T04:00:00Z
4,2026-07-26,2017-07-23,True,7,0.2790000000022701,2017-07-23T05:00:00Z
4,2026-07-26,2017-07-23,True,8,0.3069999999988795,2017-07-23T06:00:00Z
4,2026-07-26,2017-07-23,True,9,1.1270000000004075,2017-07-23T07:00:00Z
4,2026-07-26,2017-07-23,True,10,0.46300000000064756,2017-07-23T08:00:00Z
4,2026-07-26,2017-07-23,True,11,0.2569999999996071,2017-07-23T09:00:00Z
4,2026-07-26,2017-07-23,True,12,1.1949999999969805,2017-07-23T10:00:00Z
4,2026-07-26,2017-07-23,True,13,0.4639999999999418,2017-07-23T11:00:00Z
4,2026-07-26,2017-07-23,True,14,0.23000000000320142,2017-07-23T12:00:00Z
4,2026-07-26,2017-07-23,True,15,0.23099999999976717,2017-07-23T13:00:00Z
4,2026-07-26,2017-07-23,True,16,0.20899999999892316,2017-07-23T14:00:00Z
4,2026-07-26,2017-07-23,True,17,0.23099999999976717,2017-07-23T15:00:00Z
4,2026-07-26,2017-07-23,True,18,0.20199999999931606,2017-07-23T16:00:00Z
4,2026-07-26,2017-07-23,True,19,0.19700000000011642,2017-07-23T17:00:00Z
4,2026-07-26,2017-07-23,True,20,0.23800000000119326,2017-07-23T18:00:00Z
4,2026-07-26,2017-07-23,True,21,0.2650000000003274,2017-07-23T19:00:00Z
4,2026-07-26,2017-07-23,True,22,0.3079999999999927,2017-07-23T20:00:00Z
4,2026-07-26,2017-07-23,True,23,0.21199999999953434,2017-07-23T21:00:00Z
4,2026-07-27,2017-07-24,True,0,0.1999999999998181,2017-07-23T22:00:00Z
4,2026-07-27,2017-07-24,True,1,0.20900000000074215,2017-07-23T23:00:00Z
4,2026-07-27,2017-07-24,True,2,0.1790000000000873,2017-07-24T00:00:00Z
4,2026-07-27,2017-07-24,True,3,0.21000000000003638,2017-07-24T01:00:00Z
4,2026-07-27,2017-07-24,True,4,0.18099999999958527,2017-07-24T02:00:00Z
4,2026-07-27,2017-07-24,True,5,0.21299999999973807,2017-07-24T03:00:00Z
4,2026-07-27,2017-07-24,True,6,0.2750000000014552,2017-07-24T04:00:00Z
4,2026-07-27,2017-07-24,True,7,0.2599999999974898,2017-07-24T05:00:00Z
4,2026-07-27,2017-07-24,True,8,0.1970000000010259,2017-07-24T06:00:00Z
4,2026-07-27,2017-07-24,True,9,0.1750000000010914,2017-07-24T07:00:00Z
4,2026-07-27,2017-07-24,True,10,0.21299999999973807,2017-07-24T08:00:00Z
4,2026-07-27,2017-07-24,True,11,0.3919999999998254,2017-07-24T09:00:00Z
4,2026-07-27,2017-07-24,True,12,0.49499999999898137,2017-07-24T10:00:00Z
4,2026-07-27,2017-07-24,True,13,0.23900000000139698,2017-07-24T11:00:00Z
4,2026-07-27,2017-07-24,True,14,0.2679999999982101,2017-07-24T12:00:00Z
4,2026-07-27,2017-07-24,True,15,0.4260000000012951,2017-07-24T13:00:00Z
4,2026-07-27,2017-07-24,True,16,0.21900000000096043,2017-07-24T14:00:00Z
4,2026-07-27,2017-07-24,True,17,0.20899999999710417,2017-07-24T15:00:00Z
4,2026-07-27,2017-07-24,True,18,0.22000000000025466,2017-07-24T16:00:00Z
4,2026-07-27,2017-07-24,True,19,0.3040000000028158,2017-07-24T17:00:00Z
4,2026-07-27,2017-07-24,True,20,0.29699999999775173,2017-07-24T18:00:00Z
4,2026-07-27,2017-07-24,True,21,0.3470000000006621,2017-07-24T19:00:00Z
4,2026-07-27,2017-07-24,True,22,0.3079999999999927,2017-07-24T20:00:00Z
4,2026-07-27,2017-07-24,True,23,0.2649999999994179,2017-07-24T21:00:00Z
4,2026-07-28,2017-07-25,True,0,0.17299999999977445,2017-07-24T22:00:00Z
4,2026-07-28,2017-07-25,True,1,0.2110000000002401,2017-07-24T23:00:00Z
4,2026-07-28,2017-07-25,True,2,0.20800000000053842,2017-07-25T00:00:00Z
4,2026-07-28,2017-07-25,True,3,0.20499999999992724,2017-07-25T01:00:00Z
4,2026-07-28,2017-07-25,True,4,0.20600000000013097,2017-07-25T02:00:00Z
4,2026-07-28,2017-07-25,True,5,0.1639999999997599,2017-07-25T03:00:00Z
4,2026-07-28,2017-07-25,True,6,0.3109999999978754,2017-07-25T04:00:00Z
4,2026-07-28,2017-07-25,True,7,0.2650000000012369,2017-07-25T05:00:00Z
4,2026-07-28,2017-07-25,True,8,2.6240000000016153,2017-07-25T06:00:00Z
4,2026-07-28,2017-07-25,True,9,1.941000000000713,2017-07-25T07:00:00Z
4,2026-07-28,2017-07-25,True,10,2.1589999999969223,2017-07-25T08:00:00Z
4,2026-07-28,2017-07-25,True,11,1.9690000000009604,2017-07-25T09:00:00Z
4,2026-07-28,2017-07-25,True,12,0.4789999999993597,2017-07-25T10:00:00Z
4,2026-07-28,2017-07-25,True,13,0.2070000000003347,2017-07-25T11:00:00Z
4,2026-07-28,2017-07-25,True,14,0.5050000000010186,2017-07-25T12:00:00Z
4,2026-07-28,2017-07-25,True,15,0.3389999999981228,2017-07-25T13:00:00Z
4,2026-07-28,2017-07-25,True,16,0.45900000000074215,2017-07-25T14:00:00Z
4,2026-07-28,2017-07-25,True,17,0.4640000000008513,2017-07-25T15:00:00Z
4,2026-07-28,2017-07-25,True,18,0.18500000000130967,2017-07-25T16:00:00Z
4,2026-07-28,2017-07-25,True,19,1.7479999999977736,2017-07-25T17:00:00Z
4,2026-07-28,2017-07-25,True,20,2.171000000001186,2017-07-25T18:00:00Z
4,2026-07-28,2017-07-25,True,21,1.3670000000001892,2017-07-25T19:00:00Z
4,2026-07-28,2017-07-25,True,22,0.36599999999998545,2017-07-25T20:00:00Z
4,2026-07-28,2017-07-25,True,23,0.3469999999997526,2017-07-25T21:00:00Z
4,2026-07-29,2017-07-29,False,0,0.25500000000010914,2017-07-28T22:00:00Z
4,2026-07-29,2017-07-29,False,1,0.19000000000050932,2017-07-28T23:00:00Z
4,2026-07-29,2017-07-29,False,2,0.2249999999994543,2017-07-29T00:00:00Z
4,2026-07-29,2017-07-29,False,3,0.17700000000058935,2017-07-29T01:00:00Z
4,2026-07-29,2017-07-29,False,4,0.20499999999992724,2017-07-29T02:00:00Z
4,2026-07-29,2017-07-29,False,5,0.1929999999993015,2017-07-29T03:00:00Z
4,2026-07-29,2017-07-29,False,6,0.18100000000140426,2017-07-29T04:00:00Z
4,2026-07-29,2017-07-29,False,7,0.20999999999912689,2017-07-29T05:00:00Z
4,2026-07-29,2017-07-29,False,8,0.33100000000013097,2017-07-29T06:00:00Z
4,2026-07-29,2017-07-29,False,9,0.3570000000017899,2017-07-29T07:00:00Z
4,2026-07-29,2017-07-29,False,10,0.3829999999998108,2017-07-29T08:00:00Z
4,2026-07-29,2017-07-29,False,11,0.6719999999995707,2017-07-29T09:00:00Z
4,2026-07-29,2017-07-29,False,12,0.23599999999896681,2017-07-29T10:00:00Z
4,2026-07-29,2017-07-29,False,13,0.3070000000006985,2017-07-29T11:00:00Z
4,2026-07-29,2017-07-29,False,14,0.17100000000209548,2017-07-29T12:00:00Z
4,2026-07-29,2017-07-29,False,15,0.2899999999990541,2017-07-29T13:00:00Z
4,2026-07-29,2017-07-29,False,16,0.1569999999992433,2017-07-29T14:00:00Z
4,2026-07-29,2017-07-29,False,17,0.28400000000146974,2017-07-29T15:00:00Z
4,2026-07-29,2017-07-29,False,18,0.4860000000007858,2017-07-29T16:00:00Z
4,2026-07-29,2017-07-29,False,19,0.16899999999805004,2017-07-29T17:00:00Z
4,2026-07-29,2017-07-29,False,20,0.2879999999968277,2017-07-29T18:00:00Z
4,2026-07-29,2017-07-29,False,21,0.2070000000003347,2017-07-29T19:00:00Z
4,2026-07-29,2017-07-29,False,22,0.26999999999952706,2017-07-29T20:00:00Z
4,2026-07-29,2017-07-29,False,23,0.2830000000003565,2017-07-29T21:00:00Z
4,2026-07-30,2017-07-30,False,0,0.21299999999973807,2017-07-29T22:00:00Z
4,2026-07-30,2017-07-30,False,1,0.23500000000058208,2017-07-29T23:00:00Z
4,2026-07-30,2017-07-30,False,2,0.18999999999959982,2017-07-30T00:00:00Z
4,2026-07-30,2017-07-30,False,3,0.23499999999967258,2017-07-30T01:00:00Z
4,2026-07-30,2017-07-30,False,4,0.19700000000011642,2017-07-30T02:00:00Z
4,2026-07-30,2017-07-30,False,5,0.20499999999992724,2017-07-30T03:00:00Z
4,2026-07-30,2017-07-30,False,6,0.2040000000015425,2017-07-30T04:00:00Z
4,2026-07-30,2017-07-30,False,7,0.19600000000173168,2017-07-30T05:00:00Z
4,2026-07-30,2017-07-30,False,8,0.22899999999935972,2017-07-30T06:00:00Z
4,2026-07-30,2017-07-30,False,9,0.2789999999986321,2017-07-30T07:00:00Z
4,2026-07-30,2017-07-30,False,10,0.4500000000025466,2017-07-30T08:00:00Z
4,2026-07-30,2017-07-30,False,11,0.4000000000014552,2017-07-30T09:00:00Z
4,2026-07-30,2017-07-30,False,12,1.8149999999968713,2017-07-30T10:00:00Z
4,2026-07-30,2017-07-30,False,13,1.5640000000021246,2017-07-30T11:00:00Z
4,2026-07-30,2017-07-30,False,14,0.6529999999984284,2017-07-30T12:00:00Z
4,2026-07-30,2017-07-30,False,15,0.20099999999911233,2017-07-30T13:00:00Z
4,2026-07-30,2017-07-30,False,16,0.23800000000119326,2017-07-30T14:00:00Z
4,2026-07-30,2017-07-30,False,17,0.2360000000007858,2017-07-30T15:00:00Z
4,2026-07-30,2017-07-30,False,18,0.21299999999973807,2017-07-30T16:00:00Z
4,2026-07-30,2017-07-30,False,19,0.2249999999976353,2017-07-30T17:00:00Z
4,2026-07-30,2017-07-30,False,20,0.2470000000021173,2017-07-30T18:00:00Z
4,2026-07-30,2017-07-30,False,21,0.3469999999997526,2017-07-30T19:00:00Z
4,2026-07-30,2017-07-30,False,22,0.41300000000046566,2017-07-30T20:00:00Z
4,2026-07-30,2017-07-30,False,23,0.25199999999949796,2017-07-30T21:00:00Z
4,2026-07-31,2016-07-31,False,0,0.22400000000016007,2016-07-30T22:00:00Z
4,2026-07-31,2016-07-31,False,1,0.18999999999959982,2016-07-30T23:00:00Z
4,2026-07-31,2016-07-31,False,2,0.2650000000003274,2016-07-31T00:00:00Z
4,2026-07-31,2016-07-31,False,3,0.17599999999993088,2016-07-31T01:00:00Z
4,2026-07-31,2016-07-31,False,4,0.19299999999975626,2016-07-31T02:00:00Z
4,2026-07-31,2016-07-31,False,5,0.19600000000036744,2016-07-31T03:00:00Z
4,2026-07-31,2016-07-31,False,6,0.18499999999994543,2016-07-31T04:00:00Z
4,2026-07-31,2016-07-31,False,7,0.21400000000039654,2016-07-31T05:00:00Z
4,2026-07-31,2016-07-31,False,8,0.2650000000003274,2016-07-31T06:00:00Z
4,2026-07-31,2016-07-31,False,9,0.20599999999922147,2016-07-31T07:00:00Z
4,2026-07-31,2016-07-31,False,10,0.19099999999980355,2016-07-31T08:00:00Z
4,2026-07-31,2016-07-31,False,11,0.4890000000004875,2016-07-31T09:00:00Z
4,2026-07-31,2016-07-31,False,12,0.6539999999995416,2016-07-31T10:00:00Z
4,2026-07-31,2016-07-31,False,13,0.17699999999967986,2016-07-31T11:00:00Z
4,2026-07-31,2016-07-31,False,14,0.3750000000009095,2016-07-31T12:00:00Z
4,2026-07-31,2016-07-31,False,15,0.2559999999998581,2016-07-31T13:00:00Z
4,2026-07-31,2016-07-31,False,16,0.21399999999948704,2016-07-31T14:00:00Z
4,2026-07-31,2016-07-31,False,17,0.205000000000382,2016-07-31T15:00:00Z
4,2026-07-31,2016-07-31,False,18,0.22399999999970532,2016-07-31T16:00:00Z
4,2026-07-31,2016-07-31,False,19,0.2510000000002037,2016-07-31T17:00:00Z
4,2026-07-31,2016-07-31,False,20,0.30700000000024374,2016-07-31T18:00:00Z
4,2026-07-31,2016-07-31,False,21,0.21099999999978536,2016-07-31T19:00:00Z
4,2026-07-31,2016-07-31,False,22,0.31500000000005457,2016-07-31T20:00:00Z
4,2026-07-31,2016-07-31,False,23,0.3079999999999927,2016-07-31T21:00:00Z
4,2026-09-01,2017-09-05,True,0,0.170999999999367,2017-09-04T22:00:00Z
4,2026-09-01,2017-09-05,True,1,0.2110000000002401,2017-09-04T23:00:00Z
4,2026-09-01,2017-09-05,True,2,0.17699999999967986,2017-09-05T00:00:00Z
4,2026-09-01,2017-09-05,True,3,0.19400000000041473,2017-09-05T01:00:00Z
4,2026-09-01,2017-09-05,True,4,0.36899999999968713,2017-09-05T02:00:00Z
4,2026-09-01,2017-09-05,True,5,0.22699999999986176,2017-09-05T03:00:00Z
4,2026-09-01,2017-09-05,True,6,0.18000000000029104,2017-09-05T04:00:00Z
4,2026-09-01,2017-09-05,True,7,0.21999999999934516,2017-09-05T05:00:00Z
4,2026-09-01,2017-09-05,True,8,0.36600000000089494,2017-09-05T06:00:00Z
4,2026-09-01,2017-09-05,True,9,0.6430000000000291,2017-09-05T07:00:00Z
4,2026-09-01,2017-09-05,True,10,0.2459999999991851,2017-09-05T08:00:00Z
4,2026-09-01,2017-09-05,True,11,0.16500000000087311,2017-09-05T09:00:00Z
4,2026-09-01,2017-09-05,True,12,0.20999999999912689,2017-09-05T10:00:00Z
4,2026-09-01,2017-09-05,True,13,0.24699999999938882,2017-09-05T11:00:00Z
4,2026-09-01,2017-09-05,True,14,0.16700000000128057,2017-09-05T12:00:00Z
4,2026-09-01,2017-09-05,True,15,0.4250000000029104,2017-09-05T13:00:00Z
4,2026-09-01,2017-09-05,True,16,0.19999999999708962,2017-09-05T14:00:00Z
4,2026-09-01,2017-09-05,True,17,0.19200000000273576,2017-09-05T15:00:00Z
4,2026-09-01,2017-09-05,True,18,1.0469999999968422,2017-09-05T16:00:00Z
4,2026-09-01,2017-09-05,True,19,0.40899999999874126,2017-09-05T17:00:00Z
4,2026-09-01,2017-09-05,True,20,0.2920000000003711,2017-09-05T18:00:00Z
4,2026-09-01,2017-09-05,True,21,0.26999999999952706,2017-09-05T19:00:00Z
4,2026-09-01,2017-09-05,True,22,0.27700000000004366,2017-09-05T20:00:00Z
4,2026-09-01,2017-09-05,True,23,0.1959999999999127,2017-09-05T21:00:00Z
4,2026-09-02,2017-09-06,True,0,0.20499999999992724,2017-09-05T22:00:00Z
4,2026-09-02,2017-09-06,True,1,0.1750000000001819,2017-09-05T23:00:00Z
4,2026-09-02,2017-09-06,True,2,0.20300000000042928,2017-09-06T00:00:00Z
4,2026-09-02,2017-09-06,True,3,0.19499999999970896,2017-09-06T01:00:00Z
4,2026-09-02,2017-09-06,True,4,0.3819999999996071,2017-09-06T02:00:00Z
4,2026-09-02,2017-09-06,True,5,0.21500000000014552,2017-09-06T03:00:00Z
4,2026-09-02,2017-09-06,True,6,0.1790000000000873,2017-09-06T04:00:00Z
4,2026-09-02,2017-09-06,True,7,0.2080000000023574,2017-09-06T05:00:00Z
4,2026-09-02,2017-09-06,True,8,0.1820000000006985,2017-09-06T06:00:00Z
4,2026-09-02,2017-09-06,True,9,0.3359999999993306,2017-09-06T07:00:00Z
4,2026-09-02,2017-09-06,True,10,0.16200000000026193,2017-09-06T08:00:00Z
4,2026-09-02,2017-09-06,True,11,0.19100000000253203,2017-09-06T09:00:00Z
4,2026-09-02,2017-09-06,True,12,0.25099999999656575,2017-09-06T10:00:00Z
4,2026-09-02,2017-09-06,True,13,0.23700000000098953,2017-09-06T11:00:00Z
4,2026-09-02,2017-09-06,True,14,0.22399999999834108,2017-09-06T12:00:00Z
4,2026-09-02,2017-09-06,True,15,0.2640000000028522,2017-09-06T13:00:00Z
4,2026-09-02,2017-09-06,True,16,0.3389999999999418,2017-09-06T14:00:00Z
4,2026-09-02,2017-09-06,True,17,0.2960000000020955,2017-09-06T15:00:00Z
4,2026-09-02,2017-09-06,True,18,0.999999999998181,2017-09-06T16:00:00Z
4,2026-09-02,2017-09-06,True,19,0.6689999999971405,2017-09-06T17:00:00Z
4,2026-09-02,2017-09-06,True,20,0.29899999999997817,2017-09-06T18:00:00Z
4,2026-09-02,2017-09-06,True,21,0.30199999999967986,2017-09-06T19:00:00Z
4,2026-09-02,2017-09-06,True,22,0.24400000000059663,2017-09-06T20:00:00Z
4,2026-09-02,2017-09-06,True,23,0.1999999999998181,2017-09-06T21:00:00Z
4,2026-09-03,2016-09-01,True,0,0.25,2016-08-31T22:00:00Z
4,2026-09-03,2016-09-01,True,1,0.23700000000008004,2016-08-31T23:00:00Z
4,2026-09-03,2016-09-01,True,2,0.18299999999999272,2016-09-01T00:00:00Z
4,2026-09-03,2016-09-01,True,3,0.19900000000006912,2016-09-01T01:00:00Z
4,2026-09-03,2016-09-01,True,4,0.19000000000005457,2016-09-01T02:00:00Z
4,2026-09-03,2016-09-01,True,5,0.1859999999996944,2016-09-01T03:00:00Z
4,2026-09-03,2016-09-01,True,6,0.17399999999997817,2016-09-01T04:00:00Z
4,2026-09-03,2016-09-01,True,7,0.18499999999949068,2016-09-01T05:00:00Z
4,2026-09-03,2016-09-01,True,8,0.1749999999992724,2016-09-01T06:00:00Z
4,2026-09-03,2016-09-01,True,9,0.3040000000019063,2016-09-01T07:00:00Z
4,2026-09-03,2016-09-01,True,10,0.19499999999970896,2016-09-01T08:00:00Z
4,2026-09-03,2016-09-01,True,11,2.699000000000069,2016-09-01T09:00:00Z
4,2026-09-03,2016-09-01,True,12,2.6549999999997453,2016-09-01T10:00:00Z
4,2026-09-03,2016-09-01,True,13,0.5379999999995562,2016-09-01T11:00:00Z
4,2026-09-03,2016-09-01,True,14,0.19500000000061846,2016-09-01T12:00:00Z
4,2026-09-03,2016-09-01,True,15,0.4250000000001819,2016-09-01T13:00:00Z
4,2026-09-03,2016-09-01,True,16,0.9559999999992215,2016-09-01T14:00:00Z
4,2026-09-03,2016-09-01,True,17,0.8160000000002583,2016-09-01T15:00:00Z
4,2026-09-03,2016-09-01,True,18,0.39799999999922875,2016-09-01T16:00:00Z
4,2026-09-03,2016-09-01,True,19,0.35400000000072396,2016-09-01T17:00:00Z
4,2026-09-03,2016-09-01,True,20,1.1459999999997308,2016-09-01T18:00:00Z
4,2026-09-03,2016-09-01,True,21,0.3730000000000473,2016-09-01T19:00:00Z
4,2026-09-03,2016-09-01,True,22,0.36000000000012733,2016-09-01T20:00:00Z
4,2026-09-03,2016-09-01,True,23,0.34799999999995634,2016-09-01T21:00:00Z
4,2026-09-04,2016-09-02,True,0,0.29399999999986903,2016-09-01T22:00:00Z
4,2026-09-04,2016-09-02,True,1,0.30600000000004,2016-09-01T23:00:00Z
4,2026-09-04,2016-09-02,True,2,0.2300000000000182,2016-09-02T00:00:00Z
4,2026-09-04,2016-09-02,True,3,0.20800000000008367,2016-09-02T01:00:00Z
4,2026-09-04,2016-09-02,True,4,0.21199999999998909,2016-09-02T02:00:00Z
4,2026-09-04,2016-09-02,True,5,0.18000000000029104,2016-09-02T03:00:00Z
4,2026-09-04,2016-09-02,True,6,0.16900000000032378,2016-09-02T04:00:00Z
4,2026-09-04,2016-09-02,True,7,0.27999999999974534,2016-09-02T05:00:00Z
4,2026-09-04,2016-09-02,True,8,0.8569999999986067,2016-09-02T06:00:00Z
4,2026-09-04,2016-09-02,True,9,0.19900000000143336,2016-09-02T07:00:00Z
4,2026-09-04,2016-09-02,True,10,0.18399999999837746,2016-09-02T08:00:00Z
4,2026-09-04,2016-09-02,True,11,0.2890000000015789,2016-09-02T09:00:00Z
4,2026-09-04,2016-09-02,True,12,0.2929999999996653,2016-09-02T10:00:00Z
4,2026-09-04,2016-09-02,True,13,0.35600000000067666,2016-09-02T11:00:00Z
4,2026-09-04,2016-09-02,True,14,0.24399999999877764,2016-09-02T12:00:00Z
4,2026-09-04,2016-09-02,True,15,0.2530000000006112,2016-09-02T13:00:00Z
4,2026-09-04,2016-09-02,True,16,1.2769999999991342,2016-09-02T14:00:00Z
4,2026-09-04,2016-09-02,True,17,0.2970000000013897,2016-09-02T15:00:00Z
4,2026-09-04,2016-09-02,True,18,0.21999999999934516,2016-09-02T16:00:00Z
4,2026-09-04,2016-09-02,True,19,0.19000000000050932,2016-09-02T17:00:00Z
4,2026-09-04,2016-09-02,True,20,0.2640000000001237,2016-09-02T18:00:00Z
4,2026-09-04,2016-09-02,True,21,0.3079999999999927,2016-09-02T19:00:00Z
4,2026-09-04,2016-09-02,True,22,0.38000000000010914,2016-09-02T20:00:00Z
4,2026-09-04,2016-09-02,True,23,0.3469999999997526,2016-09-02T21:00:00Z
4,2026-09-05,2016-09-03,True,0,0.24099999999998545,2016-09-02T22:00:00Z
4,2026-09-05,2016-09-03,True,1,0.19900000000006912,2016-09-02T23:00:00Z
4,2026-09-05,2016-09-03,True,2,0.1610000000000582,2016-09-03T00:00:00Z
4,2026-09-05,2016-09-03,True,3,0.1799999999998363,2016-09-03T01:00:00Z
4,2026-09-05,2016-09-03,True,4,0.2300000000000182,2016-09-03T02:00:00Z
4,2026-09-05,2016-09-03,True,5,0.21000000000003638,2016-09-03T03:00:00Z
4,2026-09-05,2016-09-03,True,6,0.1619999999988977,2016-09-03T04:00:00Z
4,2026-09-05,2016-09-03,True,7,0.15900000000056025,2016-09-03T05:00:00Z
4,2026-09-05,2016-09-03,True,8,0.23799999999937427,2016-09-03T06:00:00Z
4,2026-09-05,2016-09-03,True,9,0.3460000000004584,2016-09-03T07:00:00Z
4,2026-09-05,2016-09-03,True,10,1.5380000000004657,2016-09-03T08:00:00Z
4,2026-09-05,2016-09-03,True,11,2.701999999999316,2016-09-03T09:00:00Z
4,2026-09-05,2016-09-03,True,12,1.4630000000006476,2016-09-03T10:00:00Z
4,2026-09-05,2016-09-03,True,13,0.43400000000019645,2016-09-03T11:00:00Z
4,2026-09-05,2016-09-03,True,14,0.2600000000002183,2016-09-03T12:00:00Z
4,2026-09-05,2016-09-03,True,15,0.24699999999938882,2016-09-03T13:00:00Z
4,2026-09-05,2016-09-03,True,16,0.2250000000003638,2016-09-03T14:00:00Z
4,2026-09-05,2016-09-03,True,17,0.27599999999893043,2016-09-03T15:00:00Z
4,2026-09-05,2016-09-03,True,18,0.2890000000015789,2016-09-03T16:00:00Z
4,2026-09-05,2016-09-03,True,19,1.3649999999988722,2016-09-03T17:00:00Z
4,2026-09-05,2016-09-03,True,20,0.3979999999996835,2016-09-03T18:00:00Z
4,2026-09-05,2016-09-03,True,21,0.3949999999999818,2016-09-03T19:00:00Z
4,2026-09-05,2016-09-03,True,22,0.4270000000001346,2016-09-03T20:00:00Z
4,2026-09-05,2016-09-03,True,23,0.41099999999960346,2016-09-03T21:00:00Z
4,2026-09-06,2016-09-04,True,0,0.4270000000001346,2016-09-03T22:00:00Z
4,2026-09-06,2016-09-04,True,1,0.32999999999992724,2016-09-03T23:00:00Z
4,2026-09-06,2016-09-04,True,2,0.18000000000029104,2016-09-04T00:00:00Z
4,2026-09-06,2016-09-04,True,3,0.18999999999959982,2016-09-04T01:00:00Z
4,2026-09-06,2016-09-04,True,4,0.21800000000030195,2016-09-04T02:00:00Z
4,2026-09-06,2016-09-04,True,5,0.21199999999998909,2016-09-04T03:00:00Z
4,2026-09-06,2016-09-04,True,6,0.14900000000079672,2016-09-04T04:00:00Z
4,2026-09-06,2016-09-04,True,7,0.18100000000004002,2016-09-04T05:00:00Z
4,2026-09-06,2016-09-04,True,8,0.6510000000002947,2016-09-04T06:00:00Z
4,2026-09-06,2016-09-04,True,9,0.626999999999498,2016-09-04T07:00:00Z
4,2026-09-06,2016-09-04,True,10,0.21300000000064756,2016-09-04T08:00:00Z
4,2026-09-06,2016-09-04,True,11,1.6079999999992651,2016-09-04T09:00:00Z
4,2026-09-06,2016-09-04,True,12,3.212999999999738,2016-09-04T10:00:00Z
4,2026-09-06,2016-09-04,True,13,1.8890000000001237,2016-09-04T11:00:00Z
4,2026-09-06,2016-09-04,True,14,0.5320000000001528,2016-09-04T12:00:00Z
4,2026-09-06,2016-09-04,True,15,0.16600000000016735,2016-09-04T13:00:00Z
4,2026-09-06,2016-09-04,True,16,0.3620000000005348,2016-09-04T14:00:00Z
4,2026-09-06,2016-09-04,True,17,0.2779999999984284,2016-09-04T15:00:00Z
4,2026-09-06,2016-09-04,True,18,0.24600000000145883,2016-09-04T16:00:00Z
4,2026-09-06,2016-09-04,True,19,0.2860000000000582,2016-09-04T17:00:00Z
4,2026-09-06,2016-09-04,True,20,0.5380000000000109,2016-09-04T18:00:00Z
4,2026-09-06,2016-09-04,True,21,0.5639999999998508,2016-09-04T19:00:00Z
4,2026-09-06,2016-09-04,True,22,0.4169999999999163,2016-09-04T20:00:00Z
4,2026-09-06,2016-09-04,True,23,0.3340000000002874,2016-09-04T21:00:00Z
4,2026-09-07,2017-09-04,True,0,0.21500000000014552,2017-09-03T22:00:00Z
4,2026-09-07,2017-09-04,True,1,0.18499999999949068,2017-09-03T23:00:00Z
4,2026-09-07,2017-09-04,True,2,0.19700000000011642,2017-09-04T00:00:00Z
4,2026-09-07,2017-09-04,True,3,0.17000000000007276,2017-09-04T01:00:00Z
4,2026-09-07,2017-09-04,True,4,0.30600000000049477,2017-09-04T02:00:00Z
4,2026-09-07,2017-09-04,True,5,0.2109999999993306,2017-09-04T03:00:00Z
4,2026-09-07,2017-09-04,True,6,0.1500000000023647,2017-09-04T04:00:00Z
4,2026-09-07,2017-09-04,True,7,0.37199999999666034,2017-09-04T05:00:00Z
4,2026-09-07,2017-09-04,True,8,0.35600000000249565,2017-09-04T06:00:00Z
4,2026-09-07,2017-09-04,True,9,0.2400000000016007,2017-09-04T07:00:00Z
4,2026-09-07,2017-09-04,True,10,0.2680000000000291,2017-09-04T08:00:00Z
4,2026-09-07,2017-09-04,True,11,0.2180000000007567,2017-09-04T09:00:00Z
4,2026-09-07,2017-09-04,True,12,0.2019999999938591,2017-09-04T10:00:00Z
4,2026-09-07,2017-09-04,True,13,0.26900000000023283,2017-09-04T11:00:00Z
4,2026-09-07,2017-09-04,True,14,0.43800000000555883,2017-09-04T12:00:00Z
4,2026-09-07,2017-09-04,True,15,0.2699999999967986,2017-09-04T13:00:00Z
4,2026-09-07,2017-09-04,True,16,0.21900000000096043,2017-09-04T14:00:00Z
4,2026-09-07,2017-09-04,True,17,0.32400000000052387,2017-09-04T15:00:00Z
4,2026-09-07,2017-09-04,True,18,0.3489999999974316,2017-09-04T16:00:00Z
4,2026-09-07,2017-09-04,True,19,0.3030000000017026,2017-09-04T17:00:00Z
4,2026-09-07,2017-09-04,True,20,0.3040000000000873,2017-09-04T18:00:00Z
4,2026-09-07,2017-09-04,True,21,0.30099999999947613,2017-09-04T19:00:00Z
4,2026-09-07,2017-09-04,True,22,0.3000000000001819,2017-09-04T20:00:00Z
4,2026-09-07,2017-09-04,True,23,0.17600000000038563,2017-09-04T21:00:00Z
4,2026-09-08,2017-09-12,True,0,0.17000000000007276,2017-09-11T22:00:00Z
4,2026-09-08,2017-09-12,True,1,0.2070000000003347,2017-09-11T23:00:00Z
4,2026-09-08,2017-09-12,True,2,0.1999999999998181,2017-09-12T00:00:00Z
4,2026-09-08,2017-09-12,True,3,0.15499999999974534,2017-09-12T01:00:00Z
4,2026-09-08,2017-09-12,True,4,0.21500000000014552,2017-09-12T02:00:00Z
4,2026-09-08,2017-09-12,True,5,0.6500000000005457,2017-09-12T03:00:00Z
4,2026-09-08,2017-09-12,True,6,0.3249999999998181,2017-09-12T04:00:00Z
4,2026-09-08,2017-09-12,True,7,0.36199999999826105,2017-09-12T05:00:00Z
4,2026-09-08,2017-09-12,True,8,0.272000000002663,2017-09-12T06:00:00Z
4,2026-09-08,2017-09-12,True,9,0.6969999999982974,2017-09-12T07:00:00Z
4,2026-09-08,2017-09-12,True,10,0.16500000000087311,2017-09-12T08:00:00Z
4,2026-09-08,2017-09-12,True,11,0.2349999999969441,2017-09-12T09:00:00Z
4,2026-09-08,2017-09-12,True,12,0.20900000000256114,2017-09-12T10:00:00Z
4,2026-09-08,2017-09-12,True,13,0.23700000000280852,2017-09-12T11:00:00Z
4,2026-09-08,2017-09-12,True,14,2.890999999996893,2017-09-12T12:00:00Z
4,2026-09-08,2017-09-12,True,15,2.652000000000953,2017-09-12T13:00:00Z
4,2026-09-08,2017-09-12,True,16,0.9009999999980209,2017-09-12T14:00:00Z
4,2026-09-08,2017-09-12,True,17,0.18700000000171713,2017-09-12T15:00:00Z
4,2026-09-08,2017-09-12,True,18,0.6690000000007785,2017-09-12T16:00:00Z
4,2026-09-08,2017-09-12,True,19,0.22100000000045839,2017-09-12T17:00:00Z
4,2026-09-08,2017-09-12,True,20,0.21299999999973807,2017-09-12T18:00:00Z
4,2026-09-08,2017-09-12,True,21,0.22800000000006548,2017-09-12T19:00:00Z
4,2026-09-08,2017-09-12,True,22,0.26199999999971624,2017-09-12T20:00:00Z
4,2026-09-08,2017-09-12,True,23,0.21600000000034925,2017-09-12T21:00:00Z
4,2026-09-09,2017-09-13,True,0,0.2510000000002037,2017-09-12T22:00:00Z
4,2026-09-09,2017-09-13,True,1,0.16600000000016735,2017-09-12T23:00:00Z
4,2026-09-09,2017-09-13,True,2,0.18999999999959982,2017-09-13T00:00:00Z
4,2026-09-09,2017-09-13,True,3,0.1999999999998181,2017-09-13T01:00:00Z
4,2026-09-09,2017-09-13,True,4,0.17000000000007276,2017-09-13T02:00:00Z
4,2026-09-09,2017-09-13,True,5,0.22299999999995634,2017-09-13T03:00:00Z
4,2026-09-09,2017-09-13,True,6,0.28000000000065484,2017-09-13T04:00:00Z
4,2026-09-09,2017-09-13,True,7,0.25600000000122236,2017-09-13T05:00:00Z
4,2026-09-09,2017-09-13,True,8,0.19699999999647844,2017-09-13T06:00:00Z
4,2026-09-09,2017-09-13,True,9,0.16500000000087311,2017-09-13T07:00:00Z
4,2026-09-09,2017-09-13,True,10,0.20100000000093132,2017-09-13T08:00:00Z
4,2026-09-09,2017-09-13,True,11,0.6160000000018044,2017-09-13T09:00:00Z
4,2026-09-09,2017-09-13,True,12,0.21299999999973807,2017-09-13T10:00:00Z
4,2026-09-09,2017-09-13,True,13,0.3319999999948777,2017-09-13T11:00:00Z
4,2026-09-09,2017-09-13,True,14,0.18500000000130967,2017-09-13T12:00:00Z
4,2026-09-09,2017-09-13,True,15,0.22700000000259024,2017-09-13T13:00:00Z
4,2026-09-09,2017-09-13,True,16,0.7399999999979627,2017-09-13T14:00:00Z
4,2026-09-09,2017-09-13,True,17,0.1930000000011205,2017-09-13T15:00:00Z
4,2026-09-09,2017-09-13,True,18,0.2360000000026048,2017-09-13T16:00:00Z
4,2026-09-09,2017-09-13,True,19,0.2249999999976353,2017-09-13T17:00:00Z
4,2026-09-09,2017-09-13,True,20,0.31300000000010186,2017-09-13T18:00:00Z
4,2026-09-09,2017-09-13,True,21,0.2889999999997599,2017-09-13T19:00:00Z
4,2026-09-09,2017-09-13,True,22,0.8189999999995052,2017-09-13T20:00:00Z
4,2026-09-09,2017-09-13,True,23,0.2180000000007567,2017-09-13T21:00:00Z
4,2026-09-10,2017-09-07,True,0,0.19800000000032014,2017-09-06T22:00:00Z
4,2026-09-10,2017-09-07,True,1,0.15999999999985448,2017-09-06T23:00:00Z
4,2026-09-10,2017-09-07,True,2,0.21699999999964348,2017-09-07T00:00:00Z
4,2026-09-10,2017-09-07,True,3,0.18500000000040018,2017-09-07T01:00:00Z
4,2026-09-10,2017-09-07,True,4,0.21299999999973807,2017-09-07T02:00:00Z
4,2026-09-10,2017-09-07,True,5,0.15800000000035652,2017-09-07T03:00:00Z
4,2026-09-10,2017-09-07,True,6,0.3849999999993088,2017-09-07T04:00:00Z
4,2026-09-10,2017-09-07,True,7,0.2890000000015789,2017-09-07T05:00:00Z
4,2026-09-10,2017-09-07,True,8,0.26999999999861757,2017-09-07T06:00:00Z
4,2026-09-10,2017-09-07,True,9,0.26600000000325963,2017-09-07T07:00:00Z
4,2026-09-10,2017-09-07,True,10,0.2669999999961874,2017-09-07T08:00:00Z
4,2026-09-10,2017-09-07,True,11,0.36200000000098953,2017-09-07T09:00:00Z
4,2026-09-10,2017-09-07,True,12,0.158000000003085,2017-09-07T10:00:00Z
4,2026-09-10,2017-09-07,True,13,0.19999999999708962,2017-09-07T11:00:00Z
4,2026-09-10,2017-09-07,True,14,0.4429999999993015,2017-09-07T12:00:00Z
4,2026-09-10,2017-09-07,True,15,0.2530000000006112,2017-09-07T13:00:00Z
4,2026-09-10,2017-09-07,True,16,0.27800000000206637,2017-09-07T14:00:00Z
4,2026-09-10,2017-09-07,True,17,0.14600000000064028,2017-09-07T15:00:00Z
4,2026-09-10,2017-09-07,True,18,0.3069999999970605,2017-09-07T16:00:00Z
4,2026-09-10,2017-09-07,True,19,0.2760000000025684,2017-09-07T17:00:00Z
4,2026-09-10,2017-09-07,True,20,0.31999999999970896,2017-09-07T18:00:00Z
4,2026-09-10,2017-09-07,True,21,0.37000000000080036,2017-09-07T19:00:00Z
4,2026-09-10,2017-09-07,True,22,0.19499999999970896,2017-09-07T20:00:00Z
4,2026-09-10,2017-09-07,True,23,0.20499999999992724,2017-09-07T21:00:00Z
4,2026-09-11,2017-09-08,True,0,0.1859999999996944,2017-09-07T22:00:00Z
4,2026-09-11,2017-09-08,True,1,0.19099999999980355,2017-09-07T23:00:00Z
4,2026-09-11,2017-09-08,True,2,0.2000000000007276,2017-09-08T00:00:00Z
4,2026-09-11,2017-09-08,True,3,0.16499999999996362,2017-09-08T01:00:00Z
4,2026-09-11,2017-09-08,True,4,0.22800000000006548,2017-09-08T02:00:00Z
4,2026-09-11,2017-09-08,True,5,0.17000000000007276,2017-09-08T03:00:00Z
4,2026-09-11,2017-09-08,True,6,0.4039999999995416,2017-09-08T04:00:00Z
4,2026-09-11,2017-09-08,True,7,0.33299999999508145,2017-09-08T05:00:00Z
4,2026-09-11,2017-09-08,True,8,0.318000000003849,2017-09-08T06:00:00Z
4,2026-09-11,2017-09-08,True,9,0.23699999999917054,2017-09-08T07:00:00Z
4,2026-09-11,2017-09-08,True,10,0.18000000000029104,2017-09-08T08:00:00Z
4,2026-09-11,2017-09-08,True,11,0.260999999998603,2017-09-08T09:00:00Z
4,2026-09-11,2017-09-08,True,12,0.1640000000006694,2017-09-08T10:00:00Z
4,2026-09-11,2017-09-08,True,13,0.21299999999973807,2017-09-08T11:00:00Z
4,2026-09-11,2017-09-08,True,14,0.21600000000034925,2017-09-08T12:00:00Z
4,2026-09-11,2017-09-08,True,15,0.20899999999892316,2017-09-08T13:00:00Z
4,2026-09-11,2017-09-08,True,16,0.2430000000022119,2017-09-08T14:00:00Z
4,2026-09-11,2017-09-08,True,17,0.158000000003085,2017-09-08T15:00:00Z
4,2026-09-11,2017-09-08,True,18,0.3099999999940337,2017-09-08T16:00:00Z
4,2026-09-11,2017-09-08,True,19,0.2650000000012369,2017-09-08T17:00:00Z
4,2026-09-11,2017-09-08,True,20,0.15500000000065484,2017-09-08T18:00:00Z
4,2026-09-11,2017-09-08,True,21,0.31599999999980355,2017-09-08T19:00:00Z
4,2026-09-11,2017-09-08,True,22,0.2529999999997017,2017-09-08T20:00:00Z
4,2026-09-11,2017-09-08,True,23,0.204000000000633,2017-09-08T21:00:00Z
4,2026-09-12,2017-09-09,True,0,0.18399999999928696,2017-09-08T22:00:00Z
4,2026-09-12,2017-09-09,True,1,0.17799999999988358,2017-09-08T23:00:00Z
4,2026-09-12,2017-09-09,True,2,0.2070000000003347,2017-09-09T00:00:00Z
4,2026-09-12,2017-09-09,True,3,0.3100000000004002,2017-09-09T01:00:00Z
4,2026-09-12,2017-09-09,True,4,0.36299999999937427,2017-09-09T02:00:00Z
4,2026-09-12,2017-09-09,True,5,0.2070000000003347,2017-09-09T03:00:00Z
4,2026-09-12,2017-09-09,True,6,0.31999999999970896,2017-09-09T04:00:00Z
4,2026-09-12,2017-09-09,True,7,0.3030000000007931,2017-09-09T05:00:00Z
4,2026-09-12,2017-09-09,True,8,0.6650000000026921,2017-09-09T06:00:00Z
4,2026-09-12,2017-09-09,True,9,0.21299999999973807,2017-09-09T07:00:00Z
4,2026-09-12,2017-09-09,True,10,0.15199999999822467,2017-09-09T08:00:00Z
4,2026-09-12,2017-09-09,True,11,0.20599999999831198,2017-09-09T09:00:00Z
4,2026-09-12,2017-09-09,True,12,0.182000000001608,2017-09-09T10:00:00Z
4,2026-09-12,2017-09-09,True,13,0.15999999999985448,2017-09-09T11:00:00Z
4,2026-09-12,2017-09-09,True,14,0.22100000000136788,2017-09-09T12:00:00Z
4,2026-09-12,2017-09-09,True,15,0.17899999999644933,2017-09-09T13:00:00Z
4,2026-09-12,2017-09-09,True,16,0.1900000000023283,2017-09-09T14:00:00Z
4,2026-09-12,2017-09-09,True,17,0.1640000000006694,2017-09-09T15:00:00Z
4,2026-09-12,2017-09-09,True,18,0.19099999999707507,2017-09-09T16:00:00Z
4,2026-09-12,2017-09-09,True,19,0.18000000000029104,2017-09-09T17:00:00Z
4,2026-09-12,2017-09-09,True,20,0.1610000000000582,2017-09-09T18:00:00Z
4,2026-09-12,2017-09-09,True,21,0.3400000000001455,2017-09-09T19:00:00Z
4,2026-09-12,2017-09-09,True,22,0.3360000000002401,2017-09-09T20:00:00Z
4,2026-09-12,2017-09-09,True,23,0.2029999999995198,2017-09-09T21:00:00Z
4,2026-09-13,2017-09-10,True,0,0.1890000000003056,2017-09-09T22:00:00Z
4,2026-09-13,2017-09-10,True,1,0.18699999999989814,2017-09-09T23:00:00Z
4,2026-09-13,2017-09-10,True,2,0.21199999999953434,2017-09-10T00:00:00Z
4,2026-09-13,2017-09-10,True,3,0.16600000000016735,2017-09-10T01:00:00Z
4,2026-09-13,2017-09-10,True,4,0.22100000000045839,2017-09-10T02:00:00Z
4,2026-09-13,2017-09-10,True,5,0.17000000000007276,2017-09-10T03:00:00Z
4,2026-09-13,2017-09-10,True,6,0.1610000000000582,2017-09-10T04:00:00Z
4,2026-09-13,2017-09-10,True,7,0.22400000000016007,2017-09-10T05:00:00Z
4,2026-09-13,2017-09-10,True,8,0.182000000001608,2017-09-10T06:00:00Z
4,2026-09-13,2017-09-10,True,9,0.7930000000014843,2017-09-10T07:00:00Z
4,2026-09-13,2017-09-10,True,10,1.1409999999978027,2017-09-10T08:00:00Z
4,2026-09-13,2017-09-10,True,11,0.793999999999869,2017-09-10T09:00:00Z
4,2026-09-13,2017-09-10,True,12,1.8020000000005894,2017-09-10T10:00:00Z
4,2026-09-13,2017-09-10,True,13,0.7819999999992433,2017-09-10T11:00:00Z
4,2026-09-13,2017-09-10,True,14,0.8080000000009022,2017-09-10T12:00:00Z
4,2026-09-13,2017-09-10,True,15,0.8569999999999709,2017-09-10T13:00:00Z
4,2026-09-13,2017-09-10,True,16,0.41599999999834836,2017-09-10T14:00:00Z
4,2026-09-13,2017-09-10,True,17,0.33399999999892316,2017-09-10T15:00:00Z
4,2026-09-13,2017-09-10,True,18,0.9220000000041182,2017-09-10T16:00:00Z
4,2026-09-13,2017-09-10,True,19,0.5869999999986248,2017-09-10T17:00:00Z
4,2026-09-13,2017-09-10,True,20,0.38799999999991996,2017-09-10T18:00:00Z
4,2026-09-13,2017-09-10,True,21,0.39099999999962165,2017-09-10T19:00:00Z
4,2026-09-13,2017-09-10,True,22,0.3580000000001746,2017-09-10T20:00:00Z
4,2026-09-13,2017-09-10,True,23,0.3029999999998836,2017-09-10T21:00:00Z
4,2026-09-14,2017-09-11,True,0,0.19800000000032014,2017-09-10T22:00:00Z
4,2026-09-14,2017-09-11,True,1,0.17699999999967986,2017-09-10T23:00:00Z
4,2026-09-14,2017-09-11,True,2,0.19900000000052387,2017-09-11T00:00:00Z
4,2026-09-14,2017-09-11,True,3,0.18099999999958527,2017-09-11T01:00:00Z
4,2026-09-14,2017-09-11,True,4,0.204000000000633,2017-09-11T02:00:00Z
4,2026-09-14,2017-09-11,True,5,0.17000000000007276,2017-09-11T03:00:00Z
4,2026-09-14,2017-09-11,True,6,0.3170000000000073,2017-09-11T04:00:00Z
4,2026-09-14,2017-09-11,True,7,0.28399999999874126,2017-09-11T05:00:00Z
4,2026-09-14,2017-09-11,True,8,0.2319999999999709,2017-09-11T06:00:00Z
4,2026-09-14,2017-09-11,True,9,0.2849999999998545,2017-09-11T07:00:00Z
4,2026-09-14,2017-09-11,True,10,0.7049999999999272,2017-09-11T08:00:00Z
4,2026-09-14,2017-09-11,True,11,0.2649999999994179,2017-09-11T09:00:00Z
4,2026-09-14,2017-09-11,True,12,0.23800000000119326,2017-09-11T10:00:00Z
4,2026-09-14,2017-09-11,True,13,0.7230000000017753,2017-09-11T11:00:00Z
4,2026-09-14,2017-09-11,True,14,0.18399999999746797,2017-09-11T12:00:00Z
4,2026-09-14,2017-09-11,True,15,0.17000000000189175,2017-09-11T13:00:00Z
4,2026-09-14,2017-09-11,True,16,0.30199999999967986,2017-09-11T14:00:00Z
4,2026-09-14,2017-09-11,True,17,0.37700000000040745,2017-09-11T15:00:00Z
4,2026-09-14,2017-09-11,True,18,0.2609999999995125,2017-09-11T16:00:00Z
4,2026-09-14,2017-09-11,True,19,0.2429999999985739,2017-09-11T17:00:00Z
4,2026-09-14,2017-09-11,True,20,0.37300000000050204,2017-09-11T18:00:00Z
4,2026-09-14,2017-09-11,True,21,0.36299999999937427,2017-09-11T19:00:00Z
4,2026-09-14,2017-09-11,True,22,0.3280000000004293,2017-09-11T20:00:00Z
4,2026-09-14,2017-09-11,True,23,0.6799999999993815,2017-09-11T21:00:00Z
4,2026-09-15,2017-09-19,True,0,0.17300000000068394,2017-09-18T22:00:00Z
4,2026-09-15,2017-09-19,True,1,0.24099999999998545,2017-09-18T23:00:00Z
4,2026-09-15,2017-09-19,True,2,0.1929999999993015,2017-09-19T00:00:00Z
4,2026-09-15,2017-09-19,True,3,0.19400000000041473,2017-09-19T01:00:00Z
4,2026-09-15,2017-09-19,True,4,0.2110000000002401,2017-09-19T02:00:00Z
4,2026-09-15,2017-09-19,True,5,0.18699999999989814,2017-09-19T03:00:00Z
4,2026-09-15,2017-09-19,True,6,0.3429999999998472,2017-09-19T04:00:00Z
4,2026-09-15,2017-09-19,True,7,0.3789999999989959,2017-09-19T05:00:00Z
4,2026-09-15,2017-09-19,True,8,0.2749999999987267,2017-09-19T06:00:00Z
4,2026-09-15,2017-09-19,True,9,0.22400000000197906,2017-09-19T07:00:00Z
4,2026-09-15,2017-09-19,True,10,0.22899999999935972,2017-09-19T08:00:00Z
4,2026-09-15,2017-09-19,True,11,0.272000000000844,2017-09-19T09:00:00Z
4,2026-09-15,2017-09-19,True,12,0.29800000000250293,2017-09-19T10:00:00Z
4,2026-09-15,2017-09-19,True,13,0.9859999999962383,2017-09-19T11:00:00Z
4,2026-09-15,2017-09-19,True,14,0.1929999999993015,2017-09-19T12:00:00Z
4,2026-09-15,2017-09-19,True,15,0.23000000000320142,2017-09-19T13:00:00Z
4,2026-09-15,2017-09-19,True,16,0.3559999999970387,2017-09-19T14:00:00Z
4,2026-09-15,2017-09-19,True,17,0.25900000000183354,2017-09-19T15:00:00Z
4,2026-09-15,2017-09-19,True,18,0.25,2017-09-19T16:00:00Z
4,2026-09-15,2017-09-19,True,19,0.8410000000003492,2017-09-19T17:00:00Z
4,2026-09-15,2017-09-19,True,20,0.4399999999995998,2017-09-19T18:00:00Z
4,2026-09-15,2017-09-19,True,21,0.39100000000053114,2017-09-19T19:00:00Z
4,2026-09-15,2017-09-19,True,22,0.3989999999994325,2017-09-19T20:00:00Z
4,2026-09-15,2017-09-19,True,23,0.26300000000082946,2017-09-19T21:00:00Z
4,2026-09-16,2017-09-20,True,0,0.18699999999989814,2017-09-19T22:00:00Z
4,2026-09-16,2017-09-20,True,1,0.2069999999994252,2017-09-19T23:00:00Z
4,2026-09-16,2017-09-20,True,2,0.20300000000042928,2017-09-20T00:00:00Z
4,2026-09-16,2017-09-20,True,3,0.17699999999967986,2017-09-20T01:00:00Z
4,2026-09-16,2017-09-20,True,4,0.22699999999986176,2017-09-20T02:00:00Z
4,2026-09-16,2017-09-20,True,5,0.1890000000003056,2017-09-20T03:00:00Z
4,2026-09-16,2017-09-20,True,6,0.3140000000003056,2017-09-20T04:00:00Z
4,2026-09-16,2017-09-20,True,7,0.42299999999795546,2017-09-20T05:00:00Z
4,2026-09-16,2017-09-20,True,8,0.1500000000014552,2017-09-20T06:00:00Z
4,2026-09-16,2017-09-20,True,9,1.4399999999977808,2017-09-20T07:00:00Z
4,2026-09-16,2017-09-20,True,10,2.1200000000008004,2017-09-20T08:00:00Z
4,2026-09-16,2017-09-20,True,11,1.5370000000039,2017-09-20T09:00:00Z
4,2026-09-16,2017-09-20,True,12,1.2809999999990396,2017-09-20T10:00:00Z
4,2026-09-16,2017-09-20,True,13,0.2349999999969441,2017-09-20T11:00:00Z
4,2026-09-16,2017-09-20,True,14,0.2530000000006112,2017-09-20T12:00:00Z
4,2026-09-16,2017-09-20,True,15,0.21500000000014552,2017-09-20T13:00:00Z
4,2026-09-16,2017-09-20,True,16,0.22699999999895226,2017-09-20T14:00:00Z
4,2026-09-16,2017-09-20,True,17,0.1790000000037253,2017-09-20T15:00:00Z
4,2026-09-16,2017-09-20,True,18,0.17599999999947613,2017-09-20T16:00:00Z
4,2026-09-16,2017-09-20,True,19,0.21099999999751162,2017-09-20T17:00:00Z
4,2026-09-16,2017-09-20,True,20,0.2529999999997017,2017-09-20T18:00:00Z
4,2026-09-16,2017-09-20,True,21,0.35199999999986176,2017-09-20T19:00:00Z
4,2026-09-16,2017-09-20,True,22,0.2970000000004802,2017-09-20T20:00:00Z
4,2026-09-16,2017-09-20,True,23,0.22199999999975262,2017-09-20T21:00:00Z
4,2026-09-17,2017-09-14,True,0,0.1929999999993015,2017-09-13T22:00:00Z
4,2026-09-17,2017-09-14,True,1,0.24400000000059663,2017-09-13T23:00:00Z
4,2026-09-17,2017-09-14,True,2,0.18399999999928696,2017-09-14T00:00:00Z
4,2026-09-17,2017-09-14,True,3,0.17600000000038563,2017-09-14T01:00:00Z
4,2026-09-17,2017-09-14,True,4,0.805000000000291,2017-09-14T02:00:00Z
4,2026-09-17,2017-09-14,True,5,0.18999999999959982,2017-09-14T03:00:00Z
4,2026-09-17,2017-09-14,True,6,0.318000000000211,2017-09-14T04:00:00Z
4,2026-09-17,2017-09-14,True,7,0.3500000000003638,2017-09-14T05:00:00Z
4,2026-09-17,2017-09-14,True,8,0.7989999999981592,2017-09-14T06:00:00Z
4,2026-09-17,2017-09-14,True,9,0.2109999999993306,2017-09-14T07:00:00Z
4,2026-09-17,2017-09-14,True,10,0.17400000000270666,2017-09-14T08:00:00Z
4,2026-09-17,2017-09-14,True,11,0.1790000000000873,2017-09-14T09:00:00Z
4,2026-09-17,2017-09-14,True,12,0.9289999999991778,2017-09-14T10:00:00Z
4,2026-09-17,2017-09-14,True,13,0.40600000000085856,2017-09-14T11:00:00Z
4,2026-09-17,2017-09-14,True,14,0.7849999999962165,2017-09-14T12:00:00Z
4,2026-09-17,2017-09-14,True,15,0.17000000000189175,2017-09-14T13:00:00Z
4,2026-09-17,2017-09-14,True,16,0.27000000000043656,2017-09-14T14:00:00Z
4,2026-09-17,2017-09-14,True,17,0.24499999999898137,2017-09-14T15:00:00Z
4,2026-09-17,2017-09-14,True,18,0.1830000000045402,2017-09-14T16:00:00Z
4,2026-09-17,2017-09-14,True,19,1.0379999999995562,2017-09-14T17:00:00Z
4,2026-09-17,2017-09-14,True,20,0.22199999999975262,2017-09-14T18:00:00Z
4,2026-09-17,2017-09-14,True,21,0.26600000000053114,2017-09-14T19:00:00Z
4,2026-09-17,2017-09-14,True,22,0.306999999999789,2017-09-14T20:00:00Z
4,2026-09-17,2017-09-14,True,23,0.9149999999999636,2017-09-14T21:00:00Z
4,2026-09-18,2017-09-15,True,0,0.2820000000001528,2017-09-14T22:00:00Z
4,2026-09-18,2017-09-15,True,1,0.193000000000211,2017-09-14T23:00:00Z
4,2026-09-18,2017-09-15,True,2,0.2139999999999418,2017-09-15T00:00:00Z
4,2026-09-18,2017-09-15,True,3,0.15599999999994907,2017-09-15T01:00:00Z
4,2026-09-18,2017-09-15,True,4,0.18999999999959982,2017-09-15T02:00:00Z
4,2026-09-18,2017-09-15,True,5,0.19700000000011642,2017-09-15T03:00:00Z
4,2026-09-18,2017-09-15,True,6,0.6589999999996508,2017-09-15T04:00:00Z
4,2026-09-18,2017-09-15,True,7,0.6269999999967695,2017-09-15T05:00:00Z
4,2026-09-18,2017-09-15,True,8,0.8570000000026994,2017-09-15T06:00:00Z
4,2026-09-18,2017-09-15,True,9,0.6899999999977808,2017-09-15T07:00:00Z
4,2026-09-18,2017-09-15,True,10,0.9550000000017462,2017-09-15T08:00:00Z
4,2026-09-18,2017-09-15,True,11,0.17999999999665306,2017-09-15T09:00:00Z
4,2026-09-18,2017-09-15,True,12,0.37100000000555156,2017-09-15T10:00:00Z
4,2026-09-18,2017-09-15,True,13,0.34699999999429565,2017-09-15T11:00:00Z
4,2026-09-18,2017-09-15,True,14,0.24400000000241562,2017-09-15T12:00:00Z
4,2026-09-18,2017-09-15,True,15,0.22999999999956344,2017-09-15T13:00:00Z
4,2026-09-18,2017-09-15,True,16,0.2249999999985448,2017-09-15T14:00:00Z
4,2026-09-18,2017-09-15,True,17,0.20300000000133878,2017-09-15T15:00:00Z
4,2026-09-18,2017-09-15,True,18,0.18300000000090222,2017-09-15T16:00:00Z
4,2026-09-18,2017-09-15,True,19,0.397000000002663,2017-09-15T17:00:00Z
4,2026-09-18,2017-09-15,True,20,0.2579999999998108,2017-09-15T18:00:00Z
4,2026-09-18,2017-09-15,True,21,0.306999999999789,2017-09-15T19:00:00Z
4,2026-09-18,2017-09-15,True,22,0.386000000000422,2017-09-15T20:00:00Z
4,2026-09-18,2017-09-15,True,23,0.26899999999932334,2017-09-15T21:00:00Z
4,2026-09-19,2017-09-16,True,0,0.23100000000067666,2017-09-15T22:00:00Z
4,2026-09-19,2017-09-16,True,1,0.170999999999367,2017-09-15T23:00:00Z
4,2026-09-19,2017-09-16,True,2,0.18000000000029104,2017-09-16T00:00:00Z
4,2026-09-19,2017-09-16,True,3,0.21900000000005093,2017-09-16T01:00:00Z
4,2026-09-19,2017-09-16,True,4,0.14899999999943248,2017-09-16T02:00:00Z
4,2026-09-19,2017-09-16,True,5,0.20500000000083674,2017-09-16T03:00:00Z
4,2026-09-19,2017-09-16,True,6,0.17999999999938154,2017-09-16T04:00:00Z
4,2026-09-19,2017-09-16,True,7,0.15899999999692227,2017-09-16T05:00:00Z
4,2026-09-19,2017-09-16,True,8,0.3320000000021537,2017-09-16T06:00:00Z
4,2026-09-19,2017-09-16,True,9,0.20199999999749707,2017-09-16T07:00:00Z
4,2026-09-19,2017-09-16,True,10,0.19800000000032014,2017-09-16T08:00:00Z
4,2026-09-19,2017-09-16,True,11,1.0020000000004075,2017-09-16T09:00:00Z
4,2026-09-19,2017-09-16,True,12,2.358000000001084,2017-09-16T10:00:00Z
4,2026-09-19,2017-09-16,True,13,1.2030000000004293,2017-09-16T11:00:00Z
4,2026-09-19,2017-09-16,True,14,0.4059999999990396,2017-09-16T12:00:00Z
4,2026-09-19,2017-09-16,True,15,0.21899999999732245,2017-09-16T13:00:00Z
4,2026-09-19,2017-09-16,True,16,0.17000000000189175,2017-09-16T14:00:00Z
4,2026-09-19,2017-09-16,True,17,0.19099999999889405,2017-09-16T15:00:00Z
4,2026-09-19,2017-09-16,True,18,0.18699999999989814,2017-09-16T16:00:00Z
4,2026-09-19,2017-09-16,True,19,0.18299999999999272,2017-09-16T17:00:00Z
4,2026-09-19,2017-09-16,True,20,0.2669999999998254,2017-09-16T18:00:00Z
4,2026-09-19,2017-09-16,True,21,0.3079999999999927,2017-09-16T19:00:00Z
4,2026-09-19,2017-09-16,True,22,0.3400000000001455,2017-09-16T20:00:00Z
4,2026-09-19,2017-09-16,True,23,0.3249999999998181,2017-09-16T21:00:00Z
4,2026-09-20,2017-09-17,True,0,0.23500000000058208,2017-09-16T22:00:00Z
4,2026-09-20,2017-09-17,True,1,0.24499999999989086,2017-09-16T23:00:00Z
4,2026-09-20,2017-09-17,True,2,0.17999999999938154,2017-09-17T00:00:00Z
4,2026-09-20,2017-09-17,True,3,0.204000000000633,2017-09-17T01:00:00Z
4,2026-09-20,2017-09-17,True,4,0.21599999999943975,2017-09-17T02:00:00Z
4,2026-09-20,2017-09-17,True,5,0.19100000000071304,2017-09-17T03:00:00Z
4,2026-09-20,2017-09-17,True,6,0.2069999999994252,2017-09-17T04:00:00Z
4,2026-09-20,2017-09-17,True,7,0.19000000000050932,2017-09-17T05:00:00Z
4,2026-09-20,2017-09-17,True,8,0.28800000000410364,2017-09-17T06:00:00Z
4,2026-09-20,2017-09-17,True,9,0.2709999999942738,2017-09-17T07:00:00Z
4,2026-09-20,2017-09-17,True,10,1.132000000001426,2017-09-17T08:00:00Z
4,2026-09-20,2017-09-17,True,11,1.6449999999986176,2017-09-17T09:00:00Z
4,2026-09-20,2017-09-17,True,12,0.2530000000006112,2017-09-17T10:00:00Z
4,2026-09-20,2017-09-17,True,13,0.15600000000267755,2017-09-17T11:00:00Z
4,2026-09-20,2017-09-17,True,14,0.5509999999994761,2017-09-17T12:00:00Z
4,2026-09-20,2017-09-17,True,15,0.6189999999987776,2017-09-17T13:00:00Z
4,2026-09-20,2017-09-17,True,16,2.0880000000006476,2017-09-17T14:00:00Z
4,2026-09-20,2017-09-17,True,17,2.0869999999995343,2017-09-17T15:00:00Z
4,2026-09-20,2017-09-17,True,18,2.7390000000023065,2017-09-17T16:00:00Z
4,2026-09-20,2017-09-17,True,19,0.918999999996231,2017-09-17T17:00:00Z
4,2026-09-20,2017-09-17,True,20,0.5850000000000364,2017-09-17T18:00:00Z
4,2026-09-20,2017-09-17,True,21,0.42700000000058935,2017-09-17T19:00:00Z
4,2026-09-20,2017-09-17,True,22,0.26599999999962165,2017-09-17T20:00:00Z
4,2026-09-20,2017-09-17,True,23,0.24800000000050204,2017-09-17T21:00:00Z
4,2026-09-21,2017-09-18,True,0,0.21900000000005093,2017-09-17T22:00:00Z
4,2026-09-21,2017-09-18,True,1,0.17999999999938154,2017-09-17T23:00:00Z
4,2026-09-21,2017-09-18,True,2,0.1999999999998181,2017-09-18T00:00:00Z
4,2026-09-21,2017-09-18,True,3,0.17000000000007276,2017-09-18T01:00:00Z
4,2026-09-21,2017-09-18,True,4,0.17700000000058935,2017-09-18T02:00:00Z
4,2026-09-21,2017-09-18,True,5,0.2179999999998472,2017-09-18T03:00:00Z
4,2026-09-21,2017-09-18,True,6,0.26999999999952706,2017-09-18T04:00:00Z
4,2026-09-21,2017-09-18,True,7,0.283000000004904,2017-09-18T05:00:00Z
4,2026-09-21,2017-09-18,True,8,0.20099999999729334,2017-09-18T06:00:00Z
4,2026-09-21,2017-09-18,True,9,0.18000000000029104,2017-09-18T07:00:00Z
4,2026-09-21,2017-09-18,True,10,0.24400000000241562,2017-09-18T08:00:00Z
4,2026-09-21,2017-09-18,True,11,0.14099999999962165,2017-09-18T09:00:00Z
4,2026-09-21,2017-09-18,True,12,0.21099999999569263,2017-09-18T10:00:00Z
4,2026-09-21,2017-09-18,True,13,0.18900000000212458,2017-09-18T11:00:00Z
4,2026-09-21,2017-09-18,True,14,0.2069999999985157,2017-09-18T12:00:00Z
4,2026-09-21,2017-09-18,True,15,0.17699999999967986,2017-09-18T13:00:00Z
4,2026-09-21,2017-09-18,True,16,0.19500000000334694,2017-09-18T14:00:00Z
4,2026-09-21,2017-09-18,True,17,0.2249999999985448,2017-09-18T15:00:00Z
4,2026-09-21,2017-09-18,True,18,0.6199999999998909,2017-09-18T16:00:00Z
4,2026-09-21,2017-09-18,True,19,0.3140000000003056,2017-09-18T17:00:00Z
4,2026-09-21,2017-09-18,True,20,0.47299999999995634,2017-09-18T18:00:00Z
4,2026-09-21,2017-09-18,True,21,0.2899999999999636,2017-09-18T19:00:00Z
4,2026-09-21,2017-09-18,True,22,0.33700000000044383,2017-09-18T20:00:00Z
4,2026-09-21,2017-09-18,True,23,0.2929999999996653,2017-09-18T21:00:00Z
4,2026-09-22,2017-09-26,True,0,0.20499999999992724,2017-09-25T22:00:00Z
4,2026-09-22,2017-09-26,True,1,0.21200000000044383,2017-09-25T23:00:00Z
4,2026-09-22,2017-09-26,True,2,0.1679999999996653,2017-09-26T00:00:00Z
4,2026-09-22,2017-09-26,True,3,0.19800000000032014,2017-09-26T01:00:00Z
4,2026-09-22,2017-09-26,True,4,0.181999999999789,2017-09-26T02:00:00Z
4,2026-09-22,2017-09-26,True,5,0.18699999999989814,2017-09-26T03:00:00Z
4,2026-09-22,2017-09-26,True,6,0.32700000000022555,2017-09-26T04:00:00Z
4,2026-09-22,2017-09-26,True,7,0.3539999999984502,2017-09-26T05:00:00Z
4,2026-09-22,2017-09-26,True,8,0.2180000000007567,2017-09-26T06:00:00Z
4,2026-09-22,2017-09-26,True,9,0.16200000000026193,2017-09-26T07:00:00Z
4,2026-09-22,2017-09-26,True,10,0.20199999999749707,2017-09-26T08:00:00Z
4,2026-09-22,2017-09-26,True,11,0.23800000000119326,2017-09-26T09:00:00Z
4,2026-09-22,2017-09-26,True,12,0.20600000000194996,2017-09-26T10:00:00Z
4,2026-09-22,2017-09-26,True,13,0.727999999999156,2017-09-26T11:00:00Z
4,2026-09-22,2017-09-26,True,14,0.1889999999984866,2017-09-26T12:00:00Z
4,2026-09-22,2017-09-26,True,15,0.2250000000021828,2017-09-26T13:00:00Z
4,2026-09-22,2017-09-26,True,16,0.1959999999999127,2017-09-26T14:00:00Z
4,2026-09-22,2017-09-26,True,17,0.19399999999950523,2017-09-26T15:00:00Z
4,2026-09-22,2017-09-26,True,18,0.22299999999722786,2017-09-26T16:00:00Z
4,2026-09-22,2017-09-26,True,19,1.4620000000013533,2017-09-26T17:00:00Z
4,2026-09-22,2017-09-26,True,20,2.125,2017-09-26T18:00:00Z
4,2026-09-22,2017-09-26,True,21,1.9729999999999563,2017-09-26T19:00:00Z
4,2026-09-22,2017-09-26,True,22,2.162000000000262,2017-09-26T20:00:00Z
4,2026-09-22,2017-09-26,True,23,1.235000000000582,2017-09-26T21:00:00Z
4,2026-09-23,2017-09-27,True,0,0.19499999999970896,2017-09-26T22:00:00Z
4,2026-09-23,2017-09-27,True,1,0.19799999999941065,2017-09-26T23:00:00Z
4,2026-09-23,2017-09-27,True,2,0.1720000000004802,2017-09-27T00:00:00Z
4,2026-09-23,2017-09-27,True,3,0.22000000000025466,2017-09-27T01:00:00Z
4,2026-09-23,2017-09-27,True,4,0.16699999999946158,2017-09-27T02:00:00Z
4,2026-09-23,2017-09-27,True,5,0.17399999999997817,2017-09-27T03:00:00Z
4,2026-09-23,2017-09-27,True,6,0.3220000000001164,2017-09-27T04:00:00Z
4,2026-09-23,2017-09-27,True,7,0.8680000000013024,2017-09-27T05:00:00Z
4,2026-09-23,2017-09-27,True,8,0.2929999999996653,2017-09-27T06:00:00Z
4,2026-09-23,2017-09-27,True,9,0.27599999999802094,2017-09-27T07:00:00Z
4,2026-09-23,2017-09-27,True,10,0.20000000000436557,2017-09-27T08:00:00Z
4,2026-09-23,2017-09-27,True,11,0.18899999999484862,2017-09-27T09:00:00Z
4,2026-09-23,2017-09-27,True,12,0.22400000000197906,2017-09-27T10:00:00Z
4,2026-09-23,2017-09-27,True,13,0.4000000000014552,2017-09-27T11:00:00Z
4,2026-09-23,2017-09-27,True,14,0.2860000000000582,2017-09-27T12:00:00Z
4,2026-09-23,2017-09-27,True,15,1.0080000000016298,2017-09-27T13:00:00Z
4,2026-09-23,2017-09-27,True,16,0.27999999999883585,2017-09-27T14:00:00Z
4,2026-09-23,2017-09-27,True,17,0.33799999999973807,2017-09-27T15:00:00Z
4,2026-09-23,2017-09-27,True,18,0.1999999999979991,2017-09-27T16:00:00Z
4,2026-09-23,2017-09-27,True,19,0.18700000000262662,2017-09-27T17:00:00Z
4,2026-09-23,2017-09-27,True,20,0.24200000000018917,2017-09-27T18:00:00Z
4,2026-09-23,2017-09-27,True,21,0.2429999999994834,2017-09-27T19:00:00Z
4,2026-09-23,2017-09-27,True,22,0.3429999999998472,2017-09-27T20:00:00Z
4,2026-09-23,2017-09-27,True,23,0.2640000000001237,2017-09-27T21:00:00Z
4,2026-09-24,2017-09-21,True,0,0.21500000000014552,2017-09-20T22:00:00Z
4,2026-09-24,2017-09-21,True,1,0.17000000000007276,2017-09-20T23:00:00Z
4,2026-09-24,2017-09-21,True,2,0.20600000000013097,2017-09-21T00:00:00Z
4,2026-09-24,2017-09-21,True,3,0.18800000000010186,2017-09-21T01:00:00Z
4,2026-09-24,2017-09-21,True,4,0.16899999999986903,2017-09-21T02:00:00Z
4,2026-09-24,2017-09-21,True,5,0.18699999999989814,2017-09-21T03:00:00Z
4,2026-09-24,2017-09-21,True,6,0.29100000000016735,2017-09-21T04:00:00Z
4,2026-09-24,2017-09-21,True,7,0.35199999999986176,2017-09-21T05:00:00Z
4,2026-09-24,2017-09-21,True,8,0.19200000000273576,2017-09-21T06:00:00Z
4,2026-09-24,2017-09-21,True,9,0.19699999999647844,2017-09-21T07:00:00Z
4,2026-09-24,2017-09-21,True,10,0.7820000000028813,2017-09-21T08:00:00Z
4,2026-09-24,2017-09-21,True,11,0.24499999999898137,2017-09-21T09:00:00Z
4,2026-09-24,2017-09-21,True,12,0.23700000000098953,2017-09-21T10:00:00Z
4,2026-09-24,2017-09-21,True,13,0.6610000000000582,2017-09-21T11:00:00Z
4,2026-09-24,2017-09-21,True,14,0.3739999999997963,2017-09-21T12:00:00Z
4,2026-09-24,2017-09-21,True,15,0.19499999999970896,2017-09-21T13:00:00Z
4,2026-09-24,2017-09-21,True,16,0.2750000000014552,2017-09-21T14:00:00Z
4,2026-09-24,2017-09-21,True,17,0.7159999999985303,2017-09-21T15:00:00Z
4,2026-09-24,2017-09-21,True,18,0.23599999999714782,2017-09-21T16:00:00Z
4,2026-09-24,2017-09-21,True,19,0.21900000000096043,2017-09-21T17:00:00Z
4,2026-09-24,2017-09-21,True,20,0.43000000000029104,2017-09-21T18:00:00Z
4,2026-09-24,2017-09-21,True,21,0.38100000000031287,2017-09-21T19:00:00Z
4,2026-09-24,2017-09-21,True,22,0.3139999999993961,2017-09-21T20:00:00Z
4,2026-09-24,2017-09-21,True,23,0.2319999999999709,2017-09-21T21:00:00Z
4,2026-09-25,2017-09-22,True,0,0.18800000000010186,2017-09-21T22:00:00Z
4,2026-09-25,2017-09-22,True,1,0.24499999999989086,2017-09-21T23:00:00Z
4,2026-09-25,2017-09-22,True,2,0.20200000000022555,2017-09-22T00:00:00Z
4,2026-09-25,2017-09-22,True,3,0.1999999999998181,2017-09-22T01:00:00Z
4,2026-09-25,2017-09-22,True,4,0.22199999999975262,2017-09-22T02:00:00Z
4,2026-09-25,2017-09-22,True,5,0.1710000000002765,2017-09-22T03:00:00Z
4,2026-09-25,2017-09-22,True,6,0.31999999999970896,2017-09-22T04:00:00Z
4,2026-09-25,2017-09-22,True,7,0.2920000000003711,2017-09-22T05:00:00Z
4,2026-09-25,2017-09-22,True,8,0.18599999999878492,2017-09-22T06:00:00Z
4,2026-09-25,2017-09-22,True,9,0.22300000000177533,2017-09-22T07:00:00Z
4,2026-09-25,2017-09-22,True,10,0.18300000000090222,2017-09-22T08:00:00Z
4,2026-09-25,2017-09-22,True,11,0.20199999999749707,2017-09-22T09:00:00Z
4,2026-09-25,2017-09-22,True,12,0.19500000000334694,2017-09-22T10:00:00Z
4,2026-09-25,2017-09-22,True,13,0.7129999999961001,2017-09-22T11:00:00Z
4,2026-09-25,2017-09-22,True,14,0.2870000000038999,2017-09-22T12:00:00Z
4,2026-09-25,2017-09-22,True,15,0.12899999999717693,2017-09-22T13:00:00Z
4,2026-09-25,2017-09-22,True,16,0.2599999999983993,2017-09-22T14:00:00Z
4,2026-09-25,2017-09-22,True,17,0.1790000000037253,2017-09-22T15:00:00Z
4,2026-09-25,2017-09-22,True,18,0.25499999999829015,2017-09-22T16:00:00Z
4,2026-09-25,2017-09-22,True,19,0.2900000000017826,2017-09-22T17:00:00Z
4,2026-09-25,2017-09-22,True,20,0.35099999999965803,2017-09-22T18:00:00Z
4,2026-09-25,2017-09-22,True,21,1.22400000000016,2017-09-22T19:00:00Z
4,2026-09-25,2017-09-22,True,22,0.4529999999995198,2017-09-22T20:00:00Z
4,2026-09-25,2017-09-22,True,23,0.30600000000049477,2017-09-22T21:00:00Z
4,2026-09-26,2017-09-23,True,0,0.2739999999994325,2017-09-22T22:00:00Z
4,2026-09-26,2017-09-23,True,1,0.21700000000055297,2017-09-22T23:00:00Z
4,2026-09-26,2017-09-23,True,2,0.2029999999995198,2017-09-23T00:00:00Z
4,2026-09-26,2017-09-23,True,3,0.19100000000071304,2017-09-23T01:00:00Z
4,2026-09-26,2017-09-23,True,4,0.18399999999928696,2017-09-23T02:00:00Z
4,2026-09-26,2017-09-23,True,5,0.2000000000007276,2017-09-23T03:00:00Z
4,2026-09-26,2017-09-23,True,6,0.15899999999965075,2017-09-23T04:00:00Z
4,2026-09-26,2017-09-23,True,7,0.3329999999996289,2017-09-23T05:00:00Z
4,2026-09-26,2017-09-23,True,8,0.24099999999816646,2017-09-23T06:00:00Z
4,2026-09-26,2017-09-23,True,9,0.19500000000152795,2017-09-23T07:00:00Z
4,2026-09-26,2017-09-23,True,10,0.24200000000200816,2017-09-23T08:00:00Z
4,2026-09-26,2017-09-23,True,11,0.7839999999996508,2017-09-23T09:00:00Z
4,2026-09-26,2017-09-23,True,12,1.9239999999999782,2017-09-23T10:00:00Z
4,2026-09-26,2017-09-23,True,13,3.5010000000002037,2017-09-23T11:00:00Z
4,2026-09-26,2017-09-23,True,14,1.1539999999949941,2017-09-23T12:00:00Z
4,2026-09-26,2017-09-23,True,15,0.2370000000046275,2017-09-23T13:00:00Z
4,2026-09-26,2017-09-23,True,16,0.22399999999834108,2017-09-23T14:00:00Z
4,2026-09-26,2017-09-23,True,17,0.23400000000037835,2017-09-23T15:00:00Z
4,2026-09-26,2017-09-23,True,18,0.19600000000173168,2017-09-23T16:00:00Z
4,2026-09-26,2017-09-23,True,19,0.2209999999977299,2017-09-23T17:00:00Z
4,2026-09-26,2017-09-23,True,20,0.17000000000007276,2017-09-23T18:00:00Z
4,2026-09-26,2017-09-23,True,21,0.3110000000006039,2017-09-23T19:00:00Z
4,2026-09-26,2017-09-23,True,22,0.31999999999970896,2017-09-23T20:00:00Z
4,2026-09-26,2017-09-23,True,23,0.2070000000003347,2017-09-23T21:00:00Z
4,2026-09-27,2017-09-24,True,0,0.22599999999965803,2017-09-23T22:00:00Z
4,2026-09-27,2017-09-24,True,1,0.18299999999999272,2017-09-23T23:00:00Z
4,2026-09-27,2017-09-24,True,2,0.16700000000037107,2017-09-24T00:00:00Z
4,2026-09-27,2017-09-24,True,3,0.2029999999995198,2017-09-24T01:00:00Z
4,2026-09-27,2017-09-24,True,4,0.16700000000037107,2017-09-24T02:00:00Z
4,2026-09-27,2017-09-24,True,5,0.2029999999995198,2017-09-24T03:00:00Z
4,2026-09-27,2017-09-24,True,6,0.15999999999985448,2017-09-24T04:00:00Z
4,2026-09-27,2017-09-24,True,7,0.9369999999998981,2017-09-24T05:00:00Z
4,2026-09-27,2017-09-24,True,8,0.23400000000310683,2017-09-24T06:00:00Z
4,2026-09-27,2017-09-24,True,9,0.17199999999866122,2017-09-24T07:00:00Z
4,2026-09-27,2017-09-24,True,10,0.22199999999793363,2017-09-24T08:00:00Z
4,2026-09-27,2017-09-24,True,11,0.5910000000003492,2017-09-24T09:00:00Z
4,2026-09-27,2017-09-24,True,12,3.1450000000004366,2017-09-24T10:00:00Z
4,2026-09-27,2017-09-24,True,13,2.9390000000021246,2017-09-24T11:00:00Z
4,2026-09-27,2017-09-24,True,14,1.8699999999989814,2017-09-24T12:00:00Z
4,2026-09-27,2017-09-24,True,15,0.3440000000009604,2017-09-24T13:00:00Z
4,2026-09-27,2017-09-24,True,16,0.19099999999889405,2017-09-24T14:00:00Z
4,2026-09-27,2017-09-24,True,17,0.2749999999978172,2017-09-24T15:00:00Z
4,2026-09-27,2017-09-24,True,18,0.2360000000016953,2017-09-24T16:00:00Z
4,2026-09-27,2017-09-24,True,19,0.4379999999982829,2017-09-24T17:00:00Z
4,2026-09-27,2017-09-24,True,20,0.4710000000004584,2017-09-24T18:00:00Z
4,2026-09-27,2017-09-24,True,21,0.3209999999999127,2017-09-24T19:00:00Z
4,2026-09-27,2017-09-24,True,22,0.3609999999998763,2017-09-24T20:00:00Z
4,2026-09-27,2017-09-24,True,23,0.23300000000017462,2017-09-24T21:00:00Z
4,2026-09-28,2017-09-25,True,0,0.21599999999943975,2017-09-24T22:00:00Z
4,2026-09-28,2017-09-25,True,1,0.16499999999996362,2017-09-24T23:00:00Z
4,2026-09-28,2017-09-25,True,2,0.17799999999988358,2017-09-25T00:00:00Z
4,2026-09-28,2017-09-25,True,3,0.2220000000006621,2017-09-25T01:00:00Z
4,2026-09-28,2017-09-25,True,4,0.1610000000000582,2017-09-25T02:00:00Z
4,2026-09-28,2017-09-25,True,5,0.2039999999997235,2017-09-25T03:00:00Z
4,2026-09-28,2017-09-25,True,6,0.2600000000002183,2017-09-25T04:00:00Z
4,2026-09-28,2017-09-25,True,7,0.3110000000006039,2017-09-25T05:00:00Z
4,2026-09-28,2017-09-25,True,8,0.23700000000189902,2017-09-25T06:00:00Z
4,2026-09-28,2017-09-25,True,9,0.1749999999992724,2017-09-25T07:00:00Z
4,2026-09-28,2017-09-25,True,10,0.22599999999874854,2017-09-25T08:00:00Z
4,2026-09-28,2017-09-25,True,11,0.1540000000022701,2017-09-25T09:00:00Z
4,2026-09-28,2017-09-25,True,12,0.49799999999595457,2017-09-25T10:00:00Z
4,2026-09-28,2017-09-25,True,13,0.3370000000031723,2017-09-25T11:00:00Z
4,2026-09-28,2017-09-25,True,14,0.6269999999967695,2017-09-25T12:00:00Z
4,2026-09-28,2017-09-25,True,15,0.3150000000023283,2017-09-25T13:00:00Z
4,2026-09-28,2017-09-25,True,16,0.19100000000253203,2017-09-25T14:00:00Z
4,2026-09-28,2017-09-25,True,17,0.16499999999723514,2017-09-25T15:00:00Z
4,2026-09-28,2017-09-25,True,18,0.20200000000022555,2017-09-25T16:00:00Z
4,2026-09-28,2017-09-25,True,19,0.33000000000083674,2017-09-25T17:00:00Z
4,2026-09-28,2017-09-25,True,20,0.34100000000034925,2017-09-25T18:00:00Z
4,2026-09-28,2017-09-25,True,21,0.3429999999998472,2017-09-25T19:00:00Z
4,2026-09-28,2017-09-25,True,22,0.3679999999994834,2017-09-25T20:00:00Z
4,2026-09-28,2017-09-25,True,23,0.23300000000017462,2017-09-25T21:00:00Z
5,2026-01-01,2018-01-04,True,0,0.21499999999923602,2018-01-03T23:00:00Z
5,2026-01-01,2018-01-04,True,1,0.19500000000061846,2018-01-04T00:00:00Z
5,2026-01-01,2018-01-04,True,2,0.25500000000010914,2018-01-04T01:00:00Z
5,2026-01-01,2018-01-04,True,3,0.21999999999934516,2018-01-04T02:00:00Z
5,2026-01-01,2018-01-04,True,4,0.2000000000007276,2018-01-04T03:00:00Z
5,2026-01-01,2018-01-04,True,5,0.18499999999949068,2018-01-04T04:00:00Z
5,2026-01-01,2018-01-04,True,6,0.2749999999996362,2018-01-04T05:00:00Z
5,2026-01-01,2018-01-04,True,7,0.21000000000003638,2018-01-04T06:00:00Z
5,2026-01-01,2018-01-04,True,8,0.25,2018-01-04T07:00:00Z
5,2026-01-01,2018-01-04,True,9,0.2570000000005166,2018-01-04T08:00:00Z
5,2026-01-01,2018-01-04,True,10,0.7979999999997744,2018-01-04T09:00:00Z
5,2026-01-01,2018-01-04,True,11,0.23999999999978172,2018-01-04T10:00:00Z
5,2026-01-01,2018-01-04,True,12,0.27000000000043656,2018-01-04T11:00:00Z
5,2026-01-01,2018-01-04,True,13,0.05500000000029104,2018-01-04T12:00:00Z
5,2026-01-01,2018-01-04,True,14,0.12999999999919964,2018-01-04T13:00:00Z
5,2026-01-01,2018-01-04,True,15,0.0500000000001819,2018-01-04T14:00:00Z
5,2026-01-01,2018-01-04,True,16,0.06700000000000728,2018-01-04T15:00:00Z
5,2026-01-01,2018-01-04,True,17,0.03400000000056025,2018-01-04T16:00:00Z
5,2026-01-01,2018-01-04,True,18,0.11899999999968713,2018-01-04T17:00:00Z
5,2026-01-01,2018-01-04,True,19,0.06999999999970896,2018-01-04T18:00:00Z
5,2026-01-01,2018-01-04,True,20,0.03999999999996362,2018-01-04T19:00:00Z
5,2026-01-01,2018-01-04,True,21,0.061000000000603904,2018-01-04T20:00:00Z
5,2026-01-01,2018-01-04,True,22,0.07399999999961437,2018-01-04T21:00:00Z
5,2026-01-01,2018-01-04,True,23,0.10500000000047294,2018-01-04T22:00:00Z
5,2026-01-02,2016-01-01,True,0,0.3550000000000182,2015-12-31T23:00:00Z
5,2026-01-02,2016-01-01,True,1,0.5999999999999659,2016-01-01T00:00:00Z
5,2026-01-02,2016-01-01,True,2,0.5600000000000023,2016-01-01T01:00:00Z
5,2026-01-02,2016-01-01,True,3,0.5149999999999864,2016-01-01T02:00:00Z
5,2026-01-02,2016-01-01,True,4,0.4300000000000068,2016-01-01T03:00:00Z
5,2026-01-02,2016-01-01,True,5,0.25499999999999545,2016-01-01T04:00:00Z
5,2026-01-02,2016-01-01,True,6,0.2950000000000159,2016-01-01T05:00:00Z
5,2026-01-02,2016-01-01,True,7,0.23500000000001364,2016-01-01T06:00:00Z
5,2026-01-02,2016-01-01,True,8,0.6150000000000091,2016-01-01T07:00:00Z
5,2026-01-02,2016-01-01,True,9,0.5299999999999727,2016-01-01T08:00:00Z
5,2026-01-02,2016-01-01,True,10,0.8949999999999818,2016-01-01T09:00:00Z
5,2026-01-02,2016-01-01,True,11,0.9300000000000068,2016-01-01T10:00:00Z
5,2026-01-02,2016-01-01,True,12,0.5649999999999977,2016-01-01T11:00:00Z
5,2026-01-02,2016-01-01,True,13,0.5200000000000387,2016-01-01T12:00:00Z
5,2026-01-02,2016-01-01,True,14,0.6699999999999591,2016-01-01T13:00:00Z
5,2026-01-02,2016-01-01,True,15,0.46500000000003183,2016-01-01T14:00:00Z
5,2026-01-02,2016-01-01,True,16,0.38999999999998636,2016-01-01T15:00:00Z
5,2026-01-02,2016-01-01,True,17,0.5,2016-01-01T16:00:00Z
5,2026-01-02,2016-01-01,True,18,0.5099999999999909,2016-01-01T17:00:00Z
5,2026-01-02,2016-01-01,True,19,0.3100000000000023,2016-01-01T18:00:00Z
5,2026-01-02,2016-01-01,True,20,0.5049999999999955,2016-01-01T19:00:00Z
5,2026-01-02,2016-01-01,True,21,0.5850000000000364,2016-01-01T20:00:00Z
5,2026-01-02,2016-01-01,True,22,0.6699999999999591,2016-01-01T21:00:00Z
5,2026-01-02,2016-01-01,True,23,1.0749999999999886,2016-01-01T22:00:00Z
5,2026-01-03,2016-01-02,True,0,0.5450000000000728,2016-01-01T23:00:00Z
5,2026-01-03,2016-01-02,True,1,1.0649999999999409,2016-01-02T00:00:00Z
5,2026-01-03,2016-01-02,True,2,0.5249999999999773,2016-01-02T01:00:00Z
5,2026-01-03,2016-01-02,True,3,0.6600000000000819,2016-01-02T02:00:00Z
5,2026-01-03,2016-01-02,True,4,0.4049999999999727,2016-01-02T03:00:00Z
5,2026-01-03,2016-01-02,True,5,0.25,2016-01-02T04:00:00Z
5,2026-01-03,2016-01-02,True,6,0.31999999999993634,2016-01-02T05:00:00Z
5,2026-01-03,2016-01-02,True,7,0.25,2016-01-02T06:00:00Z
5,2026-01-03,2016-01-02,True,8,0.32000000000005,2016-01-02T07:00:00Z
5,2026-01-03,2016-01-02,True,9,0.3450000000000273,2016-01-02T08:00:00Z
5,2026-01-03,2016-01-02,True,10,0.37000000000000455,2016-01-02T09:00:00Z
5,2026-01-03,2016-01-02,True,11,0.3149999999999409,2016-01-02T10:00:00Z
5,2026-01-03,2016-01-02,True,12,0.3100000000000591,2016-01-02T11:00:00Z
5,2026-01-03,2016-01-02,True,13,0.2599999999999909,2016-01-02T12:00:00Z
5,2026-01-03,2016-01-02,True,14,0.31999999999993634,2016-01-02T13:00:00Z
5,2026-01-03,2016-01-02,True,15,0.35000000000002274,2016-01-02T14:00:00Z
5,2026-01-03,2016-01-02,True,16,0.5149999999999864,2016-01-02T15:00:00Z
5,2026-01-03,2016-01-02,True,17,0.6200000000000045,2016-01-02T16:00:00Z
5,2026-01-03,2016-01-02,True,18,0.94500000000005,2016-01-02T17:00:00Z
5,2026-01-03,2016-01-02,True,19,0.3249999999999318,2016-01-02T18:00:00Z
5,2026-01-03,2016-01-02,True,20,0.3849999999999909,2016-01-02T19:00:00Z
5,2026-01-03,2016-01-02,True,21,0.7300000000000182,2016-01-02T20:00:00Z
5,2026-01-03,2016-01-02,True,22,0.7950000000000728,2016-01-02T21:00:00Z
5,2026-01-03,2016-01-02,True,23,0.7599999999999909,2016-01-02T22:00:00Z
5,2026-01-04,2016-01-03,True,0,0.67999999999995,2016-01-02T23:00:00Z
5,2026-01-04,2016-01-03,True,1,0.6000000000000227,2016-01-03T00:00:00Z
5,2026-01-04,2016-01-03,True,2,0.44000000000005457,2016-01-03T01:00:00Z
5,2026-01-04,2016-01-03,True,3,0.5799999999999272,2016-01-03T02:00:00Z
5,2026-01-04,2016-01-03,True,4,0.38999999999998636,2016-01-03T03:00:00Z
5,2026-01-04,2016-01-03,True,5,0.19500000000005002,2016-01-03T04:00:00Z
5,2026-01-04,2016-01-03,True,6,0.25,2016-01-03T05:00:00Z
5,2026-01-04,2016-01-03,True,7,0.17999999999994998,2016-01-03T06:00:00Z
5,2026-01-04,2016-01-03,True,8,0.22500000000002274,2016-01-03T07:00:00Z
5,2026-01-04,2016-01-03,True,9,0.21500000000003183,2016-01-03T08:00:00Z
5,2026-01-04,2016-01-03,True,10,1.7450000000000045,2016-01-03T09:00:00Z
5,2026-01-04,2016-01-03,True,11,1.1200000000000045,2016-01-03T10:00:00Z
5,2026-01-04,2016-01-03,True,12,0.35000000000002274,2016-01-03T11:00:00Z
5,2026-01-04,2016-01-03,True,13,0.7799999999999727,2016-01-03T12:00:00Z
5,2026-01-04,2016-01-03,True,14,0.5449999999999591,2016-01-03T13:00:00Z
5,2026-01-04,2016-01-03,True,15,0.22000000000002728,2016-01-03T14:00:00Z
5,2026-01-04,2016-01-03,True,16,0.25499999999999545,2016-01-03T15:00:00Z
5,2026-01-04,2016-01-03,True,17,0.5049999999999955,2016-01-03T16:00:00Z
5,2026-01-04,2016-01-03,True,18,0.9099999999999682,2016-01-03T17:00:00Z
5,2026-01-04,2016-01-03,True,19,0.7400000000000091,2016-01-03T18:00:00Z
5,2026-01-04,2016-01-03,True,20,1.0750000000000455,2016-01-03T19:00:00Z
5,2026-01-04,2016-01-03,True,21,0.9149999999999636,2016-01-03T20:00:00Z
5,2026-01-04,2016-01-03,True,22,1.4249999999999545,2016-01-03T21:00:00Z
5,2026-01-04,2016-01-03,True,23,0.6350000000001046,2016-01-03T22:00:00Z
5,2026-01-05,2016-01-04,True,0,0.6599999999999682,2016-01-03T23:00:00Z
5,2026-01-05,2016-01-04,True,1,0.6499999999999773,2016-01-04T00:00:00Z
5,2026-01-05,2016-01-04,True,2,0.24500000000000455,2016-01-04T01:00:00Z
5,2026-01-05,2016-01-04,True,3,0.19500000000005002,2016-01-04T02:00:00Z
5,2026-01-05,2016-01-04,True,4,0.2199999999999136,2016-01-04T03:00:00Z
5,2026-01-05,2016-01-04,True,5,0.16000000000008185,2016-01-04T04:00:00Z
5,2026-01-05,2016-01-04,True,6,0.2799999999999727,2016-01-04T05:00:00Z
5,2026-01-05,2016-01-04,True,7,0.2599999999999909,2016-01-04T06:00:00Z
5,2026-01-05,2016-01-04,True,8,0.3550000000000182,2016-01-04T07:00:00Z
5,2026-01-05,2016-01-04,True,9,0.42999999999995,2016-01-04T08:00:00Z
5,2026-01-05,2016-01-04,True,10,0.3300000000000409,2016-01-04T09:00:00Z
5,2026-01-05,2016-01-04,True,11,0.3149999999999409,2016-01-04T10:00:00Z
5,2026-01-05,2016-01-04,True,12,0.7350000000000136,2016-01-04T11:00:00Z
5,2026-01-05,2016-01-04,True,13,0.4150000000000773,2016-01-04T12:00:00Z
5,2026-01-05,2016-01-04,True,14,0.2799999999999727,2016-01-04T13:00:00Z
5,2026-01-05,2016-01-04,True,15,0.3249999999999318,2016-01-04T14:00:00Z
5,2026-01-05,2016-01-04,True,16,0.7800000000000864,2016-01-04T15:00:00Z
5,2026-01-05,2016-01-04,True,17,0.4399999999999409,2016-01-04T16:00:00Z
5,2026-01-05,2016-01-04,True,18,0.3300000000000409,2016-01-04T17:00:00Z
5,2026-01-05,2016-01-04,True,19,0.36199999999996635,2016-01-04T18:00:00Z
5,2026-01-05,2016-01-04,True,20,0.2999999999999545,2016-01-04T19:00:00Z
5,2026-01-05,2016-01-04,True,21,0.28500000000008185,2016-01-04T20:00:00Z
5,2026-01-05,2016-01-04,True,22,0.65300000000002,2016-01-04T21:00:00Z
5,2026-01-05,2016-01-04,True,23,0.6549999999999727,2016-01-04T22:00:00Z
5,2026-01-06,2016-01-05,True,0,0.5019999999999527,2016-01-04T23:00:00Z
5,2026-01-06,2016-01-05,True,1,0.4580000000000837,2016-01-05T00:00:00Z
5,2026-01-06,2016-01-05,True,2,0.5,2016-01-05T01:00:00Z
5,2026-01-06,2016-01-05,True,3,0.3869999999999436,2016-01-05T02:00:00Z
5,2026-01-06,2016-01-05,True,4,0.22000000000002728,2016-01-05T03:00:00Z
5,2026-01-06,2016-01-05,True,5,0.22000000000002728,2016-01-05T04:00:00Z
5,2026-01-06,2016-01-05,True,6,0.20799999999997,2016-01-05T05:00:00Z
5,2026-01-06,2016-01-05,True,7,0.23500000000001364,2016-01-05T06:00:00Z
5,2026-01-06,2016-01-05,True,8,0.58299999999997,2016-01-05T07:00:00Z
5,2026-01-06,2016-01-05,True,9,0.2939999999999827,2016-01-05T08:00:00Z
5,2026-01-06,2016-01-05,True,10,0.7799999999999727,2016-01-05T09:00:00Z
5,2026-01-06,2016-01-05,True,11,0.18799999999998818,2016-01-05T10:00:00Z
5,2026-01-06,2016-01-05,True,12,0.7800000000000864,2016-01-05T11:00:00Z
5,2026-01-06,2016-01-05,True,13,0.36199999999996635,2016-01-05T12:00:00Z
5,2026-01-06,2016-01-05,True,14,0.2400000000000091,2016-01-05T13:00:00Z
5,2026-01-06,2016-01-05,True,15,0.22500000000002274,2016-01-05T14:00:00Z
5,2026-01-06,2016-01-05,True,16,0.44499999999993634,2016-01-05T15:00:00Z
5,2026-01-06,2016-01-05,True,17,0.4500000000000455,2016-01-05T16:00:00Z
5,2026-01-06,2016-01-05,True,18,1.3299999999999272,2016-01-05T17:00:00Z
5,2026-01-06,2016-01-05,True,19,1.1730000000000018,2016-01-05T18:00:00Z
5,2026-01-06,2016-01-05,True,20,0.5900000000000318,2016-01-05T19:00:00Z
5,2026-01-06,2016-01-05,True,21,0.43000000000006366,2016-01-05T20:00:00Z
5,2026-01-06,2016-01-05,True,22,0.2699999999999818,2016-01-05T21:00:00Z
5,2026-01-06,2016-01-05,True,23,0.27800000000002,2016-01-05T22:00:00Z
5,2026-01-07,2016-01-06,True,0,0.3489999999999327,2016-01-05T23:00:00Z
5,2026-01-07,2016-01-06,True,1,0.9630000000000791,2016-01-06T00:00:00Z
5,2026-01-07,2016-01-06,True,2,0.6599999999999682,2016-01-06T01:00:00Z
5,2026-01-07,2016-01-06,True,3,0.7749999999999773,2016-01-06T02:00:00Z
5,2026-01-07,2016-01-06,True,4,0.13199999999994816,2016-01-06T03:00:00Z
5,2026-01-07,2016-01-06,True,5,0.11800000000005184,2016-01-06T04:00:00Z
5,2026-01-07,2016-01-06,True,6,0.14200000000005275,2016-01-06T05:00:00Z
5,2026-01-07,2016-01-06,True,7,0.25299999999992906,2016-01-06T06:00:00Z
5,2026-01-07,2016-01-06,True,8,0.26300000000003365,2016-01-06T07:00:00Z
5,2026-01-07,2016-01-06,True,9,0.15399999999999636,2016-01-06T08:00:00Z
5,2026-01-07,2016-01-06,True,10,0.13999999999998636,2016-01-06T09:00:00Z
5,2026-01-07,2016-01-06,True,11,0.125,2016-01-06T10:00:00Z
5,2026-01-07,2016-01-06,True,12,0.15300000000002,2016-01-06T11:00:00Z
5,2026-01-07,2016-01-06,True,13,0.12199999999995725,2016-01-06T12:00:00Z
5,2026-01-07,2016-01-06,True,14,0.13999999999998636,2016-01-06T13:00:00Z
5,2026-01-07,2016-01-06,True,15,0.11800000000005184,2016-01-06T14:00:00Z
5,2026-01-07,2016-01-06,True,16,0.125,2016-01-06T15:00:00Z
5,2026-01-07,2016-01-06,True,17,0.14699999999993452,2016-01-06T16:00:00Z
5,2026-01-07,2016-01-06,True,18,0.12999999999999545,2016-01-06T17:00:00Z
5,2026-01-07,2016-01-06,True,19,0.3330000000000837,2016-01-06T18:00:00Z
5,2026-01-07,2016-01-06,True,20,0.5319999999999254,2016-01-06T19:00:00Z
5,2026-01-07,2016-01-06,True,21,0.6710000000000491,2016-01-06T20:00:00Z
5,2026-01-07,2016-01-06,True,22,0.6989999999999554,2016-01-06T21:00:00Z
5,2026-01-07,2016-01-06,True,23,0.6600000000000819,2016-01-06T22:00:00Z
5,2026-01-08,2016-01-07,True,0,0.6479999999999109,2016-01-06T23:00:00Z
5,2026-01-08,2016-01-07,True,1,0.4600000000000364,2016-01-07T00:00:00Z
5,2026-01-08,2016-01-07,True,2,0.5550000000000637,2016-01-07T01:00:00Z
5,2026-01-08,2016-01-07,True,3,0.67999999999995,2016-01-07T02:00:00Z
5,2026-01-08,2016-01-07,True,4,0.6770000000000209,2016-01-07T03:00:00Z
5,2026-01-08,2016-01-07,True,5,0.4979999999999336,2016-01-07T04:00:00Z
5,2026-01-08,2016-01-07,True,6,0.28700000000003456,2016-01-07T05:00:00Z
5,2026-01-08,2016-01-07,True,7,0.3930000000000291,2016-01-07T06:00:00Z
5,2026-01-08,2016-01-07,True,8,0.2799999999999727,2016-01-07T07:00:00Z
5,2026-01-08,2016-01-07,True,9,0.3269999999999982,2016-01-07T08:00:00Z
5,2026-01-08,2016-01-07,True,10,0.2699999999999818,2016-01-07T09:00:00Z
5,2026-01-08,2016-01-07,True,11,0.3530000000000655,2016-01-07T10:00:00Z
5,2026-01-08,2016-01-07,True,12,0.3170000000000073,2016-01-07T11:00:00Z
5,2026-01-08,2016-01-07,True,13,0.2599999999999909,2016-01-07T12:00:00Z
5,2026-01-08,2016-01-07,True,14,0.6749999999999545,2016-01-07T13:00:00Z
5,2026-01-08,2016-01-07,True,15,0.9099999999999682,2016-01-07T14:00:00Z
5,2026-01-08,2016-01-07,True,16,0.8100000000000591,2016-01-07T15:00:00Z
5,2026-01-08,2016-01-07,True,17,0.7129999999999654,2016-01-07T16:00:00Z
5,2026-01-08,2016-01-07,True,18,0.8070000000000164,2016-01-07T17:00:00Z
5,2026-01-08,2016-01-07,True,19,1.0950000000000273,2016-01-07T18:00:00Z
5,2026-01-08,2016-01-07,True,20,0.9750000000000227,2016-01-07T19:00:00Z
5,2026-01-08,2016-01-07,True,21,0.9729999999999563,2016-01-07T20:00:00Z
5,2026-01-08,2016-01-07,True,22,0.9249999999999545,2016-01-07T21:00:00Z
5,2026-01-08,2016-01-07,True,23,0.9420000000000073,2016-01-07T22:00:00Z
5,2026-01-09,2016-01-08,True,0,0.5199999999999818,2016-01-07T23:00:00Z
5,2026-01-09,2016-01-08,True,1,0.4780000000000655,2016-01-08T00:00:00Z
5,2026-01-09,2016-01-08,True,2,0.5190000000000055,2016-01-08T01:00:00Z
5,2026-01-09,2016-01-08,True,3,0.46100000000001273,2016-01-08T02:00:00Z
5,2026-01-09,2016-01-08,True,4,0.5219999999999345,2016-01-08T03:00:00Z
5,2026-01-09,2016-01-08,True,5,0.35800000000006094,2016-01-08T04:00:00Z
5,2026-01-09,2016-01-08,True,6,0.36000000000001364,2016-01-08T05:00:00Z
5,2026-01-09,2016-01-08,True,7,0.3769999999999527,2016-01-08T06:00:00Z
5,2026-01-09,2016-01-08,True,8,0.3300000000000409,2016-01-08T07:00:00Z
5,2026-01-09,2016-01-08,True,9,1.5229999999999109,2016-01-08T08:00:00Z
5,2026-01-09,2016-01-08,True,10,0.3300000000000409,2016-01-08T09:00:00Z
5,2026-01-09,2016-01-08,True,11,0.3870000000000573,2016-01-08T10:00:00Z
5,2026-01-09,2016-01-08,True,12,0.6479999999999109,2016-01-08T11:00:00Z
5,2026-01-09,2016-01-08,True,13,0.6800000000000637,2016-01-08T12:00:00Z
5,2026-01-09,2016-01-08,True,14,0.7069999999999936,2016-01-08T13:00:00Z
5,2026-01-09,2016-01-08,True,15,0.6630000000000109,2016-01-08T14:00:00Z
5,2026-01-09,2016-01-08,True,16,0.5670000000000073,2016-01-08T15:00:00Z
5,2026-01-09,2016-01-08,True,17,0.4800000000000182,2016-01-08T16:00:00Z
5,2026-01-09,2016-01-08,True,18,0.5579999999999927,2016-01-08T17:00:00Z
5,2026-01-09,2016-01-08,True,19,0.42999999999995,2016-01-08T18:00:00Z
5,2026-01-09,2016-01-08,True,20,0.3100000000000591,2016-01-08T19:00:00Z
5,2026-01-09,2016-01-08,True,21,0.5149999999999864,2016-01-08T20:00:00Z
5,2026-01-09,2016-01-08,True,22,0.7099999999999227,2016-01-08T21:00:00Z
5,2026-01-09,2016-01-08,True,23,0.6170000000000755,2016-01-08T22:00:00Z
5,2026-01-10,2016-01-09,True,0,0.4679999999999609,2016-01-08T23:00:00Z
5,2026-01-10,2016-01-09,True,1,0.5919999999999845,2016-01-09T00:00:00Z
5,2026-01-10,2016-01-09,True,2,0.6779999999999973,2016-01-09T01:00:00Z
5,2026-01-10,2016-01-09,True,3,0.44000000000005457,2016-01-09T02:00:00Z
5,2026-01-10,2016-01-09,True,4,0.2880000000000109,2016-01-09T03:00:00Z
5,2026-01-10,2016-01-09,True,5,0.17899999999997362,2016-01-09T04:00:00Z
5,2026-01-10,2016-01-09,True,6,0.2599999999999909,2016-01-09T05:00:00Z
5,2026-01-10,2016-01-09,True,7,0.18999999999994088,2016-01-09T06:00:00Z
5,2026-01-10,2016-01-09,True,8,0.21000000000003638,2016-01-09T07:00:00Z
5,2026-01-10,2016-01-09,True,9,0.25300000000004275,2016-01-09T08:00:00Z
5,2026-01-10,2016-01-09,True,10,0.20299999999997453,2016-01-09T09:00:00Z
5,2026-01-10,2016-01-09,True,11,0.2619999999999436,2016-01-09T10:00:00Z
5,2026-01-10,2016-01-09,True,12,0.6650000000000773,2016-01-09T11:00:00Z
5,2026-01-10,2016-01-09,True,13,0.32999999999992724,2016-01-09T12:00:00Z
5,2026-01-10,2016-01-09,True,14,0.33199999999999363,2016-01-09T13:00:00Z
5,2026-01-10,2016-01-09,True,15,0.28500000000008185,2016-01-09T14:00:00Z
5,2026-01-10,2016-01-09,True,16,0.27300000000002456,2016-01-09T15:00:00Z
5,2026-01-10,2016-01-09,True,17,0.2199999999999136,2016-01-09T16:00:00Z
5,2026-01-10,2016-01-09,True,18,0.8450000000000273,2016-01-09T17:00:00Z
5,2026-01-10,2016-01-09,True,19,1.3170000000000073,2016-01-09T18:00:00Z
5,2026-01-10,2016-01-09,True,20,1.07000000000005,2016-01-09T19:00:00Z
5,2026-01-10,2016-01-09,True,21,0.8929999999999154,2016-01-09T20:00:00Z
5,2026-01-10,2016-01-09,True,22,1.3100000000000591,2016-01-09T21:00:00Z
5,2026-01-10,2016-01-09,True,23,0.7300000000000182,2016-01-09T22:00:00Z
5,2026-01-11,2016-01-10,True,0,0.5849999999999227,2016-01-09T23:00:00Z
5,2026-01-11,2016-01-10,True,1,0.5099999999999909,2016-01-10T00:00:00Z
5,2026-01-11,2016-01-10,True,2,0.4519999999999982,2016-01-10T01:00:00Z
5,2026-01-11,2016-01-10,True,3,0.29500000000007276,2016-01-10T02:00:00Z
5,2026-01-11,2016-01-10,True,4,0.2400000000000091,2016-01-10T03:00:00Z
5,2026-01-11,2016-01-10,True,5,0.2099999999999227,2016-01-10T04:00:00Z
5,2026-01-11,2016-01-10,True,6,0.25,2016-01-10T05:00:00Z
5,2026-01-11,2016-01-10,True,7,0.20300000000008822,2016-01-10T06:00:00Z
5,2026-01-11,2016-01-10,True,8,0.7319999999999709,2016-01-10T07:00:00Z
5,2026-01-11,2016-01-10,True,9,0.40300000000002,2016-01-10T08:00:00Z
5,2026-01-11,2016-01-10,True,10,0.33199999999999363,2016-01-10T09:00:00Z
5,2026-01-11,2016-01-10,True,11,0.2300000000000182,2016-01-10T10:00:00Z
5,2026-01-11,2016-01-10,True,12,0.25,2016-01-10T11:00:00Z
5,2026-01-11,2016-01-10,True,13,0.1999999999999318,2016-01-10T12:00:00Z
5,2026-01-11,2016-01-10,True,14,0.2699999999999818,2016-01-10T13:00:00Z
5,2026-01-11,2016-01-10,True,15,0.24300000000005184,2016-01-10T14:00:00Z
5,2026-01-11,2016-01-10,True,16,0.4819999999999709,2016-01-10T15:00:00Z
5,2026-01-11,2016-01-10,True,17,0.57000000000005,2016-01-10T16:00:00Z
5,2026-01-11,2016-01-10,True,18,0.5179999999999154,2016-01-10T17:00:00Z
5,2026-01-11,2016-01-10,True,19,0.5920000000000982,2016-01-10T18:00:00Z
5,2026-01-11,2016-01-10,True,20,0.7399999999998954,2016-01-10T19:00:00Z
5,2026-01-11,2016-01-10,True,21,0.6050000000000182,2016-01-10T20:00:00Z
5,2026-01-11,2016-01-10,True,22,0.4050000000000864,2016-01-10T21:00:00Z
5,2026-01-11,2016-01-10,True,23,0.44299999999998363,2016-01-10T22:00:00Z
5,2026-01-12,2016-01-11,True,0,0.16800000000000637,2016-01-10T23:00:00Z
5,2026-01-12,2016-01-11,True,1,0.5539999999999736,2016-01-11T00:00:00Z
5,2026-01-12,2016-01-11,True,2,0.11799999999993815,2016-01-11T01:00:00Z
5,2026-01-12,2016-01-11,True,3,0.09000000000003183,2016-01-11T02:00:00Z
5,2026-01-12,2016-01-11,True,4,0.10000000000002274,2016-01-11T03:00:00Z
5,2026-01-12,2016-01-11,True,5,0.09199999999998454,2016-01-11T04:00:00Z
5,2026-01-12,2016-01-11,True,6,0.2300000000000182,2016-01-11T05:00:00Z
5,2026-01-12,2016-01-11,True,7,0.22000000000002728,2016-01-11T06:00:00Z
5,2026-01-12,2016-01-11,True,8,0.2919999999999163,2016-01-11T07:00:00Z
5,2026-01-12,2016-01-11,True,9,0.19400000000007367,2016-01-11T08:00:00Z
5,2026-01-12,2016-01-11,True,10,0.2440000000000282,2016-01-11T09:00:00Z
5,2026-01-12,2016-01-11,True,11,0.2199999999999136,2016-01-11T10:00:00Z
5,2026-01-12,2016-01-11,True,12,0.2800000000000864,2016-01-11T11:00:00Z
5,2026-01-12,2016-01-11,True,13,0.2299999999999045,2016-01-11T12:00:00Z
5,2026-01-12,2016-01-11,True,14,0.2300000000000182,2016-01-11T13:00:00Z
5,2026-01-12,2016-01-11,True,15,0.20000000000004547,2016-01-11T14:00:00Z
5,2026-01-12,2016-01-11,True,16,0.25,2016-01-11T15:00:00Z
5,2026-01-12,2016-01-11,True,17,0.24299999999993815,2016-01-11T16:00:00Z
5,2026-01-12,2016-01-11,True,18,0.5500000000000682,2016-01-11T17:00:00Z
5,2026-01-12,2016-01-11,True,19,0.5049999999999955,2016-01-11T18:00:00Z
5,2026-01-12,2016-01-11,True,20,0.6200000000000045,2016-01-11T19:00:00Z
5,2026-01-12,2016-01-11,True,21,1.3949999999999818,2016-01-11T20:00:00Z
5,2026-01-12,2016-01-11,True,22,0.9399999999999409,2016-01-11T21:00:00Z
5,2026-01-12,2016-01-11,True,23,0.30700000000001637,2016-01-11T22:00:00Z
5,2026-01-13,2016-01-12,True,0,0.6700000000000728,2016-01-11T23:00:00Z
5,2026-01-13,2016-01-12,True,1,0.1999999999999318,2016-01-12T00:00:00Z
5,2026-01-13,2016-01-12,True,2,0.20000000000004547,2016-01-12T01:00:00Z
5,2026-01-13,2016-01-12,True,3,0.21000000000003638,2016-01-12T02:00:00Z
5,2026-01-13,2016-01-12,True,4,0.19299999999998363,2016-01-12T03:00:00Z
5,2026-01-13,2016-01-12,True,5,0.18299999999999272,2016-01-12T04:00:00Z
5,2026-01-13,2016-01-12,True,6,0.3669999999999618,2016-01-12T05:00:00Z
5,2026-01-13,2016-01-12,True,7,0.35000000000002274,2016-01-12T06:00:00Z
5,2026-01-13,2016-01-12,True,8,0.29700000000002547,2016-01-12T07:00:00Z
5,2026-01-13,2016-01-12,True,9,0.8600000000000136,2016-01-12T08:00:00Z
5,2026-01-13,2016-01-12,True,10,0.6129999999999427,2016-01-12T09:00:00Z
5,2026-01-13,2016-01-12,True,11,0.2899999999999636,2016-01-12T10:00:00Z
5,2026-01-13,2016-01-12,True,12,1.1450000000000955,2016-01-12T11:00:00Z
5,2026-01-13,2016-01-12,True,13,1.1369999999999436,2016-01-12T12:00:00Z
5,2026-01-13,2016-01-12,True,14,0.7849999999999682,2016-01-12T13:00:00Z
5,2026-01-13,2016-01-12,True,15,0.2900000000000773,2016-01-12T14:00:00Z
5,2026-01-13,2016-01-12,True,16,0.2299999999999045,2016-01-12T15:00:00Z
5,2026-01-13,2016-01-12,True,17,0.22000000000002728,2016-01-12T16:00:00Z
5,2026-01-13,2016-01-12,True,18,0.21000000000003638,2016-01-12T17:00:00Z
5,2026-01-13,2016-01-12,True,19,0.31999999999993634,2016-01-12T18:00:00Z
5,2026-01-13,2016-01-12,True,20,0.35800000000006094,2016-01-12T19:00:00Z
5,2026-01-13,2016-01-12,True,21,0.8369999999999891,2016-01-12T20:00:00Z
5,2026-01-13,2016-01-12,True,22,0.6230000000000473,2016-01-12T21:00:00Z
5,2026-01-13,2016-01-12,True,23,0.7759999999999536,2016-01-12T22:00:00Z
5,2026-01-14,2016-01-13,True,0,0.08600000000001273,2016-01-12T23:00:00Z
5,2026-01-14,2016-01-13,True,1,0.12800000000004275,2016-01-13T00:00:00Z
5,2026-01-14,2016-01-13,True,2,0.10199999999997544,2016-01-13T01:00:00Z
5,2026-01-14,2016-01-13,True,3,0.07999999999992724,2016-01-13T02:00:00Z
5,2026-01-14,2016-01-13,True,4,0.11800000000005184,2016-01-13T03:00:00Z
5,2026-01-14,2016-01-13,True,5,0.08199999999999363,2016-01-13T04:00:00Z
5,2026-01-14,2016-01-13,True,6,0.21000000000003638,2016-01-13T05:00:00Z
5,2026-01-14,2016-01-13,True,7,0.2539999999999054,2016-01-13T06:00:00Z
5,2026-01-14,2016-01-13,True,8,0.22400000000004638,2016-01-13T07:00:00Z
5,2026-01-14,2016-01-13,True,9,0.12199999999995725,2016-01-13T08:00:00Z
5,2026-01-14,2016-01-13,True,10,0.12800000000004275,2016-01-13T09:00:00Z
5,2026-01-14,2016-01-13,True,11,0.14999999999997726,2016-01-13T10:00:00Z
5,2026-01-14,2016-01-13,True,12,0.11200000000008004,2016-01-13T11:00:00Z
5,2026-01-14,2016-01-13,True,13,0.14799999999991087,2016-01-13T12:00:00Z
5,2026-01-14,2016-01-13,True,14,0.18200000000001637,2016-01-13T13:00:00Z
5,2026-01-14,2016-01-13,True,15,0.22000000000002728,2016-01-13T14:00:00Z
5,2026-01-14,2016-01-13,True,16,0.3429999999999609,2016-01-13T15:00:00Z
5,2026-01-14,2016-01-13,True,17,0.26700000000005275,2016-01-13T16:00:00Z
5,2026-01-14,2016-01-13,True,18,0.3129999999999882,2016-01-13T17:00:00Z
5,2026-01-14,2016-01-13,True,19,1.3400000000000318,2016-01-13T18:00:00Z
5,2026-01-14,2016-01-13,True,20,0.37000000000000455,2016-01-13T19:00:00Z
5,2026-01-14,2016-01-13,True,21,0.5889999999999418,2016-01-13T20:00:00Z
5,2026-01-14,2016-01-13,True,22,0.3210000000000264,2016-01-13T21:00:00Z
5,2026-01-14,2016-01-13,True,23,0.6380000000000337,2016-01-13T22:00:00Z
5,2026-01-15,2017-01-12,True,0,0.4499999999998181,2017-01-11T23:00:00Z
5,2026-01-15,2017-01-12,True,1,0.27799999999979264,2017-01-12T00:00:00Z
5,2026-01-15,2017-01-12,True,2,0.19000000000005457,2017-01-12T01:00:00Z
5,2026-01-15,2017-01-12,True,3,0.16000000000030923,2017-01-12T02:00:00Z
5,2026-01-15,2017-01-12,True,4,0.23999999999978172,2017-01-12T03:00:00Z
5,2026-01-15,2017-01-12,True,5,0.15999999999985448,2017-01-12T04:00:00Z
5,2026-01-15,2017-01-12,True,6,0.3020000000001346,2017-01-12T05:00:00Z
5,2026-01-15,2017-01-12,True,7,0.36500000000023647,2017-01-12T06:00:00Z
5,2026-01-15,2017-01-12,True,8,0.6229999999995925,2017-01-12T07:00:00Z
5,2026-01-15,2017-01-12,True,9,0.25200000000040745,2017-01-12T08:00:00Z
5,2026-01-15,2017-01-12,True,10,0.7680000000000291,2017-01-12T09:00:00Z
5,2026-01-15,2017-01-12,True,11,0.19200000000000728,2017-01-12T10:00:00Z
5,2026-01-15,2017-01-12,True,12,0.2699999999999818,2017-01-12T11:00:00Z
5,2026-01-15,2017-01-12,True,13,0.1979999999998654,2017-01-12T12:00:00Z
5,2026-01-15,2017-01-12,True,14,0.19000000000005457,2017-01-12T13:00:00Z
5,2026-01-15,2017-01-12,True,15,0.2300000000000182,2017-01-12T14:00:00Z
5,2026-01-15,2017-01-12,True,16,0.1999999999998181,2017-01-12T15:00:00Z
5,2026-01-15,2017-01-12,True,17,0.21199999999998909,2017-01-12T16:00:00Z
5,2026-01-15,2017-01-12,True,18,0.2880000000000109,2017-01-12T17:00:00Z
5,2026-01-15,2017-01-12,True,19,0.20699999999987995,2017-01-12T18:00:00Z
5,2026-01-15,2017-01-12,True,20,0.2630000000003747,2017-01-12T19:00:00Z
5,2026-01-15,2017-01-12,True,21,0.5149999999998727,2017-01-12T20:00:00Z
5,2026-01-15,2017-01-12,True,22,0.4800000000000182,2017-01-12T21:00:00Z
5,2026-01-15,2017-01-12,True,23,0.5149999999998727,2017-01-12T22:00:00Z
5,2026-01-16,2017-01-13,True,0,0.19000000000005457,2017-01-12T23:00:00Z
5,2026-01-16,2017-01-13,True,1,0.2199999999997999,2017-01-13T00:00:00Z
5,2026-01-16,2017-01-13,True,2,0.19000000000005457,2017-01-13T01:00:00Z
5,2026-01-16,2017-01-13,True,3,0.19000000000005457,2017-01-13T02:00:00Z
5,2026-01-16,2017-01-13,True,4,0.20000000000027285,2017-01-13T03:00:00Z
5,2026-01-16,2017-01-13,True,5,0.19200000000000728,2017-01-13T04:00:00Z
5,2026-01-16,2017-01-13,True,6,0.2899999999999636,2017-01-13T05:00:00Z
5,2026-01-16,2017-01-13,True,7,0.38799999999991996,2017-01-13T06:00:00Z
5,2026-01-16,2017-01-13,True,8,0.19000000000005457,2017-01-13T07:00:00Z
5,2026-01-16,2017-01-13,True,9,0.2300000000000182,2017-01-13T08:00:00Z
5,2026-01-16,2017-01-13,True,10,0.21000000000003638,2017-01-13T09:00:00Z
5,2026-01-16,2017-01-13,True,11,0.18999999999959982,2017-01-13T10:00:00Z
5,2026-01-16,2017-01-13,True,12,0.22000000000025466,2017-01-13T11:00:00Z
5,2026-01-16,2017-01-13,True,13,0.21199999999998909,2017-01-13T12:00:00Z
5,2026-01-16,2017-01-13,True,14,0.5879999999997381,2017-01-13T13:00:00Z
5,2026-01-16,2017-01-13,True,15,0.5,2017-01-13T14:00:00Z
5,2026-01-16,2017-01-13,True,16,0.9020000000000437,2017-01-13T15:00:00Z
5,2026-01-16,2017-01-13,True,17,0.5199999999999818,2017-01-13T16:00:00Z
5,2026-01-16,2017-01-13,True,18,0.9329999999999927,2017-01-13T17:00:00Z
5,2026-01-16,2017-01-13,True,19,0.6400000000003274,2017-01-13T18:00:00Z
5,2026-01-16,2017-01-13,True,20,0.58199999999988,2017-01-13T19:00:00Z
5,2026-01-16,2017-01-13,True,21,0.45499999999992724,2017-01-13T20:00:00Z
5,2026-01-16,2017-01-13,True,22,0.48500000000012733,2017-01-13T21:00:00Z
5,2026-01-16,2017-01-13,True,23,0.6050000000000182,2017-01-13T22:00:00Z
5,2026-01-17,2016-01-16,True,0,0.5240000000000009,2016-01-15T23:00:00Z
5,2026-01-17,2016-01-16,True,1,0.49300000000005184,2016-01-16T00:00:00Z
5,2026-01-17,2016-01-16,True,2,0.17799999999999727,2016-01-16T01:00:00Z
5,2026-01-17,2016-01-16,True,3,0.24099999999998545,2016-01-16T02:00:00Z
5,2026-01-17,2016-01-16,True,4,0.15899999999999181,2016-01-16T03:00:00Z
5,2026-01-17,2016-01-16,True,5,0.23099999999999454,2016-01-16T04:00:00Z
5,2026-01-17,2016-01-16,True,6,0.20900000000006003,2016-01-16T05:00:00Z
5,2026-01-17,2016-01-16,True,7,0.21099999999989905,2016-01-16T06:00:00Z
5,2026-01-17,2016-01-16,True,8,0.23900000000003274,2016-01-16T07:00:00Z
5,2026-01-17,2016-01-16,True,9,0.24099999999998545,2016-01-16T08:00:00Z
5,2026-01-17,2016-01-16,True,10,0.25900000000001455,2016-01-16T09:00:00Z
5,2026-01-17,2016-01-16,True,11,0.2300000000000182,2016-01-16T10:00:00Z
5,2026-01-17,2016-01-16,True,12,0.7100000000000364,2016-01-16T11:00:00Z
5,2026-01-17,2016-01-16,True,13,0.2419999999999618,2016-01-16T12:00:00Z
5,2026-01-17,2016-01-16,True,14,1.0270000000000437,2016-01-16T13:00:00Z
5,2026-01-17,2016-01-16,True,15,0.5379999999998972,2016-01-16T14:00:00Z
5,2026-01-17,2016-01-16,True,16,0.5440000000000964,2016-01-16T15:00:00Z
5,2026-01-17,2016-01-16,True,17,1.0039999999999054,2016-01-16T16:00:00Z
5,2026-01-17,2016-01-16,True,18,0.9160000000000537,2016-01-16T17:00:00Z
5,2026-01-17,2016-01-16,True,19,0.86099999999999,2016-01-16T18:00:00Z
5,2026-01-17,2016-01-16,True,20,0.8129999999999882,2016-01-16T19:00:00Z
5,2026-01-17,2016-01-16,True,21,0.6290000000000191,2016-01-16T20:00:00Z
5,2026-01-17,2016-01-16,True,22,0.35799999999994725,2016-01-16T21:00:00Z
5,2026-01-17,2016-01-16,True,23,0.4920000000000755,2016-01-16T22:00:00Z
5,2026-01-18,2016-01-17,True,0,0.27300000000002456,2016-01-16T23:00:00Z
5,2026-01-18,2016-01-17,True,1,0.10399999999992815,2016-01-17T00:00:00Z
5,2026-01-18,2016-01-17,True,2,0.12599999999997635,2016-01-17T01:00:00Z
5,2026-01-18,2016-01-17,True,3,0.08300000000008367,2016-01-17T02:00:00Z
5,2026-01-18,2016-01-17,True,4,0.1409999999999627,2016-01-17T03:00:00Z
5,2026-01-18,2016-01-17,True,5,0.08900000000005548,2016-01-17T04:00:00Z
5,2026-01-18,2016-01-17,True,6,0.2099999999999227,2016-01-17T05:00:00Z
5,2026-01-18,2016-01-17,True,7,0.2520000000000664,2016-01-17T06:00:00Z
5,2026-01-18,2016-01-17,True,8,0.2479999999999336,2016-01-17T07:00:00Z
5,2026-01-18,2016-01-17,True,9,0.22100000000000364,2016-01-17T08:00:00Z
5,2026-01-18,2016-01-17,True,10,0.25,2016-01-17T09:00:00Z
5,2026-01-18,2016-01-17,True,11,0.24900000000002365,2016-01-17T10:00:00Z
5,2026-01-18,2016-01-17,True,12,0.22400000000004638,2016-01-17T11:00:00Z
5,2026-01-18,2016-01-17,True,13,0.2759999999999536,2016-01-17T12:00:00Z
5,2026-01-18,2016-01-17,True,14,0.22000000000002728,2016-01-17T13:00:00Z
5,2026-01-18,2016-01-17,True,15,0.28499999999996817,2016-01-17T14:00:00Z
5,2026-01-18,2016-01-17,True,16,0.2300000000000182,2016-01-17T15:00:00Z
5,2026-01-18,2016-01-17,True,17,0.28499999999996817,2016-01-17T16:00:00Z
5,2026-01-18,2016-01-17,True,18,1.22199999999998,2016-01-17T17:00:00Z
5,2026-01-18,2016-01-17,True,19,0.7100000000000364,2016-01-17T18:00:00Z
5,2026-01-18,2016-01-17,True,20,0.4900000000000091,2016-01-17T19:00:00Z
5,2026-01-18,2016-01-17,True,21,1.1549999999999727,2016-01-17T20:00:00Z
5,2026-01-18,2016-01-17,True,22,0.49700000000007094,2016-01-17T21:00:00Z
5,2026-01-18,2016-01-17,True,23,0.25699999999994816,2016-01-17T22:00:00Z
5,2026-01-19,2016-01-18,True,0,0.23900000000003274,2016-01-17T23:00:00Z
5,2026-01-19,2016-01-18,True,1,0.18399999999996908,2016-01-18T00:00:00Z
5,2026-01-19,2016-01-18,True,2,0.23699999999996635,2016-01-18T01:00:00Z
5,2026-01-19,2016-01-18,True,3,0.19900000000006912,2016-01-18T02:00:00Z
5,2026-01-19,2016-01-18,True,4,0.1999999999999318,2016-01-18T03:00:00Z
5,2026-01-19,2016-01-18,True,5,0.22100000000000364,2016-01-18T04:00:00Z
5,2026-01-19,2016-01-18,True,6,0.30100000000004457,2016-01-18T05:00:00Z
5,2026-01-19,2016-01-18,True,7,0.34799999999995634,2016-01-18T06:00:00Z
5,2026-01-19,2016-01-18,True,8,0.19100000000003092,2016-01-18T07:00:00Z
5,2026-01-19,2016-01-18,True,9,0.26099999999996726,2016-01-18T08:00:00Z
5,2026-01-19,2016-01-18,True,10,0.22300000000007003,2016-01-18T09:00:00Z
5,2026-01-19,2016-01-18,True,11,0.25499999999999545,2016-01-18T10:00:00Z
5,2026-01-19,2016-01-18,True,12,0.2099999999999227,2016-01-18T11:00:00Z
5,2026-01-19,2016-01-18,True,13,0.2340000000000373,2016-01-18T12:00:00Z
5,2026-01-19,2016-01-18,True,14,0.2459999999999809,2016-01-18T13:00:00Z
5,2026-01-19,2016-01-18,True,15,0.22500000000002274,2016-01-18T14:00:00Z
5,2026-01-19,2016-01-18,True,16,0.5370000000000346,2016-01-18T15:00:00Z
5,2026-01-19,2016-01-18,True,17,0.45299999999997453,2016-01-18T16:00:00Z
5,2026-01-19,2016-01-18,True,18,0.5750000000000455,2016-01-18T17:00:00Z
5,2026-01-19,2016-01-18,True,19,0.49499999999989086,2016-01-18T18:00:00Z
5,2026-01-19,2016-01-18,True,20,1.1320000000000618,2016-01-18T19:00:00Z
5,2026-01-19,2016-01-18,True,21,0.8700000000000045,2016-01-18T20:00:00Z
5,2026-01-19,2016-01-18,True,22,1.3579999999999472,2016-01-18T21:00:00Z
5,2026-01-19,2016-01-18,True,23,0.49700000000007094,2016-01-18T22:00:00Z
5,2026-01-20,2016-01-19,True,0,0.2179999999999609,2016-01-18T23:00:00Z
5,2026-01-20,2016-01-19,True,1,0.23099999999999454,2016-01-19T00:00:00Z
5,2026-01-20,2016-01-19,True,2,0.18600000000003547,2016-01-19T01:00:00Z
5,2026-01-20,2016-01-19,True,3,0.2239999999999327,2016-01-19T02:00:00Z
5,2026-01-20,2016-01-19,True,4,0.19000000000005457,2016-01-19T03:00:00Z
5,2026-01-20,2016-01-19,True,5,0.22299999999995634,2016-01-19T04:00:00Z
5,2026-01-20,2016-01-19,True,6,0.3709999999999809,2016-01-19T05:00:00Z
5,2026-01-20,2016-01-19,True,7,0.38000000000010914,2016-01-19T06:00:00Z
5,2026-01-20,2016-01-19,True,8,0.3149999999999409,2016-01-19T07:00:00Z
5,2026-01-20,2016-01-19,True,9,0.6920000000000073,2016-01-19T08:00:00Z
5,2026-01-20,2016-01-19,True,10,0.39999999999997726,2016-01-19T09:00:00Z
5,2026-01-20,2016-01-19,True,11,0.3129999999999882,2016-01-19T10:00:00Z
5,2026-01-20,2016-01-19,True,12,0.30600000000004,2016-01-19T11:00:00Z
5,2026-01-20,2016-01-19,True,13,0.26900000000000546,2016-01-19T12:00:00Z
5,2026-01-20,2016-01-19,True,14,0.25099999999997635,2016-01-19T13:00:00Z
5,2026-01-20,2016-01-19,True,15,0.7839999999999918,2016-01-19T14:00:00Z
5,2026-01-20,2016-01-19,True,16,0.32200000000000273,2016-01-19T15:00:00Z
5,2026-01-20,2016-01-19,True,17,0.5380000000000109,2016-01-19T16:00:00Z
5,2026-01-20,2016-01-19,True,18,0.5320000000000391,2016-01-19T17:00:00Z
5,2026-01-20,2016-01-19,True,19,0.5570000000000164,2016-01-19T18:00:00Z
5,2026-01-20,2016-01-19,True,20,0.6429999999999154,2016-01-19T19:00:00Z
5,2026-01-20,2016-01-19,True,21,0.9350000000000591,2016-01-19T20:00:00Z
5,2026-01-20,2016-01-19,True,22,0.5919999999999845,2016-01-19T21:00:00Z
5,2026-01-20,2016-01-19,True,23,0.8700000000000045,2016-01-19T22:00:00Z
5,2026-01-21,2016-01-20,True,0,0.2759999999999536,2016-01-19T23:00:00Z
5,2026-01-21,2016-01-20,True,1,0.19000000000005457,2016-01-20T00:00:00Z
5,2026-01-21,2016-01-20,True,2,0.18999999999994088,2016-01-20T01:00:00Z
5,2026-01-21,2016-01-20,True,3,0.20000000000004547,2016-01-20T02:00:00Z
5,2026-01-21,2016-01-20,True,4,0.17999999999994998,2016-01-20T03:00:00Z
5,2026-01-21,2016-01-20,True,5,0.22000000000002728,2016-01-20T04:00:00Z
5,2026-01-21,2016-01-20,True,6,0.31500000000005457,2016-01-20T05:00:00Z
5,2026-01-21,2016-01-20,True,7,0.3650000000000091,2016-01-20T06:00:00Z
5,2026-01-21,2016-01-20,True,8,0.2899999999999636,2016-01-20T07:00:00Z
5,2026-01-21,2016-01-20,True,9,0.28099999999994907,2016-01-20T08:00:00Z
5,2026-01-21,2016-01-20,True,10,0.2800000000000864,2016-01-20T09:00:00Z
5,2026-01-21,2016-01-20,True,11,0.2829999999999018,2016-01-20T10:00:00Z
5,2026-01-21,2016-01-20,True,12,0.26700000000005275,2016-01-20T11:00:00Z
5,2026-01-21,2016-01-20,True,13,0.25900000000001455,2016-01-20T12:00:00Z
5,2026-01-21,2016-01-20,True,14,0.2719999999999345,2016-01-20T13:00:00Z
5,2026-01-21,2016-01-20,True,15,0.2580000000000382,2016-01-20T14:00:00Z
5,2026-01-21,2016-01-20,True,16,0.3039999999999736,2016-01-20T15:00:00Z
5,2026-01-21,2016-01-20,True,17,0.4410000000000309,2016-01-20T16:00:00Z
5,2026-01-21,2016-01-20,True,18,1.3319999999999936,2016-01-20T17:00:00Z
5,2026-01-21,2016-01-20,True,19,0.5299999999999727,2016-01-20T18:00:00Z
5,2026-01-21,2016-01-20,True,20,0.6779999999999973,2016-01-20T19:00:00Z
5,2026-01-21,2016-01-20,True,21,0.6460000000000719,2016-01-20T20:00:00Z
5,2026-01-21,2016-01-20,True,22,0.7259999999999991,2016-01-20T21:00:00Z
5,2026-01-21,2016-01-20,True,23,1.0879999999999654,2016-01-20T22:00:00Z
5,2026-01-22,2016-01-21,True,0,0.30600000000004,2016-01-20T23:00:00Z
5,2026-01-22,2016-01-21,True,1,0.7590000000000146,2016-01-21T00:00:00Z
5,2026-01-22,2016-01-21,True,2,0.19099999999991724,2016-01-21T01:00:00Z
5,2026-01-22,2016-01-21,True,3,0.22000000000002728,2016-01-21T02:00:00Z
5,2026-01-22,2016-01-21,True,4,0.2300000000000182,2016-01-21T03:00:00Z
5,2026-01-22,2016-01-21,True,5,0.17999999999994998,2016-01-21T04:00:00Z
5,2026-01-22,2016-01-21,True,6,0.7930000000000064,2016-01-21T05:00:00Z
5,2026-01-22,2016-01-21,True,7,0.36000000000001364,2016-01-21T06:00:00Z
5,2026-01-22,2016-01-21,True,8,0.34600000000000364,2016-01-21T07:00:00Z
5,2026-01-22,2016-01-21,True,9,0.30500000000006366,2016-01-21T08:00:00Z
5,2026-01-22,2016-01-21,True,10,0.23899999999991905,2016-01-21T09:00:00Z
5,2026-01-22,2016-01-21,True,11,0.29700000000002547,2016-01-21T10:00:00Z
5,2026-01-22,2016-01-21,True,12,0.25,2016-01-21T11:00:00Z
5,2026-01-22,2016-01-21,True,13,0.2400000000000091,2016-01-21T12:00:00Z
5,2026-01-22,2016-01-21,True,14,0.2039999999999509,2016-01-21T13:00:00Z
5,2026-01-22,2016-01-21,True,15,0.22200000000009368,2016-01-21T14:00:00Z
5,2026-01-22,2016-01-21,True,16,0.31799999999998363,2016-01-21T15:00:00Z
5,2026-01-22,2016-01-21,True,17,0.5369999999999209,2016-01-21T16:00:00Z
5,2026-01-22,2016-01-21,True,18,0.3690000000000282,2016-01-21T17:00:00Z
5,2026-01-22,2016-01-21,True,19,0.40399999999999636,2016-01-21T18:00:00Z
5,2026-01-22,2016-01-21,True,20,0.5120000000000573,2016-01-21T19:00:00Z
5,2026-01-22,2016-01-21,True,21,0.5799999999999272,2016-01-21T20:00:00Z
5,2026-01-22,2016-01-21,True,22,0.28300000000001546,2016-01-21T21:00:00Z
5,2026-01-22,2016-01-21,True,23,0.6140000000000327,2016-01-21T22:00:00Z
5,2026-01-23,2016-01-22,True,0,0.25699999999994816,2016-01-21T23:00:00Z
5,2026-01-23,2016-01-22,True,1,0.7290000000000418,2016-01-22T00:00:00Z
5,2026-01-23,2016-01-22,True,2,0.21100000000001273,2016-01-22T01:00:00Z
5,2026-01-23,2016-01-22,True,3,0.21000000000003638,2016-01-22T02:00:00Z
5,2026-01-23,2016-01-22,True,4,0.2399999999998954,2016-01-22T03:00:00Z
5,2026-01-23,2016-01-22,True,5,0.20000000000004547,2016-01-22T04:00:00Z
5,2026-01-23,2016-01-22,True,6,0.3039999999999736,2016-01-22T05:00:00Z
5,2026-01-23,2016-01-22,True,7,0.38900000000001,2016-01-22T06:00:00Z
5,2026-01-23,2016-01-22,True,8,0.2880000000000109,2016-01-22T07:00:00Z
5,2026-01-23,2016-01-22,True,9,0.27800000000002,2016-01-22T08:00:00Z
5,2026-01-23,2016-01-22,True,10,0.27099999999995816,2016-01-22T09:00:00Z
5,2026-01-23,2016-01-22,True,11,0.20000000000004547,2016-01-22T10:00:00Z
5,2026-01-23,2016-01-22,True,12,0.2759999999999536,2016-01-22T11:00:00Z
5,2026-01-23,2016-01-22,True,13,0.20300000000008822,2016-01-22T12:00:00Z
5,2026-01-23,2016-01-22,True,14,0.19499999999993634,2016-01-22T13:00:00Z
5,2026-01-23,2016-01-22,True,15,0.35400000000004184,2016-01-22T14:00:00Z
5,2026-01-23,2016-01-22,True,16,0.3429999999999609,2016-01-22T15:00:00Z
5,2026-01-23,2016-01-22,True,17,0.3079999999999927,2016-01-22T16:00:00Z
5,2026-01-23,2016-01-22,True,18,0.6370000000000573,2016-01-22T17:00:00Z
5,2026-01-23,2016-01-22,True,19,0.63799999999992,2016-01-22T18:00:00Z
5,2026-01-23,2016-01-22,True,20,0.6240000000000236,2016-01-22T19:00:00Z
5,2026-01-23,2016-01-22,True,21,0.9500000000000455,2016-01-22T20:00:00Z
5,2026-01-23,2016-01-22,True,22,0.7579999999999245,2016-01-22T21:00:00Z
5,2026-01-23,2016-01-22,True,23,1.1840000000000828,2016-01-22T22:00:00Z
5,2026-01-24,2016-01-23,True,0,0.7479999999999336,2016-01-22T23:00:00Z
5,2026-01-24,2016-01-23,True,1,0.5500000000000682,2016-01-23T00:00:00Z
5,2026-01-24,2016-01-23,True,2,0.30299999999999727,2016-01-23T01:00:00Z
5,2026-01-24,2016-01-23,True,3,0.18899999999996453,2016-01-23T02:00:00Z
5,2026-01-24,2016-01-23,True,4,0.20000000000004547,2016-01-23T03:00:00Z
5,2026-01-24,2016-01-23,True,5,0.2099999999999227,2016-01-23T04:00:00Z
5,2026-01-24,2016-01-23,True,6,0.36400000000003274,2016-01-23T05:00:00Z
5,2026-01-24,2016-01-23,True,7,0.3450000000000273,2016-01-23T06:00:00Z
5,2026-01-24,2016-01-23,True,8,0.6050000000000182,2016-01-23T07:00:00Z
5,2026-01-24,2016-01-23,True,9,0.5369999999999209,2016-01-23T08:00:00Z
5,2026-01-24,2016-01-23,True,10,0.4390000000000782,2016-01-23T09:00:00Z
5,2026-01-24,2016-01-23,True,11,0.31899999999996,2016-01-23T10:00:00Z
5,2026-01-24,2016-01-23,True,12,0.6710000000000491,2016-01-23T11:00:00Z
5,2026-01-24,2016-01-23,True,13,0.2399999999998954,2016-01-23T12:00:00Z
5,2026-01-24,2016-01-23,True,14,0.27100000000007185,2016-01-23T13:00:00Z
5,2026-01-24,2016-01-23,True,15,0.7329999999999472,2016-01-23T14:00:00Z
5,2026-01-24,2016-01-23,True,16,0.3550000000000182,2016-01-23T15:00:00Z
5,2026-01-24,2016-01-23,True,17,0.41700000000003,2016-01-23T16:00:00Z
5,2026-01-24,2016-01-23,True,18,0.4479999999999791,2016-01-23T17:00:00Z
5,2026-01-24,2016-01-23,True,19,0.33199999999999363,2016-01-23T18:00:00Z
5,2026-01-24,2016-01-23,True,20,0.8700000000000045,2016-01-23T19:00:00Z
5,2026-01-24,2016-01-23,True,21,0.3529999999999518,2016-01-23T20:00:00Z
5,2026-01-24,2016-01-23,True,22,0.8350000000000364,2016-01-23T21:00:00Z
5,2026-01-24,2016-01-23,True,23,0.6460000000000719,2016-01-23T22:00:00Z
5,2026-01-25,2016-01-24,True,0,0.5009999999999764,2016-01-23T23:00:00Z
5,2026-01-25,2016-01-24,True,1,0.5149999999999864,2016-01-24T00:00:00Z
5,2026-01-25,2016-01-24,True,2,0.43499999999994543,2016-01-24T01:00:00Z
5,2026-01-25,2016-01-24,True,3,0.4490000000000691,2016-01-24T02:00:00Z
5,2026-01-25,2016-01-24,True,4,0.2400000000000091,2016-01-24T03:00:00Z
5,2026-01-25,2016-01-24,True,5,0.16999999999995907,2016-01-24T04:00:00Z
5,2026-01-25,2016-01-24,True,6,0.23900000000003274,2016-01-24T05:00:00Z
5,2026-01-25,2016-01-24,True,7,0.2099999999999227,2016-01-24T06:00:00Z
5,2026-01-25,2016-01-24,True,8,0.5750000000000455,2016-01-24T07:00:00Z
5,2026-01-25,2016-01-24,True,9,0.3369999999999891,2016-01-24T08:00:00Z
5,2026-01-25,2016-01-24,True,10,0.25900000000001455,2016-01-24T09:00:00Z
5,2026-01-25,2016-01-24,True,11,0.3310000000000173,2016-01-24T10:00:00Z
5,2026-01-25,2016-01-24,True,12,0.24900000000002365,2016-01-24T11:00:00Z
5,2026-01-25,2016-01-24,True,13,0.38399999999990087,2016-01-24T12:00:00Z
5,2026-01-25,2016-01-24,True,14,0.9160000000000537,2016-01-24T13:00:00Z
5,2026-01-25,2016-01-24,True,15,0.7880000000000109,2016-01-24T14:00:00Z
5,2026-01-25,2016-01-24,True,16,0.7450000000000045,2016-01-24T15:00:00Z
5,2026-01-25,2016-01-24,True,17,0.58299999999997,2016-01-24T16:00:00Z
5,2026-01-25,2016-01-24,True,18,0.72300000000007,2016-01-24T17:00:00Z
5,2026-01-25,2016-01-24,True,19,1.100999999999999,2016-01-24T18:00:00Z
5,2026-01-25,2016-01-24,True,20,0.8029999999999973,2016-01-24T19:00:00Z
5,2026-01-25,2016-01-24,True,21,1.092999999999961,2016-01-24T20:00:00Z
5,2026-01-25,2016-01-24,True,22,0.5579999999999927,2016-01-24T21:00:00Z
5,2026-01-25,2016-01-24,True,23,0.3790000000000191,2016-01-24T22:00:00Z
5,2026-01-26,2016-01-25,True,0,0.33600000000001273,2016-01-24T23:00:00Z
5,2026-01-26,2016-01-25,True,1,0.18099999999992633,2016-01-25T00:00:00Z
5,2026-01-26,2016-01-25,True,2,0.23900000000003274,2016-01-25T01:00:00Z
5,2026-01-26,2016-01-25,True,3,0.17999999999994998,2016-01-25T02:00:00Z
5,2026-01-26,2016-01-25,True,4,0.19100000000003092,2016-01-25T03:00:00Z
5,2026-01-26,2016-01-25,True,5,0.21900000000005093,2016-01-25T04:00:00Z
5,2026-01-26,2016-01-25,True,6,0.23099999999999454,2016-01-25T05:00:00Z
5,2026-01-26,2016-01-25,True,7,0.45899999999994634,2016-01-25T06:00:00Z
5,2026-01-26,2016-01-25,True,8,0.21100000000001273,2016-01-25T07:00:00Z
5,2026-01-26,2016-01-25,True,9,0.21000000000003638,2016-01-25T08:00:00Z
5,2026-01-26,2016-01-25,True,10,0.22899999999992815,2016-01-25T09:00:00Z
5,2026-01-26,2016-01-25,True,11,0.19000000000005457,2016-01-25T10:00:00Z
5,2026-01-26,2016-01-25,True,12,0.21000000000003638,2016-01-25T11:00:00Z
5,2026-01-26,2016-01-25,True,13,0.20699999999999363,2016-01-25T12:00:00Z
5,2026-01-26,2016-01-25,True,14,0.18399999999996908,2016-01-25T13:00:00Z
5,2026-01-26,2016-01-25,True,15,0.21000000000003638,2016-01-25T14:00:00Z
5,2026-01-26,2016-01-25,True,16,0.2099999999999227,2016-01-25T15:00:00Z
5,2026-01-26,2016-01-25,True,17,0.22000000000002728,2016-01-25T16:00:00Z
5,2026-01-26,2016-01-25,True,18,0.35000000000002274,2016-01-25T17:00:00Z
5,2026-01-26,2016-01-25,True,19,0.3229999999999791,2016-01-25T18:00:00Z
5,2026-01-26,2016-01-25,True,20,0.4780000000000655,2016-01-25T19:00:00Z
5,2026-01-26,2016-01-25,True,21,0.48499999999989996,2016-01-25T20:00:00Z
5,2026-01-26,2016-01-25,True,22,0.7240000000000464,2016-01-25T21:00:00Z
5,2026-01-26,2016-01-25,True,23,0.37599999999997635,2016-01-25T22:00:00Z
5,2026-01-27,2016-01-26,True,0,0.19299999999998363,2016-01-25T23:00:00Z
5,2026-01-27,2016-01-26,True,1,0.2300000000000182,2016-01-26T00:00:00Z
5,2026-01-27,2016-01-26,True,2,0.20100000000002183,2016-01-26T01:00:00Z
5,2026-01-27,2016-01-26,True,3,0.22900000000004184,2016-01-26T02:00:00Z
5,2026-01-27,2016-01-26,True,4,0.17199999999991178,2016-01-26T03:00:00Z
5,2026-01-27,2016-01-26,True,5,0.20800000000008367,2016-01-26T04:00:00Z
5,2026-01-27,2016-01-26,True,6,0.2400000000000091,2016-01-26T05:00:00Z
5,2026-01-27,2016-01-26,True,7,0.34999999999990905,2016-01-26T06:00:00Z
5,2026-01-27,2016-01-26,True,8,1.1920000000000073,2016-01-26T07:00:00Z
5,2026-01-27,2016-01-26,True,9,0.375,2016-01-26T08:00:00Z
5,2026-01-27,2016-01-26,True,10,1.15300000000002,2016-01-26T09:00:00Z
5,2026-01-27,2016-01-26,True,11,0.31500000000005457,2016-01-26T10:00:00Z
5,2026-01-27,2016-01-26,True,12,0.7189999999999372,2016-01-26T11:00:00Z
5,2026-01-27,2016-01-26,True,13,0.3569999999999709,2016-01-26T12:00:00Z
5,2026-01-27,2016-01-26,True,14,0.2400000000000091,2016-01-26T13:00:00Z
5,2026-01-27,2016-01-26,True,15,0.18900000000007822,2016-01-26T14:00:00Z
5,2026-01-27,2016-01-26,True,16,0.19700000000000273,2016-01-26T15:00:00Z
5,2026-01-27,2016-01-26,True,17,0.4499999999999318,2016-01-26T16:00:00Z
5,2026-01-27,2016-01-26,True,18,0.44500000000005,2016-01-26T17:00:00Z
5,2026-01-27,2016-01-26,True,19,0.52699999999993,2016-01-26T18:00:00Z
5,2026-01-27,2016-01-26,True,20,0.9100000000000819,2016-01-26T19:00:00Z
5,2026-01-27,2016-01-26,True,21,0.6039999999999281,2016-01-26T20:00:00Z
5,2026-01-27,2016-01-26,True,22,1.0860000000000127,2016-01-26T21:00:00Z
5,2026-01-27,2016-01-26,True,23,0.5030000000000427,2016-01-26T22:00:00Z
5,2026-01-28,2016-01-27,True,0,0.36099999999999,2016-01-26T23:00:00Z
5,2026-01-28,2016-01-27,True,1,0.20199999999999818,2016-01-27T00:00:00Z
5,2026-01-28,2016-01-27,True,2,0.21600000000000819,2016-01-27T01:00:00Z
5,2026-01-28,2016-01-27,True,3,0.19200000000000728,2016-01-27T02:00:00Z
5,2026-01-28,2016-01-27,True,4,0.21100000000001273,2016-01-27T03:00:00Z
5,2026-01-28,2016-01-27,True,5,0.19700000000000273,2016-01-27T04:00:00Z
5,2026-01-28,2016-01-27,True,6,0.3310000000000173,2016-01-27T05:00:00Z
5,2026-01-28,2016-01-27,True,7,0.3589999999999236,2016-01-27T06:00:00Z
5,2026-01-28,2016-01-27,True,8,0.23300000000006094,2016-01-27T07:00:00Z
5,2026-01-28,2016-01-27,True,9,0.2659999999999627,2016-01-27T08:00:00Z
5,2026-01-28,2016-01-27,True,10,0.18100000000004002,2016-01-27T09:00:00Z
5,2026-01-28,2016-01-27,True,11,0.3529999999999518,2016-01-27T10:00:00Z
5,2026-01-28,2016-01-27,True,12,0.5510000000000446,2016-01-27T11:00:00Z
5,2026-01-28,2016-01-27,True,13,0.4900000000000091,2016-01-27T12:00:00Z
5,2026-01-28,2016-01-27,True,14,0.35399999999992815,2016-01-27T13:00:00Z
5,2026-01-28,2016-01-27,True,15,0.5360000000000582,2016-01-27T14:00:00Z
5,2026-01-28,2016-01-27,True,16,0.3690000000000282,2016-01-27T15:00:00Z
5,2026-01-28,2016-01-27,True,17,0.6279999999999291,2016-01-27T16:00:00Z
5,2026-01-28,2016-01-27,True,18,0.5249999999999773,2016-01-27T17:00:00Z
5,2026-01-28,2016-01-27,True,19,1.0550000000000637,2016-01-27T18:00:00Z
5,2026-01-28,2016-01-27,True,20,0.5529999999999973,2016-01-27T19:00:00Z
5,2026-01-28,2016-01-27,True,21,0.6089999999999236,2016-01-27T20:00:00Z
5,2026-01-28,2016-01-27,True,22,0.5210000000000719,2016-01-27T21:00:00Z
5,2026-01-28,2016-01-27,True,23,0.5090000000000146,2016-01-27T22:00:00Z
5,2026-01-29,2016-01-28,True,0,0.24699999999995725,2016-01-27T23:00:00Z
5,2026-01-29,2016-01-28,True,1,0.16999999999995907,2016-01-28T00:00:00Z
5,2026-01-29,2016-01-28,True,2,0.2460000000000946,2016-01-28T01:00:00Z
5,2026-01-29,2016-01-28,True,3,0.19399999999995998,2016-01-28T02:00:00Z
5,2026-01-29,2016-01-28,True,4,0.22900000000004184,2016-01-28T03:00:00Z
5,2026-01-29,2016-01-28,True,5,0.19099999999991724,2016-01-28T04:00:00Z
5,2026-01-29,2016-01-28,True,6,0.2699999999999818,2016-01-28T05:00:00Z
5,2026-01-29,2016-01-28,True,7,0.3710000000000946,2016-01-28T06:00:00Z
5,2026-01-29,2016-01-28,True,8,0.32799999999997453,2016-01-28T07:00:00Z
5,2026-01-29,2016-01-28,True,9,0.18100000000004002,2016-01-28T08:00:00Z
5,2026-01-29,2016-01-28,True,10,0.22899999999992815,2016-01-28T09:00:00Z
5,2026-01-29,2016-01-28,True,11,0.15999999999996817,2016-01-28T10:00:00Z
5,2026-01-29,2016-01-28,True,12,0.24700000000007094,2016-01-28T11:00:00Z
5,2026-01-29,2016-01-28,True,13,0.19399999999995998,2016-01-28T12:00:00Z
5,2026-01-29,2016-01-28,True,14,0.20000000000004547,2016-01-28T13:00:00Z
5,2026-01-29,2016-01-28,True,15,0.5380000000000109,2016-01-28T14:00:00Z
5,2026-01-29,2016-01-28,True,16,0.3849999999999909,2016-01-28T15:00:00Z
5,2026-01-29,2016-01-28,True,17,0.23599999999999,2016-01-28T16:00:00Z
5,2026-01-29,2016-01-28,True,18,0.4840000000000373,2016-01-28T17:00:00Z
5,2026-01-29,2016-01-28,True,19,0.37799999999992906,2016-01-28T18:00:00Z
5,2026-01-29,2016-01-28,True,20,0.5349999999999682,2016-01-28T19:00:00Z
5,2026-01-29,2016-01-28,True,21,0.6080000000000609,2016-01-28T20:00:00Z
5,2026-01-29,2016-01-28,True,22,0.46699999999998454,2016-01-28T21:00:00Z
5,2026-01-29,2016-01-28,True,23,0.5670000000000073,2016-01-28T22:00:00Z
5,2026-01-30,2016-01-29,True,0,0.5099999999999909,2016-01-28T23:00:00Z
5,2026-01-30,2016-01-29,True,1,0.5030000000000427,2016-01-29T00:00:00Z
5,2026-01-30,2016-01-29,True,2,0.24500000000000455,2016-01-29T01:00:00Z
5,2026-01-30,2016-01-29,True,3,0.21299999999996544,2016-01-29T02:00:00Z
5,2026-01-30,2016-01-29,True,4,0.20100000000002183,2016-01-29T03:00:00Z
5,2026-01-30,2016-01-29,True,5,0.16999999999995907,2016-01-29T04:00:00Z
5,2026-01-30,2016-01-29,True,6,0.3310000000000173,2016-01-29T05:00:00Z
5,2026-01-30,2016-01-29,True,7,0.7279999999999518,2016-01-29T06:00:00Z
5,2026-01-30,2016-01-29,True,8,0.5049999999999955,2016-01-29T07:00:00Z
5,2026-01-30,2016-01-29,True,9,0.6790000000000873,2016-01-29T08:00:00Z
5,2026-01-30,2016-01-29,True,10,0.38799999999991996,2016-01-29T09:00:00Z
5,2026-01-30,2016-01-29,True,11,0.6680000000000064,2016-01-29T10:00:00Z
5,2026-01-30,2016-01-29,True,12,0.6600000000000819,2016-01-29T11:00:00Z
5,2026-01-30,2016-01-29,True,13,0.3109999999999218,2016-01-29T12:00:00Z
5,2026-01-30,2016-01-29,True,14,0.19900000000006912,2016-01-29T13:00:00Z
5,2026-01-30,2016-01-29,True,15,0.24099999999998545,2016-01-29T14:00:00Z
5,2026-01-30,2016-01-29,True,16,0.2400000000000091,2016-01-29T15:00:00Z
5,2026-01-30,2016-01-29,True,17,0.20099999999990814,2016-01-29T16:00:00Z
5,2026-01-30,2016-01-29,True,18,0.19900000000006912,2016-01-29T17:00:00Z
5,2026-01-30,2016-01-29,True,19,0.45100000000002183,2016-01-29T18:00:00Z
5,2026-01-30,2016-01-29,True,20,0.8079999999999927,2016-01-29T19:00:00Z
5,2026-01-30,2016-01-29,True,21,0.7569999999999482,2016-01-29T20:00:00Z
5,2026-01-30,2016-01-29,True,22,0.9800000000000182,2016-01-29T21:00:00Z
5,2026-01-30,2016-01-29,True,23,0.7899999999999636,2016-01-29T22:00:00Z
5,2026-01-31,2016-01-30,True,0,0.5769999999999982,2016-01-29T23:00:00Z
5,2026-01-31,2016-01-30,True,1,0.5750000000000455,2016-01-30T00:00:00Z
5,2026-01-31,2016-01-30,True,2,0.5449999999999591,2016-01-30T01:00:00Z
5,2026-01-31,2016-01-30,True,3,0.5200000000000955,2016-01-30T02:00:00Z
5,2026-01-31,2016-01-30,True,4,0.5109999999999673,2016-01-30T03:00:00Z
5,2026-01-31,2016-01-30,True,5,0.5240000000000009,2016-01-30T04:00:00Z
5,2026-01-31,2016-01-30,True,6,0.6329999999999245,2016-01-30T05:00:00Z
5,2026-01-31,2016-01-30,True,7,0.6650000000000773,2016-01-30T06:00:00Z
5,2026-01-31,2016-01-30,True,8,0.6279999999999291,2016-01-30T07:00:00Z
5,2026-01-31,2016-01-30,True,9,0.7540000000000191,2016-01-30T08:00:00Z
5,2026-01-31,2016-01-30,True,10,0.9180000000000064,2016-01-30T09:00:00Z
5,2026-01-31,2016-01-30,True,11,0.8960000000000719,2016-01-30T10:00:00Z
5,2026-01-31,2016-01-30,True,12,0.8099999999999454,2016-01-30T11:00:00Z
5,2026-01-31,2016-01-30,True,13,0.8579999999999472,2016-01-30T12:00:00Z
5,2026-01-31,2016-01-30,True,14,0.6680000000000064,2016-01-30T13:00:00Z
5,2026-01-31,2016-01-30,True,15,0.35200000000008913,2016-01-30T14:00:00Z
5,2026-01-31,2016-01-30,True,16,0.4329999999999927,2016-01-30T15:00:00Z
5,2026-01-31,2016-01-30,True,17,1.0769999999999982,2016-01-30T16:00:00Z
5,2026-01-31,2016-01-30,True,18,0.4560000000000173,2016-01-30T17:00:00Z
5,2026-01-31,2016-01-30,True,19,0.8779999999999291,2016-01-30T18:00:00Z
5,2026-01-31,2016-01-30,True,20,0.2860000000000582,2016-01-30T19:00:00Z
5,2026-01-31,2016-01-30,True,21,0.3489999999999327,2016-01-30T20:00:00Z
5,2026-01-31,2016-01-30,True,22,0.30100000000004457,2016-01-30T21:00:00Z
5,2026-01-31,2016-01-30,True,23,0.3300000000000409,2016-01-30T22:00:00Z
5,2026-04-01,2019-04-03,True,0,0.5400000000008731,2019-04-02T22:00:00Z
5,2026-04-01,2019-04-03,True,1,0.5,2019-04-02T23:00:00Z
5,2026-04-01,2019-04-03,True,2,0.24499999999898137,2019-04-03T00:00:00Z
5,2026-04-01,2019-04-03,True,3,0.18100000000049477,2019-04-03T01:00:00Z
5,2026-04-01,2019-04-03,True,4,0.19399999999950523,2019-04-03T02:00:00Z
5,2026-04-01,2019-04-03,True,5,0.24099999999998545,2019-04-03T03:00:00Z
5,2026-04-01,2019-04-03,True,6,0.17000000000007276,2019-04-03T04:00:00Z
5,2026-04-01,2019-04-03,True,7,0.4539999999997235,2019-04-03T05:00:00Z
5,2026-04-01,2019-04-03,True,8,0.46600000000034925,2019-04-03T06:00:00Z
5,2026-04-01,2019-04-03,True,9,0.2900000000008731,2019-04-03T07:00:00Z
5,2026-04-01,2019-04-03,True,10,0.2139999999999418,2019-04-03T08:00:00Z
5,2026-04-01,2019-04-03,True,11,0.20999999999912689,2019-04-03T09:00:00Z
5,2026-04-01,2019-04-03,True,12,0.26599999999962165,2019-04-03T10:00:00Z
5,2026-04-01,2019-04-03,True,13,0.3140000000003056,2019-04-03T11:00:00Z
5,2026-04-01,2019-04-03,True,14,0.3350000000009459,2019-04-03T12:00:00Z
5,2026-04-01,2019-04-03,True,15,0.40099999999983993,2019-04-03T13:00:00Z
5,2026-04-01,2019-04-03,True,16,0.3249999999989086,2019-04-03T14:00:00Z
5,2026-04-01,2019-04-03,True,17,0.19400000000132422,2019-04-03T15:00:00Z
5,2026-04-01,2019-04-03,True,18,0.4359999999996944,2019-04-03T16:00:00Z
5,2026-04-01,2019-04-03,True,19,0.4850000000005821,2019-04-03T17:00:00Z
5,2026-04-01,2019-04-03,True,20,0.6399999999994179,2019-04-03T18:00:00Z
5,2026-04-01,2019-04-03,True,21,0.808999999999287,2019-04-03T19:00:00Z
5,2026-04-01,2019-04-03,True,22,0.6509999999998399,2019-04-03T20:00:00Z
5,2026-04-01,2019-04-03,True,23,0.5400000000008731,2019-04-03T21:00:00Z
5,2026-04-02,2019-04-04,True,0,0.4789999999993597,2019-04-03T22:00:00Z
5,2026-04-02,2019-04-04,True,1,0.5,2019-04-03T23:00:00Z
5,2026-04-02,2019-04-04,True,2,0.4860000000007858,2019-04-04T00:00:00Z
5,2026-04-02,2019-04-04,True,3,0.20999999999912689,2019-04-04T01:00:00Z
5,2026-04-02,2019-04-04,True,4,0.17000000000007276,2019-04-04T02:00:00Z
5,2026-04-02,2019-04-04,True,5,0.15999999999985448,2019-04-04T03:00:00Z
5,2026-04-02,2019-04-04,True,6,0.5650000000005093,2019-04-04T04:00:00Z
5,2026-04-02,2019-04-04,True,7,0.3999999999996362,2019-04-04T05:00:00Z
5,2026-04-02,2019-04-04,True,8,0.19499999999970896,2019-04-04T06:00:00Z
5,2026-04-02,2019-04-04,True,9,0.15500000000065484,2019-04-04T07:00:00Z
5,2026-04-02,2019-04-04,True,10,0.24400000000059663,2019-04-04T08:00:00Z
5,2026-04-02,2019-04-04,True,11,0.22599999999874854,2019-04-04T09:00:00Z
5,2026-04-02,2019-04-04,True,12,0.2400000000016007,2019-04-04T10:00:00Z
5,2026-04-02,2019-04-04,True,13,0.18499999999949068,2019-04-04T11:00:00Z
5,2026-04-02,2019-04-04,True,14,0.21500000000014552,2019-04-04T12:00:00Z
5,2026-04-02,2019-04-04,True,15,0.23999999999978172,2019-04-04T13:00:00Z
5,2026-04-02,2019-04-04,True,16,0.18399999999928696,2019-04-04T14:00:00Z
5,2026-04-02,2019-04-04,True,17,0.24099999999998545,2019-04-04T15:00:00Z
5,2026-04-02,2019-04-04,True,18,0.19499999999970896,2019-04-04T16:00:00Z
5,2026-04-02,2019-04-04,True,19,0.35900000000037835,2019-04-04T17:00:00Z
5,2026-04-02,2019-04-04,True,20,0.4459999999999127,2019-04-04T18:00:00Z
5,2026-04-02,2019-04-04,True,21,1.1149999999997817,2019-04-04T19:00:00Z
5,2026-04-02,2019-04-04,True,22,0.684000000001106,2019-04-04T20:00:00Z
5,2026-04-02,2019-04-04,True,23,1.0560000000004948,2019-04-04T21:00:00Z
5,2026-04-03,2016-04-01,True,0,0.3849999999999909,2016-03-31T22:00:00Z
5,2026-04-03,2016-04-01,True,1,0.11999999999989086,2016-03-31T23:00:00Z
5,2026-04-03,2016-04-01,True,2,0.10200000000008913,2016-04-01T00:00:00Z
5,2026-04-03,2016-04-01,True,3,0.07799999999997453,2016-04-01T01:00:00Z
5,2026-04-03,2016-04-01,True,4,0.11999999999989086,2016-04-01T02:00:00Z
5,2026-04-03,2016-04-01,True,5,0.22700000000008913,2016-04-01T03:00:00Z
5,2026-04-03,2016-04-01,True,6,0.1330000000000382,2016-04-01T04:00:00Z
5,2026-04-03,2016-04-01,True,7,0.6399999999998727,2016-04-01T05:00:00Z
5,2026-04-03,2016-04-01,True,8,0.19700000000011642,2016-04-01T06:00:00Z
5,2026-04-03,2016-04-01,True,9,0.5029999999999291,2016-04-01T07:00:00Z
5,2026-04-03,2016-04-01,True,10,0.10200000000008913,2016-04-01T08:00:00Z
5,2026-04-03,2016-04-01,True,11,0.11799999999993815,2016-04-01T09:00:00Z
5,2026-04-03,2016-04-01,True,12,0.10200000000008913,2016-04-01T10:00:00Z
5,2026-04-03,2016-04-01,True,13,0.08799999999996544,2016-04-01T11:00:00Z
5,2026-04-03,2016-04-01,True,14,0.10999999999989996,2016-04-01T12:00:00Z
5,2026-04-03,2016-04-01,True,15,0.10200000000008913,2016-04-01T13:00:00Z
5,2026-04-03,2016-04-01,True,16,0.08799999999996544,2016-04-01T14:00:00Z
5,2026-04-03,2016-04-01,True,17,0.08999999999991815,2016-04-01T15:00:00Z
5,2026-04-03,2016-04-01,True,18,0.25700000000006185,2016-04-01T16:00:00Z
5,2026-04-03,2016-04-01,True,19,0.33999999999991815,2016-04-01T17:00:00Z
5,2026-04-03,2016-04-01,True,20,0.39800000000013824,2016-04-01T18:00:00Z
5,2026-04-03,2016-04-01,True,21,0.7470000000000709,2016-04-01T19:00:00Z
5,2026-04-03,2016-04-01,True,22,0.8199999999999363,2016-04-01T20:00:00Z
5,2026-04-03,2016-04-01,True,23,0.6549999999999727,2016-04-01T21:00:00Z
5,2026-04-04,2016-04-02,True,0,0.4900000000000091,2016-04-01T22:00:00Z
5,2026-04-04,2016-04-02,True,1,0.3830000000000382,2016-04-01T23:00:00Z
5,2026-04-04,2016-04-02,True,2,0.20000000000004547,2016-04-02T00:00:00Z
5,2026-04-04,2016-04-02,True,3,0.1999999999998181,2016-04-02T01:00:00Z
5,2026-04-04,2016-04-02,True,4,0.2400000000000091,2016-04-02T02:00:00Z
5,2026-04-04,2016-04-02,True,5,0.19000000000005457,2016-04-02T03:00:00Z
5,2026-04-04,2016-04-02,True,6,0.2300000000000182,2016-04-02T04:00:00Z
5,2026-04-04,2016-04-02,True,7,0.27800000000002,2016-04-02T05:00:00Z
5,2026-04-04,2016-04-02,True,8,0.22199999999998,2016-04-02T06:00:00Z
5,2026-04-04,2016-04-02,True,9,0.27800000000002,2016-04-02T07:00:00Z
5,2026-04-04,2016-04-02,True,10,0.2419999999999618,2016-04-02T08:00:00Z
5,2026-04-04,2016-04-02,True,11,0.6069999999999709,2016-04-02T09:00:00Z
5,2026-04-04,2016-04-02,True,12,0.27300000000013824,2016-04-02T10:00:00Z
5,2026-04-04,2016-04-02,True,13,0.7369999999998527,2016-04-02T11:00:00Z
5,2026-04-04,2016-04-02,True,14,0.2599999999999909,2016-04-02T12:00:00Z
5,2026-04-04,2016-04-02,True,15,0.21299999999996544,2016-04-02T13:00:00Z
5,2026-04-04,2016-04-02,True,16,0.2300000000000182,2016-04-02T14:00:00Z
5,2026-04-04,2016-04-02,True,17,0.26700000000005275,2016-04-02T15:00:00Z
5,2026-04-04,2016-04-02,True,18,0.32999999999992724,2016-04-02T16:00:00Z
5,2026-04-04,2016-04-02,True,19,0.4900000000000091,2016-04-02T17:00:00Z
5,2026-04-04,2016-04-02,True,20,0.5480000000000018,2016-04-02T18:00:00Z
5,2026-04-04,2016-04-02,True,21,0.3849999999999909,2016-04-02T19:00:00Z
5,2026-04-04,2016-04-02,True,22,0.36000000000012733,2016-04-02T20:00:00Z
5,2026-04-04,2016-04-02,True,23,0.2300000000000182,2016-04-02T21:00:00Z
5,2026-04-05,2016-04-03,True,0,0.11999999999989086,2016-04-02T22:00:00Z
5,2026-04-05,2016-04-03,True,1,0.17300000000000182,2016-04-02T23:00:00Z
5,2026-04-05,2016-04-03,True,2,0.1169999999999618,2016-04-03T00:00:00Z
5,2026-04-05,2016-04-03,True,3,0.16000000000008185,2016-04-03T01:00:00Z
5,2026-04-05,2016-04-03,True,4,0.15200000000004366,2016-04-03T02:00:00Z
5,2026-04-05,2016-04-03,True,5,0.11099999999987631,2016-04-03T03:00:00Z
5,2026-04-05,2016-04-03,True,6,0.20700000000010732,2016-04-03T04:00:00Z
5,2026-04-05,2016-04-03,True,7,0.16699999999991633,2016-04-03T05:00:00Z
5,2026-04-05,2016-04-03,True,8,0.20299999999997453,2016-04-03T06:00:00Z
5,2026-04-05,2016-04-03,True,9,0.20199999999999818,2016-04-03T07:00:00Z
5,2026-04-05,2016-04-03,True,10,0.08800000000019281,2016-04-03T08:00:00Z
5,2026-04-05,2016-04-03,True,11,0.11299999999982901,2016-04-03T09:00:00Z
5,2026-04-05,2016-04-03,True,12,0.1570000000001528,2016-04-03T10:00:00Z
5,2026-04-05,2016-04-03,True,13,0.10299999999983811,2016-04-03T11:00:00Z
5,2026-04-05,2016-04-03,True,14,0.1570000000001528,2016-04-03T12:00:00Z
5,2026-04-05,2016-04-03,True,15,0.08999999999991815,2016-04-03T13:00:00Z
5,2026-04-05,2016-04-03,True,16,0.13000000000010914,2016-04-03T14:00:00Z
5,2026-04-05,2016-04-03,True,17,0.12799999999992906,2016-04-03T15:00:00Z
5,2026-04-05,2016-04-03,True,18,0.6340000000000146,2016-04-03T16:00:00Z
5,2026-04-05,2016-04-03,True,19,0.3129999999998745,2016-04-03T17:00:00Z
5,2026-04-05,2016-04-03,True,20,0.415000000000191,2016-04-03T18:00:00Z
5,2026-04-05,2016-04-03,True,21,0.25,2016-04-03T19:00:00Z
5,2026-04-05,2016-04-03,True,22,0.1799999999998363,2016-04-03T20:00:00Z
5,2026-04-05,2016-04-03,True,23,0.13200000000006185,2016-04-03T21:00:00Z
5,2026-04-06,2016-04-04,True,0,0.10999999999989996,2016-04-03T22:00:00Z
5,2026-04-06,2016-04-04,True,1,0.14000000000010004,2016-04-03T23:00:00Z
5,2026-04-06,2016-04-04,True,2,0.0909999999998945,2016-04-04T00:00:00Z
5,2026-04-06,2016-04-04,True,3,0.1290000000001328,2016-04-04T01:00:00Z
5,2026-04-06,2016-04-04,True,4,0.11799999999993815,2016-04-04T02:00:00Z
5,2026-04-06,2016-04-04,True,5,0.11200000000008004,2016-04-04T03:00:00Z
5,2026-04-06,2016-04-04,True,6,0.17499999999995453,2016-04-04T04:00:00Z
5,2026-04-06,2016-04-04,True,7,0.5180000000000291,2016-04-04T05:00:00Z
5,2026-04-06,2016-04-04,True,8,0.6849999999999454,2016-04-04T06:00:00Z
5,2026-04-06,2016-04-04,True,9,0.2300000000000182,2016-04-04T07:00:00Z
5,2026-04-06,2016-04-04,True,10,0.6620000000000346,2016-04-04T08:00:00Z
5,2026-04-06,2016-04-04,True,11,0.13999999999987267,2016-04-04T09:00:00Z
5,2026-04-06,2016-04-04,True,12,0.08000000000015461,2016-04-04T10:00:00Z
5,2026-04-06,2016-04-04,True,13,0.2279999999998381,2016-04-04T11:00:00Z
5,2026-04-06,2016-04-04,True,14,0.09700000000020736,2016-04-04T12:00:00Z
5,2026-04-06,2016-04-04,True,15,0.4499999999998181,2016-04-04T13:00:00Z
5,2026-04-06,2016-04-04,True,16,0.39000000000010004,2016-04-04T14:00:00Z
5,2026-04-06,2016-04-04,True,17,0.45100000000002183,2016-04-04T15:00:00Z
5,2026-04-06,2016-04-04,True,18,0.31199999999989814,2016-04-04T16:00:00Z
5,2026-04-06,2016-04-04,True,19,0.7650000000001,2016-04-04T17:00:00Z
5,2026-04-06,2016-04-04,True,20,0.5599999999999454,2016-04-04T18:00:00Z
5,2026-04-06,2016-04-04,True,21,0.5599999999999454,2016-04-04T19:00:00Z
5,2026-04-06,2016-04-04,True,22,0.40200000000004366,2016-04-04T20:00:00Z
5,2026-04-06,2016-04-04,True,23,0.18599999999992178,2016-04-04T21:00:00Z
5,2026-04-07,2016-04-05,True,0,0.12700000000018008,2016-04-04T22:00:00Z
5,2026-04-07,2016-04-05,True,1,0.10999999999989996,2016-04-04T23:00:00Z
5,2026-04-07,2016-04-05,True,2,0.12000000000011823,2016-04-05T00:00:00Z
5,2026-04-07,2016-04-05,True,3,0.10299999999983811,2016-04-05T01:00:00Z
5,2026-04-07,2016-04-05,True,4,0.1390000000001237,2016-04-05T02:00:00Z
5,2026-04-07,2016-04-05,True,5,0.1009999999998854,2016-04-05T03:00:00Z
5,2026-04-07,2016-04-05,True,6,0.1470000000001619,2016-04-05T04:00:00Z
5,2026-04-07,2016-04-05,True,7,0.25699999999983447,2016-04-05T05:00:00Z
5,2026-04-07,2016-04-05,True,8,0.7530000000001564,2016-04-05T06:00:00Z
5,2026-04-07,2016-04-05,True,9,0.30199999999990723,2016-04-05T07:00:00Z
5,2026-04-07,2016-04-05,True,10,1.1479999999999109,2016-04-05T08:00:00Z
5,2026-04-07,2016-04-05,True,11,0.17300000000000182,2016-04-05T09:00:00Z
5,2026-04-07,2016-04-05,True,12,1.1970000000001164,2016-04-05T10:00:00Z
5,2026-04-07,2016-04-05,True,13,0.13999999999987267,2016-04-05T11:00:00Z
5,2026-04-07,2016-04-05,True,14,0.1330000000000382,2016-04-05T12:00:00Z
5,2026-04-07,2016-04-05,True,15,0.1169999999999618,2016-04-05T13:00:00Z
5,2026-04-07,2016-04-05,True,16,0.15800000000012915,2016-04-05T14:00:00Z
5,2026-04-07,2016-04-05,True,17,0.3689999999999145,2016-04-05T15:00:00Z
5,2026-04-07,2016-04-05,True,18,0.3630000000000564,2016-04-05T16:00:00Z
5,2026-04-07,2016-04-05,True,19,0.46499999999991815,2016-04-05T17:00:00Z
5,2026-04-07,2016-04-05,True,20,0.6670000000001437,2016-04-05T18:00:00Z
5,2026-04-07,2016-04-05,True,21,0.5080000000000382,2016-04-05T19:00:00Z
5,2026-04-07,2016-04-05,True,22,0.15999999999985448,2016-04-05T20:00:00Z
5,2026-04-07,2016-04-05,True,23,0.16200000000003456,2016-04-05T21:00:00Z
5,2026-04-08,2016-04-06,True,0,0.08799999999996544,2016-04-05T22:00:00Z
5,2026-04-08,2016-04-06,True,1,0.14000000000010004,2016-04-05T23:00:00Z
5,2026-04-08,2016-04-06,True,2,0.11199999999985266,2016-04-06T00:00:00Z
5,2026-04-08,2016-04-06,True,3,0.09800000000018372,2016-04-06T01:00:00Z
5,2026-04-08,2016-04-06,True,4,0.13999999999987267,2016-04-06T02:00:00Z
5,2026-04-08,2016-04-06,True,5,0.08200000000010732,2016-04-06T03:00:00Z
5,2026-04-08,2016-04-06,True,6,0.17099999999982174,2016-04-06T04:00:00Z
5,2026-04-08,2016-04-06,True,7,0.24700000000007094,2016-04-06T05:00:00Z
5,2026-04-08,2016-04-06,True,8,0.20299999999997453,2016-04-06T06:00:00Z
5,2026-04-08,2016-04-06,True,9,0.6790000000000873,2016-04-06T07:00:00Z
5,2026-04-08,2016-04-06,True,10,0.20299999999997453,2016-04-06T08:00:00Z
5,2026-04-08,2016-04-06,True,11,0.20499999999992724,2016-04-06T09:00:00Z
5,2026-04-08,2016-04-06,True,12,0.5299999999999727,2016-04-06T10:00:00Z
5,2026-04-08,2016-04-06,True,13,0.20000000000004547,2016-04-06T11:00:00Z
5,2026-04-08,2016-04-06,True,14,0.2720000000001619,2016-04-06T12:00:00Z
5,2026-04-08,2016-04-06,True,15,0.2279999999998381,2016-04-06T13:00:00Z
5,2026-04-08,2016-04-06,True,16,0.13000000000010914,2016-04-06T14:00:00Z
5,2026-04-08,2016-04-06,True,17,0.13999999999987267,2016-04-06T15:00:00Z
5,2026-04-08,2016-04-06,True,18,0.11000000000012733,2016-04-06T16:00:00Z
5,2026-04-08,2016-04-06,True,19,0.5499999999999545,2016-04-06T17:00:00Z
5,2026-04-08,2016-04-06,True,20,0.47700000000008913,2016-04-06T18:00:00Z
5,2026-04-08,2016-04-06,True,21,1.0949999999998,2016-04-06T19:00:00Z
5,2026-04-08,2016-04-06,True,22,0.6050000000000182,2016-04-06T20:00:00Z
5,2026-04-08,2016-04-06,True,23,0.26500000000010004,2016-04-06T21:00:00Z
5,2026-04-09,2016-04-07,True,0,0.12799999999992906,2016-04-06T22:00:00Z
5,2026-04-09,2016-04-07,True,1,0.16200000000003456,2016-04-06T23:00:00Z
5,2026-04-09,2016-04-07,True,2,0.09799999999995634,2016-04-07T00:00:00Z
5,2026-04-09,2016-04-07,True,3,0.12000000000011823,2016-04-07T01:00:00Z
5,2026-04-09,2016-04-07,True,4,0.14200000000005275,2016-04-07T02:00:00Z
5,2026-04-09,2016-04-07,True,5,0.08999999999991815,2016-04-07T03:00:00Z
5,2026-04-09,2016-04-07,True,6,0.1879999999998745,2016-04-07T04:00:00Z
5,2026-04-09,2016-04-07,True,7,0.2800000000002001,2016-04-07T05:00:00Z
5,2026-04-09,2016-04-07,True,8,0.0929999999998472,2016-04-07T06:00:00Z
5,2026-04-09,2016-04-07,True,9,0.1169999999999618,2016-04-07T07:00:00Z
5,2026-04-09,2016-04-07,True,10,0.12200000000007094,2016-04-07T08:00:00Z
5,2026-04-09,2016-04-07,True,11,0.11000000000012733,2016-04-07T09:00:00Z
5,2026-04-09,2016-04-07,True,12,0.10799999999994725,2016-04-07T10:00:00Z
5,2026-04-09,2016-04-07,True,13,0.13999999999987267,2016-04-07T11:00:00Z
5,2026-04-09,2016-04-07,True,14,0.12000000000011823,2016-04-07T12:00:00Z
5,2026-04-09,2016-04-07,True,15,0.09999999999990905,2016-04-07T13:00:00Z
5,2026-04-09,2016-04-07,True,16,0.17000000000007276,2016-04-07T14:00:00Z
5,2026-04-09,2016-04-07,True,17,0.23700000000008004,2016-04-07T15:00:00Z
5,2026-04-09,2016-04-07,True,18,0.9699999999997999,2016-04-07T16:00:00Z
5,2026-04-09,2016-04-07,True,19,0.3610000000001037,2016-04-07T17:00:00Z
5,2026-04-09,2016-04-07,True,20,0.3589999999999236,2016-04-07T18:00:00Z
5,2026-04-09,2016-04-07,True,21,0.31300000000010186,2016-04-07T19:00:00Z
5,2026-04-09,2016-04-07,True,22,0.22000000000002728,2016-04-07T20:00:00Z
5,2026-04-09,2016-04-07,True,23,0.15200000000004366,2016-04-07T21:00:00Z
5,2026-04-10,2016-04-08,True,0,0.13999999999987267,2016-04-07T22:00:00Z
5,2026-04-10,2016-04-08,True,1,0.09999999999990905,2016-04-07T23:00:00Z
5,2026-04-10,2016-04-08,True,2,0.11000000000012733,2016-04-08T00:00:00Z
5,2026-04-10,2016-04-08,True,3,0.12799999999992906,2016-04-08T01:00:00Z
5,2026-04-10,2016-04-08,True,4,0.13000000000010914,2016-04-08T02:00:00Z
5,2026-04-10,2016-04-08,True,5,0.0829999999998563,2016-04-08T03:00:00Z
5,2026-04-10,2016-04-08,True,6,0.20700000000010732,2016-04-08T04:00:00Z
5,2026-04-10,2016-04-08,True,7,0.30199999999990723,2016-04-08T05:00:00Z
5,2026-04-10,2016-04-08,True,8,0.44000000000005457,2016-04-08T06:00:00Z
5,2026-04-10,2016-04-08,True,9,0.40300000000002,2016-04-08T07:00:00Z
5,2026-04-10,2016-04-08,True,10,0.47499999999990905,2016-04-08T08:00:00Z
5,2026-04-10,2016-04-08,True,11,0.12000000000011823,2016-04-08T09:00:00Z
5,2026-04-10,2016-04-08,True,12,0.11999999999989086,2016-04-08T10:00:00Z
5,2026-04-10,2016-04-08,True,13,0.6400000000001,2016-04-08T11:00:00Z
5,2026-04-10,2016-04-08,True,14,0.17000000000007276,2016-04-08T12:00:00Z
5,2026-04-10,2016-04-08,True,15,0.5,2016-04-08T13:00:00Z
5,2026-04-10,2016-04-08,True,16,0.5599999999999454,2016-04-08T14:00:00Z
5,2026-04-10,2016-04-08,True,17,0.19000000000005457,2016-04-08T15:00:00Z
5,2026-04-10,2016-04-08,True,18,0.2199999999997999,2016-04-08T16:00:00Z
5,2026-04-10,2016-04-08,True,19,0.26700000000005275,2016-04-08T17:00:00Z
5,2026-04-10,2016-04-08,True,20,0.8079999999999927,2016-04-08T18:00:00Z
5,2026-04-10,2016-04-08,True,21,0.6800000000000637,2016-04-08T19:00:00Z
5,2026-04-10,2016-04-08,True,22,0.59699999999998,2016-04-08T20:00:00Z
5,2026-04-10,2016-04-08,True,23,0.6649999999999636,2016-04-08T21:00:00Z
5,2026-04-11,2016-04-09,True,0,0.3810000000000855,2016-04-08T22:00:00Z
5,2026-04-11,2016-04-09,True,1,0.5619999999998981,2016-04-08T23:00:00Z
5,2026-04-11,2016-04-09,True,2,0.2699999999999818,2016-04-09T00:00:00Z
5,2026-04-11,2016-04-09,True,3,0.21000000000003638,2016-04-09T01:00:00Z
5,2026-04-11,2016-04-09,True,4,0.22000000000002728,2016-04-09T02:00:00Z
5,2026-04-11,2016-04-09,True,5,0.22800000000006548,2016-04-09T03:00:00Z
5,2026-04-11,2016-04-09,True,6,0.4519999999999982,2016-04-09T04:00:00Z
5,2026-04-11,2016-04-09,True,7,0.2899999999999636,2016-04-09T05:00:00Z
5,2026-04-11,2016-04-09,True,8,0.2799999999999727,2016-04-09T06:00:00Z
5,2026-04-11,2016-04-09,True,9,0.07999999999992724,2016-04-09T07:00:00Z
5,2026-04-11,2016-04-09,True,10,0.07000000000016371,2016-04-09T08:00:00Z
5,2026-04-11,2016-04-09,True,11,0.13199999999983447,2016-04-09T09:00:00Z
5,2026-04-11,2016-04-09,True,12,0.057999999999992724,2016-04-09T10:00:00Z
5,2026-04-11,2016-04-09,True,13,0.08000000000015461,2016-04-09T11:00:00Z
5,2026-04-11,2016-04-09,True,14,0.10999999999989996,2016-04-09T12:00:00Z
5,2026-04-11,2016-04-09,True,15,0.07200000000011642,2016-04-09T13:00:00Z
5,2026-04-11,2016-04-09,True,16,0.06999999999993634,2016-04-09T14:00:00Z
5,2026-04-11,2016-04-09,True,17,0.10999999999989996,2016-04-09T15:00:00Z
5,2026-04-11,2016-04-09,True,18,0.09800000000018372,2016-04-09T16:00:00Z
5,2026-04-11,2016-04-09,True,19,0.05199999999990723,2016-04-09T17:00:00Z
5,2026-04-11,2016-04-09,True,20,0.09999999999990905,2016-04-09T18:00:00Z
5,2026-04-11,2016-04-09,True,21,0.09000000000014552,2016-04-09T19:00:00Z
5,2026-04-11,2016-04-09,True,22,0.0809999999999036,2016-04-09T20:00:00Z
5,2026-04-11,2016-04-09,True,23,0.05700000000001637,2016-04-09T21:00:00Z
5,2026-04-12,2016-04-10,True,0,0.14000000000010004,2016-04-09T22:00:00Z
5,2026-04-12,2016-04-10,True,1,0.052999999999883585,2016-04-09T23:00:00Z
5,2026-04-12,2016-04-10,True,2,0.07899999999995089,2016-04-10T00:00:00Z
5,2026-04-12,2016-04-10,True,3,0.10800000000017462,2016-04-10T01:00:00Z
5,2026-04-12,2016-04-10,True,4,0.0829999999998563,2016-04-10T02:00:00Z
5,2026-04-12,2016-04-10,True,5,0.06899999999995998,2016-04-10T03:00:00Z
5,2026-04-12,2016-04-10,True,6,0.10000000000013642,2016-04-10T04:00:00Z
5,2026-04-12,2016-04-10,True,7,0.1009999999998854,2016-04-10T05:00:00Z
5,2026-04-12,2016-04-10,True,8,0.05900000000019645,2016-04-10T06:00:00Z
5,2026-04-12,2016-04-10,True,9,0.08799999999996544,2016-04-10T07:00:00Z
5,2026-04-12,2016-04-10,True,10,0.10299999999983811,2016-04-10T08:00:00Z
5,2026-04-12,2016-04-10,True,11,0.07900000000017826,2016-04-10T09:00:00Z
5,2026-04-12,2016-04-10,True,12,0.049999999999954525,2016-04-10T10:00:00Z
5,2026-04-12,2016-04-10,True,13,0.13099999999985812,2016-04-10T11:00:00Z
5,2026-04-12,2016-04-10,True,14,0.06700000000000728,2016-04-10T12:00:00Z
5,2026-04-12,2016-04-10,True,15,0.08200000000010732,2016-04-10T13:00:00Z
5,2026-04-12,2016-04-10,True,16,0.08799999999996544,2016-04-10T14:00:00Z
5,2026-04-12,2016-04-10,True,17,0.11200000000008004,2016-04-10T15:00:00Z
5,2026-04-12,2016-04-10,True,18,0.07999999999992724,2016-04-10T16:00:00Z
5,2026-04-12,2016-04-10,True,19,0.09999999999990905,2016-04-10T17:00:00Z
5,2026-04-12,2016-04-10,True,20,0.06799999999998363,2016-04-10T18:00:00Z
5,2026-04-12,2016-04-10,True,21,0.09200000000009823,2016-04-10T19:00:00Z
5,2026-04-12,2016-04-10,True,22,0.10799999999994725,2016-04-10T20:00:00Z
5,2026-04-12,2016-04-10,True,23,0.06200000000012551,2016-04-10T21:00:00Z
5,2026-04-13,2019-04-15,True,0,0.16899999999986903,2019-04-14T22:00:00Z
5,2026-04-13,2019-04-15,True,1,0.21500000000014552,2019-04-14T23:00:00Z
5,2026-04-13,2019-04-15,True,2,0.20499999999992724,2019-04-15T00:00:00Z
5,2026-04-13,2019-04-15,True,3,0.15600000000085856,2019-04-15T01:00:00Z
5,2026-04-13,2019-04-15,True,4,0.17399999999906868,2019-04-15T02:00:00Z
5,2026-04-13,2019-04-15,True,5,0.2360000000007858,2019-04-15T03:00:00Z
5,2026-04-13,2019-04-15,True,6,0.34499999999934516,2019-04-15T04:00:00Z
5,2026-04-13,2019-04-15,True,7,0.29900000000088767,2019-04-15T05:00:00Z
5,2026-04-13,2019-04-15,True,8,0.3059999999986758,2019-04-15T06:00:00Z
5,2026-04-13,2019-04-15,True,9,0.4250000000010914,2019-04-15T07:00:00Z
5,2026-04-13,2019-04-15,True,10,0.5100000000002183,2019-04-15T08:00:00Z
5,2026-04-13,2019-04-15,True,11,0.4239999999990687,2019-04-15T09:00:00Z
5,2026-04-13,2019-04-15,True,12,0.39099999999962165,2019-04-15T10:00:00Z
5,2026-04-13,2019-04-15,True,13,0.33000000000174623,2019-04-15T11:00:00Z
5,2026-04-13,2019-04-15,True,14,0.3899999999994179,2019-04-15T12:00:00Z
5,2026-04-13,2019-04-15,True,15,0.2999999999992724,2019-04-15T13:00:00Z
5,2026-04-13,2019-04-15,True,16,0.375,2019-04-15T14:00:00Z
5,2026-04-13,2019-04-15,True,17,0.30500000000029104,2019-04-15T15:00:00Z
5,2026-04-13,2019-04-15,True,18,0.5050000000010186,2019-04-15T16:00:00Z
5,2026-04-13,2019-04-15,True,19,0.6489999999994325,2019-04-15T17:00:00Z
5,2026-04-13,2019-04-15,True,20,0.386000000000422,2019-04-15T18:00:00Z
5,2026-04-13,2019-04-15,True,21,0.8599999999987631,2019-04-15T19:00:00Z
5,2026-04-13,2019-04-15,True,22,0.32999999999992724,2019-04-15T20:00:00Z
5,2026-04-13,2019-04-15,True,23,0.3250000000007276,2019-04-15T21:00:00Z
5,2026-04-14,2019-04-16,True,0,0.22400000000016007,2019-04-15T22:00:00Z
5,2026-04-14,2019-04-16,True,1,0.2459999999991851,2019-04-15T23:00:00Z
5,2026-04-14,2019-04-16,True,2,0.2000000000007276,2019-04-16T00:00:00Z
5,2026-04-14,2019-04-16,True,3,0.1890000000003056,2019-04-16T01:00:00Z
5,2026-04-14,2019-04-16,True,4,0.17000000000007276,2019-04-16T02:00:00Z
5,2026-04-14,2019-04-16,True,5,0.19099999999889405,2019-04-16T03:00:00Z
5,2026-04-14,2019-04-16,True,6,0.2250000000003638,2019-04-16T04:00:00Z
5,2026-04-14,2019-04-16,True,7,0.21500000000014552,2019-04-16T05:00:00Z
5,2026-04-14,2019-04-16,True,8,0.18499999999949068,2019-04-16T06:00:00Z
5,2026-04-14,2019-04-16,True,9,0.3100000000013097,2019-04-16T07:00:00Z
5,2026-04-14,2019-04-16,True,10,0.25499999999919964,2019-04-16T08:00:00Z
5,2026-04-14,2019-04-16,True,11,0.30500000000029104,2019-04-16T09:00:00Z
5,2026-04-14,2019-04-16,True,12,0.21899999999914144,2019-04-16T10:00:00Z
5,2026-04-14,2019-04-16,True,13,0.9250000000010914,2019-04-16T11:00:00Z
5,2026-04-14,2019-04-16,True,14,0.15099999999983993,2019-04-16T12:00:00Z
5,2026-04-14,2019-04-16,True,15,0.19000000000050932,2019-04-16T13:00:00Z
5,2026-04-14,2019-04-16,True,16,0.21999999999934516,2019-04-16T14:00:00Z
5,2026-04-14,2019-04-16,True,17,0.22899999999935972,2019-04-16T15:00:00Z
5,2026-04-14,2019-04-16,True,18,0.17600000000129512,2019-04-16T16:00:00Z
5,2026-04-14,2019-04-16,True,19,0.18499999999949068,2019-04-16T17:00:00Z
5,2026-04-14,2019-04-16,True,20,0.2349999999987631,2019-04-16T18:00:00Z
5,2026-04-14,2019-04-16,True,21,0.5200000000004366,2019-04-16T19:00:00Z
5,2026-04-14,2019-04-16,True,22,0.6450000000004366,2019-04-16T20:00:00Z
5,2026-04-14,2019-04-16,True,23,0.30500000000029104,2019-04-16T21:00:00Z
5,2026-04-15,2019-04-17,True,0,0.9400000000005093,2019-04-16T22:00:00Z
5,2026-04-15,2019-04-17,True,1,0.4599999999991269,2019-04-16T23:00:00Z
5,2026-04-15,2019-04-17,True,2,0.46999999999934516,2019-04-17T00:00:00Z
5,2026-04-15,2019-04-17,True,3,0.20499999999992724,2019-04-17T01:00:00Z
5,2026-04-15,2019-04-17,True,4,0.14900000000125146,2019-04-17T02:00:00Z
5,2026-04-15,2019-04-17,True,5,0.17599999999947613,2019-04-17T03:00:00Z
5,2026-04-15,2019-04-17,True,6,0.23400000000037835,2019-04-17T04:00:00Z
5,2026-04-15,2019-04-17,True,7,0.44099999999889405,2019-04-17T05:00:00Z
5,2026-04-15,2019-04-17,True,8,0.4750000000003638,2019-04-17T06:00:00Z
5,2026-04-15,2019-04-17,True,9,0.3150000000005093,2019-04-17T07:00:00Z
5,2026-04-15,2019-04-17,True,10,0.25,2019-04-17T08:00:00Z
5,2026-04-15,2019-04-17,True,11,0.20999999999912689,2019-04-17T09:00:00Z
5,2026-04-15,2019-04-17,True,12,0.1890000000003056,2019-04-17T10:00:00Z
5,2026-04-15,2019-04-17,True,13,0.5360000000000582,2019-04-17T11:00:00Z
5,2026-04-15,2019-04-17,True,14,0.2540000000008149,2019-04-17T12:00:00Z
5,2026-04-15,2019-04-17,True,15,0.8060000000004948,2019-04-17T13:00:00Z
5,2026-04-15,2019-04-17,True,16,0.3349999999991269,2019-04-17T14:00:00Z
5,2026-04-15,2019-04-17,True,17,0.3850000000002183,2019-04-17T15:00:00Z
5,2026-04-15,2019-04-17,True,18,0.44499999999970896,2019-04-17T16:00:00Z
5,2026-04-15,2019-04-17,True,19,0.2649999999994179,2019-04-17T17:00:00Z
5,2026-04-15,2019-04-17,True,20,0.7150000000001455,2019-04-17T18:00:00Z
5,2026-04-15,2019-04-17,True,21,0.3389999999999418,2019-04-17T19:00:00Z
5,2026-04-15,2019-04-17,True,22,0.2900000000008731,2019-04-17T20:00:00Z
5,2026-04-15,2019-04-17,True,23,0.20099999999911233,2019-04-17T21:00:00Z
5,2026-04-16,2019-04-18,True,0,0.23999999999978172,2019-04-17T22:00:00Z
5,2026-04-16,2019-04-18,True,1,0.18000000000029104,2019-04-17T23:00:00Z
5,2026-04-16,2019-04-18,True,2,0.17000000000007276,2019-04-18T00:00:00Z
5,2026-04-16,2019-04-18,True,3,0.16899999999986903,2019-04-18T01:00:00Z
5,2026-04-16,2019-04-18,True,4,0.1959999999999127,2019-04-18T02:00:00Z
5,2026-04-16,2019-04-18,True,5,0.22400000000016007,2019-04-18T03:00:00Z
5,2026-04-16,2019-04-18,True,6,0.4710000000013679,2019-04-18T04:00:00Z
5,2026-04-16,2019-04-18,True,7,0.8349999999991269,2019-04-18T05:00:00Z
5,2026-04-16,2019-04-18,True,8,0.25,2019-04-18T06:00:00Z
5,2026-04-16,2019-04-18,True,9,0.2739999999994325,2019-04-18T07:00:00Z
5,2026-04-16,2019-04-18,True,10,0.1610000000000582,2019-04-18T08:00:00Z
5,2026-04-16,2019-04-18,True,11,0.15999999999985448,2019-04-18T09:00:00Z
5,2026-04-16,2019-04-18,True,12,0.17000000000007276,2019-04-18T10:00:00Z
5,2026-04-16,2019-04-18,True,13,0.17000000000007276,2019-04-18T11:00:00Z
5,2026-04-16,2019-04-18,True,14,0.28000000000065484,2019-04-18T12:00:00Z
5,2026-04-16,2019-04-18,True,15,0.2849999999998545,2019-04-18T13:00:00Z
5,2026-04-16,2019-04-18,True,16,0.3400000000001455,2019-04-18T14:00:00Z
5,2026-04-16,2019-04-18,True,17,0.20499999999992724,2019-04-18T15:00:00Z
5,2026-04-16,2019-04-18,True,18,0.5840000000007421,2019-04-18T16:00:00Z
5,2026-04-16,2019-04-18,True,19,0.9110000000000582,2019-04-18T17:00:00Z
5,2026-04-16,2019-04-18,True,20,0.375,2019-04-18T18:00:00Z
5,2026-04-16,2019-04-18,True,21,1.2599999999983993,2019-04-18T19:00:00Z
5,2026-04-16,2019-04-18,True,22,0.3250000000007276,2019-04-18T20:00:00Z
5,2026-04-16,2019-04-18,True,23,0.3140000000003056,2019-04-18T21:00:00Z
5,2026-04-17,2019-04-19,True,0,0.08499999999912689,2019-04-18T22:00:00Z
5,2026-04-17,2019-04-19,True,1,0.07600000000093132,2019-04-18T23:00:00Z
5,2026-04-17,2019-04-19,True,2,0.18499999999949068,2019-04-19T00:00:00Z
5,2026-04-17,2019-04-19,True,3,0.13500000000021828,2019-04-19T01:00:00Z
5,2026-04-17,2019-04-19,True,4,0.1000000000003638,2019-04-19T02:00:00Z
5,2026-04-17,2019-04-19,True,5,0.04899999999906868,2019-04-19T03:00:00Z
5,2026-04-17,2019-04-19,True,6,0.12000000000080036,2019-04-19T04:00:00Z
5,2026-04-17,2019-04-19,True,7,0.22600000000056752,2019-04-19T05:00:00Z
5,2026-04-17,2019-04-19,True,8,0.25499999999919964,2019-04-19T06:00:00Z
5,2026-04-17,2019-04-19,True,9,0.0750000000007276,2019-04-19T07:00:00Z
5,2026-04-17,2019-04-19,True,10,0.04500000000007276,2019-04-19T08:00:00Z
5,2026-04-17,2019-04-19,True,11,0.07899999999972351,2019-04-19T09:00:00Z
5,2026-04-17,2019-04-19,True,12,0.09599999999954889,2019-04-19T10:00:00Z
5,2026-04-17,2019-04-19,True,13,0.125,2019-04-19T11:00:00Z
5,2026-04-17,2019-04-19,True,14,0.039999999999054126,2019-04-19T12:00:00Z
5,2026-04-17,2019-04-19,True,15,0.07999999999992724,2019-04-19T13:00:00Z
5,2026-04-17,2019-04-19,True,16,0.09000000000014552,2019-04-19T14:00:00Z
5,2026-04-17,2019-04-19,True,17,0.12000000000080036,2019-04-19T15:00:00Z
5,2026-04-17,2019-04-19,True,18,0.05999999999949068,2019-04-19T16:00:00Z
5,2026-04-17,2019-04-19,True,19,0.06999999999970896,2019-04-19T17:00:00Z
5,2026-04-17,2019-04-19,True,20,0.10900000000037835,2019-04-19T18:00:00Z
5,2026-04-17,2019-04-19,True,21,0.10100000000056752,2019-04-19T19:00:00Z
5,2026-04-17,2019-04-19,True,22,0.06999999999970896,2019-04-19T20:00:00Z
5,2026-04-17,2019-04-19,True,23,0.05999999999949068,2019-04-19T21:00:00Z
5,2026-04-18,2019-04-20,True,0,0.13400000000001455,2019-04-19T22:00:00Z
5,2026-04-18,2019-04-20,True,1,0.06600000000071304,2019-04-19T23:00:00Z
5,2026-04-18,2019-04-20,True,2,0.07999999999992724,2019-04-20T00:00:00Z
5,2026-04-18,2019-04-20,True,3,0.06899999999950523,2019-04-20T01:00:00Z
5,2026-04-18,2019-04-20,True,4,0.14099999999962165,2019-04-20T02:00:00Z
5,2026-04-18,2019-04-20,True,5,0.050000000001091394,2019-04-20T03:00:00Z
5,2026-04-18,2019-04-20,True,6,0.07999999999992724,2019-04-20T04:00:00Z
5,2026-04-18,2019-04-20,True,7,0.049999999999272404,2019-04-20T05:00:00Z
5,2026-04-18,2019-04-20,True,8,0.13900000000103319,2019-04-20T06:00:00Z
5,2026-04-18,2019-04-20,True,9,0.06099999999969441,2019-04-20T07:00:00Z
5,2026-04-18,2019-04-20,True,10,0.07999999999992724,2019-04-20T08:00:00Z
5,2026-04-18,2019-04-20,True,11,0.049999999999272404,2019-04-20T09:00:00Z
5,2026-04-18,2019-04-20,True,12,0.13000000000101863,2019-04-20T10:00:00Z
5,2026-04-18,2019-04-20,True,13,0.0749999999989086,2019-04-20T11:00:00Z
5,2026-04-18,2019-04-20,True,14,0.0750000000007276,2019-04-20T12:00:00Z
5,2026-04-18,2019-04-20,True,15,0.049999999999272404,2019-04-20T13:00:00Z
5,2026-04-18,2019-04-20,True,16,0.125,2019-04-20T14:00:00Z
5,2026-04-18,2019-04-20,True,17,0.09000000000014552,2019-04-20T15:00:00Z
5,2026-04-18,2019-04-20,True,18,0.0750000000007276,2019-04-20T16:00:00Z
5,2026-04-18,2019-04-20,True,19,0.058999999999286956,2019-04-20T17:00:00Z
5,2026-04-18,2019-04-20,True,20,0.10100000000056752,2019-04-20T18:00:00Z
5,2026-04-18,2019-04-20,True,21,0.125,2019-04-20T19:00:00Z
5,2026-04-18,2019-04-20,True,22,0.05500000000029104,2019-04-20T20:00:00Z
5,2026-04-18,2019-04-20,True,23,0.07999999999992724,2019-04-20T21:00:00Z
5,2026-04-19,2019-04-21,True,0,0.09000000000014552,2019-04-20T22:00:00Z
5,2026-04-19,2019-04-21,True,1,0.11999999999898137,2019-04-20T23:00:00Z
5,2026-04-19,2019-04-21,True,2,0.04900000000088767,2019-04-21T00:00:00Z
5,2026-04-19,2019-04-21,True,3,0.08100000000013097,2019-04-21T01:00:00Z
5,2026-04-19,2019-04-21,True,4,0.08899999999994179,2019-04-21T02:00:00Z
5,2026-04-19,2019-04-21,True,5,0.12099999999918509,2019-04-21T03:00:00Z
5,2026-04-19,2019-04-21,True,6,0.04399999999986903,2019-04-21T04:00:00Z
5,2026-04-19,2019-04-21,True,7,0.07600000000093132,2019-04-21T05:00:00Z
5,2026-04-19,2019-04-21,True,8,0.10999999999876309,2019-04-21T06:00:00Z
5,2026-04-19,2019-04-21,True,9,0.1000000000003638,2019-04-21T07:00:00Z
5,2026-04-19,2019-04-21,True,10,0.04900000000088767,2019-04-21T08:00:00Z
5,2026-04-19,2019-04-21,True,11,0.07999999999992724,2019-04-21T09:00:00Z
5,2026-04-19,2019-04-21,True,12,0.10100000000056752,2019-04-21T10:00:00Z
5,2026-04-19,2019-04-21,True,13,0.09999999999854481,2019-04-21T11:00:00Z
5,2026-04-19,2019-04-21,True,14,0.05400000000008731,2019-04-21T12:00:00Z
5,2026-04-19,2019-04-21,True,15,0.07099999999991269,2019-04-21T13:00:00Z
5,2026-04-19,2019-04-21,True,16,0.1040000000011787,2019-04-21T14:00:00Z
5,2026-04-19,2019-04-21,True,17,0.10599999999976717,2019-04-21T15:00:00Z
5,2026-04-19,2019-04-21,True,18,0.05400000000008731,2019-04-21T16:00:00Z
5,2026-04-19,2019-04-21,True,19,0.07099999999991269,2019-04-21T17:00:00Z
5,2026-04-19,2019-04-21,True,20,0.11999999999898137,2019-04-21T18:00:00Z
5,2026-04-19,2019-04-21,True,21,0.09000000000014552,2019-04-21T19:00:00Z
5,2026-04-19,2019-04-21,True,22,0.06500000000050932,2019-04-21T20:00:00Z
5,2026-04-19,2019-04-21,True,23,0.06400000000030559,2019-04-21T21:00:00Z
5,2026-04-20,2019-04-22,True,0,0.12999999999919964,2019-04-21T22:00:00Z
5,2026-04-20,2019-04-22,True,1,0.07999999999992724,2019-04-21T23:00:00Z
5,2026-04-20,2019-04-22,True,2,0.07099999999991269,2019-04-22T00:00:00Z
5,2026-04-20,2019-04-22,True,3,0.059000000001105946,2019-04-22T01:00:00Z
5,2026-04-20,2019-04-22,True,4,0.14099999999962165,2019-04-22T02:00:00Z
5,2026-04-20,2019-04-22,True,5,0.06899999999950523,2019-04-22T03:00:00Z
5,2026-04-20,2019-04-22,True,6,0.07099999999991269,2019-04-22T04:00:00Z
5,2026-04-20,2019-04-22,True,7,0.04900000000088767,2019-04-22T05:00:00Z
5,2026-04-20,2019-04-22,True,8,0.14099999999962165,2019-04-22T06:00:00Z
5,2026-04-20,2019-04-22,True,9,0.0750000000007276,2019-04-22T07:00:00Z
5,2026-04-20,2019-04-22,True,10,0.07399999999870488,2019-04-22T08:00:00Z
5,2026-04-20,2019-04-22,True,11,0.050000000001091394,2019-04-22T09:00:00Z
5,2026-04-20,2019-04-22,True,12,0.11099999999896681,2019-04-22T10:00:00Z
5,2026-04-20,2019-04-22,True,13,0.09900000000016007,2019-04-22T11:00:00Z
5,2026-04-20,2019-04-22,True,14,0.07999999999992724,2019-04-22T12:00:00Z
5,2026-04-20,2019-04-22,True,15,0.05100000000129512,2019-04-22T13:00:00Z
5,2026-04-20,2019-04-22,True,16,0.08999999999832653,2019-04-22T14:00:00Z
5,2026-04-20,2019-04-22,True,17,0.10900000000037835,2019-04-22T15:00:00Z
5,2026-04-20,2019-04-22,True,18,0.07999999999992724,2019-04-22T16:00:00Z
5,2026-04-20,2019-04-22,True,19,0.050000000001091394,2019-04-22T17:00:00Z
5,2026-04-20,2019-04-22,True,20,0.10099999999874854,2019-04-22T18:00:00Z
5,2026-04-20,2019-04-22,True,21,0.11000000000058208,2019-04-22T19:00:00Z
5,2026-04-20,2019-04-22,True,22,0.07899999999972351,2019-04-22T20:00:00Z
5,2026-04-20,2019-04-22,True,23,0.05099999999947613,2019-04-22T21:00:00Z
5,2026-04-21,2019-04-23,True,0,0.1040000000011787,2019-04-22T22:00:00Z
5,2026-04-21,2019-04-23,True,1,0.10599999999976717,2019-04-22T23:00:00Z
5,2026-04-21,2019-04-23,True,2,0.07999999999992724,2019-04-23T00:00:00Z
5,2026-04-21,2019-04-23,True,3,0.05999999999949068,2019-04-23T01:00:00Z
5,2026-04-21,2019-04-23,True,4,0.10500000000138243,2019-04-23T02:00:00Z
5,2026-04-21,2019-04-23,True,5,0.10499999999956344,2019-04-23T03:00:00Z
5,2026-04-21,2019-04-23,True,6,0.07999999999992724,2019-04-23T04:00:00Z
5,2026-04-21,2019-04-23,True,7,0.04899999999906868,2019-04-23T05:00:00Z
5,2026-04-21,2019-04-23,True,8,0.10599999999976717,2019-04-23T06:00:00Z
5,2026-04-21,2019-04-23,True,9,0.1040000000011787,2019-04-23T07:00:00Z
5,2026-04-21,2019-04-23,True,10,0.10599999999976717,2019-04-23T08:00:00Z
5,2026-04-21,2019-04-23,True,11,0.08499999999912689,2019-04-23T09:00:00Z
5,2026-04-21,2019-04-23,True,12,0.10900000000037835,2019-04-23T10:00:00Z
5,2026-04-21,2019-04-23,True,13,0.1110000000007858,2019-04-23T11:00:00Z
5,2026-04-21,2019-04-23,True,14,0.08899999999994179,2019-04-23T12:00:00Z
5,2026-04-21,2019-04-23,True,15,0.049999999999272404,2019-04-23T13:00:00Z
5,2026-04-21,2019-04-23,True,16,0.12000000000080036,2019-04-23T14:00:00Z
5,2026-04-21,2019-04-23,True,17,0.11999999999898137,2019-04-23T15:00:00Z
5,2026-04-21,2019-04-23,True,18,0.08100000000013097,2019-04-23T16:00:00Z
5,2026-04-21,2019-04-23,True,19,0.06000000000130967,2019-04-23T17:00:00Z
5,2026-04-21,2019-04-23,True,20,0.10899999999855936,2019-04-23T18:00:00Z
5,2026-04-21,2019-04-23,True,21,0.1110000000007858,2019-04-23T19:00:00Z
5,2026-04-21,2019-04-23,True,22,0.058999999999286956,2019-04-23T20:00:00Z
5,2026-04-21,2019-04-23,True,23,0.07999999999992724,2019-04-23T21:00:00Z
5,2026-04-22,2019-04-24,True,0,0.1110000000007858,2019-04-23T22:00:00Z
5,2026-04-22,2019-04-24,True,1,0.12999999999919964,2019-04-23T23:00:00Z
5,2026-04-22,2019-04-24,True,2,0.04900000000088767,2019-04-24T00:00:00Z
5,2026-04-22,2019-04-24,True,3,0.08499999999912689,2019-04-24T01:00:00Z
5,2026-04-22,2019-04-24,True,4,0.1110000000007858,2019-04-24T02:00:00Z
5,2026-04-22,2019-04-24,True,5,0.10399999999935972,2019-04-24T03:00:00Z
5,2026-04-22,2019-04-24,True,6,0.06099999999969441,2019-04-24T04:00:00Z
5,2026-04-22,2019-04-24,True,7,0.09000000000014552,2019-04-24T05:00:00Z
5,2026-04-22,2019-04-24,True,8,0.12000000000080036,2019-04-24T06:00:00Z
5,2026-04-22,2019-04-24,True,9,0.07999999999992724,2019-04-24T07:00:00Z
5,2026-04-22,2019-04-24,True,10,0.06899999999950523,2019-04-24T08:00:00Z
5,2026-04-22,2019-04-24,True,11,0.07999999999992724,2019-04-24T09:00:00Z
5,2026-04-22,2019-04-24,True,12,0.136000000000422,2019-04-24T10:00:00Z
5,2026-04-22,2019-04-24,True,13,0.05500000000029104,2019-04-24T11:00:00Z
5,2026-04-22,2019-04-24,True,14,0.07999999999992724,2019-04-24T12:00:00Z
5,2026-04-22,2019-04-24,True,15,0.06999999999970896,2019-04-24T13:00:00Z
5,2026-04-22,2019-04-24,True,16,0.13999999999941792,2019-04-24T14:00:00Z
5,2026-04-22,2019-04-24,True,17,0.050000000001091394,2019-04-24T15:00:00Z
5,2026-04-22,2019-04-24,True,18,0.07999999999992724,2019-04-24T16:00:00Z
5,2026-04-22,2019-04-24,True,19,0.08499999999912689,2019-04-24T17:00:00Z
5,2026-04-22,2019-04-24,True,20,0.1290000000008149,2019-04-24T18:00:00Z
5,2026-04-22,2019-04-24,True,21,0.04500000000007276,2019-04-24T19:00:00Z
5,2026-04-22,2019-04-24,True,22,0.08499999999912689,2019-04-24T20:00:00Z
5,2026-04-22,2019-04-24,True,23,0.10599999999976717,2019-04-24T21:00:00Z
5,2026-04-23,2019-04-25,True,0,0.5500000000010914,2019-04-24T22:00:00Z
5,2026-04-23,2019-04-25,True,1,0.09900000000016007,2019-04-24T23:00:00Z
5,2026-04-23,2019-04-25,True,2,0.09100000000034925,2019-04-25T00:00:00Z
5,2026-04-23,2019-04-25,True,3,0.11899999999877764,2019-04-25T01:00:00Z
5,2026-04-23,2019-04-25,True,4,0.09100000000034925,2019-04-25T02:00:00Z
5,2026-04-23,2019-04-25,True,5,0.049999999999272404,2019-04-25T03:00:00Z
5,2026-04-23,2019-04-25,True,6,0.08500000000094587,2019-04-25T04:00:00Z
5,2026-04-23,2019-04-25,True,7,0.11499999999978172,2019-04-25T05:00:00Z
5,2026-04-23,2019-04-25,True,8,0.09000000000014552,2019-04-25T06:00:00Z
5,2026-04-23,2019-04-25,True,9,0.12999999999919964,2019-04-25T07:00:00Z
5,2026-04-23,2019-04-25,True,10,0.07000000000152795,2019-04-25T08:00:00Z
5,2026-04-23,2019-04-25,True,11,0.125,2019-04-25T09:00:00Z
5,2026-04-23,2019-04-25,True,12,0.07999999999992724,2019-04-25T10:00:00Z
5,2026-04-23,2019-04-25,True,13,0.06499999999869033,2019-04-25T11:00:00Z
5,2026-04-23,2019-04-25,True,14,0.059000000001105946,2019-04-25T12:00:00Z
5,2026-04-23,2019-04-25,True,15,0.11999999999898137,2019-04-25T13:00:00Z
5,2026-04-23,2019-04-25,True,16,0.09100000000034925,2019-04-25T14:00:00Z
5,2026-04-23,2019-04-25,True,17,0.05999999999949068,2019-04-25T15:00:00Z
5,2026-04-23,2019-04-25,True,18,0.059000000001105946,2019-04-25T16:00:00Z
5,2026-04-23,2019-04-25,True,19,0.13099999999940337,2019-04-25T17:00:00Z
5,2026-04-23,2019-04-25,True,20,0.10900000000037835,2019-04-25T18:00:00Z
5,2026-04-23,2019-04-25,True,21,0.07099999999991269,2019-04-25T19:00:00Z
5,2026-04-23,2019-04-25,True,22,0.049999999999272404,2019-04-25T20:00:00Z
5,2026-04-23,2019-04-25,True,23,0.13900000000103319,2019-04-25T21:00:00Z
5,2026-04-24,2019-04-26,True,0,0.1999999999989086,2019-04-25T22:00:00Z
5,2026-04-24,2019-04-26,True,1,0.1859999999996944,2019-04-25T23:00:00Z
5,2026-04-24,2019-04-26,True,2,0.14900000000125146,2019-04-26T00:00:00Z
5,2026-04-24,2019-04-26,True,3,0.21500000000014552,2019-04-26T01:00:00Z
5,2026-04-24,2019-04-26,True,4,0.1459999999988213,2019-04-26T02:00:00Z
5,2026-04-24,2019-04-26,True,5,0.09400000000096043,2019-04-26T03:00:00Z
5,2026-04-24,2019-04-26,True,6,0.07099999999991269,2019-04-26T04:00:00Z
5,2026-04-24,2019-04-26,True,7,0.1389999999992142,2019-04-26T05:00:00Z
5,2026-04-24,2019-04-26,True,8,0.10100000000056752,2019-04-26T06:00:00Z
5,2026-04-24,2019-04-26,True,9,0.09000000000014552,2019-04-26T07:00:00Z
5,2026-04-24,2019-04-26,True,10,0.06899999999950523,2019-04-26T08:00:00Z
5,2026-04-24,2019-04-26,True,11,0.13100000000122236,2019-04-26T09:00:00Z
5,2026-04-24,2019-04-26,True,12,0.09999999999854481,2019-04-26T10:00:00Z
5,2026-04-24,2019-04-26,True,13,0.09400000000096043,2019-04-26T11:00:00Z
5,2026-04-24,2019-04-26,True,14,0.125,2019-04-26T12:00:00Z
5,2026-04-24,2019-04-26,True,15,0.11099999999896681,2019-04-26T13:00:00Z
5,2026-04-24,2019-04-26,True,16,0.12000000000080036,2019-04-26T14:00:00Z
5,2026-04-24,2019-04-26,True,17,0.12999999999919964,2019-04-26T15:00:00Z
5,2026-04-24,2019-04-26,True,18,0.07000000000152795,2019-04-26T16:00:00Z
5,2026-04-24,2019-04-26,True,19,0.09499999999934516,2019-04-26T17:00:00Z
5,2026-04-24,2019-04-26,True,20,0.11499999999978172,2019-04-26T18:00:00Z
5,2026-04-24,2019-04-26,True,21,0.14500000000043656,2019-04-26T19:00:00Z
5,2026-04-24,2019-04-26,True,22,0.38400000000001455,2019-04-26T20:00:00Z
5,2026-04-24,2019-04-26,True,23,0.5399999999990541,2019-04-26T21:00:00Z
5,2026-04-25,2016-04-23,True,0,0.3809999999998581,2016-04-22T22:00:00Z
5,2026-04-25,2016-04-23,True,1,0.5620000000001255,2016-04-22T23:00:00Z
5,2026-04-25,2016-04-23,True,2,0.2699999999999818,2016-04-23T00:00:00Z
5,2026-04-25,2016-04-23,True,3,0.21000000000003638,2016-04-23T01:00:00Z
5,2026-04-25,2016-04-23,True,4,0.22000000000002728,2016-04-23T02:00:00Z
5,2026-04-25,2016-04-23,True,5,0.2279999999998381,2016-04-23T03:00:00Z
5,2026-04-25,2016-04-23,True,6,0.4519999999999982,2016-04-23T04:00:00Z
5,2026-04-25,2016-04-23,True,7,0.290000000000191,2016-04-23T05:00:00Z
5,2026-04-25,2016-04-23,True,8,0.2799999999999727,2016-04-23T06:00:00Z
5,2026-04-25,2016-04-23,True,9,0.07999999999992724,2016-04-23T07:00:00Z
5,2026-04-25,2016-04-23,True,10,0.06999999999993634,2016-04-23T08:00:00Z
5,2026-04-25,2016-04-23,True,11,0.13200000000006185,2016-04-23T09:00:00Z
5,2026-04-25,2016-04-23,True,12,0.057999999999992724,2016-04-23T10:00:00Z
5,2026-04-25,2016-04-23,True,13,0.07999999999992724,2016-04-23T11:00:00Z
5,2026-04-25,2016-04-23,True,14,0.11000000000012733,2016-04-23T12:00:00Z
5,2026-04-25,2016-04-23,True,15,0.07199999999988904,2016-04-23T13:00:00Z
5,2026-04-25,2016-04-23,True,16,0.07000000000016371,2016-04-23T14:00:00Z
5,2026-04-25,2016-04-23,True,17,0.10999999999989996,2016-04-23T15:00:00Z
5,2026-04-25,2016-04-23,True,18,0.09799999999995634,2016-04-23T16:00:00Z
5,2026-04-25,2016-04-23,True,19,0.05300000000011096,2016-04-23T17:00:00Z
5,2026-04-25,2016-04-23,True,20,0.0989999999999327,2016-04-23T18:00:00Z
5,2026-04-25,2016-04-23,True,21,0.08999999999991815,2016-04-23T19:00:00Z
5,2026-04-25,2016-04-23,True,22,0.08100000000013097,2016-04-23T20:00:00Z
5,2026-04-25,2016-04-23,True,23,0.05700000000001637,2016-04-23T21:00:00Z
5,2026-04-26,2019-04-28,True,0,0.23999999999978172,2019-04-27T22:00:00Z
5,2026-04-26,2019-04-28,True,1,0.19099999999889405,2019-04-27T23:00:00Z
5,2026-04-26,2019-04-28,True,2,0.22000000000116415,2019-04-28T00:00:00Z
5,2026-04-26,2019-04-28,True,3,0.22999999999956344,2019-04-28T01:00:00Z
5,2026-04-26,2019-04-28,True,4,0.21000000000094587,2019-04-28T02:00:00Z
5,2026-04-26,2019-04-28,True,5,0.15899999999965075,2019-04-28T03:00:00Z
5,2026-04-26,2019-04-28,True,6,0.19099999999889405,2019-04-28T04:00:00Z
5,2026-04-26,2019-04-28,True,7,0.15999999999985448,2019-04-28T05:00:00Z
5,2026-04-26,2019-04-28,True,8,0.25,2019-04-28T06:00:00Z
5,2026-04-26,2019-04-28,True,9,0.22400000000016007,2019-04-28T07:00:00Z
5,2026-04-26,2019-04-28,True,10,0.25500000000101863,2019-04-28T08:00:00Z
5,2026-04-26,2019-04-28,True,11,0.23099999999976717,2019-04-28T09:00:00Z
5,2026-04-26,2019-04-28,True,12,0.5599999999994907,2019-04-28T10:00:00Z
5,2026-04-26,2019-04-28,True,13,0.9390000000003056,2019-04-28T11:00:00Z
5,2026-04-26,2019-04-28,True,14,0.27599999999983993,2019-04-28T12:00:00Z
5,2026-04-26,2019-04-28,True,15,0.4400000000005093,2019-04-28T13:00:00Z
5,2026-04-26,2019-04-28,True,16,0.2349999999987631,2019-04-28T14:00:00Z
5,2026-04-26,2019-04-28,True,17,0.18000000000029104,2019-04-28T15:00:00Z
5,2026-04-26,2019-04-28,True,18,0.2290000000011787,2019-04-28T16:00:00Z
5,2026-04-26,2019-04-28,True,19,0.35599999999976717,2019-04-28T17:00:00Z
5,2026-04-26,2019-04-28,True,20,0.36999999999898137,2019-04-28T18:00:00Z
5,2026-04-26,2019-04-28,True,21,0.3440000000009604,2019-04-28T19:00:00Z
5,2026-04-26,2019-04-28,True,22,0.22600000000056752,2019-04-28T20:00:00Z
5,2026-04-26,2019-04-28,True,23,0.4099999999998545,2019-04-28T21:00:00Z
5,2026-04-27,2019-04-29,True,0,0.5199999999986176,2019-04-28T22:00:00Z
5,2026-04-27,2019-04-29,True,1,0.5100000000002183,2019-04-28T23:00:00Z
5,2026-04-27,2019-04-29,True,2,0.33400000000074215,2019-04-29T00:00:00Z
5,2026-04-27,2019-04-29,True,3,0.24099999999998545,2019-04-29T01:00:00Z
5,2026-04-27,2019-04-29,True,4,0.26900000000023283,2019-04-29T02:00:00Z
5,2026-04-27,2019-04-29,True,5,0.2899999999990541,2019-04-29T03:00:00Z
5,2026-04-27,2019-04-29,True,6,0.761000000000422,2019-04-29T04:00:00Z
5,2026-04-27,2019-04-29,True,7,0.3400000000001455,2019-04-29T05:00:00Z
5,2026-04-27,2019-04-29,True,8,0.2600000000002183,2019-04-29T06:00:00Z
5,2026-04-27,2019-04-29,True,9,0.2639999999992142,2019-04-29T07:00:00Z
5,2026-04-27,2019-04-29,True,10,0.27599999999983993,2019-04-29T08:00:00Z
5,2026-04-27,2019-04-29,True,11,0.3250000000007276,2019-04-29T09:00:00Z
5,2026-04-27,2019-04-29,True,12,0.3349999999991269,2019-04-29T10:00:00Z
5,2026-04-27,2019-04-29,True,13,0.9700000000011642,2019-04-29T11:00:00Z
5,2026-04-27,2019-04-29,True,14,0.2989999999990687,2019-04-29T12:00:00Z
5,2026-04-27,2019-04-29,True,15,0.40600000000085856,2019-04-29T13:00:00Z
5,2026-04-27,2019-04-29,True,16,0.4599999999991269,2019-04-29T14:00:00Z
5,2026-04-27,2019-04-29,True,17,0.3790000000008149,2019-04-29T15:00:00Z
5,2026-04-27,2019-04-29,True,18,0.3109999999996944,2019-04-29T16:00:00Z
5,2026-04-27,2019-04-29,True,19,0.32400000000052387,2019-04-29T17:00:00Z
5,2026-04-27,2019-04-29,True,20,0.2960000000002765,2019-04-29T18:00:00Z
5,2026-04-27,2019-04-29,True,21,0.2899999999990541,2019-04-29T19:00:00Z
5,2026-04-27,2019-04-29,True,22,0.75,2019-04-29T20:00:00Z
5,2026-04-27,2019-04-29,True,23,0.33400000000074215,2019-04-29T21:00:00Z
5,2026-04-28,2019-04-30,True,0,0.7899999999990541,2019-04-29T22:00:00Z
5,2026-04-28,2019-04-30,True,1,0.23999999999978172,2019-04-29T23:00:00Z
5,2026-04-28,2019-04-30,True,2,0.26600000000144064,2019-04-30T00:00:00Z
5,2026-04-28,2019-04-30,True,3,0.2649999999994179,2019-04-30T01:00:00Z
5,2026-04-28,2019-04-30,True,4,0.3150000000005093,2019-04-30T02:00:00Z
5,2026-04-28,2019-04-30,True,5,0.24399999999877764,2019-04-30T03:00:00Z
5,2026-04-28,2019-04-30,True,6,0.31600000000071304,2019-04-30T04:00:00Z
5,2026-04-28,2019-04-30,True,7,0.46999999999934516,2019-04-30T05:00:00Z
5,2026-04-28,2019-04-30,True,8,0.5840000000007421,2019-04-30T06:00:00Z
5,2026-04-28,2019-04-30,True,9,0.3959999999988213,2019-04-30T07:00:00Z
5,2026-04-28,2019-04-30,True,10,0.3400000000001455,2019-04-30T08:00:00Z
5,2026-04-28,2019-04-30,True,11,0.2600000000002183,2019-04-30T09:00:00Z
5,2026-04-28,2019-04-30,True,12,0.23500000000058208,2019-04-30T10:00:00Z
5,2026-04-28,2019-04-30,True,13,0.3250000000007276,2019-04-30T11:00:00Z
5,2026-04-28,2019-04-30,True,14,0.3099999999994907,2019-04-30T12:00:00Z
5,2026-04-28,2019-04-30,True,15,0.3349999999991269,2019-04-30T13:00:00Z
5,2026-04-28,2019-04-30,True,16,0.29900000000088767,2019-04-30T14:00:00Z
5,2026-04-28,2019-04-30,True,17,0.23099999999976717,2019-04-30T15:00:00Z
5,2026-04-28,2019-04-30,True,18,0.3250000000007276,2019-04-30T16:00:00Z
5,2026-04-28,2019-04-30,True,19,0.26999999999861757,2019-04-30T17:00:00Z
5,2026-04-28,2019-04-30,True,20,0.29500000000007276,2019-04-30T18:00:00Z
5,2026-04-28,2019-04-30,True,21,0.2900000000008731,2019-04-30T19:00:00Z
5,2026-04-28,2019-04-30,True,22,0.38400000000001455,2019-04-30T20:00:00Z
5,2026-04-28,2019-04-30,True,23,0.32999999999992724,2019-04-30T21:00:00Z
5,2026-04-29,2017-04-26,True,0,0.4899999999997817,2017-04-25T22:00:00Z
5,2026-04-29,2017-04-26,True,1,0.4149999999999636,2017-04-25T23:00:00Z
5,2026-04-29,2017-04-26,True,2,0.23700000000008004,2017-04-26T00:00:00Z
5,2026-04-29,2017-04-26,True,3,0.193000000000211,2017-04-26T01:00:00Z
5,2026-04-29,2017-04-26,True,4,0.17000000000007276,2017-04-26T02:00:00Z
5,2026-04-29,2017-04-26,True,5,0.21000000000003638,2017-04-26T03:00:00Z
5,2026-04-29,2017-04-26,True,6,0.23999999999978172,2017-04-26T04:00:00Z
5,2026-04-29,2017-04-26,True,7,0.33700000000044383,2017-04-26T05:00:00Z
5,2026-04-29,2017-04-26,True,8,0.23799999999937427,2017-04-26T06:00:00Z
5,2026-04-29,2017-04-26,True,9,0.24500000000080036,2017-04-26T07:00:00Z
5,2026-04-29,2017-04-26,True,10,0.19399999999950523,2017-04-26T08:00:00Z
5,2026-04-29,2017-04-26,True,11,0.1959999999999127,2017-04-26T09:00:00Z
5,2026-04-29,2017-04-26,True,12,0.21000000000003638,2017-04-26T10:00:00Z
5,2026-04-29,2017-04-26,True,13,0.2250000000003638,2017-04-26T11:00:00Z
5,2026-04-29,2017-04-26,True,14,0.18499999999949068,2017-04-26T12:00:00Z
5,2026-04-29,2017-04-26,True,15,0.23500000000058208,2017-04-26T13:00:00Z
5,2026-04-29,2017-04-26,True,16,1.457999999999629,2017-04-26T14:00:00Z
5,2026-04-29,2017-04-26,True,17,0.5070000000005166,2017-04-26T15:00:00Z
5,2026-04-29,2017-04-26,True,18,0.282999999999447,2017-04-26T16:00:00Z
5,2026-04-29,2017-04-26,True,19,0.8869999999997162,2017-04-26T17:00:00Z
5,2026-04-29,2017-04-26,True,20,0.5250000000005457,2017-04-26T18:00:00Z
5,2026-04-29,2017-04-26,True,21,0.5999999999994543,2017-04-26T19:00:00Z
5,2026-04-29,2017-04-26,True,22,0.6420000000007349,2017-04-26T20:00:00Z
5,2026-04-29,2017-04-26,True,23,0.7879999999995562,2017-04-26T21:00:00Z
5,2026-04-30,2017-04-27,True,0,0.5250000000005457,2017-04-26T22:00:00Z
5,2026-04-30,2017-04-27,True,1,0.16499999999996362,2017-04-26T23:00:00Z
5,2026-04-30,2017-04-27,True,2,0.19200000000000728,2017-04-27T00:00:00Z
5,2026-04-30,2017-04-27,True,3,0.21299999999973807,2017-04-27T01:00:00Z
5,2026-04-30,2017-04-27,True,4,0.1999999999998181,2017-04-27T02:00:00Z
5,2026-04-30,2017-04-27,True,5,0.1499999999996362,2017-04-27T03:00:00Z
5,2026-04-30,2017-04-27,True,6,0.2830000000003565,2017-04-27T04:00:00Z
5,2026-04-30,2017-04-27,True,7,0.2970000000004802,2017-04-27T05:00:00Z
5,2026-04-30,2017-04-27,True,8,0.5999999999994543,2017-04-27T06:00:00Z
5,2026-04-30,2017-04-27,True,9,0.21500000000014552,2017-04-27T07:00:00Z
5,2026-04-30,2017-04-27,True,10,0.7550000000001091,2017-04-27T08:00:00Z
5,2026-04-30,2017-04-27,True,11,0.30500000000029104,2017-04-27T09:00:00Z
5,2026-04-30,2017-04-27,True,12,0.5199999999995271,2017-04-27T10:00:00Z
5,2026-04-30,2017-04-27,True,13,0.2849999999998545,2017-04-27T11:00:00Z
5,2026-04-30,2017-04-27,True,14,0.2600000000002183,2017-04-27T12:00:00Z
5,2026-04-30,2017-04-27,True,15,0.20499999999992724,2017-04-27T13:00:00Z
5,2026-04-30,2017-04-27,True,16,0.2650000000003274,2017-04-27T14:00:00Z
5,2026-04-30,2017-04-27,True,17,0.4249999999992724,2017-04-27T15:00:00Z
5,2026-04-30,2017-04-27,True,18,0.2790000000004511,2017-04-27T16:00:00Z
5,2026-04-30,2017-04-27,True,19,0.31900000000041473,2017-04-27T17:00:00Z
5,2026-04-30,2017-04-27,True,20,0.3239999999996144,2017-04-27T18:00:00Z
5,2026-04-30,2017-04-27,True,21,0.3530000000000655,2017-04-27T19:00:00Z
5,2026-04-30,2017-04-27,True,22,0.28700000000026193,2017-04-27T20:00:00Z
5,2026-04-30,2017-04-27,True,23,0.4179999999996653,2017-04-27T21:00:00Z
5,2026-07-01,2018-07-04,True,0,0.2599999999993088,2018-07-03T22:00:00Z
5,2026-07-01,2018-07-04,True,1,0.34500000000025466,2018-07-03T23:00:00Z
5,2026-07-01,2018-07-04,True,2,0.4250000000001819,2018-07-04T00:00:00Z
5,2026-07-01,2018-07-04,True,3,0.3999999999996362,2018-07-04T01:00:00Z
5,2026-07-01,2018-07-04,True,4,0.3350000000000364,2018-07-04T02:00:00Z
5,2026-07-01,2018-07-04,True,5,0.17000000000007276,2018-07-04T03:00:00Z
5,2026-07-01,2018-07-04,True,6,0.14600000000064028,2018-07-04T04:00:00Z
5,2026-07-01,2018-07-04,True,7,0.23399999999946886,2018-07-04T05:00:00Z
5,2026-07-01,2018-07-04,True,8,0.24499999999989086,2018-07-04T06:00:00Z
5,2026-07-01,2018-07-04,True,9,0.2849999999998545,2018-07-04T07:00:00Z
5,2026-07-01,2018-07-04,True,10,0.21000000000003638,2018-07-04T08:00:00Z
5,2026-07-01,2018-07-04,True,11,0.17000000000007276,2018-07-04T09:00:00Z
5,2026-07-01,2018-07-04,True,12,0.1500000000005457,2018-07-04T10:00:00Z
5,2026-07-01,2018-07-04,True,13,0.21999999999934516,2018-07-04T11:00:00Z
5,2026-07-01,2018-07-04,True,14,0.13000000000010914,2018-07-04T12:00:00Z
5,2026-07-01,2018-07-04,True,15,0.2000000000007276,2018-07-04T13:00:00Z
5,2026-07-01,2018-07-04,True,16,0.2749999999996362,2018-07-04T14:00:00Z
5,2026-07-01,2018-07-04,True,17,0.30500000000029104,2018-07-04T15:00:00Z
5,2026-07-01,2018-07-04,True,18,0.17999999999938154,2018-07-04T16:00:00Z
5,2026-07-01,2018-07-04,True,19,0.40500000000065484,2018-07-04T17:00:00Z
5,2026-07-01,2018-07-04,True,20,0.27999999999974534,2018-07-04T18:00:00Z
5,2026-07-01,2018-07-04,True,21,0.5299999999997453,2018-07-04T19:00:00Z
5,2026-07-01,2018-07-04,True,22,0.5250000000005457,2018-07-04T20:00:00Z
5,2026-07-01,2018-07-04,True,23,0.3609999999998763,2018-07-04T21:00:00Z
5,2026-07-02,2018-07-05,True,0,0.39399999999932334,2018-07-04T22:00:00Z
5,2026-07-02,2018-07-05,True,1,0.3900000000003274,2018-07-04T23:00:00Z
5,2026-07-02,2018-07-05,True,2,0.11499999999978172,2018-07-05T00:00:00Z
5,2026-07-02,2018-07-05,True,3,0.14600000000064028,2018-07-05T01:00:00Z
5,2026-07-02,2018-07-05,True,4,0.13400000000001455,2018-07-05T02:00:00Z
5,2026-07-02,2018-07-05,True,5,0.11999999999989086,2018-07-05T03:00:00Z
5,2026-07-02,2018-07-05,True,6,0.17000000000007276,2018-07-05T04:00:00Z
5,2026-07-02,2018-07-05,True,7,0.21499999999923602,2018-07-05T05:00:00Z
5,2026-07-02,2018-07-05,True,8,0.18000000000029104,2018-07-05T06:00:00Z
5,2026-07-02,2018-07-05,True,9,0.19499999999970896,2018-07-05T07:00:00Z
5,2026-07-02,2018-07-05,True,10,0.18000000000029104,2018-07-05T08:00:00Z
5,2026-07-02,2018-07-05,True,11,0.19000000000050932,2018-07-05T09:00:00Z
5,2026-07-02,2018-07-05,True,12,0.18999999999959982,2018-07-05T10:00:00Z
5,2026-07-02,2018-07-05,True,13,0.15999999999985448,2018-07-05T11:00:00Z
5,2026-07-02,2018-07-05,True,14,0.18100000000049477,2018-07-05T12:00:00Z
5,2026-07-02,2018-07-05,True,15,0.1790000000000873,2018-07-05T13:00:00Z
5,2026-07-02,2018-07-05,True,16,0.17999999999938154,2018-07-05T14:00:00Z
5,2026-07-02,2018-07-05,True,17,0.23500000000058208,2018-07-05T15:00:00Z
5,2026-07-02,2018-07-05,True,18,0.17999999999938154,2018-07-05T16:00:00Z
5,2026-07-02,2018-07-05,True,19,0.13500000000021828,2018-07-05T17:00:00Z
5,2026-07-02,2018-07-05,True,20,0.15999999999985448,2018-07-05T18:00:00Z
5,2026-07-02,2018-07-05,True,21,0.3000000000001819,2018-07-05T19:00:00Z
5,2026-07-02,2018-07-05,True,22,0.14499999999952706,2018-07-05T20:00:00Z
5,2026-07-02,2018-07-05,True,23,0.20500000000083674,2018-07-05T21:00:00Z
5,2026-07-03,2016-07-01,True,0,0.11999999999989086,2016-06-30T22:00:00Z
5,2026-07-03,2016-07-01,True,1,0.11000000000012733,2016-06-30T23:00:00Z
5,2026-07-03,2016-07-01,True,2,0.09999999999990905,2016-07-01T00:00:00Z
5,2026-07-03,2016-07-01,True,3,0.1069999999999709,2016-07-01T01:00:00Z
5,2026-07-03,2016-07-01,True,4,0.07999999999992724,2016-07-01T02:00:00Z
5,2026-07-03,2016-07-01,True,5,0.13000000000010914,2016-07-01T03:00:00Z
5,2026-07-03,2016-07-01,True,6,0.09999999999990905,2016-07-01T04:00:00Z
5,2026-07-03,2016-07-01,True,7,0.6449999999999818,2016-07-01T05:00:00Z
5,2026-07-03,2016-07-01,True,8,0.5380000000000109,2016-07-01T06:00:00Z
5,2026-07-03,2016-07-01,True,9,0.3500000000001364,2016-07-01T07:00:00Z
5,2026-07-03,2016-07-01,True,10,0.6900000000000546,2016-07-01T08:00:00Z
5,2026-07-03,2016-07-01,True,11,0.08999999999991815,2016-07-01T09:00:00Z
5,2026-07-03,2016-07-01,True,12,0.2799999999999727,2016-07-01T10:00:00Z
5,2026-07-03,2016-07-01,True,13,0.16699999999991633,2016-07-01T11:00:00Z
5,2026-07-03,2016-07-01,True,14,0.16300000000001091,2016-07-01T12:00:00Z
5,2026-07-03,2016-07-01,True,15,0.22000000000002728,2016-07-01T13:00:00Z
5,2026-07-03,2016-07-01,True,16,0.625,2016-07-01T14:00:00Z
5,2026-07-03,2016-07-01,True,17,0.43200000000001637,2016-07-01T15:00:00Z
5,2026-07-03,2016-07-01,True,18,0.3730000000000473,2016-07-01T16:00:00Z
5,2026-07-03,2016-07-01,True,19,0.09699999999997999,2016-07-01T17:00:00Z
5,2026-07-03,2016-07-01,True,20,0.09300000000007458,2016-07-01T18:00:00Z
5,2026-07-03,2016-07-01,True,21,0.12999999999988177,2016-07-01T19:00:00Z
5,2026-07-03,2016-07-01,True,22,0.14000000000010004,2016-07-01T20:00:00Z
5,2026-07-03,2016-07-01,True,23,0.2319999999999709,2016-07-01T21:00:00Z
5,2026-07-04,2016-07-02,True,0,0.40000000000009095,2016-07-01T22:00:00Z
5,2026-07-04,2016-07-02,True,1,0.4079999999999018,2016-07-01T23:00:00Z
5,2026-07-04,2016-07-02,True,2,0.34999999999990905,2016-07-02T00:00:00Z
5,2026-07-04,2016-07-02,True,3,0.2699999999999818,2016-07-02T01:00:00Z
5,2026-07-04,2016-07-02,True,4,0.14000000000010004,2016-07-02T02:00:00Z
5,2026-07-04,2016-07-02,True,5,0.07699999999999818,2016-07-02T03:00:00Z
5,2026-07-04,2016-07-02,True,6,0.5630000000001019,2016-07-02T04:00:00Z
5,2026-07-04,2016-07-02,True,7,0.23699999999985266,2016-07-02T05:00:00Z
5,2026-07-04,2016-07-02,True,8,0.18299999999999272,2016-07-02T06:00:00Z
5,2026-07-04,2016-07-02,True,9,0.19000000000005457,2016-07-02T07:00:00Z
5,2026-07-04,2016-07-02,True,10,0.19699999999988904,2016-07-02T08:00:00Z
5,2026-07-04,2016-07-02,True,11,0.24500000000011823,2016-07-02T09:00:00Z
5,2026-07-04,2016-07-02,True,12,0.6130000000000564,2016-07-02T10:00:00Z
5,2026-07-04,2016-07-02,True,13,0.6449999999999818,2016-07-02T11:00:00Z
5,2026-07-04,2016-07-02,True,14,0.5699999999999363,2016-07-02T12:00:00Z
5,2026-07-04,2016-07-02,True,15,0.5869999999999891,2016-07-02T13:00:00Z
5,2026-07-04,2016-07-02,True,16,0.26299999999991996,2016-07-02T14:00:00Z
5,2026-07-04,2016-07-02,True,17,0.6550000000002001,2016-07-02T15:00:00Z
5,2026-07-04,2016-07-02,True,18,0.4049999999999727,2016-07-02T16:00:00Z
5,2026-07-04,2016-07-02,True,19,0.5399999999999636,2016-07-02T17:00:00Z
5,2026-07-04,2016-07-02,True,20,0.2419999999999618,2016-07-02T18:00:00Z
5,2026-07-04,2016-07-02,True,21,0.33999999999991815,2016-07-02T19:00:00Z
5,2026-07-04,2016-07-02,True,22,0.4600000000000364,2016-07-02T20:00:00Z
5,2026-07-04,2016-07-02,True,23,0.3500000000001364,2016-07-02T21:00:00Z
5,2026-07-05,2016-07-03,True,0,0.51299999999992,2016-07-02T22:00:00Z
5,2026-07-05,2016-07-03,True,1,0.3849999999999909,2016-07-02T23:00:00Z
5,2026-07-05,2016-07-03,True,2,0.11999999999989086,2016-07-03T00:00:00Z
5,2026-07-05,2016-07-03,True,3,0.12700000000018008,2016-07-03T01:00:00Z
5,2026-07-05,2016-07-03,True,4,0.0929999999998472,2016-07-03T02:00:00Z
5,2026-07-05,2016-07-03,True,5,0.11000000000012733,2016-07-03T03:00:00Z
5,2026-07-05,2016-07-03,True,6,0.1169999999999618,2016-07-03T04:00:00Z
5,2026-07-05,2016-07-03,True,7,0.08300000000008367,2016-07-03T05:00:00Z
5,2026-07-05,2016-07-03,True,8,0.13999999999987267,2016-07-03T06:00:00Z
5,2026-07-05,2016-07-03,True,9,0.1570000000001528,2016-07-03T07:00:00Z
5,2026-07-05,2016-07-03,True,10,0.10999999999989996,2016-07-03T08:00:00Z
5,2026-07-05,2016-07-03,True,11,0.17300000000000182,2016-07-03T09:00:00Z
5,2026-07-05,2016-07-03,True,12,0.1069999999999709,2016-07-03T10:00:00Z
5,2026-07-05,2016-07-03,True,13,0.18499999999994543,2016-07-03T11:00:00Z
5,2026-07-05,2016-07-03,True,14,0.12800000000015643,2016-07-03T12:00:00Z
5,2026-07-05,2016-07-03,True,15,0.08999999999991815,2016-07-03T13:00:00Z
5,2026-07-05,2016-07-03,True,16,0.14699999999993452,2016-07-03T14:00:00Z
5,2026-07-05,2016-07-03,True,17,0.11300000000005639,2016-07-03T15:00:00Z
5,2026-07-05,2016-07-03,True,18,1.7300000000000182,2016-07-03T16:00:00Z
5,2026-07-05,2016-07-03,True,19,0.9449999999999363,2016-07-03T17:00:00Z
5,2026-07-05,2016-07-03,True,20,0.8199999999999363,2016-07-03T18:00:00Z
5,2026-07-05,2016-07-03,True,21,0.4050000000002001,2016-07-03T19:00:00Z
5,2026-07-05,2016-07-03,True,22,0.6920000000000073,2016-07-03T20:00:00Z
5,2026-07-05,2016-07-03,True,23,0.4800000000000182,2016-07-03T21:00:00Z
5,2026-07-06,2016-07-04,True,0,0.35799999999994725,2016-07-03T22:00:00Z
5,2026-07-06,2016-07-04,True,1,0.1269999999999527,2016-07-03T23:00:00Z
5,2026-07-06,2016-07-04,True,2,0.07999999999992724,2016-07-04T00:00:00Z
5,2026-07-06,2016-07-04,True,3,0.15300000000002,2016-07-04T01:00:00Z
5,2026-07-06,2016-07-04,True,4,0.07999999999992724,2016-07-04T02:00:00Z
5,2026-07-06,2016-07-04,True,5,0.10700000000019827,2016-07-04T03:00:00Z
5,2026-07-06,2016-07-04,True,6,0.15300000000002,2016-07-04T04:00:00Z
5,2026-07-06,2016-07-04,True,7,0.1169999999999618,2016-07-04T05:00:00Z
5,2026-07-06,2016-07-04,True,8,0.20299999999997453,2016-07-04T06:00:00Z
5,2026-07-06,2016-07-04,True,9,0.16999999999984539,2016-07-04T07:00:00Z
5,2026-07-06,2016-07-04,True,10,0.17000000000007276,2016-07-04T08:00:00Z
5,2026-07-06,2016-07-04,True,11,0.17000000000007276,2016-07-04T09:00:00Z
5,2026-07-06,2016-07-04,True,12,0.14699999999993452,2016-07-04T10:00:00Z
5,2026-07-06,2016-07-04,True,13,0.4130000000000109,2016-07-04T11:00:00Z
5,2026-07-06,2016-07-04,True,14,0.17000000000007276,2016-07-04T12:00:00Z
5,2026-07-06,2016-07-04,True,15,0.1169999999999618,2016-07-04T13:00:00Z
5,2026-07-06,2016-07-04,True,16,0.14000000000010004,2016-07-04T14:00:00Z
5,2026-07-06,2016-07-04,True,17,0.12999999999988177,2016-07-04T15:00:00Z
5,2026-07-06,2016-07-04,True,18,0.10300000000006548,2016-07-04T16:00:00Z
5,2026-07-06,2016-07-04,True,19,0.1799999999998363,2016-07-04T17:00:00Z
5,2026-07-06,2016-07-04,True,20,0.22200000000020736,2016-07-04T18:00:00Z
5,2026-07-06,2016-07-04,True,21,0.459999999999809,2016-07-04T19:00:00Z
5,2026-07-06,2016-07-04,True,22,0.75,2016-07-04T20:00:00Z
5,2026-07-06,2016-07-04,True,23,0.41000000000008185,2016-07-04T21:00:00Z
5,2026-07-07,2016-07-05,True,0,0.6980000000000928,2016-07-04T22:00:00Z
5,2026-07-07,2016-07-05,True,1,0.15999999999985448,2016-07-04T23:00:00Z
5,2026-07-07,2016-07-05,True,2,0.08000000000015461,2016-07-05T00:00:00Z
5,2026-07-07,2016-07-05,True,3,0.14999999999986358,2016-07-05T01:00:00Z
5,2026-07-07,2016-07-05,True,4,0.09000000000014552,2016-07-05T02:00:00Z
5,2026-07-07,2016-07-05,True,5,0.20499999999992724,2016-07-05T03:00:00Z
5,2026-07-07,2016-07-05,True,6,0.49499999999989086,2016-07-05T04:00:00Z
5,2026-07-07,2016-07-05,True,7,0.22700000000008913,2016-07-05T05:00:00Z
5,2026-07-07,2016-07-05,True,8,0.525000000000091,2016-07-05T06:00:00Z
5,2026-07-07,2016-07-05,True,9,0.23799999999982901,2016-07-05T07:00:00Z
5,2026-07-07,2016-07-05,True,10,0.12700000000018008,2016-07-05T08:00:00Z
5,2026-07-07,2016-07-05,True,11,0.25299999999992906,2016-07-05T09:00:00Z
5,2026-07-07,2016-07-05,True,12,0.22199999999998,2016-07-05T10:00:00Z
5,2026-07-07,2016-07-05,True,13,0.38799999999991996,2016-07-05T11:00:00Z
5,2026-07-07,2016-07-05,True,14,0.16000000000008185,2016-07-05T12:00:00Z
5,2026-07-07,2016-07-05,True,15,0.18000000000006366,2016-07-05T13:00:00Z
5,2026-07-07,2016-07-05,True,16,0.09999999999990905,2016-07-05T14:00:00Z
5,2026-07-07,2016-07-05,True,17,0.08999999999991815,2016-07-05T15:00:00Z
5,2026-07-07,2016-07-05,True,18,0.16000000000008185,2016-07-05T16:00:00Z
5,2026-07-07,2016-07-05,True,19,0.14200000000005275,2016-07-05T17:00:00Z
5,2026-07-07,2016-07-05,True,20,0.37799999999992906,2016-07-05T18:00:00Z
5,2026-07-07,2016-07-05,True,21,0.38200000000006185,2016-07-05T19:00:00Z
5,2026-07-07,2016-07-05,True,22,0.5579999999999927,2016-07-05T20:00:00Z
5,2026-07-07,2016-07-05,True,23,0.18000000000006366,2016-07-05T21:00:00Z
5,2026-07-08,2016-07-06,True,0,0.5369999999998072,2016-07-05T22:00:00Z
5,2026-07-08,2016-07-06,True,1,0.1330000000000382,2016-07-05T23:00:00Z
5,2026-07-08,2016-07-06,True,2,0.11000000000012733,2016-07-06T00:00:00Z
5,2026-07-08,2016-07-06,True,3,0.11999999999989086,2016-07-06T01:00:00Z
5,2026-07-08,2016-07-06,True,4,0.12000000000011823,2016-07-06T02:00:00Z
5,2026-07-08,2016-07-06,True,5,0.10999999999989996,2016-07-06T03:00:00Z
5,2026-07-08,2016-07-06,True,6,0.14000000000010004,2016-07-06T04:00:00Z
5,2026-07-08,2016-07-06,True,7,0.14999999999986358,2016-07-06T05:00:00Z
5,2026-07-08,2016-07-06,True,8,0.1169999999999618,2016-07-06T06:00:00Z
5,2026-07-08,2016-07-06,True,9,0.15300000000002,2016-07-06T07:00:00Z
5,2026-07-08,2016-07-06,True,10,0.10000000000013642,2016-07-06T08:00:00Z
5,2026-07-08,2016-07-06,True,11,0.17200000000002547,2016-07-06T09:00:00Z
5,2026-07-08,2016-07-06,True,12,0.34999999999990905,2016-07-06T10:00:00Z
5,2026-07-08,2016-07-06,True,13,0.2380000000000564,2016-07-06T11:00:00Z
5,2026-07-08,2016-07-06,True,14,0.16999999999984539,2016-07-06T12:00:00Z
5,2026-07-08,2016-07-06,True,15,0.11000000000012733,2016-07-06T13:00:00Z
5,2026-07-08,2016-07-06,True,16,0.10999999999989996,2016-07-06T14:00:00Z
5,2026-07-08,2016-07-06,True,17,0.16000000000008185,2016-07-06T15:00:00Z
5,2026-07-08,2016-07-06,True,18,0.2799999999999727,2016-07-06T16:00:00Z
5,2026-07-08,2016-07-06,True,19,0.18000000000006366,2016-07-06T17:00:00Z
5,2026-07-08,2016-07-06,True,20,0.7449999999998909,2016-07-06T18:00:00Z
5,2026-07-08,2016-07-06,True,21,0.4650000000001455,2016-07-06T19:00:00Z
5,2026-07-08,2016-07-06,True,22,0.6399999999998727,2016-07-06T20:00:00Z
5,2026-07-08,2016-07-06,True,23,0.13000000000010914,2016-07-06T21:00:00Z
5,2026-07-09,2016-07-07,True,0,0.1069999999999709,2016-07-06T22:00:00Z
5,2026-07-09,2016-07-07,True,1,0.10300000000006548,2016-07-06T23:00:00Z
5,2026-07-09,2016-07-07,True,2,0.1169999999999618,2016-07-07T00:00:00Z
5,2026-07-09,2016-07-07,True,3,0.1230000000000473,2016-07-07T01:00:00Z
5,2026-07-09,2016-07-07,True,4,0.07999999999992724,2016-07-07T02:00:00Z
5,2026-07-09,2016-07-07,True,5,0.12999999999988177,2016-07-07T03:00:00Z
5,2026-07-09,2016-07-07,True,6,0.08699999999998909,2016-07-07T04:00:00Z
5,2026-07-09,2016-07-07,True,7,0.24300000000016553,2016-07-07T05:00:00Z
5,2026-07-09,2016-07-07,True,8,0.1269999999999527,2016-07-07T06:00:00Z
5,2026-07-09,2016-07-07,True,9,0.10999999999989996,2016-07-07T07:00:00Z
5,2026-07-09,2016-07-07,True,10,0.11000000000012733,2016-07-07T08:00:00Z
5,2026-07-09,2016-07-07,True,11,0.08999999999991815,2016-07-07T09:00:00Z
5,2026-07-09,2016-07-07,True,12,0.17300000000000182,2016-07-07T10:00:00Z
5,2026-07-09,2016-07-07,True,13,0.16000000000008185,2016-07-07T11:00:00Z
5,2026-07-09,2016-07-07,True,14,0.12999999999988177,2016-07-07T12:00:00Z
5,2026-07-09,2016-07-07,True,15,0.20000000000004547,2016-07-07T13:00:00Z
5,2026-07-09,2016-07-07,True,16,0.31999999999993634,2016-07-07T14:00:00Z
5,2026-07-09,2016-07-07,True,17,0.3200000000001637,2016-07-07T15:00:00Z
5,2026-07-09,2016-07-07,True,18,0.1799999999998363,2016-07-07T16:00:00Z
5,2026-07-09,2016-07-07,True,19,0.3269999999999982,2016-07-07T17:00:00Z
5,2026-07-09,2016-07-07,True,20,0.3949999999999818,2016-07-07T18:00:00Z
5,2026-07-09,2016-07-07,True,21,0.6000000000001364,2016-07-07T19:00:00Z
5,2026-07-09,2016-07-07,True,22,0.2380000000000564,2016-07-07T20:00:00Z
5,2026-07-09,2016-07-07,True,23,0.821999999999889,2016-07-07T21:00:00Z
5,2026-07-10,2016-07-08,True,0,0.3450000000000273,2016-07-07T22:00:00Z
5,2026-07-10,2016-07-08,True,1,0.07300000000009277,2016-07-07T23:00:00Z
5,2026-07-10,2016-07-08,True,2,0.12999999999988177,2016-07-08T00:00:00Z
5,2026-07-10,2016-07-08,True,3,0.09999999999990905,2016-07-08T01:00:00Z
5,2026-07-10,2016-07-08,True,4,0.08000000000015461,2016-07-08T02:00:00Z
5,2026-07-10,2016-07-08,True,5,0.12999999999988177,2016-07-08T03:00:00Z
5,2026-07-10,2016-07-08,True,6,0.1069999999999709,2016-07-08T04:00:00Z
5,2026-07-10,2016-07-08,True,7,0.2030000000002019,2016-07-08T05:00:00Z
5,2026-07-10,2016-07-08,True,8,0.16699999999991633,2016-07-08T06:00:00Z
5,2026-07-10,2016-07-08,True,9,0.46299999999996544,2016-07-08T07:00:00Z
5,2026-07-10,2016-07-08,True,10,0.22000000000002728,2016-07-08T08:00:00Z
5,2026-07-10,2016-07-08,True,11,0.12999999999988177,2016-07-08T09:00:00Z
5,2026-07-10,2016-07-08,True,12,0.25,2016-07-08T10:00:00Z
5,2026-07-10,2016-07-08,True,13,0.5700000000001637,2016-07-08T11:00:00Z
5,2026-07-10,2016-07-08,True,14,0.22000000000002728,2016-07-08T12:00:00Z
5,2026-07-10,2016-07-08,True,15,0.4700000000000273,2016-07-08T13:00:00Z
5,2026-07-10,2016-07-08,True,16,0.21199999999998909,2016-07-08T14:00:00Z
5,2026-07-10,2016-07-08,True,17,0.15799999999990177,2016-07-08T15:00:00Z
5,2026-07-10,2016-07-08,True,18,0.17000000000007276,2016-07-08T16:00:00Z
5,2026-07-10,2016-07-08,True,19,0.1999999999998181,2016-07-08T17:00:00Z
5,2026-07-10,2016-07-08,True,20,0.20700000000010732,2016-07-08T18:00:00Z
5,2026-07-10,2016-07-08,True,21,0.13000000000010914,2016-07-08T19:00:00Z
5,2026-07-10,2016-07-08,True,22,0.20299999999997453,2016-07-08T20:00:00Z
5,2026-07-10,2016-07-08,True,23,0.14999999999986358,2016-07-08T21:00:00Z
5,2026-07-11,2016-07-09,True,0,0.14000000000010004,2016-07-08T22:00:00Z
5,2026-07-11,2016-07-09,True,1,0.09999999999990905,2016-07-08T23:00:00Z
5,2026-07-11,2016-07-09,True,2,0.1470000000001619,2016-07-09T00:00:00Z
5,2026-07-11,2016-07-09,True,3,0.11299999999982901,2016-07-09T01:00:00Z
5,2026-07-11,2016-07-09,True,4,0.14000000000010004,2016-07-09T02:00:00Z
5,2026-07-11,2016-07-09,True,5,0.09999999999990905,2016-07-09T03:00:00Z
5,2026-07-11,2016-07-09,True,6,0.12000000000011823,2016-07-09T04:00:00Z
5,2026-07-11,2016-07-09,True,7,0.12999999999988177,2016-07-09T05:00:00Z
5,2026-07-11,2016-07-09,True,8,0.17000000000007276,2016-07-09T06:00:00Z
5,2026-07-11,2016-07-09,True,9,0.2300000000000182,2016-07-09T07:00:00Z
5,2026-07-11,2016-07-09,True,10,0.45699999999987995,2016-07-09T08:00:00Z
5,2026-07-11,2016-07-09,True,11,0.21299999999996544,2016-07-09T09:00:00Z
5,2026-07-11,2016-07-09,True,12,0.6320000000000618,2016-07-09T10:00:00Z
5,2026-07-11,2016-07-09,True,13,0.18800000000010186,2016-07-09T11:00:00Z
5,2026-07-11,2016-07-09,True,14,0.19000000000005457,2016-07-09T12:00:00Z
5,2026-07-11,2016-07-09,True,15,0.1899999999998272,2016-07-09T13:00:00Z
5,2026-07-11,2016-07-09,True,16,0.21000000000003638,2016-07-09T14:00:00Z
5,2026-07-11,2016-07-09,True,17,0.2300000000000182,2016-07-09T15:00:00Z
5,2026-07-11,2016-07-09,True,18,0.20000000000004547,2016-07-09T16:00:00Z
5,2026-07-11,2016-07-09,True,19,0.20000000000004547,2016-07-09T17:00:00Z
5,2026-07-11,2016-07-09,True,20,0.1999999999998181,2016-07-09T18:00:00Z
5,2026-07-11,2016-07-09,True,21,0.22000000000002728,2016-07-09T19:00:00Z
5,2026-07-11,2016-07-09,True,22,0.20000000000004547,2016-07-09T20:00:00Z
5,2026-07-11,2016-07-09,True,23,0.19000000000005457,2016-07-09T21:00:00Z
5,2026-07-12,2016-07-10,True,0,0.17000000000007276,2016-07-09T22:00:00Z
5,2026-07-12,2016-07-10,True,1,0.1169999999999618,2016-07-09T23:00:00Z
5,2026-07-12,2016-07-10,True,2,0.0929999999998472,2016-07-10T00:00:00Z
5,2026-07-12,2016-07-10,True,3,0.09700000000020736,2016-07-10T01:00:00Z
5,2026-07-12,2016-07-10,True,4,0.11299999999982901,2016-07-10T02:00:00Z
5,2026-07-12,2016-07-10,True,5,0.11000000000012733,2016-07-10T03:00:00Z
5,2026-07-12,2016-07-10,True,6,0.09999999999990905,2016-07-10T04:00:00Z
5,2026-07-12,2016-07-10,True,7,0.13000000000010914,2016-07-10T05:00:00Z
5,2026-07-12,2016-07-10,True,8,0.1799999999998363,2016-07-10T06:00:00Z
5,2026-07-12,2016-07-10,True,9,0.17000000000007276,2016-07-10T07:00:00Z
5,2026-07-12,2016-07-10,True,10,0.1169999999999618,2016-07-10T08:00:00Z
5,2026-07-12,2016-07-10,True,11,0.14000000000010004,2016-07-10T09:00:00Z
5,2026-07-12,2016-07-10,True,12,0.25299999999992906,2016-07-10T10:00:00Z
5,2026-07-12,2016-07-10,True,13,0.4800000000000182,2016-07-10T11:00:00Z
5,2026-07-12,2016-07-10,True,14,0.12999999999988177,2016-07-10T12:00:00Z
5,2026-07-12,2016-07-10,True,15,0.10000000000013642,2016-07-10T13:00:00Z
5,2026-07-12,2016-07-10,True,16,0.16000000000008185,2016-07-10T14:00:00Z
5,2026-07-12,2016-07-10,True,17,0.1369999999999436,2016-07-10T15:00:00Z
5,2026-07-12,2016-07-10,True,18,0.0829999999998563,2016-07-10T16:00:00Z
5,2026-07-12,2016-07-10,True,19,0.10700000000019827,2016-07-10T17:00:00Z
5,2026-07-12,2016-07-10,True,20,0.4179999999998927,2016-07-10T18:00:00Z
5,2026-07-12,2016-07-10,True,21,0.5499999999999545,2016-07-10T19:00:00Z
5,2026-07-12,2016-07-10,True,22,0.8869999999999436,2016-07-10T20:00:00Z
5,2026-07-12,2016-07-10,True,23,0.5900000000001455,2016-07-10T21:00:00Z
5,2026-07-13,2016-07-11,True,0,0.32999999999992724,2016-07-10T22:00:00Z
5,2026-07-13,2016-07-11,True,1,0.43000000000006366,2016-07-10T23:00:00Z
5,2026-07-13,2016-07-11,True,2,0.16799999999989268,2016-07-11T00:00:00Z
5,2026-07-13,2016-07-11,True,3,0.05700000000001637,2016-07-11T01:00:00Z
5,2026-07-13,2016-07-11,True,4,0.16300000000001091,2016-07-11T02:00:00Z
5,2026-07-13,2016-07-11,True,5,0.1069999999999709,2016-07-11T03:00:00Z
5,2026-07-13,2016-07-11,True,6,0.09300000000007458,2016-07-11T04:00:00Z
5,2026-07-13,2016-07-11,True,7,0.7200000000000273,2016-07-11T05:00:00Z
5,2026-07-13,2016-07-11,True,8,0.25,2016-07-11T06:00:00Z
5,2026-07-13,2016-07-11,True,9,0.18000000000006366,2016-07-11T07:00:00Z
5,2026-07-13,2016-07-11,True,10,0.25,2016-07-11T08:00:00Z
5,2026-07-13,2016-07-11,True,11,0.4199999999998454,2016-07-11T09:00:00Z
5,2026-07-13,2016-07-11,True,12,0.2699999999999818,2016-07-11T10:00:00Z
5,2026-07-13,2016-07-11,True,13,0.2799999999999727,2016-07-11T11:00:00Z
5,2026-07-13,2016-07-11,True,14,0.20000000000004547,2016-07-11T12:00:00Z
5,2026-07-13,2016-07-11,True,15,0.18000000000006366,2016-07-11T13:00:00Z
5,2026-07-13,2016-07-11,True,16,0.18000000000006366,2016-07-11T14:00:00Z
5,2026-07-13,2016-07-11,True,17,0.2319999999999709,2016-07-11T15:00:00Z
5,2026-07-13,2016-07-11,True,18,0.4179999999998927,2016-07-11T16:00:00Z
5,2026-07-13,2016-07-11,True,19,0.5550000000000637,2016-07-11T17:00:00Z
5,2026-07-13,2016-07-11,True,20,0.5099999999999909,2016-07-11T18:00:00Z
5,2026-07-13,2016-07-11,True,21,0.9300000000000637,2016-07-11T19:00:00Z
5,2026-07-13,2016-07-11,True,22,0.3550000000000182,2016-07-11T20:00:00Z
5,2026-07-13,2016-07-11,True,23,0.1269999999999527,2016-07-11T21:00:00Z
5,2026-07-14,2016-07-12,True,0,0.15300000000002,2016-07-11T22:00:00Z
5,2026-07-14,2016-07-12,True,1,0.14699999999993452,2016-07-11T23:00:00Z
5,2026-07-14,2016-07-12,True,2,0.1230000000000473,2016-07-12T00:00:00Z
5,2026-07-14,2016-07-12,True,3,0.16000000000008185,2016-07-12T01:00:00Z
5,2026-07-14,2016-07-12,True,4,0.1069999999999709,2016-07-12T02:00:00Z
5,2026-07-14,2016-07-12,True,5,0.1430000000000291,2016-07-12T03:00:00Z
5,2026-07-14,2016-07-12,True,6,0.16699999999991633,2016-07-12T04:00:00Z
5,2026-07-14,2016-07-12,True,7,0.3129999999998745,2016-07-12T05:00:00Z
5,2026-07-14,2016-07-12,True,8,0.36000000000012733,2016-07-12T06:00:00Z
5,2026-07-14,2016-07-12,True,9,0.21199999999998909,2016-07-12T07:00:00Z
5,2026-07-14,2016-07-12,True,10,0.19499999999993634,2016-07-12T08:00:00Z
5,2026-07-14,2016-07-12,True,11,0.23299999999994725,2016-07-12T09:00:00Z
5,2026-07-14,2016-07-12,True,12,1.3520000000000891,2016-07-12T10:00:00Z
5,2026-07-14,2016-07-12,True,13,0.3079999999999927,2016-07-12T11:00:00Z
5,2026-07-14,2016-07-12,True,14,0.16000000000008185,2016-07-12T12:00:00Z
5,2026-07-14,2016-07-12,True,15,0.2749999999998636,2016-07-12T13:00:00Z
5,2026-07-14,2016-07-12,True,16,0.7670000000000528,2016-07-12T14:00:00Z
5,2026-07-14,2016-07-12,True,17,0.17000000000007276,2016-07-12T15:00:00Z
5,2026-07-14,2016-07-12,True,18,0.5579999999999927,2016-07-12T16:00:00Z
5,2026-07-14,2016-07-12,True,19,0.2519999999999527,2016-07-12T17:00:00Z
5,2026-07-14,2016-07-12,True,20,0.7429999999999382,2016-07-12T18:00:00Z
5,2026-07-14,2016-07-12,True,21,0.4670000000000982,2016-07-12T19:00:00Z
5,2026-07-14,2016-07-12,True,22,0.8399999999999181,2016-07-12T20:00:00Z
5,2026-07-14,2016-07-12,True,23,0.3849999999999909,2016-07-12T21:00:00Z
5,2026-07-15,2016-07-13,True,0,0.10300000000006548,2016-07-12T22:00:00Z
5,2026-07-15,2016-07-13,True,1,0.14699999999993452,2016-07-12T23:00:00Z
5,2026-07-15,2016-07-13,True,2,0.09300000000007458,2016-07-13T00:00:00Z
5,2026-07-15,2016-07-13,True,3,0.14699999999993452,2016-07-13T01:00:00Z
5,2026-07-15,2016-07-13,True,4,0.09300000000007458,2016-07-13T02:00:00Z
5,2026-07-15,2016-07-13,True,5,0.13999999999987267,2016-07-13T03:00:00Z
5,2026-07-15,2016-07-13,True,6,0.12700000000018008,2016-07-13T04:00:00Z
5,2026-07-15,2016-07-13,True,7,0.23299999999994725,2016-07-13T05:00:00Z
5,2026-07-15,2016-07-13,True,8,0.6199999999998909,2016-07-13T06:00:00Z
5,2026-07-15,2016-07-13,True,9,0.20000000000004547,2016-07-13T07:00:00Z
5,2026-07-15,2016-07-13,True,10,0.2400000000000091,2016-07-13T08:00:00Z
5,2026-07-15,2016-07-13,True,11,0.5900000000001455,2016-07-13T09:00:00Z
5,2026-07-15,2016-07-13,True,12,0.22999999999979082,2016-07-13T10:00:00Z
5,2026-07-15,2016-07-13,True,13,0.21200000000021646,2016-07-13T11:00:00Z
5,2026-07-15,2016-07-13,True,14,0.4329999999999927,2016-07-13T12:00:00Z
5,2026-07-15,2016-07-13,True,15,0.5099999999999909,2016-07-13T13:00:00Z
5,2026-07-15,2016-07-13,True,16,0.44499999999993634,2016-07-13T14:00:00Z
5,2026-07-15,2016-07-13,True,17,0.15999999999985448,2016-07-13T15:00:00Z
5,2026-07-15,2016-07-13,True,18,0.11000000000012733,2016-07-13T16:00:00Z
5,2026-07-15,2016-07-13,True,19,0.3250000000000455,2016-07-13T17:00:00Z
5,2026-07-15,2016-07-13,True,20,0.44699999999988904,2016-07-13T18:00:00Z
5,2026-07-15,2016-07-13,True,21,0.6580000000001291,2016-07-13T19:00:00Z
5,2026-07-15,2016-07-13,True,22,0.17699999999990723,2016-07-13T20:00:00Z
5,2026-07-15,2016-07-13,True,23,0.6230000000000473,2016-07-13T21:00:00Z
5,2026-07-16,2016-07-14,True,0,0.1169999999999618,2016-07-13T22:00:00Z
5,2026-07-16,2016-07-14,True,1,0.10300000000006548,2016-07-13T23:00:00Z
5,2026-07-16,2016-07-14,True,2,0.1269999999999527,2016-07-14T00:00:00Z
5,2026-07-16,2016-07-14,True,3,0.09300000000007458,2016-07-14T01:00:00Z
5,2026-07-16,2016-07-14,True,4,0.1269999999999527,2016-07-14T02:00:00Z
5,2026-07-16,2016-07-14,True,5,0.08999999999991815,2016-07-14T03:00:00Z
5,2026-07-16,2016-07-14,True,6,0.18299999999999272,2016-07-14T04:00:00Z
5,2026-07-16,2016-07-14,True,7,0.4170000000001437,2016-07-14T05:00:00Z
5,2026-07-16,2016-07-14,True,8,0.209999999999809,2016-07-14T06:00:00Z
5,2026-07-16,2016-07-14,True,9,0.11000000000012733,2016-07-14T07:00:00Z
5,2026-07-16,2016-07-14,True,10,0.09300000000007458,2016-07-14T08:00:00Z
5,2026-07-16,2016-07-14,True,11,0.1169999999999618,2016-07-14T09:00:00Z
5,2026-07-16,2016-07-14,True,12,0.0729999999998654,2016-07-14T10:00:00Z
5,2026-07-16,2016-07-14,True,13,0.15000000000009095,2016-07-14T11:00:00Z
5,2026-07-16,2016-07-14,True,14,0.33199999999987995,2016-07-14T12:00:00Z
5,2026-07-16,2016-07-14,True,15,0.21800000000007458,2016-07-14T13:00:00Z
5,2026-07-16,2016-07-14,True,16,0.08999999999991815,2016-07-14T14:00:00Z
5,2026-07-16,2016-07-14,True,17,0.1770000000001346,2016-07-14T15:00:00Z
5,2026-07-16,2016-07-14,True,18,0.10999999999989996,2016-07-14T16:00:00Z
5,2026-07-16,2016-07-14,True,19,0.1230000000000473,2016-07-14T17:00:00Z
5,2026-07-16,2016-07-14,True,20,0.39200000000005275,2016-07-14T18:00:00Z
5,2026-07-16,2016-07-14,True,21,0.46299999999996544,2016-07-14T19:00:00Z
5,2026-07-16,2016-07-14,True,22,0.5869999999999891,2016-07-14T20:00:00Z
5,2026-07-16,2016-07-14,True,23,0.38000000000010914,2016-07-14T21:00:00Z
5,2026-07-17,2016-07-15,True,0,0.36999999999989086,2016-07-14T22:00:00Z
5,2026-07-17,2016-07-15,True,1,0.21499999999991815,2016-07-14T23:00:00Z
5,2026-07-17,2016-07-15,True,2,0.07300000000009277,2016-07-15T00:00:00Z
5,2026-07-17,2016-07-15,True,3,0.11999999999989086,2016-07-15T01:00:00Z
5,2026-07-17,2016-07-15,True,4,0.08000000000015461,2016-07-15T02:00:00Z
5,2026-07-17,2016-07-15,True,5,0.08699999999998909,2016-07-15T03:00:00Z
5,2026-07-17,2016-07-15,True,6,0.1230000000000473,2016-07-15T04:00:00Z
5,2026-07-17,2016-07-15,True,7,0.15699999999992542,2016-07-15T05:00:00Z
5,2026-07-17,2016-07-15,True,8,0.22299999999995634,2016-07-15T06:00:00Z
5,2026-07-17,2016-07-15,True,9,0.43000000000006366,2016-07-15T07:00:00Z
5,2026-07-17,2016-07-15,True,10,0.12999999999988177,2016-07-15T08:00:00Z
5,2026-07-17,2016-07-15,True,11,0.6600000000000819,2016-07-15T09:00:00Z
5,2026-07-17,2016-07-15,True,12,0.08699999999998909,2016-07-15T10:00:00Z
5,2026-07-17,2016-07-15,True,13,0.28300000000012915,2016-07-15T11:00:00Z
5,2026-07-17,2016-07-15,True,14,0.3170000000000073,2016-07-15T12:00:00Z
5,2026-07-17,2016-07-15,True,15,0.18299999999999272,2016-07-15T13:00:00Z
5,2026-07-17,2016-07-15,True,16,0.1069999999999709,2016-07-15T14:00:00Z
5,2026-07-17,2016-07-15,True,17,0.17300000000000182,2016-07-15T15:00:00Z
5,2026-07-17,2016-07-15,True,18,0.12999999999988177,2016-07-15T16:00:00Z
5,2026-07-17,2016-07-15,True,19,0.1169999999999618,2016-07-15T17:00:00Z
5,2026-07-17,2016-07-15,True,20,0.09300000000007458,2016-07-15T18:00:00Z
5,2026-07-17,2016-07-15,True,21,0.14000000000010004,2016-07-15T19:00:00Z
5,2026-07-17,2016-07-15,True,22,0.08199999999987995,2016-07-15T20:00:00Z
5,2026-07-17,2016-07-15,True,23,0.41000000000008185,2016-07-15T21:00:00Z
5,2026-07-18,2016-07-16,True,0,0.3999999999998636,2016-07-15T22:00:00Z
5,2026-07-18,2016-07-16,True,1,0.31799999999998363,2016-07-15T23:00:00Z
5,2026-07-18,2016-07-16,True,2,0.08000000000015461,2016-07-16T00:00:00Z
5,2026-07-18,2016-07-16,True,3,0.13999999999987267,2016-07-16T01:00:00Z
5,2026-07-18,2016-07-16,True,4,0.09699999999997999,2016-07-16T02:00:00Z
5,2026-07-18,2016-07-16,True,5,0.11000000000012733,2016-07-16T03:00:00Z
5,2026-07-18,2016-07-16,True,6,0.0729999999998654,2016-07-16T04:00:00Z
5,2026-07-18,2016-07-16,True,7,0.15000000000009095,2016-07-16T05:00:00Z
5,2026-07-18,2016-07-16,True,8,0.1169999999999618,2016-07-16T06:00:00Z
5,2026-07-18,2016-07-16,True,9,0.09300000000007458,2016-07-16T07:00:00Z
5,2026-07-18,2016-07-16,True,10,0.11999999999989086,2016-07-16T08:00:00Z
5,2026-07-18,2016-07-16,True,11,0.13000000000010914,2016-07-16T09:00:00Z
5,2026-07-18,2016-07-16,True,12,0.08699999999998909,2016-07-16T10:00:00Z
5,2026-07-18,2016-07-16,True,13,0.25299999999992906,2016-07-16T11:00:00Z
5,2026-07-18,2016-07-16,True,14,0.17000000000007276,2016-07-16T12:00:00Z
5,2026-07-18,2016-07-16,True,15,0.13999999999987267,2016-07-16T13:00:00Z
5,2026-07-18,2016-07-16,True,16,0.1670000000001437,2016-07-16T14:00:00Z
5,2026-07-18,2016-07-16,True,17,0.1330000000000382,2016-07-16T15:00:00Z
5,2026-07-18,2016-07-16,True,18,0.7469999999998436,2016-07-16T16:00:00Z
5,2026-07-18,2016-07-16,True,19,0.5850000000000364,2016-07-16T17:00:00Z
5,2026-07-18,2016-07-16,True,20,0.2400000000000091,2016-07-16T18:00:00Z
5,2026-07-18,2016-07-16,True,21,0.6580000000001291,2016-07-16T19:00:00Z
5,2026-07-18,2016-07-16,True,22,0.08699999999998909,2016-07-16T20:00:00Z
5,2026-07-18,2016-07-16,True,23,0.16300000000001091,2016-07-16T21:00:00Z
5,2026-07-19,2016-07-17,True,0,0.09699999999997999,2016-07-16T22:00:00Z
5,2026-07-19,2016-07-17,True,1,0.375,2016-07-16T23:00:00Z
5,2026-07-19,2016-07-17,True,2,0.2680000000000291,2016-07-17T00:00:00Z
5,2026-07-19,2016-07-17,True,3,0.10999999999989996,2016-07-17T01:00:00Z
5,2026-07-19,2016-07-17,True,4,0.09999999999990905,2016-07-17T02:00:00Z
5,2026-07-19,2016-07-17,True,5,0.13000000000010914,2016-07-17T03:00:00Z
5,2026-07-19,2016-07-17,True,6,0.07699999999999818,2016-07-17T04:00:00Z
5,2026-07-19,2016-07-17,True,7,0.15000000000009095,2016-07-17T05:00:00Z
5,2026-07-19,2016-07-17,True,8,0.0729999999998654,2016-07-17T06:00:00Z
5,2026-07-19,2016-07-17,True,9,0.2699999999999818,2016-07-17T07:00:00Z
5,2026-07-19,2016-07-17,True,10,0.22000000000002728,2016-07-17T08:00:00Z
5,2026-07-19,2016-07-17,True,11,0.14699999999993452,2016-07-17T09:00:00Z
5,2026-07-19,2016-07-17,True,12,0.16300000000001091,2016-07-17T10:00:00Z
5,2026-07-19,2016-07-17,True,13,0.15200000000004366,2016-07-17T11:00:00Z
5,2026-07-19,2016-07-17,True,14,0.42000000000007276,2016-07-17T12:00:00Z
5,2026-07-19,2016-07-17,True,15,0.14799999999991087,2016-07-17T13:00:00Z
5,2026-07-19,2016-07-17,True,16,0.13000000000010914,2016-07-17T14:00:00Z
5,2026-07-19,2016-07-17,True,17,0.14999999999986358,2016-07-17T15:00:00Z
5,2026-07-19,2016-07-17,True,18,0.10000000000013642,2016-07-17T16:00:00Z
5,2026-07-19,2016-07-17,True,19,0.6199999999998909,2016-07-17T17:00:00Z
5,2026-07-19,2016-07-17,True,20,0.19000000000005457,2016-07-17T18:00:00Z
5,2026-07-19,2016-07-17,True,21,0.2400000000000091,2016-07-17T19:00:00Z
5,2026-07-19,2016-07-17,True,22,0.20199999999999818,2016-07-17T20:00:00Z
5,2026-07-19,2016-07-17,True,23,0.43000000000006366,2016-07-17T21:00:00Z
5,2026-07-20,2016-07-18,True,0,0.4099999999998545,2016-07-17T22:00:00Z
5,2026-07-20,2016-07-18,True,1,0.22800000000006548,2016-07-17T23:00:00Z
5,2026-07-20,2016-07-18,True,2,0.1169999999999618,2016-07-18T00:00:00Z
5,2026-07-20,2016-07-18,True,3,0.1430000000000291,2016-07-18T01:00:00Z
5,2026-07-20,2016-07-18,True,4,0.09999999999990905,2016-07-18T02:00:00Z
5,2026-07-20,2016-07-18,True,5,0.13000000000010914,2016-07-18T03:00:00Z
5,2026-07-20,2016-07-18,True,6,0.5319999999999254,2016-07-18T04:00:00Z
5,2026-07-20,2016-07-18,True,7,0.2880000000000109,2016-07-18T05:00:00Z
5,2026-07-20,2016-07-18,True,8,0.1870000000001255,2016-07-18T06:00:00Z
5,2026-07-20,2016-07-18,True,9,0.24299999999993815,2016-07-18T07:00:00Z
5,2026-07-20,2016-07-18,True,10,0.08999999999991815,2016-07-18T08:00:00Z
5,2026-07-20,2016-07-18,True,11,0.12000000000011823,2016-07-18T09:00:00Z
5,2026-07-20,2016-07-18,True,12,0.10999999999989996,2016-07-18T10:00:00Z
5,2026-07-20,2016-07-18,True,13,0.3320000000001073,2016-07-18T11:00:00Z
5,2026-07-20,2016-07-18,True,14,1.1330000000000382,2016-07-18T12:00:00Z
5,2026-07-20,2016-07-18,True,15,0.48699999999985266,2016-07-18T13:00:00Z
5,2026-07-20,2016-07-18,True,16,0.7280000000000655,2016-07-18T14:00:00Z
5,2026-07-20,2016-07-18,True,17,0.15000000000009095,2016-07-18T15:00:00Z
5,2026-07-20,2016-07-18,True,18,0.34199999999987085,2016-07-18T16:00:00Z
5,2026-07-20,2016-07-18,True,19,0.40000000000009095,2016-07-18T17:00:00Z
5,2026-07-20,2016-07-18,True,20,0.23799999999982901,2016-07-18T18:00:00Z
5,2026-07-20,2016-07-18,True,21,0.20000000000004547,2016-07-18T19:00:00Z
5,2026-07-20,2016-07-18,True,22,0.1570000000001528,2016-07-18T20:00:00Z
5,2026-07-20,2016-07-18,True,23,0.1799999999998363,2016-07-18T21:00:00Z
5,2026-07-21,2016-07-19,True,0,0.13000000000010914,2016-07-18T22:00:00Z
5,2026-07-21,2016-07-19,True,1,0.10300000000006548,2016-07-18T23:00:00Z
5,2026-07-21,2016-07-19,True,2,0.06999999999993634,2016-07-19T00:00:00Z
5,2026-07-21,2016-07-19,True,3,0.12999999999988177,2016-07-19T01:00:00Z
5,2026-07-21,2016-07-19,True,4,0.11700000000018917,2016-07-19T02:00:00Z
5,2026-07-21,2016-07-19,True,5,0.0829999999998563,2016-07-19T03:00:00Z
5,2026-07-21,2016-07-19,True,6,0.1150000000000091,2016-07-19T04:00:00Z
5,2026-07-21,2016-07-19,True,7,0.3550000000000182,2016-07-19T05:00:00Z
5,2026-07-21,2016-07-19,True,8,0.08699999999998909,2016-07-19T06:00:00Z
5,2026-07-21,2016-07-19,True,9,0.08300000000008367,2016-07-19T07:00:00Z
5,2026-07-21,2016-07-19,True,10,0.09999999999990905,2016-07-19T08:00:00Z
5,2026-07-21,2016-07-19,True,11,0.14000000000010004,2016-07-19T09:00:00Z
5,2026-07-21,2016-07-19,True,12,0.05999999999994543,2016-07-19T10:00:00Z
5,2026-07-21,2016-07-19,True,13,0.13999999999987267,2016-07-19T11:00:00Z
5,2026-07-21,2016-07-19,True,14,0.21000000000003638,2016-07-19T12:00:00Z
5,2026-07-21,2016-07-19,True,15,0.1670000000001437,2016-07-19T13:00:00Z
5,2026-07-21,2016-07-19,True,16,0.06299999999987449,2016-07-19T14:00:00Z
5,2026-07-21,2016-07-19,True,17,0.14000000000010004,2016-07-19T15:00:00Z
5,2026-07-21,2016-07-19,True,18,0.14699999999993452,2016-07-19T16:00:00Z
5,2026-07-21,2016-07-19,True,19,0.10500000000001819,2016-07-19T17:00:00Z
5,2026-07-21,2016-07-19,True,20,0.43000000000006366,2016-07-19T18:00:00Z
5,2026-07-21,2016-07-19,True,21,0.4299999999998363,2016-07-19T19:00:00Z
5,2026-07-21,2016-07-19,True,22,0.40300000000002,2016-07-19T20:00:00Z
5,2026-07-21,2016-07-19,True,23,0.7970000000000255,2016-07-19T21:00:00Z
5,2026-07-22,2016-07-20,True,0,0.20800000000008367,2016-07-19T22:00:00Z
5,2026-07-22,2016-07-20,True,1,0.5499999999999545,2016-07-19T23:00:00Z
5,2026-07-22,2016-07-20,True,2,0.1269999999999527,2016-07-20T00:00:00Z
5,2026-07-22,2016-07-20,True,3,0.1430000000000291,2016-07-20T01:00:00Z
5,2026-07-22,2016-07-20,True,4,0.08999999999991815,2016-07-20T02:00:00Z
5,2026-07-22,2016-07-20,True,5,0.09000000000014552,2016-07-20T03:00:00Z
5,2026-07-22,2016-07-20,True,6,0.14999999999986358,2016-07-20T04:00:00Z
5,2026-07-22,2016-07-20,True,7,0.3300000000001546,2016-07-20T05:00:00Z
5,2026-07-22,2016-07-20,True,8,0.1269999999999527,2016-07-20T06:00:00Z
5,2026-07-22,2016-07-20,True,9,0.09300000000007458,2016-07-20T07:00:00Z
5,2026-07-22,2016-07-20,True,10,0.13999999999987267,2016-07-20T08:00:00Z
5,2026-07-22,2016-07-20,True,11,0.07699999999999818,2016-07-20T09:00:00Z
5,2026-07-22,2016-07-20,True,12,0.20299999999997453,2016-07-20T10:00:00Z
5,2026-07-22,2016-07-20,True,13,0.17000000000007276,2016-07-20T11:00:00Z
5,2026-07-22,2016-07-20,True,14,0.14000000000010004,2016-07-20T12:00:00Z
5,2026-07-22,2016-07-20,True,15,0.10999999999989996,2016-07-20T13:00:00Z
5,2026-07-22,2016-07-20,True,16,0.25,2016-07-20T14:00:00Z
5,2026-07-22,2016-07-20,True,17,0.15699999999992542,2016-07-20T15:00:00Z
5,2026-07-22,2016-07-20,True,18,0.3949999999999818,2016-07-20T16:00:00Z
5,2026-07-22,2016-07-20,True,19,0.18800000000010186,2016-07-20T17:00:00Z
5,2026-07-22,2016-07-20,True,20,0.14000000000010004,2016-07-20T18:00:00Z
5,2026-07-22,2016-07-20,True,21,0.6999999999998181,2016-07-20T19:00:00Z
5,2026-07-22,2016-07-20,True,22,0.3100000000001728,2016-07-20T20:00:00Z
5,2026-07-22,2016-07-20,True,23,0.6920000000000073,2016-07-20T21:00:00Z
5,2026-07-23,2016-07-21,True,0,0.4399999999998272,2016-07-20T22:00:00Z
5,2026-07-23,2016-07-21,True,1,0.5979999999999563,2016-07-20T23:00:00Z
5,2026-07-23,2016-07-21,True,2,0.1470000000001619,2016-07-21T00:00:00Z
5,2026-07-23,2016-07-21,True,3,0.10299999999983811,2016-07-21T01:00:00Z
5,2026-07-23,2016-07-21,True,4,0.1470000000001619,2016-07-21T02:00:00Z
5,2026-07-23,2016-07-21,True,5,0.10299999999983811,2016-07-21T03:00:00Z
5,2026-07-23,2016-07-21,True,6,0.20500000000015461,2016-07-21T04:00:00Z
5,2026-07-23,2016-07-21,True,7,0.25499999999988177,2016-07-21T05:00:00Z
5,2026-07-23,2016-07-21,True,8,0.15000000000009095,2016-07-21T06:00:00Z
5,2026-07-23,2016-07-21,True,9,0.15699999999992542,2016-07-21T07:00:00Z
5,2026-07-23,2016-07-21,True,10,0.07000000000016371,2016-07-21T08:00:00Z
5,2026-07-23,2016-07-21,True,11,0.15299999999979264,2016-07-21T09:00:00Z
5,2026-07-23,2016-07-21,True,12,0.09000000000014552,2016-07-21T10:00:00Z
5,2026-07-23,2016-07-21,True,13,0.14999999999986358,2016-07-21T11:00:00Z
5,2026-07-23,2016-07-21,True,14,0.18000000000006366,2016-07-21T12:00:00Z
5,2026-07-23,2016-07-21,True,15,0.15000000000009095,2016-07-21T13:00:00Z
5,2026-07-23,2016-07-21,True,16,0.15999999999985448,2016-07-21T14:00:00Z
5,2026-07-23,2016-07-21,True,17,0.12700000000018008,2016-07-21T15:00:00Z
5,2026-07-23,2016-07-21,True,18,0.26299999999991996,2016-07-21T16:00:00Z
5,2026-07-23,2016-07-21,True,19,0.19000000000005457,2016-07-21T17:00:00Z
5,2026-07-23,2016-07-21,True,20,0.1899999999998272,2016-07-21T18:00:00Z
5,2026-07-23,2016-07-21,True,21,0.3120000000001255,2016-07-21T19:00:00Z
5,2026-07-23,2016-07-21,True,22,0.48299999999994725,2016-07-21T20:00:00Z
5,2026-07-23,2016-07-21,True,23,0.6420000000000528,2016-07-21T21:00:00Z
5,2026-07-24,2016-07-22,True,0,0.7599999999999909,2016-07-21T22:00:00Z
5,2026-07-24,2016-07-22,True,1,0.15300000000002,2016-07-21T23:00:00Z
5,2026-07-24,2016-07-22,True,2,0.5899999999999181,2016-07-22T00:00:00Z
5,2026-07-24,2016-07-22,True,3,0.09000000000014552,2016-07-22T01:00:00Z
5,2026-07-24,2016-07-22,True,4,0.15699999999992542,2016-07-22T02:00:00Z
5,2026-07-24,2016-07-22,True,5,0.10300000000006548,2016-07-22T03:00:00Z
5,2026-07-24,2016-07-22,True,6,0.15999999999985448,2016-07-22T04:00:00Z
5,2026-07-24,2016-07-22,True,7,0.2400000000000091,2016-07-22T05:00:00Z
5,2026-07-24,2016-07-22,True,8,0.2820000000001528,2016-07-22T06:00:00Z
5,2026-07-24,2016-07-22,True,9,0.6649999999999636,2016-07-22T07:00:00Z
5,2026-07-24,2016-07-22,True,10,0.0929999999998472,2016-07-22T08:00:00Z
5,2026-07-24,2016-07-22,True,11,0.13200000000006185,2016-07-22T09:00:00Z
5,2026-07-24,2016-07-22,True,12,0.19800000000009277,2016-07-22T10:00:00Z
5,2026-07-24,2016-07-22,True,13,0.2300000000000182,2016-07-22T11:00:00Z
5,2026-07-24,2016-07-22,True,14,0.1899999999998272,2016-07-22T12:00:00Z
5,2026-07-24,2016-07-22,True,15,0.19000000000005457,2016-07-22T13:00:00Z
5,2026-07-24,2016-07-22,True,16,0.19000000000005457,2016-07-22T14:00:00Z
5,2026-07-24,2016-07-22,True,17,1.1549999999999727,2016-07-22T15:00:00Z
5,2026-07-24,2016-07-22,True,18,0.49700000000007094,2016-07-22T16:00:00Z
5,2026-07-24,2016-07-22,True,19,0.22499999999990905,2016-07-22T17:00:00Z
5,2026-07-24,2016-07-22,True,20,0.23500000000012733,2016-07-22T18:00:00Z
5,2026-07-24,2016-07-22,True,21,0.612999999999829,2016-07-22T19:00:00Z
5,2026-07-24,2016-07-22,True,22,0.4570000000001073,2016-07-22T20:00:00Z
5,2026-07-24,2016-07-22,True,23,0.44000000000005457,2016-07-22T21:00:00Z
5,2026-07-25,2016-07-23,True,0,0.39799999999991087,2016-07-22T22:00:00Z
5,2026-07-25,2016-07-23,True,1,0.19000000000005457,2016-07-22T23:00:00Z
5,2026-07-25,2016-07-23,True,2,0.5099999999999909,2016-07-23T00:00:00Z
5,2026-07-25,2016-07-23,True,3,0.1799999999998363,2016-07-23T01:00:00Z
5,2026-07-25,2016-07-23,True,4,0.5800000000001546,2016-07-23T02:00:00Z
5,2026-07-25,2016-07-23,True,5,0.15699999999992542,2016-07-23T03:00:00Z
5,2026-07-25,2016-07-23,True,6,0.09300000000007458,2016-07-23T04:00:00Z
5,2026-07-25,2016-07-23,True,7,0.22000000000002728,2016-07-23T05:00:00Z
5,2026-07-25,2016-07-23,True,8,0.16699999999991633,2016-07-23T06:00:00Z
5,2026-07-25,2016-07-23,True,9,0.16300000000001091,2016-07-23T07:00:00Z
5,2026-07-25,2016-07-23,True,10,0.18000000000006366,2016-07-23T08:00:00Z
5,2026-07-25,2016-07-23,True,11,0.4700000000000273,2016-07-23T09:00:00Z
5,2026-07-25,2016-07-23,True,12,0.4519999999999982,2016-07-23T10:00:00Z
5,2026-07-25,2016-07-23,True,13,0.6679999999998927,2016-07-23T11:00:00Z
5,2026-07-25,2016-07-23,True,14,0.5399999999999636,2016-07-23T12:00:00Z
5,2026-07-25,2016-07-23,True,15,0.38200000000006185,2016-07-23T13:00:00Z
5,2026-07-25,2016-07-23,True,16,0.34799999999995634,2016-07-23T14:00:00Z
5,2026-07-25,2016-07-23,True,17,0.2899999999999636,2016-07-23T15:00:00Z
5,2026-07-25,2016-07-23,True,18,0.11200000000008004,2016-07-23T16:00:00Z
5,2026-07-25,2016-07-23,True,19,0.44000000000005457,2016-07-23T17:00:00Z
5,2026-07-25,2016-07-23,True,20,0.4500000000000455,2016-07-23T18:00:00Z
5,2026-07-25,2016-07-23,True,21,0.38999999999987267,2016-07-23T19:00:00Z
5,2026-07-25,2016-07-23,True,22,0.4700000000000273,2016-07-23T20:00:00Z
5,2026-07-25,2016-07-23,True,23,0.44000000000005457,2016-07-23T21:00:00Z
5,2026-07-26,2016-07-24,True,0,0.4299999999998363,2016-07-23T22:00:00Z
5,2026-07-26,2016-07-24,True,1,0.3400000000001455,2016-07-23T23:00:00Z
5,2026-07-26,2016-07-24,True,2,0.45299999999997453,2016-07-24T00:00:00Z
5,2026-07-26,2016-07-24,True,3,0.3369999999999891,2016-07-24T01:00:00Z
5,2026-07-26,2016-07-24,True,4,0.27800000000002,2016-07-24T02:00:00Z
5,2026-07-26,2016-07-24,True,5,0.1269999999999527,2016-07-24T03:00:00Z
5,2026-07-26,2016-07-24,True,6,0.12000000000011823,2016-07-24T04:00:00Z
5,2026-07-26,2016-07-24,True,7,0.09999999999990905,2016-07-24T05:00:00Z
5,2026-07-26,2016-07-24,True,8,0.6829999999999927,2016-07-24T06:00:00Z
5,2026-07-26,2016-07-24,True,9,0.15699999999992542,2016-07-24T07:00:00Z
5,2026-07-26,2016-07-24,True,10,0.16300000000001091,2016-07-24T08:00:00Z
5,2026-07-26,2016-07-24,True,11,0.13700000000017099,2016-07-24T09:00:00Z
5,2026-07-26,2016-07-24,True,12,0.0929999999998472,2016-07-24T10:00:00Z
5,2026-07-26,2016-07-24,True,13,0.18499999999994543,2016-07-24T11:00:00Z
5,2026-07-26,2016-07-24,True,14,0.415000000000191,2016-07-24T12:00:00Z
5,2026-07-26,2016-07-24,True,15,0.2300000000000182,2016-07-24T13:00:00Z
5,2026-07-26,2016-07-24,True,16,0.4420000000000073,2016-07-24T14:00:00Z
5,2026-07-26,2016-07-24,True,17,0.2849999999998545,2016-07-24T15:00:00Z
5,2026-07-26,2016-07-24,True,18,0.19299999999998363,2016-07-24T16:00:00Z
5,2026-07-26,2016-07-24,True,19,0.1269999999999527,2016-07-24T17:00:00Z
5,2026-07-26,2016-07-24,True,20,0.1750000000001819,2016-07-24T18:00:00Z
5,2026-07-26,2016-07-24,True,21,0.24799999999981992,2016-07-24T19:00:00Z
5,2026-07-26,2016-07-24,True,22,0.23700000000008004,2016-07-24T20:00:00Z
5,2026-07-26,2016-07-24,True,23,0.1430000000000291,2016-07-24T21:00:00Z
5,2026-07-27,2016-07-25,True,0,0.15000000000009095,2016-07-24T22:00:00Z
5,2026-07-27,2016-07-25,True,1,0.12999999999988177,2016-07-24T23:00:00Z
5,2026-07-27,2016-07-25,True,2,0.14699999999993452,2016-07-25T00:00:00Z
5,2026-07-27,2016-07-25,True,3,0.07000000000016371,2016-07-25T01:00:00Z
5,2026-07-27,2016-07-25,True,4,0.17300000000000182,2016-07-25T02:00:00Z
5,2026-07-27,2016-07-25,True,5,0.09699999999997999,2016-07-25T03:00:00Z
5,2026-07-27,2016-07-25,True,6,0.1330000000000382,2016-07-25T04:00:00Z
5,2026-07-27,2016-07-25,True,7,0.2869999999998072,2016-07-25T05:00:00Z
5,2026-07-27,2016-07-25,True,8,0.4500000000000455,2016-07-25T06:00:00Z
5,2026-07-27,2016-07-25,True,9,0.06999999999993634,2016-07-25T07:00:00Z
5,2026-07-27,2016-07-25,True,10,0.1430000000000291,2016-07-25T08:00:00Z
5,2026-07-27,2016-07-25,True,11,0.11000000000012733,2016-07-25T09:00:00Z
5,2026-07-27,2016-07-25,True,12,0.10999999999989996,2016-07-25T10:00:00Z
5,2026-07-27,2016-07-25,True,13,0.1670000000001437,2016-07-25T11:00:00Z
5,2026-07-27,2016-07-25,True,14,0.10299999999983811,2016-07-25T12:00:00Z
5,2026-07-27,2016-07-25,True,15,0.19000000000005457,2016-07-25T13:00:00Z
5,2026-07-27,2016-07-25,True,16,0.12000000000011823,2016-07-25T14:00:00Z
5,2026-07-27,2016-07-25,True,17,0.11999999999989086,2016-07-25T15:00:00Z
5,2026-07-27,2016-07-25,True,18,0.25,2016-07-25T16:00:00Z
5,2026-07-27,2016-07-25,True,19,0.18000000000006366,2016-07-25T17:00:00Z
5,2026-07-27,2016-07-25,True,20,0.8920000000000528,2016-07-25T18:00:00Z
5,2026-07-27,2016-07-25,True,21,0.4099999999998545,2016-07-25T19:00:00Z
5,2026-07-27,2016-07-25,True,22,0.6829999999999927,2016-07-25T20:00:00Z
5,2026-07-27,2016-07-25,True,23,0.5270000000000437,2016-07-25T21:00:00Z
5,2026-07-28,2016-07-26,True,0,0.15799999999990177,2016-07-25T22:00:00Z
5,2026-07-28,2016-07-26,True,1,0.1470000000001619,2016-07-25T23:00:00Z
5,2026-07-28,2016-07-26,True,2,0.10999999999989996,2016-07-26T00:00:00Z
5,2026-07-28,2016-07-26,True,3,0.15300000000002,2016-07-26T01:00:00Z
5,2026-07-28,2016-07-26,True,4,0.1069999999999709,2016-07-26T02:00:00Z
5,2026-07-28,2016-07-26,True,5,0.22299999999995634,2016-07-26T03:00:00Z
5,2026-07-28,2016-07-26,True,6,0.21000000000003638,2016-07-26T04:00:00Z
5,2026-07-28,2016-07-26,True,7,0.9470000000001164,2016-07-26T05:00:00Z
5,2026-07-28,2016-07-26,True,8,0.65300000000002,2016-07-26T06:00:00Z
5,2026-07-28,2016-07-26,True,9,0.11999999999989086,2016-07-26T07:00:00Z
5,2026-07-28,2016-07-26,True,10,0.16000000000008185,2016-07-26T08:00:00Z
5,2026-07-28,2016-07-26,True,11,0.09699999999997999,2016-07-26T09:00:00Z
5,2026-07-28,2016-07-26,True,12,0.1330000000000382,2016-07-26T10:00:00Z
5,2026-07-28,2016-07-26,True,13,0.13999999999987267,2016-07-26T11:00:00Z
5,2026-07-28,2016-07-26,True,14,0.18000000000006366,2016-07-26T12:00:00Z
5,2026-07-28,2016-07-26,True,15,0.7950000000000728,2016-07-26T13:00:00Z
5,2026-07-28,2016-07-26,True,16,0.6820000000000164,2016-07-26T14:00:00Z
5,2026-07-28,2016-07-26,True,17,0.14299999999980173,2016-07-26T15:00:00Z
5,2026-07-28,2016-07-26,True,18,0.12700000000018008,2016-07-26T16:00:00Z
5,2026-07-28,2016-07-26,True,19,0.16300000000001091,2016-07-26T17:00:00Z
5,2026-07-28,2016-07-26,True,20,0.12999999999988177,2016-07-26T18:00:00Z
5,2026-07-28,2016-07-26,True,21,0.20000000000004547,2016-07-26T19:00:00Z
5,2026-07-28,2016-07-26,True,22,0.22000000000002728,2016-07-26T20:00:00Z
5,2026-07-28,2016-07-26,True,23,0.15999999999985448,2016-07-26T21:00:00Z
5,2026-07-29,2016-07-27,True,0,0.25,2016-07-26T22:00:00Z
5,2026-07-29,2016-07-27,True,1,0.18000000000006366,2016-07-26T23:00:00Z
5,2026-07-29,2016-07-27,True,2,0.08999999999991815,2016-07-27T00:00:00Z
5,2026-07-29,2016-07-27,True,3,0.17000000000007276,2016-07-27T01:00:00Z
5,2026-07-29,2016-07-27,True,4,0.09000000000014552,2016-07-27T02:00:00Z
5,2026-07-29,2016-07-27,True,5,0.13999999999987267,2016-07-27T03:00:00Z
5,2026-07-29,2016-07-27,True,6,0.5699999999999363,2016-07-27T04:00:00Z
5,2026-07-29,2016-07-27,True,7,0.22000000000002728,2016-07-27T05:00:00Z
5,2026-07-29,2016-07-27,True,8,0.3200000000001637,2016-07-27T06:00:00Z
5,2026-07-29,2016-07-27,True,9,0.13199999999983447,2016-07-27T07:00:00Z
5,2026-07-29,2016-07-27,True,10,0.4600000000000364,2016-07-27T08:00:00Z
5,2026-07-29,2016-07-27,True,11,0.4049999999999727,2016-07-27T09:00:00Z
5,2026-07-29,2016-07-27,True,12,0.17300000000000182,2016-07-27T10:00:00Z
5,2026-07-29,2016-07-27,True,13,0.15000000000009095,2016-07-27T11:00:00Z
5,2026-07-29,2016-07-27,True,14,0.21000000000003638,2016-07-27T12:00:00Z
5,2026-07-29,2016-07-27,True,15,0.17699999999990723,2016-07-27T13:00:00Z
5,2026-07-29,2016-07-27,True,16,0.10300000000006548,2016-07-27T14:00:00Z
5,2026-07-29,2016-07-27,True,17,0.13999999999987267,2016-07-27T15:00:00Z
5,2026-07-29,2016-07-27,True,18,0.21000000000003638,2016-07-27T16:00:00Z
5,2026-07-29,2016-07-27,True,19,0.20000000000004547,2016-07-27T17:00:00Z
5,2026-07-29,2016-07-27,True,20,0.22000000000002728,2016-07-27T18:00:00Z
5,2026-07-29,2016-07-27,True,21,0.19000000000005457,2016-07-27T19:00:00Z
5,2026-07-29,2016-07-27,True,22,0.19000000000005457,2016-07-27T20:00:00Z
5,2026-07-29,2016-07-27,True,23,0.11999999999989086,2016-07-27T21:00:00Z
5,2026-07-30,2016-07-28,True,0,0.1570000000001528,2016-07-27T22:00:00Z
5,2026-07-30,2016-07-28,True,1,0.15299999999979264,2016-07-27T23:00:00Z
5,2026-07-30,2016-07-28,True,2,0.11000000000012733,2016-07-28T00:00:00Z
5,2026-07-30,2016-07-28,True,3,0.11999999999989086,2016-07-28T01:00:00Z
5,2026-07-30,2016-07-28,True,4,0.11999999999989086,2016-07-28T02:00:00Z
5,2026-07-30,2016-07-28,True,5,0.13000000000010914,2016-07-28T03:00:00Z
5,2026-07-30,2016-07-28,True,6,0.11999999999989086,2016-07-28T04:00:00Z
5,2026-07-30,2016-07-28,True,7,0.2699999999999818,2016-07-28T05:00:00Z
5,2026-07-30,2016-07-28,True,8,0.09000000000014552,2016-07-28T06:00:00Z
5,2026-07-30,2016-07-28,True,9,0.1999999999998181,2016-07-28T07:00:00Z
5,2026-07-30,2016-07-28,True,10,0.09000000000014552,2016-07-28T08:00:00Z
5,2026-07-30,2016-07-28,True,11,0.13999999999987267,2016-07-28T09:00:00Z
5,2026-07-30,2016-07-28,True,12,0.09700000000020736,2016-07-28T10:00:00Z
5,2026-07-30,2016-07-28,True,13,0.11299999999982901,2016-07-28T11:00:00Z
5,2026-07-30,2016-07-28,True,14,0.09000000000014552,2016-07-28T12:00:00Z
5,2026-07-30,2016-07-28,True,15,0.1799999999998363,2016-07-28T13:00:00Z
5,2026-07-30,2016-07-28,True,16,0.14699999999993452,2016-07-28T14:00:00Z
5,2026-07-30,2016-07-28,True,17,0.15300000000024738,2016-07-28T15:00:00Z
5,2026-07-30,2016-07-28,True,18,0.16699999999991633,2016-07-28T16:00:00Z
5,2026-07-30,2016-07-28,True,19,0.0929999999998472,2016-07-28T17:00:00Z
5,2026-07-30,2016-07-28,True,20,0.16000000000030923,2016-07-28T18:00:00Z
5,2026-07-30,2016-07-28,True,21,0.21000000000003638,2016-07-28T19:00:00Z
5,2026-07-30,2016-07-28,True,22,0.25,2016-07-28T20:00:00Z
5,2026-07-30,2016-07-28,True,23,0.1999999999998181,2016-07-28T21:00:00Z
5,2026-07-31,2016-07-29,True,0,0.15000000000009095,2016-07-28T22:00:00Z
5,2026-07-31,2016-07-29,True,1,0.15000000000009095,2016-07-28T23:00:00Z
5,2026-07-31,2016-07-29,True,2,0.08999999999969077,2016-07-29T00:00:00Z
5,2026-07-31,2016-07-29,True,3,0.1570000000001528,2016-07-29T01:00:00Z
5,2026-07-31,2016-07-29,True,4,0.08300000000008367,2016-07-29T02:00:00Z
5,2026-07-31,2016-07-29,True,5,0.14699999999993452,2016-07-29T03:00:00Z
5,2026-07-31,2016-07-29,True,6,0.10300000000006548,2016-07-29T04:00:00Z
5,2026-07-31,2016-07-29,True,7,0.2849999999998545,2016-07-29T05:00:00Z
5,2026-07-31,2016-07-29,True,8,0.5650000000000546,2016-07-29T06:00:00Z
5,2026-07-31,2016-07-29,True,9,0.2899999999999636,2016-07-29T07:00:00Z
5,2026-07-31,2016-07-29,True,10,0.22000000000025466,2016-07-29T08:00:00Z
5,2026-07-31,2016-07-29,True,11,0.22999999999956344,2016-07-29T09:00:00Z
5,2026-07-31,2016-07-29,True,12,0.580000000000382,2016-07-29T10:00:00Z
5,2026-07-31,2016-07-29,True,13,0.25,2016-07-29T11:00:00Z
5,2026-07-31,2016-07-29,True,14,0.13699999999971624,2016-07-29T12:00:00Z
5,2026-07-31,2016-07-29,True,15,0.15300000000024738,2016-07-29T13:00:00Z
5,2026-07-31,2016-07-29,True,16,0.5,2016-07-29T14:00:00Z
5,2026-07-31,2016-07-29,True,17,0.2319999999999709,2016-07-29T15:00:00Z
5,2026-07-31,2016-07-29,True,18,0.25999999999976353,2016-07-29T16:00:00Z
5,2026-07-31,2016-07-29,True,19,0.27700000000004366,2016-07-29T17:00:00Z
5,2026-07-31,2016-07-29,True,20,0.3710000000000946,2016-07-29T18:00:00Z
5,2026-07-31,2016-07-29,True,21,0.3550000000000182,2016-07-29T19:00:00Z
5,2026-07-31,2016-07-29,True,22,0.38999999999987267,2016-07-29T20:00:00Z
5,2026-07-31,2016-07-29,True,23,0.6100000000001273,2016-07-29T21:00:00Z
5,2026-09-01,2018-09-04,True,0,0.1389999999992142,2018-09-03T22:00:00Z
5,2026-09-01,2018-09-04,True,1,0.07000000000061846,2018-09-03T23:00:00Z
5,2026-09-01,2018-09-04,True,2,0.13499999999930878,2018-09-04T00:00:00Z
5,2026-09-01,2018-09-04,True,3,0.10500000000047294,2018-09-04T01:00:00Z
5,2026-09-01,2018-09-04,True,4,0.1000000000003638,2018-09-04T02:00:00Z
5,2026-09-01,2018-09-04,True,5,0.07999999999992724,2018-09-04T03:00:00Z
5,2026-09-01,2018-09-04,True,6,0.17000000000007276,2018-09-04T04:00:00Z
5,2026-09-01,2018-09-04,True,7,0.16999999999916326,2018-09-04T05:00:00Z
5,2026-09-01,2018-09-04,True,8,0.1000000000003638,2018-09-04T06:00:00Z
5,2026-09-01,2018-09-04,True,9,0.1750000000001819,2018-09-04T07:00:00Z
5,2026-09-01,2018-09-04,True,10,0.15499999999974534,2018-09-04T08:00:00Z
5,2026-09-01,2018-09-04,True,11,0.1500000000005457,2018-09-04T09:00:00Z
5,2026-09-01,2018-09-04,True,12,0.5399999999999636,2018-09-04T10:00:00Z
5,2026-09-01,2018-09-04,True,13,0.29500000000007276,2018-09-04T11:00:00Z
5,2026-09-01,2018-09-04,True,14,1.0249999999996362,2018-09-04T12:00:00Z
5,2026-09-01,2018-09-04,True,15,0.5150000000003274,2018-09-04T13:00:00Z
5,2026-09-01,2018-09-04,True,16,0.25499999999919964,2018-09-04T14:00:00Z
5,2026-09-01,2018-09-04,True,17,0.0750000000007276,2018-09-04T15:00:00Z
5,2026-09-01,2018-09-04,True,18,0.18499999999949068,2018-09-04T16:00:00Z
5,2026-09-01,2018-09-04,True,19,0.21000000000003638,2018-09-04T17:00:00Z
5,2026-09-01,2018-09-04,True,20,0.13000000000010914,2018-09-04T18:00:00Z
5,2026-09-01,2018-09-04,True,21,0.2899999999999636,2018-09-04T19:00:00Z
5,2026-09-01,2018-09-04,True,22,0.18500000000040018,2018-09-04T20:00:00Z
5,2026-09-01,2018-09-04,True,23,0.09499999999934516,2018-09-04T21:00:00Z
5,2026-09-02,2018-09-05,True,0,0.15100000000074942,2018-09-04T22:00:00Z
5,2026-09-02,2018-09-05,True,1,0.07999999999992724,2018-09-04T23:00:00Z
5,2026-09-02,2018-09-05,True,2,0.08899999999994179,2018-09-05T00:00:00Z
5,2026-09-02,2018-09-05,True,3,0.0999999999994543,2018-09-05T01:00:00Z
5,2026-09-02,2018-09-05,True,4,0.11000000000058208,2018-09-05T02:00:00Z
5,2026-09-02,2018-09-05,True,5,0.06999999999970896,2018-09-05T03:00:00Z
5,2026-09-02,2018-09-05,True,6,0.13100000000031287,2018-09-05T04:00:00Z
5,2026-09-02,2018-09-05,True,7,0.5489999999999782,2018-09-05T05:00:00Z
5,2026-09-02,2018-09-05,True,8,0.13999999999941792,2018-09-05T06:00:00Z
5,2026-09-02,2018-09-05,True,9,0.21000000000003638,2018-09-05T07:00:00Z
5,2026-09-02,2018-09-05,True,10,0.15999999999985448,2018-09-05T08:00:00Z
5,2026-09-02,2018-09-05,True,11,0.13000000000010914,2018-09-05T09:00:00Z
5,2026-09-02,2018-09-05,True,12,0.21000000000003638,2018-09-05T10:00:00Z
5,2026-09-02,2018-09-05,True,13,0.2600000000002183,2018-09-05T11:00:00Z
5,2026-09-02,2018-09-05,True,14,0.1000000000003638,2018-09-05T12:00:00Z
5,2026-09-02,2018-09-05,True,15,0.20100000000002183,2018-09-05T13:00:00Z
5,2026-09-02,2018-09-05,True,16,0.16899999999986903,2018-09-05T14:00:00Z
5,2026-09-02,2018-09-05,True,17,0.05999999999949068,2018-09-05T15:00:00Z
5,2026-09-02,2018-09-05,True,18,0.11000000000058208,2018-09-05T16:00:00Z
5,2026-09-02,2018-09-05,True,19,0.10999999999967258,2018-09-05T17:00:00Z
5,2026-09-02,2018-09-05,True,20,0.2650000000003274,2018-09-05T18:00:00Z
5,2026-09-02,2018-09-05,True,21,0.5299999999997453,2018-09-05T19:00:00Z
5,2026-09-02,2018-09-05,True,22,0.24499999999989086,2018-09-05T20:00:00Z
5,2026-09-02,2018-09-05,True,23,0.625,2018-09-05T21:00:00Z
5,2026-09-03,2016-09-01,True,0,0.1269999999999527,2016-08-31T22:00:00Z
5,2026-09-03,2016-09-01,True,1,0.09000000000014552,2016-08-31T23:00:00Z
5,2026-09-03,2016-09-01,True,2,0.13299999999981083,2016-09-01T00:00:00Z
5,2026-09-03,2016-09-01,True,3,0.08699999999998909,2016-09-01T01:00:00Z
5,2026-09-03,2016-09-01,True,4,0.13000000000010914,2016-09-01T02:00:00Z
5,2026-09-03,2016-09-01,True,5,0.09000000000014552,2016-09-01T03:00:00Z
5,2026-09-03,2016-09-01,True,6,0.15999999999985448,2016-09-01T04:00:00Z
5,2026-09-03,2016-09-01,True,7,0.1550000000002001,2016-09-01T05:00:00Z
5,2026-09-03,2016-09-01,True,8,0.125,2016-09-01T06:00:00Z
5,2026-09-03,2016-09-01,True,9,0.08999999999969077,2016-09-01T07:00:00Z
5,2026-09-03,2016-09-01,True,10,0.12000000000034561,2016-09-01T08:00:00Z
5,2026-09-03,2016-09-01,True,11,0.0929999999998472,2016-09-01T09:00:00Z
5,2026-09-03,2016-09-01,True,12,0.11700000000018917,2016-09-01T10:00:00Z
5,2026-09-03,2016-09-01,True,13,0.1299999999996544,2016-09-01T11:00:00Z
5,2026-09-03,2016-09-01,True,14,0.13000000000010914,2016-09-01T12:00:00Z
5,2026-09-03,2016-09-01,True,15,0.10300000000006548,2016-09-01T13:00:00Z
5,2026-09-03,2016-09-01,True,16,0.11999999999989086,2016-09-01T14:00:00Z
5,2026-09-03,2016-09-01,True,17,0.1570000000001528,2016-09-01T15:00:00Z
5,2026-09-03,2016-09-01,True,18,0.09000000000014552,2016-09-01T16:00:00Z
5,2026-09-03,2016-09-01,True,19,0.3979999999996835,2016-09-01T17:00:00Z
5,2026-09-03,2016-09-01,True,20,0.30500000000029104,2016-09-01T18:00:00Z
5,2026-09-03,2016-09-01,True,21,0.5369999999998072,2016-09-01T19:00:00Z
5,2026-09-03,2016-09-01,True,22,0.3000000000001819,2016-09-01T20:00:00Z
5,2026-09-03,2016-09-01,True,23,0.10199999999986176,2016-09-01T21:00:00Z
5,2026-09-04,2016-09-02,True,0,0.15099999999983993,2016-09-01T22:00:00Z
5,2026-09-04,2016-09-02,True,1,0.08699999999998909,2016-09-01T23:00:00Z
5,2026-09-04,2016-09-02,True,2,0.14000000000032742,2016-09-02T00:00:00Z
5,2026-09-04,2016-09-02,True,3,0.09199999999964348,2016-09-02T01:00:00Z
5,2026-09-04,2016-09-02,True,4,0.12800000000015643,2016-09-02T02:00:00Z
5,2026-09-04,2016-09-02,True,5,0.0929999999998472,2016-09-02T03:00:00Z
5,2026-09-04,2016-09-02,True,6,0.13700000000017099,2016-09-02T04:00:00Z
5,2026-09-04,2016-09-02,True,7,0.1230000000000473,2016-09-02T05:00:00Z
5,2026-09-04,2016-09-02,True,8,0.14699999999993452,2016-09-02T06:00:00Z
5,2026-09-04,2016-09-02,True,9,0.26299999999991996,2016-09-02T07:00:00Z
5,2026-09-04,2016-09-02,True,10,0.1069999999999709,2016-09-02T08:00:00Z
5,2026-09-04,2016-09-02,True,11,0.12800000000015643,2016-09-02T09:00:00Z
5,2026-09-04,2016-09-02,True,12,0.36999999999989086,2016-09-02T10:00:00Z
5,2026-09-04,2016-09-02,True,13,0.8250000000002728,2016-09-02T11:00:00Z
5,2026-09-04,2016-09-02,True,14,0.13999999999987267,2016-09-02T12:00:00Z
5,2026-09-04,2016-09-02,True,15,0.1590000000001055,2016-09-02T13:00:00Z
5,2026-09-04,2016-09-02,True,16,0.13799999999991996,2016-09-02T14:00:00Z
5,2026-09-04,2016-09-02,True,17,0.15299999999979264,2016-09-02T15:00:00Z
5,2026-09-04,2016-09-02,True,18,0.17000000000007276,2016-09-02T16:00:00Z
5,2026-09-04,2016-09-02,True,19,0.11700000000018917,2016-09-02T17:00:00Z
5,2026-09-04,2016-09-02,True,20,0.10300000000006548,2016-09-02T18:00:00Z
5,2026-09-04,2016-09-02,True,21,0.18999999999959982,2016-09-02T19:00:00Z
5,2026-09-04,2016-09-02,True,22,0.11700000000018917,2016-09-02T20:00:00Z
5,2026-09-04,2016-09-02,True,23,0.1430000000000291,2016-09-02T21:00:00Z
5,2026-09-05,2016-09-03,True,0,0.09700000000020736,2016-09-02T22:00:00Z
5,2026-09-05,2016-09-03,True,1,0.09799999999995634,2016-09-02T23:00:00Z
5,2026-09-05,2016-09-03,True,2,0.13499999999976353,2016-09-03T00:00:00Z
5,2026-09-05,2016-09-03,True,3,0.07500000000027285,2016-09-03T01:00:00Z
5,2026-09-05,2016-09-03,True,4,0.11999999999989086,2016-09-03T02:00:00Z
5,2026-09-05,2016-09-03,True,5,0.10199999999986176,2016-09-03T03:00:00Z
5,2026-09-05,2016-09-03,True,6,0.09999999999990905,2016-09-03T04:00:00Z
5,2026-09-05,2016-09-03,True,7,0.17800000000033833,2016-09-03T05:00:00Z
5,2026-09-05,2016-09-03,True,8,0.1319999999996071,2016-09-03T06:00:00Z
5,2026-09-05,2016-09-03,True,9,0.07000000000016371,2016-09-03T07:00:00Z
5,2026-09-05,2016-09-03,True,10,0.15999999999985448,2016-09-03T08:00:00Z
5,2026-09-05,2016-09-03,True,11,0.07200000000011642,2016-09-03T09:00:00Z
5,2026-09-05,2016-09-03,True,12,0.23300000000017462,2016-09-03T10:00:00Z
5,2026-09-05,2016-09-03,True,13,0.5049999999996544,2016-09-03T11:00:00Z
5,2026-09-05,2016-09-03,True,14,1.05600000000004,2016-09-03T12:00:00Z
5,2026-09-05,2016-09-03,True,15,0.7090000000002874,2016-09-03T13:00:00Z
5,2026-09-05,2016-09-03,True,16,0.13499999999976353,2016-09-03T14:00:00Z
5,2026-09-05,2016-09-03,True,17,0.09300000000030195,2016-09-03T15:00:00Z
5,2026-09-05,2016-09-03,True,18,0.1069999999999709,2016-09-03T16:00:00Z
5,2026-09-05,2016-09-03,True,19,0.10999999999967258,2016-09-03T17:00:00Z
5,2026-09-05,2016-09-03,True,20,0.16200000000026193,2016-09-03T18:00:00Z
5,2026-09-05,2016-09-03,True,21,0.17099999999982174,2016-09-03T19:00:00Z
5,2026-09-05,2016-09-03,True,22,0.09999999999990905,2016-09-03T20:00:00Z
5,2026-09-05,2016-09-03,True,23,0.24000000000023647,2016-09-03T21:00:00Z
5,2026-09-06,2016-09-04,True,0,0.08699999999998909,2016-09-03T22:00:00Z
5,2026-09-06,2016-09-04,True,1,0.11999999999989086,2016-09-03T23:00:00Z
5,2026-09-06,2016-09-04,True,2,0.0729999999998654,2016-09-04T00:00:00Z
5,2026-09-06,2016-09-04,True,3,0.10700000000042564,2016-09-04T01:00:00Z
5,2026-09-06,2016-09-04,True,4,0.0729999999998654,2016-09-04T02:00:00Z
5,2026-09-06,2016-09-04,True,5,0.1069999999999709,2016-09-04T03:00:00Z
5,2026-09-06,2016-09-04,True,6,0.06300000000010186,2016-09-04T04:00:00Z
5,2026-09-06,2016-09-04,True,7,0.5619999999998981,2016-09-04T05:00:00Z
5,2026-09-06,2016-09-04,True,8,0.2179999999998472,2016-09-04T06:00:00Z
5,2026-09-06,2016-09-04,True,9,0.18499999999994543,2016-09-04T07:00:00Z
5,2026-09-06,2016-09-04,True,10,1.124000000000251,2016-09-04T08:00:00Z
5,2026-09-06,2016-09-04,True,11,0.2709999999997308,2016-09-04T09:00:00Z
5,2026-09-06,2016-09-04,True,12,0.21900000000005093,2016-09-04T10:00:00Z
5,2026-09-06,2016-09-04,True,13,0.15000000000009095,2016-09-04T11:00:00Z
5,2026-09-06,2016-09-04,True,14,0.12600000000020373,2016-09-04T12:00:00Z
5,2026-09-06,2016-09-04,True,15,0.06399999999985084,2016-09-04T13:00:00Z
5,2026-09-06,2016-09-04,True,16,0.10599999999976717,2016-09-04T14:00:00Z
5,2026-09-06,2016-09-04,True,17,0.0820000000003347,2016-09-04T15:00:00Z
5,2026-09-06,2016-09-04,True,18,0.10300000000006548,2016-09-04T16:00:00Z
5,2026-09-06,2016-09-04,True,19,0.07699999999977081,2016-09-04T17:00:00Z
5,2026-09-06,2016-09-04,True,20,0.1430000000000291,2016-09-04T18:00:00Z
5,2026-09-06,2016-09-04,True,21,0.13700000000017099,2016-09-04T19:00:00Z
5,2026-09-06,2016-09-04,True,22,0.1430000000000291,2016-09-04T20:00:00Z
5,2026-09-06,2016-09-04,True,23,0.09999999999990905,2016-09-04T21:00:00Z
5,2026-09-07,2016-09-05,True,0,0.06999999999970896,2016-09-04T22:00:00Z
5,2026-09-07,2016-09-05,True,1,0.11700000000018917,2016-09-04T23:00:00Z
5,2026-09-07,2016-09-05,True,2,0.068000000000211,2016-09-05T00:00:00Z
5,2026-09-07,2016-09-05,True,3,0.11199999999962529,2016-09-05T01:00:00Z
5,2026-09-07,2016-09-05,True,4,0.062000000000352884,2016-09-05T02:00:00Z
5,2026-09-07,2016-09-05,True,5,0.11799999999993815,2016-09-05T03:00:00Z
5,2026-09-07,2016-09-05,True,6,0.08300000000008367,2016-09-05T04:00:00Z
5,2026-09-07,2016-09-05,True,7,0.1799999999998363,2016-09-05T05:00:00Z
5,2026-09-07,2016-09-05,True,8,0.19700000000011642,2016-09-05T06:00:00Z
5,2026-09-07,2016-09-05,True,9,0.08799999999973807,2016-09-05T07:00:00Z
5,2026-09-07,2016-09-05,True,10,0.09200000000009823,2016-09-05T08:00:00Z
5,2026-09-07,2016-09-05,True,11,0.05999999999994543,2016-09-05T09:00:00Z
5,2026-09-07,2016-09-05,True,12,0.1230000000000473,2016-09-05T10:00:00Z
5,2026-09-07,2016-09-05,True,13,0.07700000000022555,2016-09-05T11:00:00Z
5,2026-09-07,2016-09-05,True,14,0.1299999999996544,2016-09-05T12:00:00Z
5,2026-09-07,2016-09-05,True,15,0.07000000000016371,2016-09-05T13:00:00Z
5,2026-09-07,2016-09-05,True,16,0.10300000000006548,2016-09-05T14:00:00Z
5,2026-09-07,2016-09-05,True,17,0.07699999999977081,2016-09-05T15:00:00Z
5,2026-09-07,2016-09-05,True,18,0.09300000000030195,2016-09-05T16:00:00Z
5,2026-09-07,2016-09-05,True,19,0.12199999999984357,2016-09-05T17:00:00Z
5,2026-09-07,2016-09-05,True,20,0.18800000000010186,2016-09-05T18:00:00Z
5,2026-09-07,2016-09-05,True,21,0.1299999999996544,2016-09-05T19:00:00Z
5,2026-09-07,2016-09-05,True,22,0.12700000000040745,2016-09-05T20:00:00Z
5,2026-09-07,2016-09-05,True,23,0.08299999999962893,2016-09-05T21:00:00Z
5,2026-09-08,2016-09-06,True,0,0.09000000000014552,2016-09-05T22:00:00Z
5,2026-09-08,2016-09-06,True,1,0.08699999999998909,2016-09-05T23:00:00Z
5,2026-09-08,2016-09-06,True,2,0.0929999999998472,2016-09-06T00:00:00Z
5,2026-09-08,2016-09-06,True,3,0.07700000000022555,2016-09-06T01:00:00Z
5,2026-09-08,2016-09-06,True,4,0.0929999999998472,2016-09-06T02:00:00Z
5,2026-09-08,2016-09-06,True,5,0.07700000000022555,2016-09-06T03:00:00Z
5,2026-09-08,2016-09-06,True,6,0.11299999999982901,2016-09-06T04:00:00Z
5,2026-09-08,2016-09-06,True,7,0.15999999999985448,2016-09-06T05:00:00Z
5,2026-09-08,2016-09-06,True,8,0.41500000000041837,2016-09-06T06:00:00Z
5,2026-09-08,2016-09-06,True,9,0.10500000000001819,2016-09-06T07:00:00Z
5,2026-09-08,2016-09-06,True,10,0.5969999999997526,2016-09-06T08:00:00Z
5,2026-09-08,2016-09-06,True,11,0.03999999999996362,2016-09-06T09:00:00Z
5,2026-09-08,2016-09-06,True,12,0.7550000000001091,2016-09-06T10:00:00Z
5,2026-09-08,2016-09-06,True,13,0.38499999999976353,2016-09-06T11:00:00Z
5,2026-09-08,2016-09-06,True,14,0.08300000000008367,2016-09-06T12:00:00Z
5,2026-09-08,2016-09-06,True,15,0.11700000000018917,2016-09-06T13:00:00Z
5,2026-09-08,2016-09-06,True,16,0.04999999999972715,2016-09-06T14:00:00Z
5,2026-09-08,2016-09-06,True,17,0.13000000000010914,2016-09-06T15:00:00Z
5,2026-09-08,2016-09-06,True,18,0.0500000000001819,2016-09-06T16:00:00Z
5,2026-09-08,2016-09-06,True,19,0.1479999999996835,2016-09-06T17:00:00Z
5,2026-09-08,2016-09-06,True,20,0.10500000000001819,2016-09-06T18:00:00Z
5,2026-09-08,2016-09-06,True,21,0.1770000000001346,2016-09-06T19:00:00Z
5,2026-09-08,2016-09-06,True,22,0.10800000000017462,2016-09-06T20:00:00Z
5,2026-09-08,2016-09-06,True,23,0.18499999999994543,2016-09-06T21:00:00Z
5,2026-09-09,2016-09-07,True,0,0.05999999999994543,2016-09-06T22:00:00Z
5,2026-09-09,2016-09-07,True,1,0.11999999999989086,2016-09-06T23:00:00Z
5,2026-09-09,2016-09-07,True,2,0.0500000000001819,2016-09-07T00:00:00Z
5,2026-09-09,2016-09-07,True,3,0.1269999999999527,2016-09-07T01:00:00Z
5,2026-09-09,2016-09-07,True,4,0.0500000000001819,2016-09-07T02:00:00Z
5,2026-09-09,2016-09-07,True,5,0.10299999999961074,2016-09-07T03:00:00Z
5,2026-09-09,2016-09-07,True,6,0.1449999999999818,2016-09-07T04:00:00Z
5,2026-09-09,2016-09-07,True,7,0.3000000000001819,2016-09-07T05:00:00Z
5,2026-09-09,2016-09-07,True,8,0.6440000000002328,2016-09-07T06:00:00Z
5,2026-09-09,2016-09-07,True,9,0.13799999999991996,2016-09-07T07:00:00Z
5,2026-09-09,2016-09-07,True,10,0.1679999999996653,2016-09-07T08:00:00Z
5,2026-09-09,2016-09-07,True,11,0.06500000000005457,2016-09-07T09:00:00Z
5,2026-09-09,2016-09-07,True,12,0.08699999999998909,2016-09-07T10:00:00Z
5,2026-09-09,2016-09-07,True,13,0.13000000000010914,2016-09-07T11:00:00Z
5,2026-09-09,2016-09-07,True,14,0.07000000000016371,2016-09-07T12:00:00Z
5,2026-09-09,2016-09-07,True,15,0.10199999999986176,2016-09-07T13:00:00Z
5,2026-09-09,2016-09-07,True,16,0.08800000000019281,2016-09-07T14:00:00Z
5,2026-09-09,2016-09-07,True,17,0.0929999999998472,2016-09-07T15:00:00Z
5,2026-09-09,2016-09-07,True,18,0.1069999999999709,2016-09-07T16:00:00Z
5,2026-09-09,2016-09-07,True,19,0.09200000000009823,2016-09-07T17:00:00Z
5,2026-09-09,2016-09-07,True,20,0.16800000000012005,2016-09-07T18:00:00Z
5,2026-09-09,2016-09-07,True,21,0.10799999999971988,2016-09-07T19:00:00Z
5,2026-09-09,2016-09-07,True,22,0.1449999999999818,2016-09-07T20:00:00Z
5,2026-09-09,2016-09-07,True,23,0.057000000000243745,2016-09-07T21:00:00Z
5,2026-09-10,2016-09-08,True,0,0.11999999999989086,2016-09-07T22:00:00Z
5,2026-09-10,2016-09-08,True,1,0.07000000000016371,2016-09-07T23:00:00Z
5,2026-09-10,2016-09-08,True,2,0.08299999999962893,2016-09-08T00:00:00Z
5,2026-09-10,2016-09-08,True,3,0.1069999999999709,2016-09-08T01:00:00Z
5,2026-09-10,2016-09-08,True,4,0.07000000000016371,2016-09-08T02:00:00Z
5,2026-09-10,2016-09-08,True,5,0.07000000000016371,2016-09-08T03:00:00Z
5,2026-09-10,2016-09-08,True,6,0.1619999999998072,2016-09-08T04:00:00Z
5,2026-09-10,2016-09-08,True,7,0.13799999999991996,2016-09-08T05:00:00Z
5,2026-09-10,2016-09-08,True,8,0.11000000000012733,2016-09-08T06:00:00Z
5,2026-09-10,2016-09-08,True,9,0.07999999999992724,2016-09-08T07:00:00Z
5,2026-09-10,2016-09-08,True,10,0.07799999999997453,2016-09-08T08:00:00Z
5,2026-09-10,2016-09-08,True,11,0.0840000000002874,2016-09-08T09:00:00Z
5,2026-09-10,2016-09-08,True,12,0.09799999999995634,2016-09-08T10:00:00Z
5,2026-09-10,2016-09-08,True,13,0.0729999999998654,2016-09-08T11:00:00Z
5,2026-09-10,2016-09-08,True,14,0.15000000000009095,2016-09-08T12:00:00Z
5,2026-09-10,2016-09-08,True,15,0.056999999999789,2016-09-08T13:00:00Z
5,2026-09-10,2016-09-08,True,16,0.13300000000026557,2016-09-08T14:00:00Z
5,2026-09-10,2016-09-08,True,17,0.14699999999993452,2016-09-08T15:00:00Z
5,2026-09-10,2016-09-08,True,18,0.13799999999991996,2016-09-08T16:00:00Z
5,2026-09-10,2016-09-08,True,19,0.07200000000011642,2016-09-08T17:00:00Z
5,2026-09-10,2016-09-08,True,20,0.2019999999997708,2016-09-08T18:00:00Z
5,2026-09-10,2016-09-08,True,21,0.3020000000001346,2016-09-08T19:00:00Z
5,2026-09-10,2016-09-08,True,22,0.3910000000000764,2016-09-08T20:00:00Z
5,2026-09-10,2016-09-08,True,23,0.44000000000005457,2016-09-08T21:00:00Z
5,2026-09-11,2016-09-09,True,0,0.42899999999963256,2016-09-08T22:00:00Z
5,2026-09-11,2016-09-09,True,1,0.624000000000251,2016-09-08T23:00:00Z
5,2026-09-11,2016-09-09,True,2,0.36599999999998545,2016-09-09T00:00:00Z
5,2026-09-11,2016-09-09,True,3,0.15799999999990177,2016-09-09T01:00:00Z
5,2026-09-11,2016-09-09,True,4,0.0909999999998945,2016-09-09T02:00:00Z
5,2026-09-11,2016-09-09,True,5,0.09700000000020736,2016-09-09T03:00:00Z
5,2026-09-11,2016-09-09,True,6,0.14800000000013824,2016-09-09T04:00:00Z
5,2026-09-11,2016-09-09,True,7,0.46499999999969077,2016-09-09T05:00:00Z
5,2026-09-11,2016-09-09,True,8,0.2270000000003165,2016-09-09T06:00:00Z
5,2026-09-11,2016-09-09,True,9,0.6549999999997453,2016-09-09T07:00:00Z
5,2026-09-11,2016-09-09,True,10,0.3380000000001928,2016-09-09T08:00:00Z
5,2026-09-11,2016-09-09,True,11,0.21900000000005093,2016-09-09T09:00:00Z
5,2026-09-11,2016-09-09,True,12,0.33599999999978536,2016-09-09T10:00:00Z
5,2026-09-11,2016-09-09,True,13,0.17399999999997817,2016-09-09T11:00:00Z
5,2026-09-11,2016-09-09,True,14,0.15100000000029468,2016-09-09T12:00:00Z
5,2026-09-11,2016-09-09,True,15,0.1499999999996362,2016-09-09T13:00:00Z
5,2026-09-11,2016-09-09,True,16,0.5190000000002328,2016-09-09T14:00:00Z
5,2026-09-11,2016-09-09,True,17,0.13599999999996726,2016-09-09T15:00:00Z
5,2026-09-11,2016-09-09,True,18,0.16499999999996362,2016-09-09T16:00:00Z
5,2026-09-11,2016-09-09,True,19,0.3550000000000182,2016-09-09T17:00:00Z
5,2026-09-11,2016-09-09,True,20,0.5900000000001455,2016-09-09T18:00:00Z
5,2026-09-11,2016-09-09,True,21,0.40499999999974534,2016-09-09T19:00:00Z
5,2026-09-11,2016-09-09,True,22,0.20000000000027285,2016-09-09T20:00:00Z
5,2026-09-11,2016-09-09,True,23,0.40499999999974534,2016-09-09T21:00:00Z
5,2026-09-12,2016-09-10,True,0,0.4450000000001637,2016-09-09T22:00:00Z
5,2026-09-12,2016-09-10,True,1,0.06700000000000728,2016-09-09T23:00:00Z
5,2026-09-12,2016-09-10,True,2,0.13299999999981083,2016-09-10T00:00:00Z
5,2026-09-12,2016-09-10,True,3,0.07999999999992724,2016-09-10T01:00:00Z
5,2026-09-12,2016-09-10,True,4,0.1000000000003638,2016-09-10T02:00:00Z
5,2026-09-12,2016-09-10,True,5,0.1069999999999709,2016-09-10T03:00:00Z
5,2026-09-12,2016-09-10,True,6,0.12199999999984357,2016-09-10T04:00:00Z
5,2026-09-12,2016-09-10,True,7,0.2300000000000182,2016-09-10T05:00:00Z
5,2026-09-12,2016-09-10,True,8,0.1610000000000582,2016-09-10T06:00:00Z
5,2026-09-12,2016-09-10,True,9,0.45499999999992724,2016-09-10T07:00:00Z
5,2026-09-12,2016-09-10,True,10,0.33199999999987995,2016-09-10T08:00:00Z
5,2026-09-12,2016-09-10,True,11,0.3850000000002183,2016-09-10T09:00:00Z
5,2026-09-12,2016-09-10,True,12,0.27799999999979264,2016-09-10T10:00:00Z
5,2026-09-12,2016-09-10,True,13,0.13000000000010914,2016-09-10T11:00:00Z
5,2026-09-12,2016-09-10,True,14,0.09000000000014552,2016-09-10T12:00:00Z
5,2026-09-12,2016-09-10,True,15,0.15499999999974534,2016-09-10T13:00:00Z
5,2026-09-12,2016-09-10,True,16,0.10400000000026921,2016-09-10T14:00:00Z
5,2026-09-12,2016-09-10,True,17,0.14099999999962165,2016-09-10T15:00:00Z
5,2026-09-12,2016-09-10,True,18,0.16000000000030923,2016-09-10T16:00:00Z
5,2026-09-12,2016-09-10,True,19,0.2919999999999163,2016-09-10T17:00:00Z
5,2026-09-12,2016-09-10,True,20,0.41899999999986903,2016-09-10T18:00:00Z
5,2026-09-12,2016-09-10,True,21,0.43400000000019645,2016-09-10T19:00:00Z
5,2026-09-12,2016-09-10,True,22,0.5,2016-09-10T20:00:00Z
5,2026-09-12,2016-09-10,True,23,0.4299999999998363,2016-09-10T21:00:00Z
5,2026-09-13,2016-09-11,True,0,0.6199999999998909,2016-09-10T22:00:00Z
5,2026-09-13,2016-09-11,True,1,0.6000000000003638,2016-09-10T23:00:00Z
5,2026-09-13,2016-09-11,True,2,0.43499999999994543,2016-09-11T00:00:00Z
5,2026-09-13,2016-09-11,True,3,0.08899999999994179,2016-09-11T01:00:00Z
5,2026-09-13,2016-09-11,True,4,0.13099999999985812,2016-09-11T02:00:00Z
5,2026-09-13,2016-09-11,True,5,0.057000000000243745,2016-09-11T03:00:00Z
5,2026-09-13,2016-09-11,True,6,0.12799999999970169,2016-09-11T04:00:00Z
5,2026-09-13,2016-09-11,True,7,0.06400000000030559,2016-09-11T05:00:00Z
5,2026-09-13,2016-09-11,True,8,0.15599999999994907,2016-09-11T06:00:00Z
5,2026-09-13,2016-09-11,True,9,0.7849999999998545,2016-09-11T07:00:00Z
5,2026-09-13,2016-09-11,True,10,0.13000000000010914,2016-09-11T08:00:00Z
5,2026-09-13,2016-09-11,True,11,0.5,2016-09-11T09:00:00Z
5,2026-09-13,2016-09-11,True,12,0.2199999999997999,2016-09-11T10:00:00Z
5,2026-09-13,2016-09-11,True,13,1.3220000000001164,2016-09-11T11:00:00Z
5,2026-09-13,2016-09-11,True,14,0.8380000000001928,2016-09-11T12:00:00Z
5,2026-09-13,2016-09-11,True,15,0.1499999999996362,2016-09-11T13:00:00Z
5,2026-09-13,2016-09-11,True,16,0.12000000000034561,2016-09-11T14:00:00Z
5,2026-09-13,2016-09-11,True,17,0.09699999999975262,2016-09-11T15:00:00Z
5,2026-09-13,2016-09-11,True,18,0.1230000000000473,2016-09-11T16:00:00Z
5,2026-09-13,2016-09-11,True,19,0.12199999999984357,2016-09-11T17:00:00Z
5,2026-09-13,2016-09-11,True,20,0.3969999999999345,2016-09-11T18:00:00Z
5,2026-09-13,2016-09-11,True,21,0.22600000000011278,2016-09-11T19:00:00Z
5,2026-09-13,2016-09-11,True,22,0.11500000000023647,2016-09-11T20:00:00Z
5,2026-09-13,2016-09-11,True,23,0.15499999999974534,2016-09-11T21:00:00Z
5,2026-09-14,2016-09-12,True,0,0.125,2016-09-11T22:00:00Z
5,2026-09-14,2016-09-12,True,1,0.07500000000027285,2016-09-11T23:00:00Z
5,2026-09-14,2016-09-12,True,2,0.16499999999996362,2016-09-12T00:00:00Z
5,2026-09-14,2016-09-12,True,3,0.05999999999994543,2016-09-12T01:00:00Z
5,2026-09-14,2016-09-12,True,4,0.11699999999973443,2016-09-12T02:00:00Z
5,2026-09-14,2016-09-12,True,5,0.10300000000006548,2016-09-12T03:00:00Z
5,2026-09-14,2016-09-12,True,6,0.1269999999999527,2016-09-12T04:00:00Z
5,2026-09-14,2016-09-12,True,7,0.16000000000030923,2016-09-12T05:00:00Z
5,2026-09-14,2016-09-12,True,8,0.16300000000001091,2016-09-12T06:00:00Z
5,2026-09-14,2016-09-12,True,9,0.056999999999789,2016-09-12T07:00:00Z
5,2026-09-14,2016-09-12,True,10,0.12800000000015643,2016-09-12T08:00:00Z
5,2026-09-14,2016-09-12,True,11,0.07400000000006912,2016-09-12T09:00:00Z
5,2026-09-14,2016-09-12,True,12,0.1410000000000764,2016-09-12T10:00:00Z
5,2026-09-14,2016-09-12,True,13,0.1269999999999527,2016-09-12T11:00:00Z
5,2026-09-14,2016-09-12,True,14,0.07799999999997453,2016-09-12T12:00:00Z
5,2026-09-14,2016-09-12,True,15,0.15200000000004366,2016-09-12T13:00:00Z
5,2026-09-14,2016-09-12,True,16,0.06799999999975626,2016-09-12T14:00:00Z
5,2026-09-14,2016-09-12,True,17,0.1950000000001637,2016-09-12T15:00:00Z
5,2026-09-14,2016-09-12,True,18,0.13099999999985812,2016-09-12T16:00:00Z
5,2026-09-14,2016-09-12,True,19,0.43100000000004,2016-09-12T17:00:00Z
5,2026-09-14,2016-09-12,True,20,0.4149999999999636,2016-09-12T18:00:00Z
5,2026-09-14,2016-09-12,True,21,0.737999999999829,2016-09-12T19:00:00Z
5,2026-09-14,2016-09-12,True,22,0.5520000000001346,2016-09-12T20:00:00Z
5,2026-09-14,2016-09-12,True,23,0.8150000000000546,2016-09-12T21:00:00Z
5,2026-09-15,2016-09-13,True,0,0.31500000000005457,2016-09-12T22:00:00Z
5,2026-09-15,2016-09-13,True,1,0.1230000000000473,2016-09-12T23:00:00Z
5,2026-09-15,2016-09-13,True,2,0.08500000000003638,2016-09-13T00:00:00Z
5,2026-09-15,2016-09-13,True,3,0.09499999999979991,2016-09-13T01:00:00Z
5,2026-09-15,2016-09-13,True,4,0.13700000000017099,2016-09-13T02:00:00Z
5,2026-09-15,2016-09-13,True,5,0.06300000000010186,2016-09-13T03:00:00Z
5,2026-09-15,2016-09-13,True,6,0.1799999999998363,2016-09-13T04:00:00Z
5,2026-09-15,2016-09-13,True,7,0.1269999999999527,2016-09-13T05:00:00Z
5,2026-09-15,2016-09-13,True,8,0.10199999999986176,2016-09-13T06:00:00Z
5,2026-09-15,2016-09-13,True,9,0.17000000000007276,2016-09-13T07:00:00Z
5,2026-09-15,2016-09-13,True,10,0.10800000000017462,2016-09-13T08:00:00Z
5,2026-09-15,2016-09-13,True,11,0.08300000000008367,2016-09-13T09:00:00Z
5,2026-09-15,2016-09-13,True,12,0.22699999999986176,2016-09-13T10:00:00Z
5,2026-09-15,2016-09-13,True,13,0.1230000000000473,2016-09-13T11:00:00Z
5,2026-09-15,2016-09-13,True,14,0.21000000000003638,2016-09-13T12:00:00Z
5,2026-09-15,2016-09-13,True,15,0.07699999999977081,2016-09-13T13:00:00Z
5,2026-09-15,2016-09-13,True,16,0.17000000000007276,2016-09-13T14:00:00Z
5,2026-09-15,2016-09-13,True,17,0.09999999999990905,2016-09-13T15:00:00Z
5,2026-09-15,2016-09-13,True,18,0.1230000000000473,2016-09-13T16:00:00Z
5,2026-09-15,2016-09-13,True,19,0.13000000000010914,2016-09-13T17:00:00Z
5,2026-09-15,2016-09-13,True,20,0.5289999999999964,2016-09-13T18:00:00Z
5,2026-09-15,2016-09-13,True,21,1.4479999999998654,2016-09-13T19:00:00Z
5,2026-09-15,2016-09-13,True,22,0.8099999999999454,2016-09-13T20:00:00Z
5,2026-09-15,2016-09-13,True,23,0.7080000000000837,2016-09-13T21:00:00Z
5,2026-09-16,2016-09-14,True,0,0.6700000000000728,2016-09-13T22:00:00Z
5,2026-09-16,2016-09-14,True,1,0.26499999999987267,2016-09-13T23:00:00Z
5,2026-09-16,2016-09-14,True,2,0.13700000000017099,2016-09-14T00:00:00Z
5,2026-09-16,2016-09-14,True,3,0.10300000000006548,2016-09-14T01:00:00Z
5,2026-09-16,2016-09-14,True,4,0.1089999999999236,2016-09-14T02:00:00Z
5,2026-09-16,2016-09-14,True,5,0.12100000000009459,2016-09-14T03:00:00Z
5,2026-09-16,2016-09-14,True,6,0.21000000000003638,2016-09-14T04:00:00Z
5,2026-09-16,2016-09-14,True,7,0.13999999999987267,2016-09-14T05:00:00Z
5,2026-09-16,2016-09-14,True,8,0.1069999999999709,2016-09-14T06:00:00Z
5,2026-09-16,2016-09-14,True,9,0.0729999999998654,2016-09-14T07:00:00Z
5,2026-09-16,2016-09-14,True,10,0.1570000000001528,2016-09-14T08:00:00Z
5,2026-09-16,2016-09-14,True,11,0.0729999999998654,2016-09-14T09:00:00Z
5,2026-09-16,2016-09-14,True,12,0.10500000000001819,2016-09-14T10:00:00Z
5,2026-09-16,2016-09-14,True,13,0.09200000000009823,2016-09-14T11:00:00Z
5,2026-09-16,2016-09-14,True,14,0.10300000000006548,2016-09-14T12:00:00Z
5,2026-09-16,2016-09-14,True,15,0.11000000000012733,2016-09-14T13:00:00Z
5,2026-09-16,2016-09-14,True,16,0.07999999999992724,2016-09-14T14:00:00Z
5,2026-09-16,2016-09-14,True,17,0.14699999999993452,2016-09-14T15:00:00Z
5,2026-09-16,2016-09-14,True,18,0.0929999999998472,2016-09-14T16:00:00Z
5,2026-09-16,2016-09-14,True,19,0.16899999999986903,2016-09-14T17:00:00Z
5,2026-09-16,2016-09-14,True,20,0.44800000000032014,2016-09-14T18:00:00Z
5,2026-09-16,2016-09-14,True,21,0.6979999999998654,2016-09-14T19:00:00Z
5,2026-09-16,2016-09-14,True,22,0.7240000000001601,2016-09-14T20:00:00Z
5,2026-09-16,2016-09-14,True,23,0.3579999999997199,2016-09-14T21:00:00Z
5,2026-09-17,2016-09-15,True,0,0.09799999999995634,2016-09-14T22:00:00Z
5,2026-09-17,2016-09-15,True,1,0.15399999999999636,2016-09-14T23:00:00Z
5,2026-09-17,2016-09-15,True,2,0.07100000000036744,2016-09-15T00:00:00Z
5,2026-09-17,2016-09-15,True,3,0.1269999999999527,2016-09-15T01:00:00Z
5,2026-09-17,2016-09-15,True,4,0.08300000000008367,2016-09-15T02:00:00Z
5,2026-09-17,2016-09-15,True,5,0.09999999999990905,2016-09-15T03:00:00Z
5,2026-09-17,2016-09-15,True,6,0.1269999999999527,2016-09-15T04:00:00Z
5,2026-09-17,2016-09-15,True,7,0.17000000000007276,2016-09-15T05:00:00Z
5,2026-09-17,2016-09-15,True,8,0.4829999999997199,2016-09-15T06:00:00Z
5,2026-09-17,2016-09-15,True,9,0.09900000000016007,2016-09-15T07:00:00Z
5,2026-09-17,2016-09-15,True,10,0.5880000000001928,2016-09-15T08:00:00Z
5,2026-09-17,2016-09-15,True,11,0.0729999999998654,2016-09-15T09:00:00Z
5,2026-09-17,2016-09-15,True,12,0.1069999999999709,2016-09-15T10:00:00Z
5,2026-09-17,2016-09-15,True,13,0.5900000000001455,2016-09-15T11:00:00Z
5,2026-09-17,2016-09-15,True,14,0.17299999999977445,2016-09-15T12:00:00Z
5,2026-09-17,2016-09-15,True,15,0.07999999999992724,2016-09-15T13:00:00Z
5,2026-09-17,2016-09-15,True,16,0.13700000000017099,2016-09-15T14:00:00Z
5,2026-09-17,2016-09-15,True,17,0.09000000000014552,2016-09-15T15:00:00Z
5,2026-09-17,2016-09-15,True,18,0.09799999999995634,2016-09-15T16:00:00Z
5,2026-09-17,2016-09-15,True,19,0.19499999999970896,2016-09-15T17:00:00Z
5,2026-09-17,2016-09-15,True,20,0.17000000000007276,2016-09-15T18:00:00Z
5,2026-09-17,2016-09-15,True,21,0.15999999999985448,2016-09-15T19:00:00Z
5,2026-09-17,2016-09-15,True,22,0.13700000000017099,2016-09-15T20:00:00Z
5,2026-09-17,2016-09-15,True,23,0.09200000000009823,2016-09-15T21:00:00Z
5,2026-09-18,2016-09-16,True,0,0.13599999999996726,2016-09-15T22:00:00Z
5,2026-09-18,2016-09-16,True,1,0.0749999999998181,2016-09-15T23:00:00Z
5,2026-09-18,2016-09-16,True,2,0.14000000000032742,2016-09-16T00:00:00Z
5,2026-09-18,2016-09-16,True,3,0.06700000000000728,2016-09-16T01:00:00Z
5,2026-09-18,2016-09-16,True,4,0.13999999999987267,2016-09-16T02:00:00Z
5,2026-09-18,2016-09-16,True,5,0.04999999999972715,2016-09-16T03:00:00Z
5,2026-09-18,2016-09-16,True,6,0.14200000000028012,2016-09-16T04:00:00Z
5,2026-09-18,2016-09-16,True,7,0.18800000000010186,2016-09-16T05:00:00Z
5,2026-09-18,2016-09-16,True,8,0.10299999999961074,2016-09-16T06:00:00Z
5,2026-09-18,2016-09-16,True,9,0.45000000000027285,2016-09-16T07:00:00Z
5,2026-09-18,2016-09-16,True,10,0.11000000000012733,2016-09-16T08:00:00Z
5,2026-09-18,2016-09-16,True,11,0.4149999999999636,2016-09-16T09:00:00Z
5,2026-09-18,2016-09-16,True,12,0.26199999999971624,2016-09-16T10:00:00Z
5,2026-09-18,2016-09-16,True,13,0.17200000000002547,2016-09-16T11:00:00Z
5,2026-09-18,2016-09-16,True,14,0.068000000000211,2016-09-16T12:00:00Z
5,2026-09-18,2016-09-16,True,15,0.1230000000000473,2016-09-16T13:00:00Z
5,2026-09-18,2016-09-16,True,16,0.10999999999967258,2016-09-16T14:00:00Z
5,2026-09-18,2016-09-16,True,17,0.36200000000008004,2016-09-16T15:00:00Z
5,2026-09-18,2016-09-16,True,18,0.4149999999999636,2016-09-16T16:00:00Z
5,2026-09-18,2016-09-16,True,19,0.5,2016-09-16T17:00:00Z
5,2026-09-18,2016-09-16,True,20,0.24299999999993815,2016-09-16T18:00:00Z
5,2026-09-18,2016-09-16,True,21,0.330000000000382,2016-09-16T19:00:00Z
5,2026-09-18,2016-09-16,True,22,0.2369999999996253,2016-09-16T20:00:00Z
5,2026-09-18,2016-09-16,True,23,0.5380000000000109,2016-09-16T21:00:00Z
5,2026-09-19,2016-09-17,True,0,0.9960000000000946,2016-09-16T22:00:00Z
5,2026-09-19,2016-09-17,True,1,0.6340000000000146,2016-09-16T23:00:00Z
5,2026-09-19,2016-09-17,True,2,1.0320000000001528,2016-09-17T00:00:00Z
5,2026-09-19,2016-09-17,True,3,0.5149999999998727,2016-09-17T01:00:00Z
5,2026-09-19,2016-09-17,True,4,0.3550000000000182,2016-09-17T02:00:00Z
5,2026-09-19,2016-09-17,True,5,0.11999999999989086,2016-09-17T03:00:00Z
5,2026-09-19,2016-09-17,True,6,0.07999999999992724,2016-09-17T04:00:00Z
5,2026-09-19,2016-09-17,True,7,0.1230000000000473,2016-09-17T05:00:00Z
5,2026-09-19,2016-09-17,True,8,0.1269999999999527,2016-09-17T06:00:00Z
5,2026-09-19,2016-09-17,True,9,0.17000000000007276,2016-09-17T07:00:00Z
5,2026-09-19,2016-09-17,True,10,0.16000000000030923,2016-09-17T08:00:00Z
5,2026-09-19,2016-09-17,True,11,0.10799999999971988,2016-09-17T09:00:00Z
5,2026-09-19,2016-09-17,True,12,0.1550000000002001,2016-09-17T10:00:00Z
5,2026-09-19,2016-09-17,True,13,0.1269999999999527,2016-09-17T11:00:00Z
5,2026-09-19,2016-09-17,True,14,0.1979999999998654,2016-09-17T12:00:00Z
5,2026-09-19,2016-09-17,True,15,0.19200000000000728,2016-09-17T13:00:00Z
5,2026-09-19,2016-09-17,True,16,0.05999999999994543,2016-09-17T14:00:00Z
5,2026-09-19,2016-09-17,True,17,0.20800000000008367,2016-09-17T15:00:00Z
5,2026-09-19,2016-09-17,True,18,0.25700000000006185,2016-09-17T16:00:00Z
5,2026-09-19,2016-09-17,True,19,0.20499999999992724,2016-09-17T17:00:00Z
5,2026-09-19,2016-09-17,True,20,0.31399999999985084,2016-09-17T18:00:00Z
5,2026-09-19,2016-09-17,True,21,0.4410000000002583,2016-09-17T19:00:00Z
5,2026-09-19,2016-09-17,True,22,0.3550000000000182,2016-09-17T20:00:00Z
5,2026-09-19,2016-09-17,True,23,0.4450000000001637,2016-09-17T21:00:00Z
5,2026-09-20,2016-09-18,True,0,0.3949999999999818,2016-09-17T22:00:00Z
5,2026-09-20,2016-09-18,True,1,0.3799999999996544,2016-09-17T23:00:00Z
5,2026-09-20,2016-09-18,True,2,0.3200000000001637,2016-09-18T00:00:00Z
5,2026-09-20,2016-09-18,True,3,0.40000000000009095,2016-09-18T01:00:00Z
5,2026-09-20,2016-09-18,True,4,0.38499999999976353,2016-09-18T02:00:00Z
5,2026-09-20,2016-09-18,True,5,0.22499999999990905,2016-09-18T03:00:00Z
5,2026-09-20,2016-09-18,True,6,0.2300000000000182,2016-09-18T04:00:00Z
5,2026-09-20,2016-09-18,True,7,0.14000000000032742,2016-09-18T05:00:00Z
5,2026-09-20,2016-09-18,True,8,0.11299999999982901,2016-09-18T06:00:00Z
5,2026-09-20,2016-09-18,True,9,0.1790000000000873,2016-09-18T07:00:00Z
5,2026-09-20,2016-09-18,True,10,0.11799999999993815,2016-09-18T08:00:00Z
5,2026-09-20,2016-09-18,True,11,0.1430000000000291,2016-09-18T09:00:00Z
5,2026-09-20,2016-09-18,True,12,0.11000000000012733,2016-09-18T10:00:00Z
5,2026-09-20,2016-09-18,True,13,1.4949999999998909,2016-09-18T11:00:00Z
5,2026-09-20,2016-09-18,True,14,0.7219999999997526,2016-09-18T12:00:00Z
5,2026-09-20,2016-09-18,True,15,0.7280000000000655,2016-09-18T13:00:00Z
5,2026-09-20,2016-09-18,True,16,0.2519999999999527,2016-09-18T14:00:00Z
5,2026-09-20,2016-09-18,True,17,0.18000000000029104,2016-09-18T15:00:00Z
5,2026-09-20,2016-09-18,True,18,0.11999999999989086,2016-09-18T16:00:00Z
5,2026-09-20,2016-09-18,True,19,0.40000000000009095,2016-09-18T17:00:00Z
5,2026-09-20,2016-09-18,True,20,0.18499999999994543,2016-09-18T18:00:00Z
5,2026-09-20,2016-09-18,True,21,0.525000000000091,2016-09-18T19:00:00Z
5,2026-09-20,2016-09-18,True,22,0.42000000000007276,2016-09-18T20:00:00Z
5,2026-09-20,2016-09-18,True,23,0.7899999999999636,2016-09-18T21:00:00Z
5,2026-09-21,2016-09-19,True,0,0.11799999999993815,2016-09-18T22:00:00Z
5,2026-09-21,2016-09-19,True,1,0.58199999999988,2016-09-18T23:00:00Z
5,2026-09-21,2016-09-19,True,2,0.11999999999989086,2016-09-19T00:00:00Z
5,2026-09-21,2016-09-19,True,3,0.1000000000003638,2016-09-19T01:00:00Z
5,2026-09-21,2016-09-19,True,4,0.07799999999997453,2016-09-19T02:00:00Z
5,2026-09-21,2016-09-19,True,5,0.1319999999996071,2016-09-19T03:00:00Z
5,2026-09-21,2016-09-19,True,6,0.11000000000012733,2016-09-19T04:00:00Z
5,2026-09-21,2016-09-19,True,7,0.43000000000029104,2016-09-19T05:00:00Z
5,2026-09-21,2016-09-19,True,8,0.07799999999997453,2016-09-19T06:00:00Z
5,2026-09-21,2016-09-19,True,9,0.10199999999986176,2016-09-19T07:00:00Z
5,2026-09-21,2016-09-19,True,10,0.09999999999990905,2016-09-19T08:00:00Z
5,2026-09-21,2016-09-19,True,11,0.09000000000014552,2016-09-19T09:00:00Z
5,2026-09-21,2016-09-19,True,12,0.11999999999989086,2016-09-19T10:00:00Z
5,2026-09-21,2016-09-19,True,13,0.8829999999998108,2016-09-19T11:00:00Z
5,2026-09-21,2016-09-19,True,14,0.14700000000038926,2016-09-19T12:00:00Z
5,2026-09-21,2016-09-19,True,15,0.09999999999990905,2016-09-19T13:00:00Z
5,2026-09-21,2016-09-19,True,16,0.26499999999987267,2016-09-19T14:00:00Z
5,2026-09-21,2016-09-19,True,17,0.4149999999999636,2016-09-19T15:00:00Z
5,2026-09-21,2016-09-19,True,18,0.43499999999994543,2016-09-19T16:00:00Z
5,2026-09-21,2016-09-19,True,19,0.2829999999999018,2016-09-19T17:00:00Z
5,2026-09-21,2016-09-19,True,20,0.41200000000026193,2016-09-19T18:00:00Z
5,2026-09-21,2016-09-19,True,21,0.4279999999998836,2016-09-19T19:00:00Z
5,2026-09-21,2016-09-19,True,22,0.4600000000000364,2016-09-19T20:00:00Z
5,2026-09-21,2016-09-19,True,23,0.2719999999999345,2016-09-19T21:00:00Z
5,2026-09-22,2016-09-20,True,0,0.11000000000012733,2016-09-19T22:00:00Z
5,2026-09-22,2016-09-20,True,1,0.09999999999990905,2016-09-19T23:00:00Z
5,2026-09-22,2016-09-20,True,2,0.05999999999994543,2016-09-20T00:00:00Z
5,2026-09-22,2016-09-20,True,3,0.15000000000009095,2016-09-20T01:00:00Z
5,2026-09-22,2016-09-20,True,4,0.05999999999994543,2016-09-20T02:00:00Z
5,2026-09-22,2016-09-20,True,5,0.11300000000028376,2016-09-20T03:00:00Z
5,2026-09-22,2016-09-20,True,6,0.1269999999999527,2016-09-20T04:00:00Z
5,2026-09-22,2016-09-20,True,7,0.1230000000000473,2016-09-20T05:00:00Z
5,2026-09-22,2016-09-20,True,8,0.3209999999999127,2016-09-20T06:00:00Z
5,2026-09-22,2016-09-20,True,9,0.2359999999998763,2016-09-20T07:00:00Z
5,2026-09-22,2016-09-20,True,10,0.5900000000001455,2016-09-20T08:00:00Z
5,2026-09-22,2016-09-20,True,11,0.13999999999987267,2016-09-20T09:00:00Z
5,2026-09-22,2016-09-20,True,12,0.5700000000001637,2016-09-20T10:00:00Z
5,2026-09-22,2016-09-20,True,13,0.13799999999991996,2016-09-20T11:00:00Z
5,2026-09-22,2016-09-20,True,14,0.4420000000000073,2016-09-20T12:00:00Z
5,2026-09-22,2016-09-20,True,15,0.3240000000000691,2016-09-20T13:00:00Z
5,2026-09-22,2016-09-20,True,16,0.36999999999989086,2016-09-20T14:00:00Z
5,2026-09-22,2016-09-20,True,17,0.33199999999987995,2016-09-20T15:00:00Z
5,2026-09-22,2016-09-20,True,18,0.36200000000008004,2016-09-20T16:00:00Z
5,2026-09-22,2016-09-20,True,19,0.15200000000004366,2016-09-20T17:00:00Z
5,2026-09-22,2016-09-20,True,20,0.26199999999971624,2016-09-20T18:00:00Z
5,2026-09-22,2016-09-20,True,21,0.15000000000009095,2016-09-20T19:00:00Z
5,2026-09-22,2016-09-20,True,22,0.10800000000017462,2016-09-20T20:00:00Z
5,2026-09-22,2016-09-20,True,23,0.15200000000004366,2016-09-20T21:00:00Z
5,2026-09-23,2016-09-21,True,0,0.06799999999975626,2016-09-20T22:00:00Z
5,2026-09-23,2016-09-21,True,1,0.12000000000034561,2016-09-20T23:00:00Z
5,2026-09-23,2016-09-21,True,2,0.07999999999992724,2016-09-21T00:00:00Z
5,2026-09-23,2016-09-21,True,3,0.09999999999990905,2016-09-21T01:00:00Z
5,2026-09-23,2016-09-21,True,4,0.07999999999992724,2016-09-21T02:00:00Z
5,2026-09-23,2016-09-21,True,5,0.11999999999989086,2016-09-21T03:00:00Z
5,2026-09-23,2016-09-21,True,6,0.13000000000010914,2016-09-21T04:00:00Z
5,2026-09-23,2016-09-21,True,7,0.19000000000005457,2016-09-21T05:00:00Z
5,2026-09-23,2016-09-21,True,8,0.2699999999999818,2016-09-21T06:00:00Z
5,2026-09-23,2016-09-21,True,9,0.13000000000010914,2016-09-21T07:00:00Z
5,2026-09-23,2016-09-21,True,10,0.17000000000007276,2016-09-21T08:00:00Z
5,2026-09-23,2016-09-21,True,11,0.11999999999989086,2016-09-21T09:00:00Z
5,2026-09-23,2016-09-21,True,12,0.13200000000006185,2016-09-21T10:00:00Z
5,2026-09-23,2016-09-21,True,13,0.29399999999986903,2016-09-21T11:00:00Z
5,2026-09-23,2016-09-21,True,14,0.38200000000006185,2016-09-21T12:00:00Z
5,2026-09-23,2016-09-21,True,15,0.19399999999995998,2016-09-21T13:00:00Z
5,2026-09-23,2016-09-21,True,16,1.0,2016-09-21T14:00:00Z
5,2026-09-23,2016-09-21,True,17,0.1799999999998363,2016-09-21T15:00:00Z
5,2026-09-23,2016-09-21,True,18,0.19200000000000728,2016-09-21T16:00:00Z
5,2026-09-23,2016-09-21,True,19,0.41600000000016735,2016-09-21T17:00:00Z
5,2026-09-23,2016-09-21,True,20,0.2199999999997999,2016-09-21T18:00:00Z
5,2026-09-23,2016-09-21,True,21,0.3240000000000691,2016-09-21T19:00:00Z
5,2026-09-23,2016-09-21,True,22,0.19399999999995998,2016-09-21T20:00:00Z
5,2026-09-23,2016-09-21,True,23,0.18600000000014916,2016-09-21T21:00:00Z
5,2026-09-24,2016-09-22,True,0,0.3910000000000764,2016-09-21T22:00:00Z
5,2026-09-24,2016-09-22,True,1,0.31500000000005457,2016-09-21T23:00:00Z
5,2026-09-24,2016-09-22,True,2,0.1479999999996835,2016-09-22T00:00:00Z
5,2026-09-24,2016-09-22,True,3,0.09200000000009823,2016-09-22T01:00:00Z
5,2026-09-24,2016-09-22,True,4,0.13000000000010914,2016-09-22T02:00:00Z
5,2026-09-24,2016-09-22,True,5,0.10199999999986176,2016-09-22T03:00:00Z
5,2026-09-24,2016-09-22,True,6,0.14800000000013824,2016-09-22T04:00:00Z
5,2026-09-24,2016-09-22,True,7,0.3249999999998181,2016-09-22T05:00:00Z
5,2026-09-24,2016-09-22,True,8,0.19700000000011642,2016-09-22T06:00:00Z
5,2026-09-24,2016-09-22,True,9,0.07600000000002183,2016-09-22T07:00:00Z
5,2026-09-24,2016-09-22,True,10,0.13999999999987267,2016-09-22T08:00:00Z
5,2026-09-24,2016-09-22,True,11,0.09600000000000364,2016-09-22T09:00:00Z
5,2026-09-24,2016-09-22,True,12,0.36100000000033106,2016-09-22T10:00:00Z
5,2026-09-24,2016-09-22,True,13,0.3029999999998836,2016-09-22T11:00:00Z
5,2026-09-24,2016-09-22,True,14,0.569999999999709,2016-09-22T12:00:00Z
5,2026-09-24,2016-09-22,True,15,0.20400000000017826,2016-09-22T13:00:00Z
5,2026-09-24,2016-09-22,True,16,0.07600000000002183,2016-09-22T14:00:00Z
5,2026-09-24,2016-09-22,True,17,0.19700000000011642,2016-09-22T15:00:00Z
5,2026-09-24,2016-09-22,True,18,0.31500000000005457,2016-09-22T16:00:00Z
5,2026-09-24,2016-09-22,True,19,0.20799999999962893,2016-09-22T17:00:00Z
5,2026-09-24,2016-09-22,True,20,0.386000000000422,2016-09-22T18:00:00Z
5,2026-09-24,2016-09-22,True,21,0.3799999999996544,2016-09-22T19:00:00Z
5,2026-09-24,2016-09-22,True,22,0.40200000000004366,2016-09-22T20:00:00Z
5,2026-09-24,2016-09-22,True,23,0.3040000000000873,2016-09-22T21:00:00Z
5,2026-09-25,2016-09-23,True,0,0.10199999999986176,2016-09-22T22:00:00Z
5,2026-09-25,2016-09-23,True,1,0.09600000000000364,2016-09-22T23:00:00Z
5,2026-09-25,2016-09-23,True,2,0.052000000000134605,2016-09-23T00:00:00Z
5,2026-09-25,2016-09-23,True,3,0.13999999999987267,2016-09-23T01:00:00Z
5,2026-09-25,2016-09-23,True,4,0.0500000000001819,2016-09-23T02:00:00Z
5,2026-09-25,2016-09-23,True,5,0.10199999999986176,2016-09-23T03:00:00Z
5,2026-09-25,2016-09-23,True,6,0.12600000000020373,2016-09-23T04:00:00Z
5,2026-09-25,2016-09-23,True,7,0.27999999999974534,2016-09-23T05:00:00Z
5,2026-09-25,2016-09-23,True,8,0.22200000000020736,2016-09-23T06:00:00Z
5,2026-09-25,2016-09-23,True,9,0.6579999999999018,2016-09-23T07:00:00Z
5,2026-09-25,2016-09-23,True,10,0.19000000000005457,2016-09-23T08:00:00Z
5,2026-09-25,2016-09-23,True,11,0.6219999999998436,2016-09-23T09:00:00Z
5,2026-09-25,2016-09-23,True,12,0.14200000000028012,2016-09-23T10:00:00Z
5,2026-09-25,2016-09-23,True,13,0.29599999999982174,2016-09-23T11:00:00Z
5,2026-09-25,2016-09-23,True,14,0.09200000000009823,2016-09-23T12:00:00Z
5,2026-09-25,2016-09-23,True,15,0.13999999999987267,2016-09-23T13:00:00Z
5,2026-09-25,2016-09-23,True,16,0.09000000000014552,2016-09-23T14:00:00Z
5,2026-09-25,2016-09-23,True,17,0.15799999999990177,2016-09-23T15:00:00Z
5,2026-09-25,2016-09-23,True,18,0.2899999999999636,2016-09-23T16:00:00Z
5,2026-09-25,2016-09-23,True,19,0.4470000000001164,2016-09-23T17:00:00Z
5,2026-09-25,2016-09-23,True,20,0.29300000000012005,2016-09-23T18:00:00Z
5,2026-09-25,2016-09-23,True,21,0.2019999999997708,2016-09-23T19:00:00Z
5,2026-09-25,2016-09-23,True,22,0.11999999999989086,2016-09-23T20:00:00Z
5,2026-09-25,2016-09-23,True,23,0.28500000000030923,2016-09-23T21:00:00Z
5,2026-09-26,2016-09-24,True,0,0.29700000000002547,2016-09-23T22:00:00Z
5,2026-09-26,2016-09-24,True,1,0.15599999999994907,2016-09-23T23:00:00Z
5,2026-09-26,2016-09-24,True,2,0.07999999999992724,2016-09-24T00:00:00Z
5,2026-09-26,2016-09-24,True,3,0.09200000000009823,2016-09-24T01:00:00Z
5,2026-09-26,2016-09-24,True,4,0.09799999999995634,2016-09-24T02:00:00Z
5,2026-09-26,2016-09-24,True,5,0.08199999999987995,2016-09-24T03:00:00Z
5,2026-09-26,2016-09-24,True,6,0.057999999999992724,2016-09-24T04:00:00Z
5,2026-09-26,2016-09-24,True,7,0.15200000000004366,2016-09-24T05:00:00Z
5,2026-09-26,2016-09-24,True,8,0.08799999999973807,2016-09-24T06:00:00Z
5,2026-09-26,2016-09-24,True,9,0.7380000000002838,2016-09-24T07:00:00Z
5,2026-09-26,2016-09-24,True,10,0.2159999999998945,2016-09-24T08:00:00Z
5,2026-09-26,2016-09-24,True,11,0.20100000000002183,2016-09-24T09:00:00Z
5,2026-09-26,2016-09-24,True,12,0.1069999999999709,2016-09-24T10:00:00Z
5,2026-09-26,2016-09-24,True,13,0.4459999999999127,2016-09-24T11:00:00Z
5,2026-09-26,2016-09-24,True,14,0.3140000000003056,2016-09-24T12:00:00Z
5,2026-09-26,2016-09-24,True,15,0.5,2016-09-24T13:00:00Z
5,2026-09-26,2016-09-24,True,16,0.34799999999995634,2016-09-24T14:00:00Z
5,2026-09-26,2016-09-24,True,17,0.08199999999987995,2016-09-24T15:00:00Z
5,2026-09-26,2016-09-24,True,18,0.15799999999990177,2016-09-24T16:00:00Z
5,2026-09-26,2016-09-24,True,19,0.24000000000023647,2016-09-24T17:00:00Z
5,2026-09-26,2016-09-24,True,20,0.1999999999998181,2016-09-24T18:00:00Z
5,2026-09-26,2016-09-24,True,21,0.24000000000023647,2016-09-24T19:00:00Z
5,2026-09-26,2016-09-24,True,22,0.1519999999995889,2016-09-24T20:00:00Z
5,2026-09-26,2016-09-24,True,23,0.13000000000010914,2016-09-24T21:00:00Z
5,2026-09-27,2016-09-25,True,0,0.17200000000002547,2016-09-24T22:00:00Z
5,2026-09-27,2016-09-25,True,1,0.13000000000010914,2016-09-24T23:00:00Z
5,2026-09-27,2016-09-25,True,2,0.11799999999993815,2016-09-25T00:00:00Z
5,2026-09-27,2016-09-25,True,3,0.13000000000010914,2016-09-25T01:00:00Z
5,2026-09-27,2016-09-25,True,4,0.06799999999975626,2016-09-25T02:00:00Z
5,2026-09-27,2016-09-25,True,5,0.17200000000002547,2016-09-25T03:00:00Z
5,2026-09-27,2016-09-25,True,6,0.0820000000003347,2016-09-25T04:00:00Z
5,2026-09-27,2016-09-25,True,7,0.1959999999999127,2016-09-25T05:00:00Z
5,2026-09-27,2016-09-25,True,8,0.2139999999999418,2016-09-25T06:00:00Z
5,2026-09-27,2016-09-25,True,9,0.12800000000015643,2016-09-25T07:00:00Z
5,2026-09-27,2016-09-25,True,10,0.08799999999973807,2016-09-25T08:00:00Z
5,2026-09-27,2016-09-25,True,11,0.08199999999987995,2016-09-25T09:00:00Z
5,2026-09-27,2016-09-25,True,12,0.28500000000030923,2016-09-25T10:00:00Z
5,2026-09-27,2016-09-25,True,13,0.3530000000000655,2016-09-25T11:00:00Z
5,2026-09-27,2016-09-25,True,14,0.31799999999975626,2016-09-25T12:00:00Z
5,2026-09-27,2016-09-25,True,15,0.5970000000002074,2016-09-25T13:00:00Z
5,2026-09-27,2016-09-25,True,16,0.4519999999997708,2016-09-25T14:00:00Z
5,2026-09-27,2016-09-25,True,17,0.3730000000000473,2016-09-25T15:00:00Z
5,2026-09-27,2016-09-25,True,18,0.32700000000022555,2016-09-25T16:00:00Z
5,2026-09-27,2016-09-25,True,19,0.22299999999995634,2016-09-25T17:00:00Z
5,2026-09-27,2016-09-25,True,20,0.1999999999998181,2016-09-25T18:00:00Z
5,2026-09-27,2016-09-25,True,21,0.21000000000003638,2016-09-25T19:00:00Z
5,2026-09-27,2016-09-25,True,22,0.23500000000012733,2016-09-25T20:00:00Z
5,2026-09-27,2016-09-25,True,23,0.1449999999999818,2016-09-25T21:00:00Z
5,2026-09-28,2016-09-26,True,0,0.06199999999989814,2016-09-25T22:00:00Z
5,2026-09-28,2016-09-26,True,1,0.13999999999987267,2016-09-25T23:00:00Z
5,2026-09-28,2016-09-26,True,2,0.05999999999994543,2016-09-26T00:00:00Z
5,2026-09-28,2016-09-26,True,3,0.10800000000017462,2016-09-26T01:00:00Z
5,2026-09-28,2016-09-26,True,4,0.07200000000011642,2016-09-26T02:00:00Z
5,2026-09-28,2016-09-26,True,5,0.09199999999964348,2016-09-26T03:00:00Z
5,2026-09-28,2016-09-26,True,6,0.15600000000040382,2016-09-26T04:00:00Z
5,2026-09-28,2016-09-26,True,7,0.5479999999997744,2016-09-26T05:00:00Z
5,2026-09-28,2016-09-26,True,8,0.3360000000002401,2016-09-26T06:00:00Z
5,2026-09-28,2016-09-26,True,9,0.22799999999961074,2016-09-26T07:00:00Z
5,2026-09-28,2016-09-26,True,10,0.15000000000009095,2016-09-26T08:00:00Z
5,2026-09-28,2016-09-26,True,11,0.11999999999989086,2016-09-26T09:00:00Z
5,2026-09-28,2016-09-26,True,12,0.07800000000042928,2016-09-26T10:00:00Z
5,2026-09-28,2016-09-26,True,13,0.569999999999709,2016-09-26T11:00:00Z
5,2026-09-28,2016-09-26,True,14,0.6100000000001273,2016-09-26T12:00:00Z
5,2026-09-28,2016-09-26,True,15,0.11999999999989086,2016-09-26T13:00:00Z
5,2026-09-28,2016-09-26,True,16,0.6040000000002692,2016-09-26T14:00:00Z
5,2026-09-28,2016-09-26,True,17,0.10599999999976717,2016-09-26T15:00:00Z
5,2026-09-28,2016-09-26,True,18,0.11500000000023647,2016-09-26T16:00:00Z
5,2026-09-28,2016-09-26,True,19,0.17299999999977445,2016-09-26T17:00:00Z
5,2026-09-28,2016-09-26,True,20,0.22400000000016007,2016-09-26T18:00:00Z
5,2026-09-28,2016-09-26,True,21,0.1959999999999127,2016-09-26T19:00:00Z
5,2026-09-28,2016-09-26,True,22,0.41800000000012005,2016-09-26T20:00:00Z
5,2026-09-28,2016-09-26,True,23,0.42099999999982174,2016-09-26T21:00:00Z
6,2026-01-01,2018-01-04,True,0,0.3789999999999054,2018-01-03T23:00:00Z
6,2026-01-01,2018-01-04,True,1,0.7049999999999272,2018-01-04T00:00:00Z
6,2026-01-01,2018-01-04,True,2,0.5500000000001819,2018-01-04T01:00:00Z
6,2026-01-01,2018-01-04,True,3,0.18999999999959982,2018-01-04T02:00:00Z
6,2026-01-01,2018-01-04,True,4,0.5450000000000728,2018-01-04T03:00:00Z
6,2026-01-01,2018-01-04,True,5,0.5299999999997453,2018-01-04T04:00:00Z
6,2026-01-01,2018-01-04,True,6,0.4000000000005457,2018-01-04T05:00:00Z
6,2026-01-01,2018-01-04,True,7,0.42599999999947613,2018-01-04T06:00:00Z
6,2026-01-01,2018-01-04,True,8,0.3389999999999418,2018-01-04T07:00:00Z
6,2026-01-01,2018-01-04,True,9,0.30500000000029104,2018-01-04T08:00:00Z
6,2026-01-01,2018-01-04,True,10,0.18599999999787542,2018-01-04T09:00:00Z
6,2026-01-01,2018-01-04,True,11,0.13900000000194268,2018-01-04T10:00:00Z
6,2026-01-01,2018-01-04,True,12,0.19499999999879947,2018-01-04T11:00:00Z
6,2026-01-01,2018-01-04,True,13,0.3470000000006621,2018-01-04T12:00:00Z
6,2026-01-01,2018-01-04,True,14,0.6830000000009022,2018-01-04T13:00:00Z
6,2026-01-01,2018-01-04,True,15,0.725999999997839,2018-01-04T14:00:00Z
6,2026-01-01,2018-01-04,True,16,0.8249999999998181,2018-01-04T15:00:00Z
6,2026-01-01,2018-01-04,True,17,0.75,2018-01-04T16:00:00Z
6,2026-01-01,2018-01-04,True,18,0.7550000000001091,2018-01-04T17:00:00Z
6,2026-01-01,2018-01-04,True,19,0.8809999999994034,2018-01-04T18:00:00Z
6,2026-01-01,2018-01-04,True,20,0.9140000000006694,2018-01-04T19:00:00Z
6,2026-01-01,2018-01-04,True,21,0.7899999999999636,2018-01-04T20:00:00Z
6,2026-01-01,2018-01-04,True,22,0.7150000000001455,2018-01-04T21:00:00Z
6,2026-01-01,2018-01-04,True,23,0.5959999999995489,2018-01-04T22:00:00Z
6,2026-01-02,2018-01-05,True,0,0.5389999999997599,2018-01-04T23:00:00Z
6,2026-01-02,2018-01-05,True,1,0.4760000000005675,2018-01-05T00:00:00Z
6,2026-01-02,2018-01-05,True,2,0.4139999999997599,2018-01-05T01:00:00Z
6,2026-01-02,2018-01-05,True,3,0.3109999999996944,2018-01-05T02:00:00Z
6,2026-01-02,2018-01-05,True,4,0.22400000000016007,2018-01-05T03:00:00Z
6,2026-01-02,2018-01-05,True,5,0.1999999999998181,2018-01-05T04:00:00Z
6,2026-01-02,2018-01-05,True,6,0.25500000000010914,2018-01-05T05:00:00Z
6,2026-01-02,2018-01-05,True,7,0.5,2018-01-05T06:00:00Z
6,2026-01-02,2018-01-05,True,8,0.7200000000011642,2018-01-05T07:00:00Z
6,2026-01-02,2018-01-05,True,9,1.3400000000006003,2018-01-05T08:00:00Z
6,2026-01-02,2018-01-05,True,10,2.691000000000713,2018-01-05T09:00:00Z
6,2026-01-02,2018-01-05,True,11,3.1599999999984902,2018-01-05T10:00:00Z
6,2026-01-02,2018-01-05,True,12,1.3929999999995744,2018-01-05T11:00:00Z
6,2026-01-02,2018-01-05,True,13,0.68100000000004,2018-01-05T12:00:00Z
6,2026-01-02,2018-01-05,True,14,0.8810000000007676,2018-01-05T13:00:00Z
6,2026-01-02,2018-01-05,True,15,1.2239999999992506,2018-01-05T14:00:00Z
6,2026-01-02,2018-01-05,True,16,0.6300000000001091,2018-01-05T15:00:00Z
6,2026-01-02,2018-01-05,True,17,0.5900000000001455,2018-01-05T16:00:00Z
6,2026-01-02,2018-01-05,True,18,0.6099999999996726,2018-01-05T17:00:00Z
6,2026-01-02,2018-01-05,True,19,1.4149999999999636,2018-01-05T18:00:00Z
6,2026-01-02,2018-01-05,True,20,0.8950000000004366,2018-01-05T19:00:00Z
6,2026-01-02,2018-01-05,True,21,0.8649999999997817,2018-01-05T20:00:00Z
6,2026-01-02,2018-01-05,True,22,0.7749999999996362,2018-01-05T21:00:00Z
6,2026-01-02,2018-01-05,True,23,0.7700000000004366,2018-01-05T22:00:00Z
6,2026-01-03,2018-01-06,True,0,0.7049999999999272,2018-01-05T23:00:00Z
6,2026-01-03,2018-01-06,True,1,0.7950000000000728,2018-01-06T00:00:00Z
6,2026-01-03,2018-01-06,True,2,0.3000000000001819,2018-01-06T01:00:00Z
6,2026-01-03,2018-01-06,True,3,0.30099999999947613,2018-01-06T02:00:00Z
6,2026-01-03,2018-01-06,True,4,0.20899999999983265,2018-01-06T03:00:00Z
6,2026-01-03,2018-01-06,True,5,0.2600000000002183,2018-01-06T04:00:00Z
6,2026-01-03,2018-01-06,True,6,0.2600000000002183,2018-01-06T05:00:00Z
6,2026-01-03,2018-01-06,True,7,0.4600000000000364,2018-01-06T06:00:00Z
6,2026-01-03,2018-01-06,True,8,0.47999999999956344,2018-01-06T07:00:00Z
6,2026-01-03,2018-01-06,True,9,0.3550000000000182,2018-01-06T08:00:00Z
6,2026-01-03,2018-01-06,True,10,2.372999999999138,2018-01-06T09:00:00Z
6,2026-01-03,2018-01-06,True,11,2.7770000000018626,2018-01-06T10:00:00Z
6,2026-01-03,2018-01-06,True,12,0.4540000000015425,2018-01-06T11:00:00Z
6,2026-01-03,2018-01-06,True,13,0.5249999999973625,2018-01-06T12:00:00Z
6,2026-01-03,2018-01-06,True,14,0.5160000000009859,2018-01-06T13:00:00Z
6,2026-01-03,2018-01-06,True,15,0.18999999999959982,2018-01-06T14:00:00Z
6,2026-01-03,2018-01-06,True,16,1.0050000000001091,2018-01-06T15:00:00Z
6,2026-01-03,2018-01-06,True,17,0.9309999999995853,2018-01-06T16:00:00Z
6,2026-01-03,2018-01-06,True,18,1.6390000000001237,2018-01-06T17:00:00Z
6,2026-01-03,2018-01-06,True,19,1.2150000000001455,2018-01-06T18:00:00Z
6,2026-01-03,2018-01-06,True,20,0.9600000000000364,2018-01-06T19:00:00Z
6,2026-01-03,2018-01-06,True,21,0.9099999999998545,2018-01-06T20:00:00Z
6,2026-01-03,2018-01-06,True,22,0.8600000000005821,2018-01-06T21:00:00Z
6,2026-01-03,2018-01-06,True,23,0.875,2018-01-06T22:00:00Z
6,2026-01-04,2017-01-01,True,0,0.4099999999998545,2016-12-31T23:00:00Z
6,2026-01-04,2017-01-01,True,1,0.3100000000004002,2017-01-01T00:00:00Z
6,2026-01-04,2017-01-01,True,2,0.22000000000025466,2017-01-01T01:00:00Z
6,2026-01-04,2017-01-01,True,3,0.4849999999996726,2017-01-01T02:00:00Z
6,2026-01-04,2017-01-01,True,4,0.43000000000029104,2017-01-01T03:00:00Z
6,2026-01-04,2017-01-01,True,5,0.3649999999997817,2017-01-01T04:00:00Z
6,2026-01-04,2017-01-01,True,6,0.34500000000025466,2017-01-01T05:00:00Z
6,2026-01-04,2017-01-01,True,7,0.32999999999992724,2017-01-01T06:00:00Z
6,2026-01-04,2017-01-01,True,8,0.3000000000001819,2017-01-01T07:00:00Z
6,2026-01-04,2017-01-01,True,9,0.5349999999998545,2017-01-01T08:00:00Z
6,2026-01-04,2017-01-01,True,10,0.5399999999992815,2017-01-01T09:00:00Z
6,2026-01-04,2017-01-01,True,11,1.0490000000006603,2017-01-01T10:00:00Z
6,2026-01-04,2017-01-01,True,12,1.1359999999983756,2017-01-01T11:00:00Z
6,2026-01-04,2017-01-01,True,13,2.544000000001006,2017-01-01T12:00:00Z
6,2026-01-04,2017-01-01,True,14,3.3109999999996944,2017-01-01T13:00:00Z
6,2026-01-04,2017-01-01,True,15,1.9970000000002983,2017-01-01T14:00:00Z
6,2026-01-04,2017-01-01,True,16,1.7180000000007567,2017-01-01T15:00:00Z
6,2026-01-04,2017-01-01,True,17,1.3900000000003274,2017-01-01T16:00:00Z
6,2026-01-04,2017-01-01,True,18,0.7799999999997453,2017-01-01T17:00:00Z
6,2026-01-04,2017-01-01,True,19,1.389999999999418,2017-01-01T18:00:00Z
6,2026-01-04,2017-01-01,True,20,1.300000000000182,2017-01-01T19:00:00Z
6,2026-01-04,2017-01-01,True,21,1.0349999999998545,2017-01-01T20:00:00Z
6,2026-01-04,2017-01-01,True,22,1.0950000000002547,2017-01-01T21:00:00Z
6,2026-01-04,2017-01-01,True,23,0.9700000000002547,2017-01-01T22:00:00Z
6,2026-01-05,2017-01-02,True,0,0.7299999999995634,2017-01-01T23:00:00Z
6,2026-01-05,2017-01-02,True,1,0.4350000000004002,2017-01-02T00:00:00Z
6,2026-01-05,2017-01-02,True,2,0.4849999999996726,2017-01-02T01:00:00Z
6,2026-01-05,2017-01-02,True,3,0.2600000000002183,2017-01-02T02:00:00Z
6,2026-01-05,2017-01-02,True,4,0.3000000000001819,2017-01-02T03:00:00Z
6,2026-01-05,2017-01-02,True,5,0.3649999999997817,2017-01-02T04:00:00Z
6,2026-01-05,2017-01-02,True,6,0.4399999999995998,2017-01-02T05:00:00Z
6,2026-01-05,2017-01-02,True,7,0.32000000000061846,2017-01-02T06:00:00Z
6,2026-01-05,2017-01-02,True,8,0.7600000000002183,2017-01-02T07:00:00Z
6,2026-01-05,2017-01-02,True,9,0.66899999999805,2017-01-02T08:00:00Z
6,2026-01-05,2017-01-02,True,10,0.45600000000104046,2017-01-02T09:00:00Z
6,2026-01-05,2017-01-02,True,11,0.5599999999994907,2017-01-02T10:00:00Z
6,2026-01-05,2017-01-02,True,12,1.9249999999997272,2017-01-02T11:00:00Z
6,2026-01-05,2017-01-02,True,13,3.0090000000000146,2017-01-02T12:00:00Z
6,2026-01-05,2017-01-02,True,14,0.7700000000008913,2017-01-02T13:00:00Z
6,2026-01-05,2017-01-02,True,15,0.42100000000050386,2017-01-02T14:00:00Z
6,2026-01-05,2017-01-02,True,16,0.6849999999994907,2017-01-02T15:00:00Z
6,2026-01-05,2017-01-02,True,17,0.6550000000006548,2017-01-02T16:00:00Z
6,2026-01-05,2017-01-02,True,18,0.589999999999236,2017-01-02T17:00:00Z
6,2026-01-05,2017-01-02,True,19,1.0800000000008367,2017-01-02T18:00:00Z
6,2026-01-05,2017-01-02,True,20,1.0499999999992724,2017-01-02T19:00:00Z
6,2026-01-05,2017-01-02,True,21,0.875,2017-01-02T20:00:00Z
6,2026-01-05,2017-01-02,True,22,0.7350000000005821,2017-01-02T21:00:00Z
6,2026-01-05,2017-01-02,True,23,0.5999999999994543,2017-01-02T22:00:00Z
6,2026-01-06,2017-01-03,True,0,0.5600000000004002,2017-01-02T23:00:00Z
6,2026-01-06,2017-01-03,True,1,0.8299999999999272,2017-01-03T00:00:00Z
6,2026-01-06,2017-01-03,True,2,0.5450000000000728,2017-01-03T01:00:00Z
6,2026-01-06,2017-01-03,True,3,0.3599999999996726,2017-01-03T02:00:00Z
6,2026-01-06,2017-01-03,True,4,0.20499999999992724,2017-01-03T03:00:00Z
6,2026-01-06,2017-01-03,True,5,0.18500000000040018,2017-01-03T04:00:00Z
6,2026-01-06,2017-01-03,True,6,0.47000000000025466,2017-01-03T05:00:00Z
6,2026-01-06,2017-01-03,True,7,0.2599999999993088,2017-01-03T06:00:00Z
6,2026-01-06,2017-01-03,True,8,0.6700000000000728,2017-01-03T07:00:00Z
6,2026-01-06,2017-01-03,True,9,0.6649999999999636,2017-01-03T08:00:00Z
6,2026-01-06,2017-01-03,True,10,0.375,2017-01-03T09:00:00Z
6,2026-01-06,2017-01-03,True,11,0.8800000000001091,2017-01-03T10:00:00Z
6,2026-01-06,2017-01-03,True,12,1.3639999999986685,2017-01-03T11:00:00Z
6,2026-01-06,2017-01-03,True,13,0.8519999999998618,2017-01-03T12:00:00Z
6,2026-01-06,2017-01-03,True,14,1.1350000000011278,2017-01-03T13:00:00Z
6,2026-01-06,2017-01-03,True,15,0.8479999999990468,2017-01-03T14:00:00Z
6,2026-01-06,2017-01-03,True,16,0.5050000000001091,2017-01-03T15:00:00Z
6,2026-01-06,2017-01-03,True,17,1.7299999999995634,2017-01-03T16:00:00Z
6,2026-01-06,2017-01-03,True,18,1.0900000000001455,2017-01-03T17:00:00Z
6,2026-01-06,2017-01-03,True,19,1.055000000000291,2017-01-03T18:00:00Z
6,2026-01-06,2017-01-03,True,20,0.7849999999998545,2017-01-03T19:00:00Z
6,2026-01-06,2017-01-03,True,21,0.7049999999999272,2017-01-03T20:00:00Z
6,2026-01-06,2017-01-03,True,22,0.5749999999998181,2017-01-03T21:00:00Z
6,2026-01-06,2017-01-03,True,23,0.4750000000003638,2017-01-03T22:00:00Z
6,2026-01-07,2017-01-04,True,0,0.5050000000001091,2017-01-03T23:00:00Z
6,2026-01-07,2017-01-04,True,1,0.819999999999709,2017-01-04T00:00:00Z
6,2026-01-07,2017-01-04,True,2,0.5850000000000364,2017-01-04T01:00:00Z
6,2026-01-07,2017-01-04,True,3,0.375,2017-01-04T02:00:00Z
6,2026-01-07,2017-01-04,True,4,0.2750000000005457,2017-01-04T03:00:00Z
6,2026-01-07,2017-01-04,True,5,0.21999999999934516,2017-01-04T04:00:00Z
6,2026-01-07,2017-01-04,True,6,0.4350000000004002,2017-01-04T05:00:00Z
6,2026-01-07,2017-01-04,True,7,0.5500000000001819,2017-01-04T06:00:00Z
6,2026-01-07,2017-01-04,True,8,0.3149999999995998,2017-01-04T07:00:00Z
6,2026-01-07,2017-01-04,True,9,0.3500000000003638,2017-01-04T08:00:00Z
6,2026-01-07,2017-01-04,True,10,0.32700000000022555,2017-01-04T09:00:00Z
6,2026-01-07,2017-01-04,True,11,1.6090000000003783,2017-01-04T10:00:00Z
6,2026-01-07,2017-01-04,True,12,1.5850000000000364,2017-01-04T11:00:00Z
6,2026-01-07,2017-01-04,True,13,1.1539999999986321,2017-01-04T12:00:00Z
6,2026-01-07,2017-01-04,True,14,1.3850000000002183,2017-01-04T13:00:00Z
6,2026-01-07,2017-01-04,True,15,1.1149999999997817,2017-01-04T14:00:00Z
6,2026-01-07,2017-01-04,True,16,0.7600000000002183,2017-01-04T15:00:00Z
6,2026-01-07,2017-01-04,True,17,0.6700000000000728,2017-01-04T16:00:00Z
6,2026-01-07,2017-01-04,True,18,0.7399999999997817,2017-01-04T17:00:00Z
6,2026-01-07,2017-01-04,True,19,1.1150000000006912,2017-01-04T18:00:00Z
6,2026-01-07,2017-01-04,True,20,0.9349999999994907,2017-01-04T19:00:00Z
6,2026-01-07,2017-01-04,True,21,0.8000000000001819,2017-01-04T20:00:00Z
6,2026-01-07,2017-01-04,True,22,0.8999999999996362,2017-01-04T21:00:00Z
6,2026-01-07,2017-01-04,True,23,0.875,2017-01-04T22:00:00Z
6,2026-01-08,2017-01-05,True,0,0.8150000000005093,2017-01-04T23:00:00Z
6,2026-01-08,2017-01-05,True,1,0.5999999999994543,2017-01-05T00:00:00Z
6,2026-01-08,2017-01-05,True,2,0.4099999999998545,2017-01-05T01:00:00Z
6,2026-01-08,2017-01-05,True,3,0.24500000000080036,2017-01-05T02:00:00Z
6,2026-01-08,2017-01-05,True,4,0.3249999999998181,2017-01-05T03:00:00Z
6,2026-01-08,2017-01-05,True,5,0.47999999999956344,2017-01-05T04:00:00Z
6,2026-01-08,2017-01-05,True,6,0.30500000000029104,2017-01-05T05:00:00Z
6,2026-01-08,2017-01-05,True,7,0.375,2017-01-05T06:00:00Z
6,2026-01-08,2017-01-05,True,8,0.7200000000002547,2017-01-05T07:00:00Z
6,2026-01-08,2017-01-05,True,9,0.4249999999992724,2017-01-05T08:00:00Z
6,2026-01-08,2017-01-05,True,10,0.3350000000000364,2017-01-05T09:00:00Z
6,2026-01-08,2017-01-05,True,11,0.5950000000020736,2017-01-05T10:00:00Z
6,2026-01-08,2017-01-05,True,12,0.7349999999996726,2017-01-05T11:00:00Z
6,2026-01-08,2017-01-05,True,13,1.0559999999986758,2017-01-05T12:00:00Z
6,2026-01-08,2017-01-05,True,14,1.0000000000009095,2017-01-05T13:00:00Z
6,2026-01-08,2017-01-05,True,15,1.1599999999998545,2017-01-05T14:00:00Z
6,2026-01-08,2017-01-05,True,16,0.6939999999995052,2017-01-05T15:00:00Z
6,2026-01-08,2017-01-05,True,17,0.7699999999995271,2017-01-05T16:00:00Z
6,2026-01-08,2017-01-05,True,18,0.9049999999997453,2017-01-05T17:00:00Z
6,2026-01-08,2017-01-05,True,19,0.9800000000004729,2017-01-05T18:00:00Z
6,2026-01-08,2017-01-05,True,20,2.0150000000003274,2017-01-05T19:00:00Z
6,2026-01-08,2017-01-05,True,21,0.8699999999998909,2017-01-05T20:00:00Z
6,2026-01-08,2017-01-05,True,22,0.6599999999998545,2017-01-05T21:00:00Z
6,2026-01-08,2017-01-05,True,23,0.7399999999997817,2017-01-05T22:00:00Z
6,2026-01-09,2017-01-06,True,0,0.7100000000000364,2017-01-05T23:00:00Z
6,2026-01-09,2017-01-06,True,1,0.5399999999999636,2017-01-06T00:00:00Z
6,2026-01-09,2017-01-06,True,2,0.375,2017-01-06T01:00:00Z
6,2026-01-09,2017-01-06,True,3,0.4750000000003638,2017-01-06T02:00:00Z
6,2026-01-09,2017-01-06,True,4,0.4399999999995998,2017-01-06T03:00:00Z
6,2026-01-09,2017-01-06,True,5,0.2600000000002183,2017-01-06T04:00:00Z
6,2026-01-09,2017-01-06,True,6,0.27999999999974534,2017-01-06T05:00:00Z
6,2026-01-09,2017-01-06,True,7,0.20499999999992724,2017-01-06T06:00:00Z
6,2026-01-09,2017-01-06,True,8,0.467000000000553,2017-01-06T07:00:00Z
6,2026-01-09,2017-01-06,True,9,1.149000000000342,2017-01-06T08:00:00Z
6,2026-01-09,2017-01-06,True,10,1.5200000000004366,2017-01-06T09:00:00Z
6,2026-01-09,2017-01-06,True,11,1.8689999999987776,2017-01-06T10:00:00Z
6,2026-01-09,2017-01-06,True,12,1.7610000000013315,2017-01-06T11:00:00Z
6,2026-01-09,2017-01-06,True,13,1.8299999999990177,2017-01-06T12:00:00Z
6,2026-01-09,2017-01-06,True,14,2.6090000000003783,2017-01-06T13:00:00Z
6,2026-01-09,2017-01-06,True,15,1.9110000000000582,2017-01-06T14:00:00Z
6,2026-01-09,2017-01-06,True,16,1.0390000000006694,2017-01-06T15:00:00Z
6,2026-01-09,2017-01-06,True,17,1.0349999999998545,2017-01-06T16:00:00Z
6,2026-01-09,2017-01-06,True,18,0.8650000000006912,2017-01-06T17:00:00Z
6,2026-01-09,2017-01-06,True,19,1.014999999999418,2017-01-06T18:00:00Z
6,2026-01-09,2017-01-06,True,20,0.6750000000001819,2017-01-06T19:00:00Z
6,2026-01-09,2017-01-06,True,21,0.5299999999997453,2017-01-06T20:00:00Z
6,2026-01-09,2017-01-06,True,22,0.5900000000001455,2017-01-06T21:00:00Z
6,2026-01-09,2017-01-06,True,23,0.3900000000003274,2017-01-06T22:00:00Z
6,2026-01-10,2017-01-07,True,0,0.4849999999996726,2017-01-06T23:00:00Z
6,2026-01-10,2017-01-07,True,1,0.5749999999998181,2017-01-07T00:00:00Z
6,2026-01-10,2017-01-07,True,2,0.43000000000029104,2017-01-07T01:00:00Z
6,2026-01-10,2017-01-07,True,3,0.35500000000047294,2017-01-07T02:00:00Z
6,2026-01-10,2017-01-07,True,4,0.39499999999952706,2017-01-07T03:00:00Z
6,2026-01-10,2017-01-07,True,5,0.3649999999997817,2017-01-07T04:00:00Z
6,2026-01-10,2017-01-07,True,6,0.24000000000069122,2017-01-07T05:00:00Z
6,2026-01-10,2017-01-07,True,7,0.3149999999995998,2017-01-07T06:00:00Z
6,2026-01-10,2017-01-07,True,8,0.4399999999995998,2017-01-07T07:00:00Z
6,2026-01-10,2017-01-07,True,9,0.5510000000003856,2017-01-07T08:00:00Z
6,2026-01-10,2017-01-07,True,10,0.7509999999992942,2017-01-07T09:00:00Z
6,2026-01-10,2017-01-07,True,11,1.2089999999998327,2017-01-07T10:00:00Z
6,2026-01-10,2017-01-07,True,12,1.2340000000003783,2017-01-07T11:00:00Z
6,2026-01-10,2017-01-07,True,13,0.9799999999995634,2017-01-07T12:00:00Z
6,2026-01-10,2017-01-07,True,14,1.0200000000004366,2017-01-07T13:00:00Z
6,2026-01-10,2017-01-07,True,15,0.8159999999998035,2017-01-07T14:00:00Z
6,2026-01-10,2017-01-07,True,16,1.9000000000005457,2017-01-07T15:00:00Z
6,2026-01-10,2017-01-07,True,17,1.139999999999418,2017-01-07T16:00:00Z
6,2026-01-10,2017-01-07,True,18,0.7600000000002183,2017-01-07T17:00:00Z
6,2026-01-10,2017-01-07,True,19,1.1000000000003638,2017-01-07T18:00:00Z
6,2026-01-10,2017-01-07,True,20,0.5999999999994543,2017-01-07T19:00:00Z
6,2026-01-10,2017-01-07,True,21,0.6300000000001091,2017-01-07T20:00:00Z
6,2026-01-10,2017-01-07,True,22,0.5299999999997453,2017-01-07T21:00:00Z
6,2026-01-10,2017-01-07,True,23,0.6300000000001091,2017-01-07T22:00:00Z
6,2026-01-11,2017-01-08,True,0,0.6450000000004366,2017-01-07T23:00:00Z
6,2026-01-11,2017-01-08,True,1,0.45499999999992724,2017-01-08T00:00:00Z
6,2026-01-11,2017-01-08,True,2,0.4899999999997817,2017-01-08T01:00:00Z
6,2026-01-11,2017-01-08,True,3,0.36999999999989086,2017-01-08T02:00:00Z
6,2026-01-11,2017-01-08,True,4,0.38000000000010914,2017-01-08T03:00:00Z
6,2026-01-11,2017-01-08,True,5,0.4350000000004002,2017-01-08T04:00:00Z
6,2026-01-11,2017-01-08,True,6,0.339999999999236,2017-01-08T05:00:00Z
6,2026-01-11,2017-01-08,True,7,0.285000000000764,2017-01-08T06:00:00Z
6,2026-01-11,2017-01-08,True,8,0.26999999999952706,2017-01-08T07:00:00Z
6,2026-01-11,2017-01-08,True,9,0.48000000000047294,2017-01-08T08:00:00Z
6,2026-01-11,2017-01-08,True,10,0.7600000000002183,2017-01-08T09:00:00Z
6,2026-01-11,2017-01-08,True,11,0.6539999999986321,2017-01-08T10:00:00Z
6,2026-01-11,2017-01-08,True,12,0.5570000000006985,2017-01-08T11:00:00Z
6,2026-01-11,2017-01-08,True,13,0.9489999999996144,2017-01-08T12:00:00Z
6,2026-01-11,2017-01-08,True,14,0.6050000000013824,2017-01-08T13:00:00Z
6,2026-01-11,2017-01-08,True,15,0.45499999999992724,2017-01-08T14:00:00Z
6,2026-01-11,2017-01-08,True,16,0.875,2017-01-08T15:00:00Z
6,2026-01-11,2017-01-08,True,17,1.1749999999992724,2017-01-08T16:00:00Z
6,2026-01-11,2017-01-08,True,18,0.9050000000006548,2017-01-08T17:00:00Z
6,2026-01-11,2017-01-08,True,19,0.8499999999994543,2017-01-08T18:00:00Z
6,2026-01-11,2017-01-08,True,20,0.8400000000001455,2017-01-08T19:00:00Z
6,2026-01-11,2017-01-08,True,21,0.8699999999998909,2017-01-08T20:00:00Z
6,2026-01-11,2017-01-08,True,22,0.805000000000291,2017-01-08T21:00:00Z
6,2026-01-11,2017-01-08,True,23,0.6599999999998545,2017-01-08T22:00:00Z
6,2026-01-12,2017-01-09,True,0,0.7399999999997817,2017-01-08T23:00:00Z
6,2026-01-12,2017-01-09,True,1,0.4850000000005821,2017-01-09T00:00:00Z
6,2026-01-12,2017-01-09,True,2,0.2899999999999636,2017-01-09T01:00:00Z
6,2026-01-12,2017-01-09,True,3,0.25500000000010914,2017-01-09T02:00:00Z
6,2026-01-12,2017-01-09,True,4,0.3899999999994179,2017-01-09T03:00:00Z
6,2026-01-12,2017-01-09,True,5,0.40500000000065484,2017-01-09T04:00:00Z
6,2026-01-12,2017-01-09,True,6,0.36999999999989086,2017-01-09T05:00:00Z
6,2026-01-12,2017-01-09,True,7,0.3849999999993088,2017-01-09T06:00:00Z
6,2026-01-12,2017-01-09,True,8,0.9600000000000364,2017-01-09T07:00:00Z
6,2026-01-12,2017-01-09,True,9,0.47000000000025466,2017-01-09T08:00:00Z
6,2026-01-12,2017-01-09,True,10,0.4890000000004875,2017-01-09T09:00:00Z
6,2026-01-12,2017-01-09,True,11,0.6499999999987267,2017-01-09T10:00:00Z
6,2026-01-12,2017-01-09,True,12,1.7810000000008586,2017-01-09T11:00:00Z
6,2026-01-12,2017-01-09,True,13,0.5789999999997235,2017-01-09T12:00:00Z
6,2026-01-12,2017-01-09,True,14,0.804999999998472,2017-01-09T13:00:00Z
6,2026-01-12,2017-01-09,True,15,0.7250000000003638,2017-01-09T14:00:00Z
6,2026-01-12,2017-01-09,True,16,0.6449999999995271,2017-01-09T15:00:00Z
6,2026-01-12,2017-01-09,True,17,0.8250000000007276,2017-01-09T16:00:00Z
6,2026-01-12,2017-01-09,True,18,1.1849999999994907,2017-01-09T17:00:00Z
6,2026-01-12,2017-01-09,True,19,0.8649999999997817,2017-01-09T18:00:00Z
6,2026-01-12,2017-01-09,True,20,0.9900000000006912,2017-01-09T19:00:00Z
6,2026-01-12,2017-01-09,True,21,0.9600000000000364,2017-01-09T20:00:00Z
6,2026-01-12,2017-01-09,True,22,1.0,2017-01-09T21:00:00Z
6,2026-01-12,2017-01-09,True,23,0.9199999999991633,2017-01-09T22:00:00Z
6,2026-01-13,2017-01-10,True,0,0.7000000000007276,2017-01-09T23:00:00Z
6,2026-01-13,2017-01-10,True,1,0.20499999999992724,2017-01-10T00:00:00Z
6,2026-01-13,2017-01-10,True,2,0.5949999999993452,2017-01-10T01:00:00Z
6,2026-01-13,2017-01-10,True,3,0.3250000000007276,2017-01-10T02:00:00Z
6,2026-01-13,2017-01-10,True,4,0.26999999999952706,2017-01-10T03:00:00Z
6,2026-01-13,2017-01-10,True,5,0.2650000000003274,2017-01-10T04:00:00Z
6,2026-01-13,2017-01-10,True,6,0.22999999999956344,2017-01-10T05:00:00Z
6,2026-01-13,2017-01-10,True,7,0.5,2017-01-10T06:00:00Z
6,2026-01-13,2017-01-10,True,8,0.5399999999999636,2017-01-10T07:00:00Z
6,2026-01-13,2017-01-10,True,9,0.4710000000013679,2017-01-10T08:00:00Z
6,2026-01-13,2017-01-10,True,10,0.8690000000005966,2017-01-10T09:00:00Z
6,2026-01-13,2017-01-10,True,11,0.5449999999982538,2017-01-10T10:00:00Z
6,2026-01-13,2017-01-10,True,12,0.7260000000005675,2017-01-10T11:00:00Z
6,2026-01-13,2017-01-10,True,13,1.1090000000012878,2017-01-10T12:00:00Z
6,2026-01-13,2017-01-10,True,14,0.6999999999979991,2017-01-10T13:00:00Z
6,2026-01-13,2017-01-10,True,15,0.6999999999998181,2017-01-10T14:00:00Z
6,2026-01-13,2017-01-10,True,16,0.8350000000000364,2017-01-10T15:00:00Z
6,2026-01-13,2017-01-10,True,17,0.9700000000002547,2017-01-10T16:00:00Z
6,2026-01-13,2017-01-10,True,18,0.875,2017-01-10T17:00:00Z
6,2026-01-13,2017-01-10,True,19,1.5200000000004366,2017-01-10T18:00:00Z
6,2026-01-13,2017-01-10,True,20,1.2199999999993452,2017-01-10T19:00:00Z
6,2026-01-13,2017-01-10,True,21,1.050000000000182,2017-01-10T20:00:00Z
6,2026-01-13,2017-01-10,True,22,0.8299999999999272,2017-01-10T21:00:00Z
6,2026-01-13,2017-01-10,True,23,0.8150000000005093,2017-01-10T22:00:00Z
6,2026-01-14,2017-01-11,True,0,0.8099999999994907,2017-01-10T23:00:00Z
6,2026-01-14,2017-01-11,True,1,1.0700000000006185,2017-01-11T00:00:00Z
6,2026-01-14,2017-01-11,True,2,0.44499999999970896,2017-01-11T01:00:00Z
6,2026-01-14,2017-01-11,True,3,0.3599999999996726,2017-01-11T02:00:00Z
6,2026-01-14,2017-01-11,True,4,0.3600000000005821,2017-01-11T03:00:00Z
6,2026-01-14,2017-01-11,True,5,0.46999999999934516,2017-01-11T04:00:00Z
6,2026-01-14,2017-01-11,True,6,0.3100000000004002,2017-01-11T05:00:00Z
6,2026-01-14,2017-01-11,True,7,0.3999999999996362,2017-01-11T06:00:00Z
6,2026-01-14,2017-01-11,True,8,0.45499999999992724,2017-01-11T07:00:00Z
6,2026-01-14,2017-01-11,True,9,0.4610000000002401,2017-01-11T08:00:00Z
6,2026-01-14,2017-01-11,True,10,0.5800000000008367,2017-01-11T09:00:00Z
6,2026-01-14,2017-01-11,True,11,0.3259999999995671,2017-01-11T10:00:00Z
6,2026-01-14,2017-01-11,True,12,0.5860000000002401,2017-01-11T11:00:00Z
6,2026-01-14,2017-01-11,True,13,0.7180000000007567,2017-01-11T12:00:00Z
6,2026-01-14,2017-01-11,True,14,1.1450000000004366,2017-01-11T13:00:00Z
6,2026-01-14,2017-01-11,True,15,0.8449999999993452,2017-01-11T14:00:00Z
6,2026-01-14,2017-01-11,True,16,1.1649999999999636,2017-01-11T15:00:00Z
6,2026-01-14,2017-01-11,True,17,0.9350000000004002,2017-01-11T16:00:00Z
6,2026-01-14,2017-01-11,True,18,0.8999999999998636,2017-01-11T17:00:00Z
6,2026-01-14,2017-01-11,True,19,0.8900000000003274,2017-01-11T18:00:00Z
6,2026-01-14,2017-01-11,True,20,0.9849999999996726,2017-01-11T19:00:00Z
6,2026-01-14,2017-01-11,True,21,1.055000000000291,2017-01-11T20:00:00Z
6,2026-01-14,2017-01-11,True,22,0.8299999999999272,2017-01-11T21:00:00Z
6,2026-01-14,2017-01-11,True,23,0.9200000000000728,2017-01-11T22:00:00Z
6,2026-01-15,2017-01-12,True,0,0.6700000000000728,2017-01-11T23:00:00Z
6,2026-01-15,2017-01-12,True,1,0.5249999999996362,2017-01-12T00:00:00Z
6,2026-01-15,2017-01-12,True,2,0.4600000000000364,2017-01-12T01:00:00Z
6,2026-01-15,2017-01-12,True,3,0.40499999999974534,2017-01-12T02:00:00Z
6,2026-01-15,2017-01-12,True,4,0.285000000000764,2017-01-12T03:00:00Z
6,2026-01-15,2017-01-12,True,5,0.2899999999999636,2017-01-12T04:00:00Z
6,2026-01-15,2017-01-12,True,6,0.2249999999994543,2017-01-12T05:00:00Z
6,2026-01-15,2017-01-12,True,7,0.29500000000007276,2017-01-12T06:00:00Z
6,2026-01-15,2017-01-12,True,8,0.6900000000005093,2017-01-12T07:00:00Z
6,2026-01-15,2017-01-12,True,9,0.6039999999984502,2017-01-12T08:00:00Z
6,2026-01-15,2017-01-12,True,10,0.48100000000158616,2017-01-12T09:00:00Z
6,2026-01-15,2017-01-12,True,11,0.5549999999980173,2017-01-12T10:00:00Z
6,2026-01-15,2017-01-12,True,12,0.5750000000016371,2017-01-12T11:00:00Z
6,2026-01-15,2017-01-12,True,13,1.2109999999993306,2017-01-12T12:00:00Z
6,2026-01-15,2017-01-12,True,14,1.4730000000008658,2017-01-12T13:00:00Z
6,2026-01-15,2017-01-12,True,15,0.6699999999982538,2017-01-12T14:00:00Z
6,2026-01-15,2017-01-12,True,16,0.7010000000009313,2017-01-12T15:00:00Z
6,2026-01-15,2017-01-12,True,17,0.7799999999997453,2017-01-12T16:00:00Z
6,2026-01-15,2017-01-12,True,18,0.7899999999999636,2017-01-12T17:00:00Z
6,2026-01-15,2017-01-12,True,19,0.6300000000001091,2017-01-12T18:00:00Z
6,2026-01-15,2017-01-12,True,20,0.7300000000004729,2017-01-12T19:00:00Z
6,2026-01-15,2017-01-12,True,21,0.7349999999996726,2017-01-12T20:00:00Z
6,2026-01-15,2017-01-12,True,22,0.7550000000001091,2017-01-12T21:00:00Z
6,2026-01-15,2017-01-12,True,23,0.9650000000001455,2017-01-12T22:00:00Z
6,2026-01-16,2017-01-13,True,0,0.7150000000001455,2017-01-12T23:00:00Z
6,2026-01-16,2017-01-13,True,1,0.4499999999998181,2017-01-13T00:00:00Z
6,2026-01-16,2017-01-13,True,2,0.3249999999998181,2017-01-13T01:00:00Z
6,2026-01-16,2017-01-13,True,3,0.21500000000014552,2017-01-13T02:00:00Z
6,2026-01-16,2017-01-13,True,4,0.4499999999998181,2017-01-13T03:00:00Z
6,2026-01-16,2017-01-13,True,5,0.4499999999998181,2017-01-13T04:00:00Z
6,2026-01-16,2017-01-13,True,6,0.34500000000025466,2017-01-13T05:00:00Z
6,2026-01-16,2017-01-13,True,7,0.2749999999996362,2017-01-13T06:00:00Z
6,2026-01-16,2017-01-13,True,8,0.7200000000002547,2017-01-13T07:00:00Z
6,2026-01-16,2017-01-13,True,9,0.535000000000764,2017-01-13T08:00:00Z
6,2026-01-16,2017-01-13,True,10,0.5090000000002419,2017-01-13T09:00:00Z
6,2026-01-16,2017-01-13,True,11,2.0960000000000036,2017-01-13T10:00:00Z
6,2026-01-16,2017-01-13,True,12,2.1099999999999,2017-01-13T11:00:00Z
6,2026-01-16,2017-01-13,True,13,2.9950000000001182,2017-01-13T12:00:00Z
6,2026-01-16,2017-01-13,True,14,0.7849999999998545,2017-01-13T13:00:00Z
6,2026-01-16,2017-01-13,True,15,0.9199999999991633,2017-01-13T14:00:00Z
6,2026-01-16,2017-01-13,True,16,0.7200000000002547,2017-01-13T15:00:00Z
6,2026-01-16,2017-01-13,True,17,0.504999999999427,2017-01-13T16:00:00Z
6,2026-01-16,2017-01-13,True,18,0.5100000000002183,2017-01-13T17:00:00Z
6,2026-01-16,2017-01-13,True,19,0.7650000000003274,2017-01-13T18:00:00Z
6,2026-01-16,2017-01-13,True,20,0.8549999999995634,2017-01-13T19:00:00Z
6,2026-01-16,2017-01-13,True,21,0.8649999999997817,2017-01-13T20:00:00Z
6,2026-01-16,2017-01-13,True,22,0.8100000000004002,2017-01-13T21:00:00Z
6,2026-01-16,2017-01-13,True,23,0.9750000000003638,2017-01-13T22:00:00Z
6,2026-01-17,2017-01-14,True,0,0.8249999999998181,2017-01-13T23:00:00Z
6,2026-01-17,2017-01-14,True,1,0.569999999999709,2017-01-14T00:00:00Z
6,2026-01-17,2017-01-14,True,2,0.48000000000047294,2017-01-14T01:00:00Z
6,2026-01-17,2017-01-14,True,3,0.47999999999956344,2017-01-14T02:00:00Z
6,2026-01-17,2017-01-14,True,4,0.5900000000001455,2017-01-14T03:00:00Z
6,2026-01-17,2017-01-14,True,5,0.4250000000001819,2017-01-14T04:00:00Z
6,2026-01-17,2017-01-14,True,6,0.34499999999934516,2017-01-14T05:00:00Z
6,2026-01-17,2017-01-14,True,7,0.410000000000764,2017-01-14T06:00:00Z
6,2026-01-17,2017-01-14,True,8,0.5450000000000728,2017-01-14T07:00:00Z
6,2026-01-17,2017-01-14,True,9,0.5749999999998181,2017-01-14T08:00:00Z
6,2026-01-17,2017-01-14,True,10,0.7110000000002401,2017-01-14T09:00:00Z
6,2026-01-17,2017-01-14,True,11,0.6239999999997963,2017-01-14T10:00:00Z
6,2026-01-17,2017-01-14,True,12,0.7050000000008367,2017-01-14T11:00:00Z
6,2026-01-17,2017-01-14,True,13,0.6149999999988722,2017-01-14T12:00:00Z
6,2026-01-17,2017-01-14,True,14,0.5250000000005457,2017-01-14T13:00:00Z
6,2026-01-17,2017-01-14,True,15,0.4600000000000364,2017-01-14T14:00:00Z
6,2026-01-17,2017-01-14,True,16,0.8890000000001237,2017-01-14T15:00:00Z
6,2026-01-17,2017-01-14,True,17,1.5,2017-01-14T16:00:00Z
6,2026-01-17,2017-01-14,True,18,0.9400000000005093,2017-01-14T17:00:00Z
6,2026-01-17,2017-01-14,True,19,0.7099999999991269,2017-01-14T18:00:00Z
6,2026-01-17,2017-01-14,True,20,0.9900000000006912,2017-01-14T19:00:00Z
6,2026-01-17,2017-01-14,True,21,0.8000000000001819,2017-01-14T20:00:00Z
6,2026-01-17,2017-01-14,True,22,0.819999999999709,2017-01-14T21:00:00Z
6,2026-01-17,2017-01-14,True,23,0.8949999999995271,2017-01-14T22:00:00Z
6,2026-01-18,2017-01-15,True,0,0.7250000000003638,2017-01-14T23:00:00Z
6,2026-01-18,2017-01-15,True,1,1.2250000000003638,2017-01-15T00:00:00Z
6,2026-01-18,2017-01-15,True,2,0.5149999999994179,2017-01-15T01:00:00Z
6,2026-01-18,2017-01-15,True,3,0.7250000000003638,2017-01-15T02:00:00Z
6,2026-01-18,2017-01-15,True,4,0.4849999999996726,2017-01-15T03:00:00Z
6,2026-01-18,2017-01-15,True,5,0.44499999999970896,2017-01-15T04:00:00Z
6,2026-01-18,2017-01-15,True,6,0.3100000000004002,2017-01-15T05:00:00Z
6,2026-01-18,2017-01-15,True,7,0.3999999999996362,2017-01-15T06:00:00Z
6,2026-01-18,2017-01-15,True,8,0.3500000000003638,2017-01-15T07:00:00Z
6,2026-01-18,2017-01-15,True,9,0.295999999999367,2017-01-15T08:00:00Z
6,2026-01-18,2017-01-15,True,10,0.3890000000001237,2017-01-15T09:00:00Z
6,2026-01-18,2017-01-15,True,11,0.581000000000131,2017-01-15T10:00:00Z
6,2026-01-18,2017-01-15,True,12,0.5149999999994179,2017-01-15T11:00:00Z
6,2026-01-18,2017-01-15,True,13,0.3900000000003274,2017-01-15T12:00:00Z
6,2026-01-18,2017-01-15,True,14,0.9839999999994689,2017-01-15T13:00:00Z
6,2026-01-18,2017-01-15,True,15,1.0549999999993815,2017-01-15T14:00:00Z
6,2026-01-18,2017-01-15,True,16,0.9310000000014043,2017-01-15T15:00:00Z
6,2026-01-18,2017-01-15,True,17,0.8499999999994543,2017-01-15T16:00:00Z
6,2026-01-18,2017-01-15,True,18,1.4899999999997817,2017-01-15T17:00:00Z
6,2026-01-18,2017-01-15,True,19,1.230000000000473,2017-01-15T18:00:00Z
6,2026-01-18,2017-01-15,True,20,1.1000000000003638,2017-01-15T19:00:00Z
6,2026-01-18,2017-01-15,True,21,0.9299999999993815,2017-01-15T20:00:00Z
6,2026-01-18,2017-01-15,True,22,0.9450000000006185,2017-01-15T21:00:00Z
6,2026-01-18,2017-01-15,True,23,0.8350000000000364,2017-01-15T22:00:00Z
6,2026-01-19,2017-01-16,True,0,0.9499999999998181,2017-01-15T23:00:00Z
6,2026-01-19,2017-01-16,True,1,0.5799999999999272,2017-01-16T00:00:00Z
6,2026-01-19,2017-01-16,True,2,0.26999999999952706,2017-01-16T01:00:00Z
6,2026-01-19,2017-01-16,True,3,0.24000000000069122,2017-01-16T02:00:00Z
6,2026-01-19,2017-01-16,True,4,0.22999999999956344,2017-01-16T03:00:00Z
6,2026-01-19,2017-01-16,True,5,0.39500000000043656,2017-01-16T04:00:00Z
6,2026-01-19,2017-01-16,True,6,0.44499999999970896,2017-01-16T05:00:00Z
6,2026-01-19,2017-01-16,True,7,0.3149999999995998,2017-01-16T06:00:00Z
6,2026-01-19,2017-01-16,True,8,0.8000000000001819,2017-01-16T07:00:00Z
6,2026-01-19,2017-01-16,True,9,0.5650000000005093,2017-01-16T08:00:00Z
6,2026-01-19,2017-01-16,True,10,0.4249999999992724,2017-01-16T09:00:00Z
6,2026-01-19,2017-01-16,True,11,0.465000000001055,2017-01-16T10:00:00Z
6,2026-01-19,2017-01-16,True,12,0.6739999999981592,2017-01-16T11:00:00Z
6,2026-01-19,2017-01-16,True,13,1.3100000000004002,2017-01-16T12:00:00Z
6,2026-01-19,2017-01-16,True,14,1.1620000000011714,2017-01-16T13:00:00Z
6,2026-01-19,2017-01-16,True,15,1.2999999999992724,2017-01-16T14:00:00Z
6,2026-01-19,2017-01-16,True,16,0.8400000000001455,2017-01-16T15:00:00Z
6,2026-01-19,2017-01-16,True,17,0.7300000000004729,2017-01-16T16:00:00Z
6,2026-01-19,2017-01-16,True,18,0.9499999999998181,2017-01-16T17:00:00Z
6,2026-01-19,2017-01-16,True,19,0.9899999999997817,2017-01-16T18:00:00Z
6,2026-01-19,2017-01-16,True,20,0.9850000000005821,2017-01-16T19:00:00Z
6,2026-01-19,2017-01-16,True,21,0.9099999999998545,2017-01-16T20:00:00Z
6,2026-01-19,2017-01-16,True,22,1.050000000000182,2017-01-16T21:00:00Z
6,2026-01-19,2017-01-16,True,23,0.6449999999995271,2017-01-16T22:00:00Z
6,2026-01-20,2017-01-17,True,0,0.569999999999709,2017-01-16T23:00:00Z
6,2026-01-20,2017-01-17,True,1,0.47000000000025466,2017-01-17T00:00:00Z
6,2026-01-20,2017-01-17,True,2,0.3649999999997817,2017-01-17T01:00:00Z
6,2026-01-20,2017-01-17,True,3,0.29500000000007276,2017-01-17T02:00:00Z
6,2026-01-20,2017-01-17,True,4,0.23999999999978172,2017-01-17T03:00:00Z
6,2026-01-20,2017-01-17,True,5,0.5,2017-01-17T04:00:00Z
6,2026-01-20,2017-01-17,True,6,0.3900000000003274,2017-01-17T05:00:00Z
6,2026-01-20,2017-01-17,True,7,0.23999999999978172,2017-01-17T06:00:00Z
6,2026-01-20,2017-01-17,True,8,0.7100000000000364,2017-01-17T07:00:00Z
6,2026-01-20,2017-01-17,True,9,0.5050000000001091,2017-01-17T08:00:00Z
6,2026-01-20,2017-01-17,True,10,0.4030000000002474,2017-01-17T09:00:00Z
6,2026-01-20,2017-01-17,True,11,0.5100000000002183,2017-01-17T10:00:00Z
6,2026-01-20,2017-01-17,True,12,1.300000000000182,2017-01-17T11:00:00Z
6,2026-01-20,2017-01-17,True,13,2.194999999999709,2017-01-17T12:00:00Z
6,2026-01-20,2017-01-17,True,14,0.9610000000002401,2017-01-17T13:00:00Z
6,2026-01-20,2017-01-17,True,15,0.8639999999986685,2017-01-17T14:00:00Z
6,2026-01-20,2017-01-17,True,16,0.555000000000291,2017-01-17T15:00:00Z
6,2026-01-20,2017-01-17,True,17,0.7449999999998909,2017-01-17T16:00:00Z
6,2026-01-20,2017-01-17,True,18,0.7299999999995634,2017-01-17T17:00:00Z
6,2026-01-20,2017-01-17,True,19,0.7899999999999636,2017-01-17T18:00:00Z
6,2026-01-20,2017-01-17,True,20,0.7750000000005457,2017-01-17T19:00:00Z
6,2026-01-20,2017-01-17,True,21,0.8949999999995271,2017-01-17T20:00:00Z
6,2026-01-20,2017-01-17,True,22,0.7200000000002547,2017-01-17T21:00:00Z
6,2026-01-20,2017-01-17,True,23,0.5500000000001819,2017-01-17T22:00:00Z
6,2026-01-21,2017-01-18,True,0,0.6300000000001091,2017-01-17T23:00:00Z
6,2026-01-21,2017-01-18,True,1,0.6599999999998545,2017-01-18T00:00:00Z
6,2026-01-21,2017-01-18,True,2,0.42000000000007276,2017-01-18T01:00:00Z
6,2026-01-21,2017-01-18,True,3,0.2749999999996362,2017-01-18T02:00:00Z
6,2026-01-21,2017-01-18,True,4,0.2250000000003638,2017-01-18T03:00:00Z
6,2026-01-21,2017-01-18,True,5,0.5299999999997453,2017-01-18T04:00:00Z
6,2026-01-21,2017-01-18,True,6,0.5219999999999345,2017-01-18T05:00:00Z
6,2026-01-21,2017-01-18,True,7,0.2780000000002474,2017-01-18T06:00:00Z
6,2026-01-21,2017-01-18,True,8,0.25500000000010914,2017-01-18T07:00:00Z
6,2026-01-21,2017-01-18,True,9,0.21999999999934516,2017-01-18T08:00:00Z
6,2026-01-21,2017-01-18,True,10,0.5010000000020227,2017-01-18T09:00:00Z
6,2026-01-21,2017-01-18,True,11,0.5099999999993088,2017-01-18T10:00:00Z
6,2026-01-21,2017-01-18,True,12,0.44399999999950523,2017-01-18T11:00:00Z
6,2026-01-21,2017-01-18,True,13,0.44099999999980355,2017-01-18T12:00:00Z
6,2026-01-21,2017-01-18,True,14,0.558999999999287,2017-01-18T13:00:00Z
6,2026-01-21,2017-01-18,True,15,0.8520000000016807,2017-01-18T14:00:00Z
6,2026-01-21,2017-01-18,True,16,1.6649999999999636,2017-01-18T15:00:00Z
6,2026-01-21,2017-01-18,True,17,0.7999999999992724,2017-01-18T16:00:00Z
6,2026-01-21,2017-01-18,True,18,1.2049999999999272,2017-01-18T17:00:00Z
6,2026-01-21,2017-01-18,True,19,0.930000000000291,2017-01-18T18:00:00Z
6,2026-01-21,2017-01-18,True,20,1.4549999999999272,2017-01-18T19:00:00Z
6,2026-01-21,2017-01-18,True,21,0.9700000000002547,2017-01-18T20:00:00Z
6,2026-01-21,2017-01-18,True,22,1.1199999999998909,2017-01-18T21:00:00Z
6,2026-01-21,2017-01-18,True,23,0.875,2017-01-18T22:00:00Z
6,2026-01-22,2017-01-19,True,0,0.6549999999997453,2017-01-18T23:00:00Z
6,2026-01-22,2017-01-19,True,1,0.3900000000003274,2017-01-19T00:00:00Z
6,2026-01-22,2017-01-19,True,2,0.3350000000000364,2017-01-19T01:00:00Z
6,2026-01-22,2017-01-19,True,3,0.44499999999970896,2017-01-19T02:00:00Z
6,2026-01-22,2017-01-19,True,4,0.25,2017-01-19T03:00:00Z
6,2026-01-22,2017-01-19,True,5,0.3850000000002183,2017-01-19T04:00:00Z
6,2026-01-22,2017-01-19,True,6,0.5799999999999272,2017-01-19T05:00:00Z
6,2026-01-22,2017-01-19,True,7,0.42000000000007276,2017-01-19T06:00:00Z
6,2026-01-22,2017-01-19,True,8,0.7550000000001091,2017-01-19T07:00:00Z
6,2026-01-22,2017-01-19,True,9,0.6000000000003638,2017-01-19T08:00:00Z
6,2026-01-22,2017-01-19,True,10,0.5540000000000873,2017-01-19T09:00:00Z
6,2026-01-22,2017-01-19,True,11,0.7299999999995634,2017-01-19T10:00:00Z
6,2026-01-22,2017-01-19,True,12,1.3889999999992142,2017-01-19T11:00:00Z
6,2026-01-22,2017-01-19,True,13,0.8660000000008949,2017-01-19T12:00:00Z
6,2026-01-22,2017-01-19,True,14,0.7560000000003129,2017-01-19T13:00:00Z
6,2026-01-22,2017-01-19,True,15,0.7189999999991414,2017-01-19T14:00:00Z
6,2026-01-22,2017-01-19,True,16,0.7900000000008731,2017-01-19T15:00:00Z
6,2026-01-22,2017-01-19,True,17,0.6999999999998181,2017-01-19T16:00:00Z
6,2026-01-22,2017-01-19,True,18,0.9650000000001455,2017-01-19T17:00:00Z
6,2026-01-22,2017-01-19,True,19,0.944999999999709,2017-01-19T18:00:00Z
6,2026-01-22,2017-01-19,True,20,1.1049999999995634,2017-01-19T19:00:00Z
6,2026-01-22,2017-01-19,True,21,1.0200000000004366,2017-01-19T20:00:00Z
6,2026-01-22,2017-01-19,True,22,0.9650000000001455,2017-01-19T21:00:00Z
6,2026-01-22,2017-01-19,True,23,0.8350000000000364,2017-01-19T22:00:00Z
6,2026-01-23,2017-01-20,True,0,0.9650000000001455,2017-01-19T23:00:00Z
6,2026-01-23,2017-01-20,True,1,0.4599999999991269,2017-01-20T00:00:00Z
6,2026-01-23,2017-01-20,True,2,0.33000000000083674,2017-01-20T01:00:00Z
6,2026-01-23,2017-01-20,True,3,0.20499999999992724,2017-01-20T02:00:00Z
6,2026-01-23,2017-01-20,True,4,0.4849999999996726,2017-01-20T03:00:00Z
6,2026-01-23,2017-01-20,True,5,0.4099999999998545,2017-01-20T04:00:00Z
6,2026-01-23,2017-01-20,True,6,0.3400000000001455,2017-01-20T05:00:00Z
6,2026-01-23,2017-01-20,True,7,0.38000000000010914,2017-01-20T06:00:00Z
6,2026-01-23,2017-01-20,True,8,0.7399999999997817,2017-01-20T07:00:00Z
6,2026-01-23,2017-01-20,True,9,0.5399999999999636,2017-01-20T08:00:00Z
6,2026-01-23,2017-01-20,True,10,0.5100000000002183,2017-01-20T09:00:00Z
6,2026-01-23,2017-01-20,True,11,0.8209999999999127,2017-01-20T10:00:00Z
6,2026-01-23,2017-01-20,True,12,1.1499999999996362,2017-01-20T11:00:00Z
6,2026-01-23,2017-01-20,True,13,0.6390000000010332,2017-01-20T12:00:00Z
6,2026-01-23,2017-01-20,True,14,1.0909999999994398,2017-01-20T13:00:00Z
6,2026-01-23,2017-01-20,True,15,0.7100000000000364,2017-01-20T14:00:00Z
6,2026-01-23,2017-01-20,True,16,1.1700000000000728,2017-01-20T15:00:00Z
6,2026-01-23,2017-01-20,True,17,1.144999999999527,2017-01-20T16:00:00Z
6,2026-01-23,2017-01-20,True,18,1.0200000000004366,2017-01-20T17:00:00Z
6,2026-01-23,2017-01-20,True,19,1.0,2017-01-20T18:00:00Z
6,2026-01-23,2017-01-20,True,20,0.7150000000001455,2017-01-20T19:00:00Z
6,2026-01-23,2017-01-20,True,21,0.6499999999996362,2017-01-20T20:00:00Z
6,2026-01-23,2017-01-20,True,22,0.6499999999996362,2017-01-20T21:00:00Z
6,2026-01-23,2017-01-20,True,23,0.45499999999992724,2017-01-20T22:00:00Z
6,2026-01-24,2017-01-21,True,0,0.4149999999999636,2017-01-20T23:00:00Z
6,2026-01-24,2017-01-21,True,1,0.6700000000000728,2017-01-21T00:00:00Z
6,2026-01-24,2017-01-21,True,2,0.38000000000010914,2017-01-21T01:00:00Z
6,2026-01-24,2017-01-21,True,3,0.29500000000007276,2017-01-21T02:00:00Z
6,2026-01-24,2017-01-21,True,4,0.21500000000014552,2017-01-21T03:00:00Z
6,2026-01-24,2017-01-21,True,5,0.36999999999989086,2017-01-21T04:00:00Z
6,2026-01-24,2017-01-21,True,6,0.38000000000010914,2017-01-21T05:00:00Z
6,2026-01-24,2017-01-21,True,7,0.2600000000002183,2017-01-21T06:00:00Z
6,2026-01-24,2017-01-21,True,8,0.4899999999997817,2017-01-21T07:00:00Z
6,2026-01-24,2017-01-21,True,9,0.7290000000002692,2017-01-21T08:00:00Z
6,2026-01-24,2017-01-21,True,10,0.6749999999992724,2017-01-21T09:00:00Z
6,2026-01-24,2017-01-21,True,11,0.6540000000013606,2017-01-21T10:00:00Z
6,2026-01-24,2017-01-21,True,12,0.7010000000000218,2017-01-21T11:00:00Z
6,2026-01-24,2017-01-21,True,13,0.8490000000001601,2017-01-21T12:00:00Z
6,2026-01-24,2017-01-21,True,14,2.1609999999991487,2017-01-21T13:00:00Z
6,2026-01-24,2017-01-21,True,15,1.980000000000473,2017-01-21T14:00:00Z
6,2026-01-24,2017-01-21,True,16,0.6399999999994179,2017-01-21T15:00:00Z
6,2026-01-24,2017-01-21,True,17,1.035000000000764,2017-01-21T16:00:00Z
6,2026-01-24,2017-01-21,True,18,0.9149999999999636,2017-01-21T17:00:00Z
6,2026-01-24,2017-01-21,True,19,0.7799999999997453,2017-01-21T18:00:00Z
6,2026-01-24,2017-01-21,True,20,0.75,2017-01-21T19:00:00Z
6,2026-01-24,2017-01-21,True,21,0.6099999999996726,2017-01-21T20:00:00Z
6,2026-01-24,2017-01-21,True,22,0.47000000000025466,2017-01-21T21:00:00Z
6,2026-01-24,2017-01-21,True,23,0.44499999999970896,2017-01-21T22:00:00Z
6,2026-01-25,2017-01-22,True,0,0.6950000000006185,2017-01-21T23:00:00Z
6,2026-01-25,2017-01-22,True,1,0.46999999999934516,2017-01-22T00:00:00Z
6,2026-01-25,2017-01-22,True,2,0.4650000000001455,2017-01-22T01:00:00Z
6,2026-01-25,2017-01-22,True,3,0.375,2017-01-22T02:00:00Z
6,2026-01-25,2017-01-22,True,4,0.5250000000005457,2017-01-22T03:00:00Z
6,2026-01-25,2017-01-22,True,5,0.47999999999956344,2017-01-22T04:00:00Z
6,2026-01-25,2017-01-22,True,6,0.39500000000043656,2017-01-22T05:00:00Z
6,2026-01-25,2017-01-22,True,7,0.5499999999992724,2017-01-22T06:00:00Z
6,2026-01-25,2017-01-22,True,8,0.4600000000000364,2017-01-22T07:00:00Z
6,2026-01-25,2017-01-22,True,9,0.3600000000005821,2017-01-22T08:00:00Z
6,2026-01-25,2017-01-22,True,10,0.8239999999996144,2017-01-22T09:00:00Z
6,2026-01-25,2017-01-22,True,11,0.6069999999999709,2017-01-22T10:00:00Z
6,2026-01-25,2017-01-22,True,12,0.4739999999992506,2017-01-22T11:00:00Z
6,2026-01-25,2017-01-22,True,13,1.2639999999992142,2017-01-22T12:00:00Z
6,2026-01-25,2017-01-22,True,14,0.36000000000149157,2017-01-22T13:00:00Z
6,2026-01-25,2017-01-22,True,15,0.679999999998472,2017-01-22T14:00:00Z
6,2026-01-25,2017-01-22,True,16,1.035000000000764,2017-01-22T15:00:00Z
6,2026-01-25,2017-01-22,True,17,0.8249999999998181,2017-01-22T16:00:00Z
6,2026-01-25,2017-01-22,True,18,0.8499999999994543,2017-01-22T17:00:00Z
6,2026-01-25,2017-01-22,True,19,0.9350000000004002,2017-01-22T18:00:00Z
6,2026-01-25,2017-01-22,True,20,0.944999999999709,2017-01-22T19:00:00Z
6,2026-01-25,2017-01-22,True,21,1.0650000000005093,2017-01-22T20:00:00Z
6,2026-01-25,2017-01-22,True,22,0.9499999999998181,2017-01-22T21:00:00Z
6,2026-01-25,2017-01-22,True,23,0.7950000000000728,2017-01-22T22:00:00Z
6,2026-01-26,2017-01-23,True,0,0.5349999999998545,2017-01-22T23:00:00Z
6,2026-01-26,2017-01-23,True,1,0.5500000000001819,2017-01-23T00:00:00Z
6,2026-01-26,2017-01-23,True,2,0.2649999999994179,2017-01-23T01:00:00Z
6,2026-01-26,2017-01-23,True,3,0.29500000000007276,2017-01-23T02:00:00Z
6,2026-01-26,2017-01-23,True,4,0.3350000000000364,2017-01-23T03:00:00Z
6,2026-01-26,2017-01-23,True,5,0.39500000000043656,2017-01-23T04:00:00Z
6,2026-01-26,2017-01-23,True,6,0.3599999999996726,2017-01-23T05:00:00Z
6,2026-01-26,2017-01-23,True,7,0.24499999999989086,2017-01-23T06:00:00Z
6,2026-01-26,2017-01-23,True,8,0.8699999999998909,2017-01-23T07:00:00Z
6,2026-01-26,2017-01-23,True,9,0.6950000000006185,2017-01-23T08:00:00Z
6,2026-01-26,2017-01-23,True,10,0.6750000000010914,2017-01-23T09:00:00Z
6,2026-01-26,2017-01-23,True,11,0.7209999999995489,2017-01-23T10:00:00Z
6,2026-01-26,2017-01-23,True,12,0.933999999999287,2017-01-23T11:00:00Z
6,2026-01-26,2017-01-23,True,13,1.2100000000000364,2017-01-23T12:00:00Z
6,2026-01-26,2017-01-23,True,14,1.147000000000844,2017-01-23T13:00:00Z
6,2026-01-26,2017-01-23,True,15,1.0379999999986467,2017-01-23T14:00:00Z
6,2026-01-26,2017-01-23,True,16,1.1350000000002183,2017-01-23T15:00:00Z
6,2026-01-26,2017-01-23,True,17,0.7150000000001455,2017-01-23T16:00:00Z
6,2026-01-26,2017-01-23,True,18,0.8599999999996726,2017-01-23T17:00:00Z
6,2026-01-26,2017-01-23,True,19,0.9550000000008367,2017-01-23T18:00:00Z
6,2026-01-26,2017-01-23,True,20,0.8350000000000364,2017-01-23T19:00:00Z
6,2026-01-26,2017-01-23,True,21,0.6749999999992724,2017-01-23T20:00:00Z
6,2026-01-26,2017-01-23,True,22,0.6050000000004729,2017-01-23T21:00:00Z
6,2026-01-26,2017-01-23,True,23,0.8800000000001091,2017-01-23T22:00:00Z
6,2026-01-27,2017-01-24,True,0,0.6599999999998545,2017-01-23T23:00:00Z
6,2026-01-27,2017-01-24,True,1,0.3899999999994179,2017-01-24T00:00:00Z
6,2026-01-27,2017-01-24,True,2,0.2900000000008731,2017-01-24T01:00:00Z
6,2026-01-27,2017-01-24,True,3,0.339999999999236,2017-01-24T02:00:00Z
6,2026-01-27,2017-01-24,True,4,0.3850000000002183,2017-01-24T03:00:00Z
6,2026-01-27,2017-01-24,True,5,0.32999999999992724,2017-01-24T04:00:00Z
6,2026-01-27,2017-01-24,True,6,0.29500000000007276,2017-01-24T05:00:00Z
6,2026-01-27,2017-01-24,True,7,0.29500000000007276,2017-01-24T06:00:00Z
6,2026-01-27,2017-01-24,True,8,0.8850000000002183,2017-01-24T07:00:00Z
6,2026-01-27,2017-01-24,True,9,0.6700000000000728,2017-01-24T08:00:00Z
6,2026-01-27,2017-01-24,True,10,0.5349999999998545,2017-01-24T09:00:00Z
6,2026-01-27,2017-01-24,True,11,0.5210000000006403,2017-01-24T10:00:00Z
6,2026-01-27,2017-01-24,True,12,0.7950000000009823,2017-01-24T11:00:00Z
6,2026-01-27,2017-01-24,True,13,1.4799999999995634,2017-01-24T12:00:00Z
6,2026-01-27,2017-01-24,True,14,0.7399999999997817,2017-01-24T13:00:00Z
6,2026-01-27,2017-01-24,True,15,1.0450000000000728,2017-01-24T14:00:00Z
6,2026-01-27,2017-01-24,True,16,0.8150000000005093,2017-01-24T15:00:00Z
6,2026-01-27,2017-01-24,True,17,0.9849999999996726,2017-01-24T16:00:00Z
6,2026-01-27,2017-01-24,True,18,1.4049999999997453,2017-01-24T17:00:00Z
6,2026-01-27,2017-01-24,True,19,1.055000000000291,2017-01-24T18:00:00Z
6,2026-01-27,2017-01-24,True,20,0.7750000000005457,2017-01-24T19:00:00Z
6,2026-01-27,2017-01-24,True,21,0.5999999999994543,2017-01-24T20:00:00Z
6,2026-01-27,2017-01-24,True,22,0.42000000000007276,2017-01-24T21:00:00Z
6,2026-01-27,2017-01-24,True,23,0.48000000000047294,2017-01-24T22:00:00Z
6,2026-01-28,2017-01-25,True,0,0.5949999999993452,2017-01-24T23:00:00Z
6,2026-01-28,2017-01-25,True,1,0.7650000000003274,2017-01-25T00:00:00Z
6,2026-01-28,2017-01-25,True,2,0.4899999999997817,2017-01-25T01:00:00Z
6,2026-01-28,2017-01-25,True,3,0.3150000000005093,2017-01-25T02:00:00Z
6,2026-01-28,2017-01-25,True,4,0.24499999999989086,2017-01-25T03:00:00Z
6,2026-01-28,2017-01-25,True,5,0.4849999999996726,2017-01-25T04:00:00Z
6,2026-01-28,2017-01-25,True,6,0.34500000000025466,2017-01-25T05:00:00Z
6,2026-01-28,2017-01-25,True,7,0.2899999999999636,2017-01-25T06:00:00Z
6,2026-01-28,2017-01-25,True,8,0.25,2017-01-25T07:00:00Z
6,2026-01-28,2017-01-25,True,9,0.569999999999709,2017-01-25T08:00:00Z
6,2026-01-28,2017-01-25,True,10,0.3889999999983047,2017-01-25T09:00:00Z
6,2026-01-28,2017-01-25,True,11,0.3460000000004584,2017-01-25T10:00:00Z
6,2026-01-28,2017-01-25,True,12,0.9400000000014188,2017-01-25T11:00:00Z
6,2026-01-28,2017-01-25,True,13,0.9039999999995416,2017-01-25T12:00:00Z
6,2026-01-28,2017-01-25,True,14,0.6200000000008004,2017-01-25T13:00:00Z
6,2026-01-28,2017-01-25,True,15,1.049999999998363,2017-01-25T14:00:00Z
6,2026-01-28,2017-01-25,True,16,0.7849999999998545,2017-01-25T15:00:00Z
6,2026-01-28,2017-01-25,True,17,0.8549999999995634,2017-01-25T16:00:00Z
6,2026-01-28,2017-01-25,True,18,1.3150000000005093,2017-01-25T17:00:00Z
6,2026-01-28,2017-01-25,True,19,0.8450000000002547,2017-01-25T18:00:00Z
6,2026-01-28,2017-01-25,True,20,0.9949999999998909,2017-01-25T19:00:00Z
6,2026-01-28,2017-01-25,True,21,0.8800000000001091,2017-01-25T20:00:00Z
6,2026-01-28,2017-01-25,True,22,1.1099999999996726,2017-01-25T21:00:00Z
6,2026-01-28,2017-01-25,True,23,0.8850000000002183,2017-01-25T22:00:00Z
6,2026-01-29,2017-01-26,True,0,0.6399999999994179,2017-01-25T23:00:00Z
6,2026-01-29,2017-01-26,True,1,0.42000000000007276,2017-01-26T00:00:00Z
6,2026-01-29,2017-01-26,True,2,0.2650000000003274,2017-01-26T01:00:00Z
6,2026-01-29,2017-01-26,True,3,0.5050000000001091,2017-01-26T02:00:00Z
6,2026-01-29,2017-01-26,True,4,0.2649999999994179,2017-01-26T03:00:00Z
6,2026-01-29,2017-01-26,True,5,0.30500000000029104,2017-01-26T04:00:00Z
6,2026-01-29,2017-01-26,True,6,0.4600000000000364,2017-01-26T05:00:00Z
6,2026-01-29,2017-01-26,True,7,0.4350000000004002,2017-01-26T06:00:00Z
6,2026-01-29,2017-01-26,True,8,0.5099999999993088,2017-01-26T07:00:00Z
6,2026-01-29,2017-01-26,True,9,0.6570000000010623,2017-01-26T08:00:00Z
6,2026-01-29,2017-01-26,True,10,0.48799999999937427,2017-01-26T09:00:00Z
6,2026-01-29,2017-01-26,True,11,0.4860000000007858,2017-01-26T10:00:00Z
6,2026-01-29,2017-01-26,True,12,0.5859999999993306,2017-01-26T11:00:00Z
6,2026-01-29,2017-01-26,True,13,1.3690000000015061,2017-01-26T12:00:00Z
6,2026-01-29,2017-01-26,True,14,0.9899999999988722,2017-01-26T13:00:00Z
6,2026-01-29,2017-01-26,True,15,0.9250000000001819,2017-01-26T14:00:00Z
6,2026-01-29,2017-01-26,True,16,0.805000000000291,2017-01-26T15:00:00Z
6,2026-01-29,2017-01-26,True,17,0.8999999999996362,2017-01-26T16:00:00Z
6,2026-01-29,2017-01-26,True,18,0.6700000000000728,2017-01-26T17:00:00Z
6,2026-01-29,2017-01-26,True,19,0.6599999999998545,2017-01-26T18:00:00Z
6,2026-01-29,2017-01-26,True,20,0.6500000000005457,2017-01-26T19:00:00Z
6,2026-01-29,2017-01-26,True,21,0.5999999999994543,2017-01-26T20:00:00Z
6,2026-01-29,2017-01-26,True,22,0.6900000000005093,2017-01-26T21:00:00Z
6,2026-01-29,2017-01-26,True,23,0.7899999999999636,2017-01-26T22:00:00Z
6,2026-01-30,2017-01-27,True,0,0.7199999999993452,2017-01-26T23:00:00Z
6,2026-01-30,2017-01-27,True,1,0.555000000000291,2017-01-27T00:00:00Z
6,2026-01-30,2017-01-27,True,2,0.4250000000001819,2017-01-27T01:00:00Z
6,2026-01-30,2017-01-27,True,3,0.5050000000001091,2017-01-27T02:00:00Z
6,2026-01-30,2017-01-27,True,4,0.3249999999998181,2017-01-27T03:00:00Z
6,2026-01-30,2017-01-27,True,5,0.39499999999952706,2017-01-27T04:00:00Z
6,2026-01-30,2017-01-27,True,6,0.4850000000005821,2017-01-27T05:00:00Z
6,2026-01-30,2017-01-27,True,7,0.38000000000010914,2017-01-27T06:00:00Z
6,2026-01-30,2017-01-27,True,8,0.47999999999956344,2017-01-27T07:00:00Z
6,2026-01-30,2017-01-27,True,9,0.6610000000000582,2017-01-27T08:00:00Z
6,2026-01-30,2017-01-27,True,10,0.6939999999995052,2017-01-27T09:00:00Z
6,2026-01-30,2017-01-27,True,11,1.4700000000011642,2017-01-27T10:00:00Z
6,2026-01-30,2017-01-27,True,12,3.009999999999309,2017-01-27T11:00:00Z
6,2026-01-30,2017-01-27,True,13,5.225000000000364,2017-01-27T12:00:00Z
6,2026-01-30,2017-01-27,True,14,5.274999999999636,2017-01-27T13:00:00Z
6,2026-01-30,2017-01-27,True,15,3.8299999999999272,2017-01-27T14:00:00Z
6,2026-01-30,2017-01-27,True,16,0.7750000000005457,2017-01-27T15:00:00Z
6,2026-01-30,2017-01-27,True,17,1.2599999999993088,2017-01-27T16:00:00Z
6,2026-01-30,2017-01-27,True,18,0.5900000000001455,2017-01-27T17:00:00Z
6,2026-01-30,2017-01-27,True,19,1.0150000000003274,2017-01-27T18:00:00Z
6,2026-01-30,2017-01-27,True,20,0.8999999999996362,2017-01-27T19:00:00Z
6,2026-01-30,2017-01-27,True,21,0.8650000000006912,2017-01-27T20:00:00Z
6,2026-01-30,2017-01-27,True,22,0.4599999999991269,2017-01-27T21:00:00Z
6,2026-01-30,2017-01-27,True,23,0.4900000000006912,2017-01-27T22:00:00Z
6,2026-01-31,2017-01-28,True,0,0.6199999999998909,2017-01-27T23:00:00Z
6,2026-01-31,2017-01-28,True,1,0.3149999999995998,2017-01-28T00:00:00Z
6,2026-01-31,2017-01-28,True,2,0.3000000000001819,2017-01-28T01:00:00Z
6,2026-01-31,2017-01-28,True,3,0.2250000000003638,2017-01-28T02:00:00Z
6,2026-01-31,2017-01-28,True,4,0.40499999999974534,2017-01-28T03:00:00Z
6,2026-01-31,2017-01-28,True,5,0.39499999999952706,2017-01-28T04:00:00Z
6,2026-01-31,2017-01-28,True,6,0.37000000000080036,2017-01-28T05:00:00Z
6,2026-01-31,2017-01-28,True,7,0.32999999999992724,2017-01-28T06:00:00Z
6,2026-01-31,2017-01-28,True,8,0.42000000000007276,2017-01-28T07:00:00Z
6,2026-01-31,2017-01-28,True,9,1.1649999999990541,2017-01-28T08:00:00Z
6,2026-01-31,2017-01-28,True,10,2.615000000000691,2017-01-28T09:00:00Z
6,2026-01-31,2017-01-28,True,11,4.719999999999345,2017-01-28T10:00:00Z
6,2026-01-31,2017-01-28,True,12,5.595000000001164,2017-01-28T11:00:00Z
6,2026-01-31,2017-01-28,True,13,6.184999999999491,2017-01-28T12:00:00Z
6,2026-01-31,2017-01-28,True,14,5.515000000000327,2017-01-28T13:00:00Z
6,2026-01-31,2017-01-28,True,15,4.453999999998814,2017-01-28T14:00:00Z
6,2026-01-31,2017-01-28,True,16,1.9860000000007858,2017-01-28T15:00:00Z
6,2026-01-31,2017-01-28,True,17,1.1000000000003638,2017-01-28T16:00:00Z
6,2026-01-31,2017-01-28,True,18,1.0900000000001455,2017-01-28T17:00:00Z
6,2026-01-31,2017-01-28,True,19,1.0799999999999272,2017-01-28T18:00:00Z
6,2026-01-31,2017-01-28,True,20,0.9799999999995634,2017-01-28T19:00:00Z
6,2026-01-31,2017-01-28,True,21,1.1149999999997817,2017-01-28T20:00:00Z
6,2026-01-31,2017-01-28,True,22,0.9550000000008367,2017-01-28T21:00:00Z
6,2026-01-31,2017-01-28,True,23,0.6849999999994907,2017-01-28T22:00:00Z
6,2026-04-01,2017-04-19,True,0,0.2749999999998636,2017-04-18T22:00:00Z
6,2026-04-01,2017-04-19,True,1,0.5999999999994543,2017-04-18T23:00:00Z
6,2026-04-01,2017-04-19,True,2,0.4750000000003638,2017-04-19T00:00:00Z
6,2026-04-01,2017-04-19,True,3,0.2139999999999418,2017-04-19T01:00:00Z
6,2026-04-01,2017-04-19,True,4,0.23700000000008004,2017-04-19T02:00:00Z
6,2026-04-01,2017-04-19,True,5,0.3540000000002692,2017-04-19T03:00:00Z
6,2026-04-01,2017-04-19,True,6,0.3249999999998181,2017-04-19T04:00:00Z
6,2026-04-01,2017-04-19,True,7,0.4739999999983411,2017-04-19T05:00:00Z
6,2026-04-01,2017-04-19,True,8,0.7560000000007676,2017-04-19T06:00:00Z
6,2026-04-01,2017-04-19,True,9,0.9699999999988904,2017-04-19T07:00:00Z
6,2026-04-01,2017-04-19,True,10,0.7700000000008913,2017-04-19T08:00:00Z
6,2026-04-01,2017-04-19,True,11,2.0109999999999673,2017-04-19T09:00:00Z
6,2026-04-01,2017-04-19,True,12,0.7230000000006385,2017-04-19T10:00:00Z
6,2026-04-01,2017-04-19,True,13,2.935000000000173,2017-04-19T11:00:00Z
6,2026-04-01,2017-04-19,True,14,4.136000000000649,2017-04-19T12:00:00Z
6,2026-04-01,2017-04-19,True,15,4.489999999998872,2017-04-19T13:00:00Z
6,2026-04-01,2017-04-19,True,16,2.1159999999999854,2017-04-19T14:00:00Z
6,2026-04-01,2017-04-19,True,17,2.0950000000002547,2017-04-19T15:00:00Z
6,2026-04-01,2017-04-19,True,18,0.158999999999196,2017-04-19T16:00:00Z
6,2026-04-01,2017-04-19,True,19,0.11400000000116961,2017-04-19T17:00:00Z
6,2026-04-01,2017-04-19,True,20,2.2737367544323206e-13,2017-04-19T18:00:00Z
6,2026-04-01,2017-04-19,True,21,2.2737367544323206e-13,2017-04-19T19:00:00Z
6,2026-04-01,2017-04-19,True,22,0.09499999999979991,2017-04-19T20:00:00Z
6,2026-04-01,2017-04-19,True,23,0.7150000000001455,2017-04-19T21:00:00Z
6,2026-04-02,2017-04-27,True,0,0.680000000000291,2017-04-26T22:00:00Z
6,2026-04-02,2017-04-27,True,1,0.569999999999709,2017-04-26T23:00:00Z
6,2026-04-02,2017-04-27,True,2,0.23500000000058208,2017-04-27T00:00:00Z
6,2026-04-02,2017-04-27,True,3,0.24499999999989086,2017-04-27T01:00:00Z
6,2026-04-02,2017-04-27,True,4,0.21000000000003638,2017-04-27T02:00:00Z
6,2026-04-02,2017-04-27,True,5,0.23499999999967258,2017-04-27T03:00:00Z
6,2026-04-02,2017-04-27,True,6,0.23999999999978172,2017-04-27T04:00:00Z
6,2026-04-02,2017-04-27,True,7,0.46600000000125874,2017-04-27T05:00:00Z
6,2026-04-02,2017-04-27,True,8,0.5089999999991051,2017-04-27T06:00:00Z
6,2026-04-02,2017-04-27,True,9,0.4910000000011223,2017-04-27T07:00:00Z
6,2026-04-02,2017-04-27,True,10,0.7699999999981628,2017-04-27T08:00:00Z
6,2026-04-02,2017-04-27,True,11,0.935000000001537,2017-04-27T09:00:00Z
6,2026-04-02,2017-04-27,True,12,0.9109999999996035,2017-04-27T10:00:00Z
6,2026-04-02,2017-04-27,True,13,1.1000000000005912,2017-04-27T11:00:00Z
6,2026-04-02,2017-04-27,True,14,0.7749999999998636,2017-04-27T12:00:00Z
6,2026-04-02,2017-04-27,True,15,0.9650000000003729,2017-04-27T13:00:00Z
6,2026-04-02,2017-04-27,True,16,0.8429999999991651,2017-04-27T14:00:00Z
6,2026-04-02,2017-04-27,True,17,0.3260000000002492,2017-04-27T15:00:00Z
6,2026-04-02,2017-04-27,True,18,0.12099999999941247,2017-04-27T16:00:00Z
6,2026-04-02,2017-04-27,True,19,0.3150000000007367,2017-04-27T17:00:00Z
6,2026-04-02,2017-04-27,True,20,0.6799999999993815,2017-04-27T18:00:00Z
6,2026-04-02,2017-04-27,True,21,0.7449999999998909,2017-04-27T19:00:00Z
6,2026-04-02,2017-04-27,True,22,0.625,2017-04-27T20:00:00Z
6,2026-04-02,2017-04-27,True,23,0.6900000000005093,2017-04-27T21:00:00Z
6,2026-04-03,2017-04-28,True,0,0.6509999999998399,2017-04-27T22:00:00Z
6,2026-04-03,2017-04-28,True,1,0.4790000000002692,2017-04-27T23:00:00Z
6,2026-04-03,2017-04-28,True,2,0.2709999999997308,2017-04-28T00:00:00Z
6,2026-04-03,2017-04-28,True,3,0.24499999999989086,2017-04-28T01:00:00Z
6,2026-04-03,2017-04-28,True,4,0.2139999999999418,2017-04-28T02:00:00Z
6,2026-04-03,2017-04-28,True,5,0.22000000000025466,2017-04-28T03:00:00Z
6,2026-04-03,2017-04-28,True,6,0.3500000000003638,2017-04-28T04:00:00Z
6,2026-04-03,2017-04-28,True,7,0.4530000000004293,2017-04-28T05:00:00Z
6,2026-04-03,2017-04-28,True,8,0.6719999999995707,2017-04-28T06:00:00Z
6,2026-04-03,2017-04-28,True,9,0.543999999999869,2017-04-28T07:00:00Z
6,2026-04-03,2017-04-28,True,10,0.5269999999995889,2017-04-28T08:00:00Z
6,2026-04-03,2017-04-28,True,11,0.5680000000004384,2017-04-28T09:00:00Z
6,2026-04-03,2017-04-28,True,12,1.1840000000004238,2017-04-28T10:00:00Z
6,2026-04-03,2017-04-28,True,13,1.3509999999987485,2017-04-28T11:00:00Z
6,2026-04-03,2017-04-28,True,14,2.2310000000011314,2017-04-28T12:00:00Z
6,2026-04-03,2017-04-28,True,15,1.0749999999993634,2017-04-28T13:00:00Z
6,2026-04-03,2017-04-28,True,16,1.5789999999997235,2017-04-28T14:00:00Z
6,2026-04-03,2017-04-28,True,17,2.0750000000000455,2017-04-28T15:00:00Z
6,2026-04-03,2017-04-28,True,18,1.309999999999718,2017-04-28T16:00:00Z
6,2026-04-03,2017-04-28,True,19,0.5110000000006494,2017-04-28T17:00:00Z
6,2026-04-03,2017-04-28,True,20,0.003000000000838554,2017-04-28T18:00:00Z
6,2026-04-03,2017-04-28,True,21,0.0,2017-04-28T19:00:00Z
6,2026-04-03,2017-04-28,True,22,2.2737367544323206e-13,2017-04-28T20:00:00Z
6,2026-04-03,2017-04-28,True,23,2.2737367544323206e-13,2017-04-28T21:00:00Z
6,2026-04-04,2017-04-29,True,0,2.2737367544323206e-13,2017-04-28T22:00:00Z
6,2026-04-04,2017-04-29,True,1,0.4600000000000364,2017-04-28T23:00:00Z
6,2026-04-04,2017-04-29,True,2,0.2999999999992724,2017-04-29T00:00:00Z
6,2026-04-04,2017-04-29,True,3,0.21000000000003638,2017-04-29T01:00:00Z
6,2026-04-04,2017-04-29,True,4,0.20500000000083674,2017-04-29T02:00:00Z
6,2026-04-04,2017-04-29,True,5,0.2209999999995489,2017-04-29T03:00:00Z
6,2026-04-04,2017-04-29,True,6,0.13399999999819556,2017-04-29T04:00:00Z
6,2026-04-04,2017-04-29,True,7,0.3760000000013406,2017-04-29T05:00:00Z
6,2026-04-04,2017-04-29,True,8,0.8200000000001637,2017-04-29T06:00:00Z
6,2026-04-04,2017-04-29,True,9,2.061000000000149,2017-04-29T07:00:00Z
6,2026-04-04,2017-04-29,True,10,4.097999999998365,2017-04-29T08:00:00Z
6,2026-04-04,2017-04-29,True,11,3.6660000000008495,2017-04-29T09:00:00Z
6,2026-04-04,2017-04-29,True,12,2.4000000000005457,2017-04-29T10:00:00Z
6,2026-04-04,2017-04-29,True,13,4.298999999999751,2017-04-29T11:00:00Z
6,2026-04-04,2017-04-29,True,14,4.88100000000054,2017-04-29T12:00:00Z
6,2026-04-04,2017-04-29,True,15,5.234999999999673,2017-04-29T13:00:00Z
6,2026-04-04,2017-04-29,True,16,5.095000000000482,2017-04-29T14:00:00Z
6,2026-04-04,2017-04-29,True,17,4.734999999999673,2017-04-29T15:00:00Z
6,2026-04-04,2017-04-29,True,18,3.2299999999995634,2017-04-29T16:00:00Z
6,2026-04-04,2017-04-29,True,19,1.2399999999990996,2017-04-29T17:00:00Z
6,2026-04-04,2017-04-29,True,20,0.04399999999986903,2017-04-29T18:00:00Z
6,2026-04-04,2017-04-29,True,21,2.2737367544323206e-13,2017-04-29T19:00:00Z
6,2026-04-04,2017-04-29,True,22,4.547473508864641e-13,2017-04-29T20:00:00Z
6,2026-04-04,2017-04-29,True,23,0.0,2017-04-29T21:00:00Z
6,2026-04-05,2017-04-16,True,0,0.005000000000563887,2017-04-15T22:00:00Z
6,2026-04-05,2017-04-16,True,1,0.02999999999974534,2017-04-15T23:00:00Z
6,2026-04-05,2017-04-16,True,2,0.42000000000007276,2017-04-16T00:00:00Z
6,2026-04-05,2017-04-16,True,3,0.49499999999989086,2017-04-16T01:00:00Z
6,2026-04-05,2017-04-16,True,4,0.4350000000004002,2017-04-16T02:00:00Z
6,2026-04-05,2017-04-16,True,5,0.4099999999998545,2017-04-16T03:00:00Z
6,2026-04-05,2017-04-16,True,6,0.25500000000010914,2017-04-16T04:00:00Z
6,2026-04-05,2017-04-16,True,7,0.17999999999938154,2017-04-16T05:00:00Z
6,2026-04-05,2017-04-16,True,8,0.18099999999981264,2017-04-16T06:00:00Z
6,2026-04-05,2017-04-16,True,9,0.4539999999999509,2017-04-16T07:00:00Z
6,2026-04-05,2017-04-16,True,10,0.7900000000013279,2017-04-16T08:00:00Z
6,2026-04-05,2017-04-16,True,11,1.2139999999992597,2017-04-16T09:00:00Z
6,2026-04-05,2017-04-16,True,12,1.030999999999267,2017-04-16T10:00:00Z
6,2026-04-05,2017-04-16,True,13,0.8400000000006003,2017-04-16T11:00:00Z
6,2026-04-05,2017-04-16,True,14,0.5639999999996235,2017-04-16T12:00:00Z
6,2026-04-05,2017-04-16,True,15,0.5190000000004602,2017-04-16T13:00:00Z
6,2026-04-05,2017-04-16,True,16,0.4079999999996744,2017-04-16T14:00:00Z
6,2026-04-05,2017-04-16,True,17,0.38800000000105683,2017-04-16T15:00:00Z
6,2026-04-05,2017-04-16,True,18,0.10599999999908505,2017-04-16T16:00:00Z
6,2026-04-05,2017-04-16,True,19,0.6489999999987504,2017-04-16T17:00:00Z
6,2026-04-05,2017-04-16,True,20,0.2860000000000582,2017-04-16T18:00:00Z
6,2026-04-05,2017-04-16,True,21,0.22400000000016007,2017-04-16T19:00:00Z
6,2026-04-05,2017-04-16,True,22,0.23000000000047294,2017-04-16T20:00:00Z
6,2026-04-05,2017-04-16,True,23,0.2249999999994543,2017-04-16T21:00:00Z
6,2026-04-06,2017-04-26,False,0,0.6300000000001091,2017-04-25T22:00:00Z
6,2026-04-06,2017-04-26,False,1,0.6350000000002183,2017-04-25T23:00:00Z
6,2026-04-06,2017-04-26,False,2,0.47000000000025466,2017-04-26T00:00:00Z
6,2026-04-06,2017-04-26,False,3,0.4149999999999636,2017-04-26T01:00:00Z
6,2026-04-06,2017-04-26,False,4,0.35499999999956344,2017-04-26T02:00:00Z
6,2026-04-06,2017-04-26,False,5,0.3900000000003274,2017-04-26T03:00:00Z
6,2026-04-06,2017-04-26,False,6,0.3400000000001455,2017-04-26T04:00:00Z
6,2026-04-06,2017-04-26,False,7,0.43999999999778083,2017-04-26T05:00:00Z
6,2026-04-06,2017-04-26,False,8,0.4510000000018408,2017-04-26T06:00:00Z
6,2026-04-06,2017-04-26,False,9,0.34500000000025466,2017-04-26T07:00:00Z
6,2026-04-06,2017-04-26,False,10,0.3239999999987049,2017-04-26T08:00:00Z
6,2026-04-06,2017-04-26,False,11,0.14700000000107138,2017-04-26T09:00:00Z
6,2026-04-06,2017-04-26,False,12,0.673999999999296,2017-04-26T10:00:00Z
6,2026-04-06,2017-04-26,False,13,0.5860000000004675,2017-04-26T11:00:00Z
6,2026-04-06,2017-04-26,False,14,0.37899999999854117,2017-04-26T12:00:00Z
6,2026-04-06,2017-04-26,False,15,0.5560000000011769,2017-04-26T13:00:00Z
6,2026-04-06,2017-04-26,False,16,0.5040000000010423,2017-04-26T14:00:00Z
6,2026-04-06,2017-04-26,False,17,0.9399999999998272,2017-04-26T15:00:00Z
6,2026-04-06,2017-04-26,False,18,0.6659999999983484,2017-04-26T16:00:00Z
6,2026-04-06,2017-04-26,False,19,0.6030000000000655,2017-04-26T17:00:00Z
6,2026-04-06,2017-04-26,False,20,0.6000000000003638,2017-04-26T18:00:00Z
6,2026-04-06,2017-04-26,False,21,0.5399999999999636,2017-04-26T19:00:00Z
6,2026-04-06,2017-04-26,False,22,0.6509999999998399,2017-04-26T20:00:00Z
6,2026-04-06,2017-04-26,False,23,0.7089999999998327,2017-04-26T21:00:00Z
6,2026-07-01,2016-07-13,True,0,0.49000000000023647,2016-07-12T22:00:00Z
6,2026-07-01,2016-07-13,True,1,0.4499999999998181,2016-07-12T23:00:00Z
6,2026-07-01,2016-07-13,True,2,0.4450000000001637,2016-07-13T00:00:00Z
6,2026-07-01,2016-07-13,True,3,0.23999999999978172,2016-07-13T01:00:00Z
6,2026-07-01,2016-07-13,True,4,0.30500000000029104,2016-07-13T02:00:00Z
6,2026-07-01,2016-07-13,True,5,0.375,2016-07-13T03:00:00Z
6,2026-07-01,2016-07-13,True,6,0.1610000000001719,2016-07-13T04:00:00Z
6,2026-07-01,2016-07-13,True,7,0.6040000000000418,2016-07-13T05:00:00Z
6,2026-07-01,2016-07-13,True,8,1.054999999999609,2016-07-13T06:00:00Z
6,2026-07-01,2016-07-13,True,9,1.7999999999999545,2016-07-13T07:00:00Z
6,2026-07-01,2016-07-13,True,10,1.3599999999996726,2016-07-13T08:00:00Z
6,2026-07-01,2016-07-13,True,11,1.3940000000004602,2016-07-13T09:00:00Z
6,2026-07-01,2016-07-13,True,12,1.6109999999998763,2016-07-13T10:00:00Z
6,2026-07-01,2016-07-13,True,13,0.9540000000000646,2016-07-13T11:00:00Z
6,2026-07-01,2016-07-13,True,14,1.0600000000002865,2016-07-13T12:00:00Z
6,2026-07-01,2016-07-13,True,15,0.5760000000003629,2016-07-13T13:00:00Z
6,2026-07-01,2016-07-13,True,16,0.5149999999996453,2016-07-13T14:00:00Z
6,2026-07-01,2016-07-13,True,17,0.17000000000007276,2016-07-13T15:00:00Z
6,2026-07-01,2016-07-13,True,18,0.06000000000040018,2016-07-13T16:00:00Z
6,2026-07-01,2016-07-13,True,19,0.07999999999901775,2016-07-13T17:00:00Z
6,2026-07-01,2016-07-13,True,20,0.020000000000436557,2016-07-13T18:00:00Z
6,2026-07-01,2016-07-13,True,21,0.009999999999763531,2016-07-13T19:00:00Z
6,2026-07-01,2016-07-13,True,22,0.20499999999992724,2016-07-13T20:00:00Z
6,2026-07-01,2016-07-13,True,23,0.7900000000004184,2016-07-13T21:00:00Z
6,2026-07-02,2017-07-06,True,0,0.0,2017-07-05T22:00:00Z
6,2026-07-02,2017-07-06,True,1,0.0,2017-07-05T23:00:00Z
6,2026-07-02,2017-07-06,True,2,0.0,2017-07-06T00:00:00Z
6,2026-07-02,2017-07-06,True,3,4.547473508864641e-13,2017-07-06T01:00:00Z
6,2026-07-02,2017-07-06,True,4,0.0,2017-07-06T02:00:00Z
6,2026-07-02,2017-07-06,True,5,0.0,2017-07-06T03:00:00Z
6,2026-07-02,2017-07-06,True,6,0.07100000000082218,2017-07-06T04:00:00Z
6,2026-07-02,2017-07-06,True,7,0.21599999999762076,2017-07-06T05:00:00Z
6,2026-07-02,2017-07-06,True,8,0.5630000000014661,2017-07-06T06:00:00Z
6,2026-07-02,2017-07-06,True,9,1.6970000000001164,2017-07-06T07:00:00Z
6,2026-07-02,2017-07-06,True,10,0.6049999999995634,2017-07-06T08:00:00Z
6,2026-07-02,2017-07-06,True,11,1.6200000000008004,2017-07-06T09:00:00Z
6,2026-07-02,2017-07-06,True,12,2.539999999999054,2017-07-06T10:00:00Z
6,2026-07-02,2017-07-06,True,13,4.844000000000051,2017-07-06T11:00:00Z
6,2026-07-02,2017-07-06,True,14,4.3449999999998,2017-07-06T12:00:00Z
6,2026-07-02,2017-07-06,True,15,3.8800000000010186,2017-07-06T13:00:00Z
6,2026-07-02,2017-07-06,True,16,3.9099999999993997,2017-07-06T14:00:00Z
6,2026-07-02,2017-07-06,True,17,3.5039999999994507,2017-07-06T15:00:00Z
6,2026-07-02,2017-07-06,True,18,2.8510000000010223,2017-07-06T16:00:00Z
6,2026-07-02,2017-07-06,True,19,1.5150000000003274,2017-07-06T17:00:00Z
6,2026-07-02,2017-07-06,True,20,0.21899999999914144,2017-07-06T18:00:00Z
6,2026-07-02,2017-07-06,True,21,0.0,2017-07-06T19:00:00Z
6,2026-07-02,2017-07-06,True,22,0.010000000000218279,2017-07-06T20:00:00Z
6,2026-07-02,2017-07-06,True,23,0.0,2017-07-06T21:00:00Z
6,2026-07-03,2016-07-01,True,0,0.004999999999768079,2016-06-30T22:00:00Z
6,2026-07-03,2016-07-01,True,1,0.005000000000222826,2016-06-30T23:00:00Z
6,2026-07-03,2016-07-01,True,2,0.0,2016-07-01T00:00:00Z
6,2026-07-03,2016-07-01,True,3,2.2737367544323206e-13,2016-07-01T01:00:00Z
6,2026-07-03,2016-07-01,True,4,0.0,2016-07-01T02:00:00Z
6,2026-07-03,2016-07-01,True,5,0.0,2016-07-01T03:00:00Z
6,2026-07-03,2016-07-01,True,6,0.1229999999999336,2016-07-01T04:00:00Z
6,2026-07-03,2016-07-01,True,7,0.6460000000006403,2016-07-01T05:00:00Z
6,2026-07-03,2016-07-01,True,8,1.1099999999994452,2016-07-01T06:00:00Z
6,2026-07-03,2016-07-01,True,9,1.4850000000001273,2016-07-01T07:00:00Z
6,2026-07-03,2016-07-01,True,10,3.3599999999999,2016-07-01T08:00:00Z
6,2026-07-03,2016-07-01,True,11,2.299000000000092,2016-07-01T09:00:00Z
6,2026-07-03,2016-07-01,True,12,2.810000000000514,2016-07-01T10:00:00Z
6,2026-07-03,2016-07-01,True,13,3.3909999999997353,2016-07-01T11:00:00Z
6,2026-07-03,2016-07-01,True,14,4.069999999999595,2016-07-01T12:00:00Z
6,2026-07-03,2016-07-01,True,15,4.435000000000173,2016-07-01T13:00:00Z
6,2026-07-03,2016-07-01,True,16,4.429000000000087,2016-07-01T14:00:00Z
6,2026-07-03,2016-07-01,True,17,3.8460000000000036,2016-07-01T15:00:00Z
6,2026-07-03,2016-07-01,True,18,2.520000000000209,2016-07-01T16:00:00Z
6,2026-07-03,2016-07-01,True,19,1.2900000000000773,2016-07-01T17:00:00Z
6,2026-07-03,2016-07-01,True,20,0.21599999999966712,2016-07-01T18:00:00Z
6,2026-07-03,2016-07-01,True,21,0.010000000000218279,2016-07-01T19:00:00Z
6,2026-07-03,2016-07-01,True,22,0.0,2016-07-01T20:00:00Z
6,2026-07-03,2016-07-01,True,23,2.2737367544323206e-13,2016-07-01T21:00:00Z
6,2026-07-04,2016-07-03,False,0,0.5700000000001637,2016-07-02T22:00:00Z
6,2026-07-04,2016-07-03,False,1,0.5299999999997453,2016-07-02T23:00:00Z
6,2026-07-04,2016-07-03,False,2,0.41500000000041837,2016-07-03T00:00:00Z
6,2026-07-04,2016-07-03,False,3,0.3449999999997999,2016-07-03T01:00:00Z
6,2026-07-04,2016-07-03,False,4,0.31500000000005457,2016-07-03T02:00:00Z
6,2026-07-04,2016-07-03,False,5,0.2899999999999636,2016-07-03T03:00:00Z
6,2026-07-04,2016-07-03,False,6,0.21099999999978536,2016-07-03T04:00:00Z
6,2026-07-04,2016-07-03,False,7,0.31300000000032924,2016-07-03T05:00:00Z
6,2026-07-04,2016-07-03,False,8,1.07200000000023,2016-07-03T06:00:00Z
6,2026-07-04,2016-07-03,False,9,1.9299999999997226,2016-07-03T07:00:00Z
6,2026-07-04,2016-07-03,False,10,2.45900000000006,2016-07-03T08:00:00Z
6,2026-07-04,2016-07-03,False,11,2.8559999999996535,2016-07-03T09:00:00Z
6,2026-07-04,2016-07-03,False,12,2.939000000000192,2016-07-03T10:00:00Z
6,2026-07-04,2016-07-03,False,13,3.446000000000481,2016-07-03T11:00:00Z
6,2026-07-04,2016-07-03,False,14,3.614999999999327,2016-07-03T12:00:00Z
6,2026-07-04,2016-07-03,False,15,4.9699999999998,2016-07-03T13:00:00Z
6,2026-07-04,2016-07-03,False,16,4.850000000000136,2016-07-03T14:00:00Z
6,2026-07-04,2016-07-03,False,17,2.6049999999999045,2016-07-03T15:00:00Z
6,2026-07-04,2016-07-03,False,18,2.7000000000005002,2016-07-03T16:00:00Z
6,2026-07-04,2016-07-03,False,19,1.6399999999996453,2016-07-03T17:00:00Z
6,2026-07-04,2016-07-03,False,20,0.13500000000021828,2016-07-03T18:00:00Z
6,2026-07-04,2016-07-03,False,21,2.2737367544323206e-13,2016-07-03T19:00:00Z
6,2026-07-04,2016-07-03,False,22,0.0,2016-07-03T20:00:00Z
6,2026-07-04,2016-07-03,False,23,2.2737367544323206e-13,2016-07-03T21:00:00Z
6,2026-07-05,2016-07-05,False,0,2.2737367544323206e-13,2016-07-04T22:00:00Z
6,2026-07-05,2016-07-05,False,1,0.0,2016-07-04T23:00:00Z
6,2026-07-05,2016-07-05,False,2,2.2737367544323206e-13,2016-07-05T00:00:00Z
6,2026-07-05,2016-07-05,False,3,0.009999999999763531,2016-07-05T01:00:00Z
6,2026-07-05,2016-07-05,False,4,2.2737367544323206e-13,2016-07-05T02:00:00Z
6,2026-07-05,2016-07-05,False,5,0.0,2016-07-05T03:00:00Z
6,2026-07-05,2016-07-05,False,6,0.10000000000013642,2016-07-05T04:00:00Z
6,2026-07-05,2016-07-05,False,7,0.31999999999993634,2016-07-05T05:00:00Z
6,2026-07-05,2016-07-05,False,8,0.8059999999993579,2016-07-05T06:00:00Z
6,2026-07-05,2016-07-05,False,9,2.144999999999868,2016-07-05T07:00:00Z
6,2026-07-05,2016-07-05,False,10,2.269000000000233,2016-07-05T08:00:00Z
6,2026-07-05,2016-07-05,False,11,1.370999999999981,2016-07-05T09:00:00Z
6,2026-07-05,2016-07-05,False,12,2.250000000000341,2016-07-05T10:00:00Z
6,2026-07-05,2016-07-05,False,13,3.2600000000005593,2016-07-05T11:00:00Z
6,2026-07-05,2016-07-05,False,14,3.484999999999445,2016-07-05T12:00:00Z
6,2026-07-05,2016-07-05,False,15,3.8600000000003547,2016-07-05T13:00:00Z
6,2026-07-05,2016-07-05,False,16,4.368999999999687,2016-07-05T14:00:00Z
6,2026-07-05,2016-07-05,False,17,4.015999999999622,2016-07-05T15:00:00Z
6,2026-07-05,2016-07-05,False,18,3.305000000000746,2016-07-05T16:00:00Z
6,2026-07-05,2016-07-05,False,19,1.4259999999997035,2016-07-05T17:00:00Z
6,2026-07-05,2016-07-05,False,20,0.33900000000028285,2016-07-05T18:00:00Z
6,2026-07-05,2016-07-05,False,21,0.0,2016-07-05T19:00:00Z
6,2026-07-05,2016-07-05,False,22,2.2737367544323206e-13,2016-07-05T20:00:00Z
6,2026-07-05,2016-07-05,False,23,0.0,2016-07-05T21:00:00Z
6,2026-07-06,2017-07-31,True,0,0.0,2017-07-30T22:00:00Z
6,2026-07-06,2017-07-31,True,1,0.0,2017-07-30T23:00:00Z
6,2026-07-06,2017-07-31,True,2,0.03000000000020009,2017-07-31T00:00:00Z
6,2026-07-06,2017-07-31,True,3,0.2749999999996362,2017-07-31T01:00:00Z
6,2026-07-06,2017-07-31,True,4,0.30600000000049477,2017-07-31T02:00:00Z
6,2026-07-06,2017-07-31,True,5,0.31899999999950523,2017-07-31T03:00:00Z
6,2026-07-06,2017-07-31,True,6,0.20499999999992724,2017-07-31T04:00:00Z
6,2026-07-06,2017-07-31,True,7,0.41000000000030923,2017-07-31T05:00:00Z
6,2026-07-06,2017-07-31,True,8,0.6130000000007385,2017-07-31T06:00:00Z
6,2026-07-06,2017-07-31,True,9,1.6959999999980937,2017-07-31T07:00:00Z
6,2026-07-06,2017-07-31,True,10,0.805000000000291,2017-07-31T08:00:00Z
6,2026-07-06,2017-07-31,True,11,3.020999999999731,2017-07-31T09:00:00Z
6,2026-07-06,2017-07-31,True,12,3.699000000000069,2017-07-31T10:00:00Z
6,2026-07-06,2017-07-31,True,13,3.43900000000167,2017-07-31T11:00:00Z
6,2026-07-06,2017-07-31,True,14,1.9809999999993124,2017-07-31T12:00:00Z
6,2026-07-06,2017-07-31,True,15,0.6639999999993051,2017-07-31T13:00:00Z
6,2026-07-06,2017-07-31,True,16,0.9910000000008949,2017-07-31T14:00:00Z
6,2026-07-06,2017-07-31,True,17,2.165000000000873,2017-07-31T15:00:00Z
6,2026-07-06,2017-07-31,True,18,1.8700000000003456,2017-07-31T16:00:00Z
6,2026-07-06,2017-07-31,True,19,1.2589999999977408,2017-07-31T17:00:00Z
6,2026-07-06,2017-07-31,True,20,0.20100000000138607,2017-07-31T18:00:00Z
6,2026-07-06,2017-07-31,True,21,0.01099999999951251,2017-07-31T19:00:00Z
6,2026-07-06,2017-07-31,True,22,0.0,2017-07-31T20:00:00Z
6,2026-07-06,2017-07-31,True,23,4.547473508864641e-13,2017-07-31T21:00:00Z
6,2026-07-07,2016-07-12,True,0,0.0,2016-07-11T22:00:00Z
6,2026-07-07,2016-07-12,True,1,0.17000000000007276,2016-07-11T23:00:00Z
6,2026-07-07,2016-07-12,True,2,0.375,2016-07-12T00:00:00Z
6,2026-07-07,2016-07-12,True,3,0.24000000000023647,2016-07-12T01:00:00Z
6,2026-07-07,2016-07-12,True,4,0.24499999999989086,2016-07-12T02:00:00Z
6,2026-07-07,2016-07-12,True,5,0.2699999999999818,2016-07-12T03:00:00Z
6,2026-07-07,2016-07-12,True,6,0.2199999999997999,2016-07-12T04:00:00Z
6,2026-07-07,2016-07-12,True,7,0.13000000000010914,2016-07-12T05:00:00Z
6,2026-07-07,2016-07-12,True,8,0.4860000000001037,2016-07-12T06:00:00Z
6,2026-07-07,2016-07-12,True,9,0.8599999999994452,2016-07-12T07:00:00Z
6,2026-07-07,2016-07-12,True,10,2.2900000000003047,2016-07-12T08:00:00Z
6,2026-07-07,2016-07-12,True,11,1.3820000000002892,2016-07-12T09:00:00Z
6,2026-07-07,2016-07-12,True,12,0.4179999999996653,2016-07-12T10:00:00Z
6,2026-07-07,2016-07-12,True,13,0.8500000000005912,2016-07-12T11:00:00Z
6,2026-07-07,2016-07-12,True,14,0.5799999999996999,2016-07-12T12:00:00Z
6,2026-07-07,2016-07-12,True,15,0.6799999999996089,2016-07-12T13:00:00Z
6,2026-07-07,2016-07-12,True,16,0.45400000000040563,2016-07-12T14:00:00Z
6,2026-07-07,2016-07-12,True,17,0.19600000000014006,2016-07-12T15:00:00Z
6,2026-07-07,2016-07-12,True,18,0.2139999999999418,2016-07-12T16:00:00Z
6,2026-07-07,2016-07-12,True,19,0.12099999999986721,2016-07-12T17:00:00Z
6,2026-07-07,2016-07-12,True,20,0.42499999999972715,2016-07-12T18:00:00Z
6,2026-07-07,2016-07-12,True,21,0.6849999999999454,2016-07-12T19:00:00Z
6,2026-07-07,2016-07-12,True,22,1.050000000000182,2016-07-12T20:00:00Z
6,2026-07-07,2016-07-12,True,23,1.0649999999995998,2016-07-12T21:00:00Z
6,2026-07-08,2017-07-19,True,0,0.0,2017-07-18T22:00:00Z
6,2026-07-08,2017-07-19,True,1,0.0,2017-07-18T23:00:00Z
6,2026-07-08,2017-07-19,True,2,0.0,2017-07-19T00:00:00Z
6,2026-07-08,2017-07-19,True,3,0.0,2017-07-19T01:00:00Z
6,2026-07-08,2017-07-19,True,4,0.0,2017-07-19T02:00:00Z
6,2026-07-08,2017-07-19,True,5,0.0,2017-07-19T03:00:00Z
6,2026-07-08,2017-07-19,True,6,0.08000000000038199,2017-07-19T04:00:00Z
6,2026-07-08,2017-07-19,True,7,0.23499999999830834,2017-07-19T05:00:00Z
6,2026-07-08,2017-07-19,True,8,0.8490000000006148,2017-07-19T06:00:00Z
6,2026-07-08,2017-07-19,True,9,1.676999999999225,2017-07-19T07:00:00Z
6,2026-07-08,2017-07-19,True,10,3.289000000001579,2017-07-19T08:00:00Z
6,2026-07-08,2017-07-19,True,11,1.7709999999988213,2017-07-19T09:00:00Z
6,2026-07-08,2017-07-19,True,12,2.5550000000012005,2017-07-19T10:00:00Z
6,2026-07-08,2017-07-19,True,13,3.844999999999345,2017-07-19T11:00:00Z
6,2026-07-08,2017-07-19,True,14,3.540000000000873,2017-07-19T12:00:00Z
6,2026-07-08,2017-07-19,True,15,2.875,2017-07-19T13:00:00Z
6,2026-07-08,2017-07-19,True,16,3.9600000000000364,2017-07-19T14:00:00Z
6,2026-07-08,2017-07-19,True,17,3.2399999999997817,2017-07-19T15:00:00Z
6,2026-07-08,2017-07-19,True,18,1.4529999999986103,2017-07-19T16:00:00Z
6,2026-07-08,2017-07-19,True,19,0.3100000000004002,2017-07-19T17:00:00Z
6,2026-07-08,2017-07-19,True,20,0.02200000000084401,2017-07-19T18:00:00Z
6,2026-07-08,2017-07-19,True,21,0.0,2017-07-19T19:00:00Z
6,2026-07-08,2017-07-19,True,22,4.547473508864641e-13,2017-07-19T20:00:00Z
6,2026-07-08,2017-07-19,True,23,0.0,2017-07-19T21:00:00Z
6,2026-07-09,2016-07-07,True,0,0.0,2016-07-06T22:00:00Z
6,2026-07-09,2016-07-07,True,1,0.009999999999990905,2016-07-06T23:00:00Z
6,2026-07-09,2016-07-07,True,2,0.0,2016-07-07T00:00:00Z
6,2026-07-09,2016-07-07,True,3,2.2737367544323206e-13,2016-07-07T01:00:00Z
6,2026-07-09,2016-07-07,True,4,0.009999999999990905,2016-07-07T02:00:00Z
6,2026-07-09,2016-07-07,True,5,0.0,2016-07-07T03:00:00Z
6,2026-07-09,2016-07-07,True,6,0.05499999999983629,2016-07-07T04:00:00Z
6,2026-07-09,2016-07-07,True,7,0.2909999999997126,2016-07-07T05:00:00Z
6,2026-07-09,2016-07-07,True,8,0.6499999999999773,2016-07-07T06:00:00Z
6,2026-07-09,2016-07-07,True,9,1.7950000000003001,2016-07-07T07:00:00Z
6,2026-07-09,2016-07-07,True,10,1.359000000000151,2016-07-07T08:00:00Z
6,2026-07-09,2016-07-07,True,11,1.6109999999998763,2016-07-07T09:00:00Z
6,2026-07-09,2016-07-07,True,12,2.8600000000001273,2016-07-07T10:00:00Z
6,2026-07-09,2016-07-07,True,13,3.6899999999996,2016-07-07T11:00:00Z
6,2026-07-09,2016-07-07,True,14,3.8640000000001464,2016-07-07T12:00:00Z
6,2026-07-09,2016-07-07,True,15,4.205000000000268,2016-07-07T13:00:00Z
6,2026-07-09,2016-07-07,True,16,4.185000000000173,2016-07-07T14:00:00Z
6,2026-07-09,2016-07-07,True,17,4.000999999999294,2016-07-07T15:00:00Z
6,2026-07-09,2016-07-07,True,18,3.265000000000782,2016-07-07T16:00:00Z
6,2026-07-09,2016-07-07,True,19,1.6799999999993815,2016-07-07T17:00:00Z
6,2026-07-09,2016-07-07,True,20,0.21100000000046748,2016-07-07T18:00:00Z
6,2026-07-09,2016-07-07,True,21,0.008999999999787178,2016-07-07T19:00:00Z
6,2026-07-09,2016-07-07,True,22,0.0,2016-07-07T20:00:00Z
6,2026-07-09,2016-07-07,True,23,2.2737367544323206e-13,2016-07-07T21:00:00Z
6,2026-07-10,2016-07-14,False,0,0.5749999999998181,2016-07-13T22:00:00Z
6,2026-07-10,2016-07-14,False,1,0.42000000000007276,2016-07-13T23:00:00Z
6,2026-07-10,2016-07-14,False,2,0.2699999999999818,2016-07-14T00:00:00Z
6,2026-07-10,2016-07-14,False,3,0.22499999999990905,2016-07-14T01:00:00Z
6,2026-07-10,2016-07-14,False,4,0.20499999999992724,2016-07-14T02:00:00Z
6,2026-07-10,2016-07-14,False,5,0.31500000000005457,2016-07-14T03:00:00Z
6,2026-07-10,2016-07-14,False,6,0.26499999999987267,2016-07-14T04:00:00Z
6,2026-07-10,2016-07-14,False,7,0.1100000000003547,2016-07-14T05:00:00Z
6,2026-07-10,2016-07-14,False,8,0.26499999999987267,2016-07-14T06:00:00Z
6,2026-07-10,2016-07-14,False,9,0.7550000000003365,2016-07-14T07:00:00Z
6,2026-07-10,2016-07-14,False,10,1.3839999999995598,2016-07-14T08:00:00Z
6,2026-07-10,2016-07-14,False,11,2.330000000000041,2016-07-14T09:00:00Z
6,2026-07-10,2016-07-14,False,12,3.3909999999999627,2016-07-14T10:00:00Z
6,2026-07-10,2016-07-14,False,13,3.0849999999999227,2016-07-14T11:00:00Z
6,2026-07-10,2016-07-14,False,14,1.0900000000004866,2016-07-14T12:00:00Z
6,2026-07-10,2016-07-14,False,15,0.9249999999998408,2016-07-14T13:00:00Z
6,2026-07-10,2016-07-14,False,16,0.9049999999996317,2016-07-14T14:00:00Z
6,2026-07-10,2016-07-14,False,17,0.6450000000002092,2016-07-14T15:00:00Z
6,2026-07-10,2016-07-14,False,18,3.8290000000000646,2016-07-14T16:00:00Z
6,2026-07-10,2016-07-14,False,19,0.24700000000018463,2016-07-14T17:00:00Z
6,2026-07-10,2016-07-14,False,20,0.0,2016-07-14T18:00:00Z
6,2026-07-10,2016-07-14,False,21,0.0,2016-07-14T19:00:00Z
6,2026-07-10,2016-07-14,False,22,0.009999999999990905,2016-07-14T20:00:00Z
6,2026-07-10,2016-07-14,False,23,0.0,2016-07-14T21:00:00Z
6,2026-07-11,2016-07-28,False,0,0.0,2016-07-27T22:00:00Z
6,2026-07-11,2016-07-28,False,1,2.2737367544323206e-13,2016-07-27T23:00:00Z
6,2026-07-11,2016-07-28,False,2,0.0,2016-07-28T00:00:00Z
6,2026-07-11,2016-07-28,False,3,2.2737367544323206e-13,2016-07-28T01:00:00Z
6,2026-07-11,2016-07-28,False,4,0.0,2016-07-28T02:00:00Z
6,2026-07-11,2016-07-28,False,5,2.2737367544323206e-13,2016-07-28T03:00:00Z
6,2026-07-11,2016-07-28,False,6,0.03899999999941883,2016-07-28T04:00:00Z
6,2026-07-11,2016-07-28,False,7,0.29599999999959437,2016-07-28T05:00:00Z
6,2026-07-11,2016-07-28,False,8,0.910000000000764,2016-07-28T06:00:00Z
6,2026-07-11,2016-07-28,False,9,1.625,2016-07-28T07:00:00Z
6,2026-07-11,2016-07-28,False,10,2.8889999999998963,2016-07-28T08:00:00Z
6,2026-07-11,2016-07-28,False,11,1.7810000000002901,2016-07-28T09:00:00Z
6,2026-07-11,2016-07-28,False,12,2.9149999999999636,2016-07-28T10:00:00Z
6,2026-07-11,2016-07-28,False,13,4.0549999999993815,2016-07-28T11:00:00Z
6,2026-07-11,2016-07-28,False,14,3.819999999999709,2016-07-28T12:00:00Z
6,2026-07-11,2016-07-28,False,15,4.930000000000746,2016-07-28T13:00:00Z
6,2026-07-11,2016-07-28,False,16,4.189999999999486,2016-07-28T14:00:00Z
6,2026-07-11,2016-07-28,False,17,3.6900000000000546,2016-07-28T15:00:00Z
6,2026-07-11,2016-07-28,False,18,3.0200000000000955,2016-07-28T16:00:00Z
6,2026-07-11,2016-07-28,False,19,0.9949999999996635,2016-07-28T17:00:00Z
6,2026-07-11,2016-07-28,False,20,0.1640000000006694,2016-07-28T18:00:00Z
6,2026-07-11,2016-07-28,False,21,2.2737367544323206e-13,2016-07-28T19:00:00Z
6,2026-07-11,2016-07-28,False,22,0.0,2016-07-28T20:00:00Z
6,2026-07-11,2016-07-28,False,23,2.2737367544323206e-13,2016-07-28T21:00:00Z
6,2026-09-01,2016-09-06,True,0,0.625,2016-09-05T22:00:00Z
6,2026-09-01,2016-09-06,True,1,0.944999999999709,2016-09-05T23:00:00Z
6,2026-09-01,2016-09-06,True,2,0.3900000000003274,2016-09-06T00:00:00Z
6,2026-09-01,2016-09-06,True,3,0.30999999999994543,2016-09-06T01:00:00Z
6,2026-09-01,2016-09-06,True,4,0.19000000000005457,2016-09-06T02:00:00Z
6,2026-09-01,2016-09-06,True,5,0.23999999999978172,2016-09-06T03:00:00Z
6,2026-09-01,2016-09-06,True,6,0.21500000000014552,2016-09-06T04:00:00Z
6,2026-09-01,2016-09-06,True,7,0.10500000000001819,2016-09-06T05:00:00Z
6,2026-09-01,2016-09-06,True,8,0.3729999999998199,2016-09-06T06:00:00Z
6,2026-09-01,2016-09-06,True,9,1.4449999999999363,2016-09-06T07:00:00Z
6,2026-09-01,2016-09-06,True,10,3.020000000000209,2016-09-06T08:00:00Z
6,2026-09-01,2016-09-06,True,11,5.0750000000000455,2016-09-06T09:00:00Z
6,2026-09-01,2016-09-06,True,12,4.380999999999858,2016-09-06T10:00:00Z
6,2026-09-01,2016-09-06,True,13,4.649999999999636,2016-09-06T11:00:00Z
6,2026-09-01,2016-09-06,True,14,4.749999999999773,2016-09-06T12:00:00Z
6,2026-09-01,2016-09-06,True,15,4.355000000000928,2016-09-06T13:00:00Z
6,2026-09-01,2016-09-06,True,16,4.404999999999518,2016-09-06T14:00:00Z
6,2026-09-01,2016-09-06,True,17,3.4740000000003874,2016-09-06T15:00:00Z
6,2026-09-01,2016-09-06,True,18,1.3099999999994907,2016-09-06T16:00:00Z
6,2026-09-01,2016-09-06,True,19,0.1310000000000855,2016-09-06T17:00:00Z
6,2026-09-01,2016-09-06,True,20,0.020000000000209184,2016-09-06T18:00:00Z
6,2026-09-01,2016-09-06,True,21,0.0,2016-09-06T19:00:00Z
6,2026-09-01,2016-09-06,True,22,0.0,2016-09-06T20:00:00Z
6,2026-09-01,2016-09-06,True,23,2.2737367544323206e-13,2016-09-06T21:00:00Z
6,2026-09-02,2016-09-07,True,0,0.0,2016-09-06T22:00:00Z
6,2026-09-02,2016-09-07,True,1,2.2737367544323206e-13,2016-09-06T23:00:00Z
6,2026-09-02,2016-09-07,True,2,2.2737367544323206e-13,2016-09-07T00:00:00Z
6,2026-09-02,2016-09-07,True,3,0.0,2016-09-07T01:00:00Z
6,2026-09-02,2016-09-07,True,4,0.15999999999985448,2016-09-07T02:00:00Z
6,2026-09-02,2016-09-07,True,5,0.2800000000002001,2016-09-07T03:00:00Z
6,2026-09-02,2016-09-07,True,6,0.3000000000001819,2016-09-07T04:00:00Z
6,2026-09-02,2016-09-07,True,7,0.13899999999966894,2016-09-07T05:00:00Z
6,2026-09-02,2016-09-07,True,8,0.2709999999997308,2016-09-07T06:00:00Z
6,2026-09-02,2016-09-07,True,9,1.2800000000004275,2016-09-07T07:00:00Z
6,2026-09-02,2016-09-07,True,10,3.6539999999995416,2016-09-07T08:00:00Z
6,2026-09-02,2016-09-07,True,11,5.265999999999849,2016-09-07T09:00:00Z
6,2026-09-02,2016-09-07,True,12,3.9690000000005057,2016-09-07T10:00:00Z
6,2026-09-02,2016-09-07,True,13,4.436000000000149,2016-09-07T11:00:00Z
6,2026-09-02,2016-09-07,True,14,4.978999999999587,2016-09-07T12:00:00Z
6,2026-09-02,2016-09-07,True,15,5.411000000000513,2016-09-07T13:00:00Z
6,2026-09-02,2016-09-07,True,16,5.25,2016-09-07T14:00:00Z
6,2026-09-02,2016-09-07,True,17,4.184999999999491,2016-09-07T15:00:00Z
6,2026-09-02,2016-09-07,True,18,1.7340000000003783,2016-09-07T16:00:00Z
6,2026-09-02,2016-09-07,True,19,0.09699999999975262,2016-09-07T17:00:00Z
6,2026-09-02,2016-09-07,True,20,0.009999999999990905,2016-09-07T18:00:00Z
6,2026-09-02,2016-09-07,True,21,0.03000000000020009,2016-09-07T19:00:00Z
6,2026-09-02,2016-09-07,True,22,0.0,2016-09-07T20:00:00Z
6,2026-09-02,2016-09-07,True,23,2.2737367544323206e-13,2016-09-07T21:00:00Z
6,2026-09-03,2017-09-14,True,0,0.5249999999996362,2017-09-13T22:00:00Z
6,2026-09-03,2017-09-14,True,1,0.23500000000058208,2017-09-13T23:00:00Z
6,2026-09-03,2017-09-14,True,2,0.17599999999947613,2017-09-14T00:00:00Z
6,2026-09-03,2017-09-14,True,3,0.18400000000019645,2017-09-14T01:00:00Z
6,2026-09-03,2017-09-14,True,4,0.23500000000058208,2017-09-14T02:00:00Z
6,2026-09-03,2017-09-14,True,5,0.2249999999994543,2017-09-14T03:00:00Z
6,2026-09-03,2017-09-14,True,6,0.44499999999970896,2017-09-14T04:00:00Z
6,2026-09-03,2017-09-14,True,7,0.36200000000098953,2017-09-14T05:00:00Z
6,2026-09-03,2017-09-14,True,8,0.2539999999989959,2017-09-14T06:00:00Z
6,2026-09-03,2017-09-14,True,9,0.7700000000004366,2017-09-14T07:00:00Z
6,2026-09-03,2017-09-14,True,10,0.36599999999907595,2017-09-14T08:00:00Z
6,2026-09-03,2017-09-14,True,11,0.3030000000021573,2017-09-14T09:00:00Z
6,2026-09-03,2017-09-14,True,12,0.9909999999995307,2017-09-14T10:00:00Z
6,2026-09-03,2017-09-14,True,13,0.5999999999994543,2017-09-14T11:00:00Z
6,2026-09-03,2017-09-14,True,14,0.9340000000015607,2017-09-14T12:00:00Z
6,2026-09-03,2017-09-14,True,15,1.1909999999975298,2017-09-14T13:00:00Z
6,2026-09-03,2017-09-14,True,16,2.9400000000000546,2017-09-14T14:00:00Z
6,2026-09-03,2017-09-14,True,17,4.89600000000064,2017-09-14T15:00:00Z
6,2026-09-03,2017-09-14,True,18,1.4590000000007421,2017-09-14T16:00:00Z
6,2026-09-03,2017-09-14,True,19,0.7100000000000364,2017-09-14T17:00:00Z
6,2026-09-03,2017-09-14,True,20,0.7100000000000364,2017-09-14T18:00:00Z
6,2026-09-03,2017-09-14,True,21,0.5950000000002547,2017-09-14T19:00:00Z
6,2026-09-03,2017-09-14,True,22,0.8400000000001455,2017-09-14T20:00:00Z
6,2026-09-03,2017-09-14,True,23,0.8649999999997817,2017-09-14T21:00:00Z
6,2026-09-04,2017-09-08,True,0,0.010000000000218279,2017-09-07T22:00:00Z
6,2026-09-04,2017-09-08,True,1,0.0,2017-09-07T23:00:00Z
6,2026-09-04,2017-09-08,True,2,4.547473508864641e-13,2017-09-08T00:00:00Z
6,2026-09-04,2017-09-08,True,3,0.0,2017-09-08T01:00:00Z
6,2026-09-04,2017-09-08,True,4,0.0,2017-09-08T02:00:00Z
6,2026-09-04,2017-09-08,True,5,0.0,2017-09-08T03:00:00Z
6,2026-09-04,2017-09-08,True,6,0.0,2017-09-08T04:00:00Z
6,2026-09-04,2017-09-08,True,7,0.04700000000093496,2017-09-08T05:00:00Z
6,2026-09-04,2017-09-08,True,8,0.3980000000015025,2017-09-08T06:00:00Z
6,2026-09-04,2017-09-08,True,9,1.0749999999979991,2017-09-08T07:00:00Z
6,2026-09-04,2017-09-08,True,10,2.2950000000005275,2017-09-08T08:00:00Z
6,2026-09-04,2017-09-08,True,11,4.708999999999378,2017-09-08T09:00:00Z
6,2026-09-04,2017-09-08,True,12,5.46100000000115,2017-09-08T10:00:00Z
6,2026-09-04,2017-09-08,True,13,4.529999999999291,2017-09-08T11:00:00Z
6,2026-09-04,2017-09-08,True,14,3.9350000000013097,2017-09-08T12:00:00Z
6,2026-09-04,2017-09-08,True,15,4.325000000000273,2017-09-08T13:00:00Z
6,2026-09-04,2017-09-08,True,16,3.6349999999979445,2017-09-08T14:00:00Z
6,2026-09-04,2017-09-08,True,17,2.820999999999458,2017-09-08T15:00:00Z
6,2026-09-04,2017-09-08,True,18,0.9430000000011205,2017-09-08T16:00:00Z
6,2026-09-04,2017-09-08,True,19,0.07500000000118234,2017-09-08T17:00:00Z
6,2026-09-04,2017-09-08,True,20,0.0,2017-09-08T18:00:00Z
6,2026-09-04,2017-09-08,True,21,0.0,2017-09-08T19:00:00Z
6,2026-09-04,2017-09-08,True,22,0.010000000000218279,2017-09-08T20:00:00Z
6,2026-09-04,2017-09-08,True,23,0.0,2017-09-08T21:00:00Z
6,2026-09-05,2016-09-10,True,0,0.009999999999763531,2016-09-09T22:00:00Z
6,2026-09-05,2016-09-10,True,1,2.2737367544323206e-13,2016-09-09T23:00:00Z
6,2026-09-05,2016-09-10,True,2,0.0,2016-09-10T00:00:00Z
6,2026-09-05,2016-09-10,True,3,0.0,2016-09-10T01:00:00Z
6,2026-09-05,2016-09-10,True,4,0.0,2016-09-10T02:00:00Z
6,2026-09-05,2016-09-10,True,5,0.16000000000030923,2016-09-10T03:00:00Z
6,2026-09-05,2016-09-10,True,6,0.33999999999969077,2016-09-10T04:00:00Z
6,2026-09-05,2016-09-10,True,7,0.33799999999996544,2016-09-10T05:00:00Z
6,2026-09-05,2016-09-10,True,8,0.3510000000001128,2016-09-10T06:00:00Z
6,2026-09-05,2016-09-10,True,9,1.5339999999996508,2016-09-10T07:00:00Z
6,2026-09-05,2016-09-10,True,10,3.316000000000031,2016-09-10T08:00:00Z
6,2026-09-05,2016-09-10,True,11,4.845000000000482,2016-09-10T09:00:00Z
6,2026-09-05,2016-09-10,True,12,4.153999999999769,2016-09-10T10:00:00Z
6,2026-09-05,2016-09-10,True,13,4.1759999999997035,2016-09-10T11:00:00Z
6,2026-09-05,2016-09-10,True,14,5.379000000000815,2016-09-10T12:00:00Z
6,2026-09-05,2016-09-10,True,15,5.71599999999944,2016-09-10T13:00:00Z
6,2026-09-05,2016-09-10,True,16,4.880000000000109,2016-09-10T14:00:00Z
6,2026-09-05,2016-09-10,True,17,3.6199999999996635,2016-09-10T15:00:00Z
6,2026-09-05,2016-09-10,True,18,1.3890000000005784,2016-09-10T16:00:00Z
6,2026-09-05,2016-09-10,True,19,0.050999999999703505,2016-09-10T17:00:00Z
6,2026-09-05,2016-09-10,True,20,0.0,2016-09-10T18:00:00Z
6,2026-09-05,2016-09-10,True,21,0.0,2016-09-10T19:00:00Z
6,2026-09-05,2016-09-10,True,22,0.0,2016-09-10T20:00:00Z
6,2026-09-05,2016-09-10,True,23,2.2737367544323206e-13,2016-09-10T21:00:00Z
6,2026-09-06,2017-09-10,True,0,0.34400000000005093,2017-09-09T22:00:00Z
6,2026-09-06,2017-09-10,True,1,0.339999999999236,2017-09-09T23:00:00Z
6,2026-09-06,2017-09-10,True,2,0.25500000000010914,2017-09-10T00:00:00Z
6,2026-09-06,2017-09-10,True,3,0.2000000000007276,2017-09-10T01:00:00Z
6,2026-09-06,2017-09-10,True,4,0.17999999999938154,2017-09-10T02:00:00Z
6,2026-09-06,2017-09-10,True,5,0.2250000000003638,2017-09-10T03:00:00Z
6,2026-09-06,2017-09-10,True,6,0.25500000000010914,2017-09-10T04:00:00Z
6,2026-09-06,2017-09-10,True,7,0.1499999999996362,2017-09-10T05:00:00Z
6,2026-09-06,2017-09-10,True,8,0.12100000000100408,2017-09-10T06:00:00Z
6,2026-09-06,2017-09-10,True,9,0.2479999999991378,2017-09-10T07:00:00Z
6,2026-09-06,2017-09-10,True,10,0.6300000000001091,2017-09-10T08:00:00Z
6,2026-09-06,2017-09-10,True,11,0.8710000000023683,2017-09-10T09:00:00Z
6,2026-09-06,2017-09-10,True,12,4.614999999999327,2017-09-10T10:00:00Z
6,2026-09-06,2017-09-10,True,13,4.97499999999809,2017-09-10T11:00:00Z
6,2026-09-06,2017-09-10,True,14,4.365000000001146,2017-09-10T12:00:00Z
6,2026-09-06,2017-09-10,True,15,5.990999999999531,2017-09-10T13:00:00Z
6,2026-09-06,2017-09-10,True,16,4.1590000000001055,2017-09-10T14:00:00Z
6,2026-09-06,2017-09-10,True,17,3.8549999999991087,2017-09-10T15:00:00Z
6,2026-09-06,2017-09-10,True,18,1.9689999999991414,2017-09-10T16:00:00Z
6,2026-09-06,2017-09-10,True,19,0.06100000000287764,2017-09-10T17:00:00Z
6,2026-09-06,2017-09-10,True,20,0.0,2017-09-10T18:00:00Z
6,2026-09-06,2017-09-10,True,21,0.8299999999994725,2017-09-10T19:00:00Z
6,2026-09-06,2017-09-10,True,22,1.0050000000001091,2017-09-10T20:00:00Z
6,2026-09-06,2017-09-10,True,23,0.75,2017-09-10T21:00:00Z
6,2026-09-07,2017-09-04,True,0,0.5659999999998035,2017-09-03T22:00:00Z
6,2026-09-07,2017-09-04,True,1,0.3890000000001237,2017-09-03T23:00:00Z
6,2026-09-07,2017-09-04,True,2,0.30500000000029104,2017-09-04T00:00:00Z
6,2026-09-07,2017-09-04,True,3,0.23999999999978172,2017-09-04T01:00:00Z
6,2026-09-07,2017-09-04,True,4,0.17000000000007276,2017-09-04T02:00:00Z
6,2026-09-07,2017-09-04,True,5,0.22999999999956344,2017-09-04T03:00:00Z
6,2026-09-07,2017-09-04,True,6,0.25500000000010914,2017-09-04T04:00:00Z
6,2026-09-07,2017-09-04,True,7,0.27000000000316504,2017-09-04T05:00:00Z
6,2026-09-07,2017-09-04,True,8,0.4299999999989268,2017-09-04T06:00:00Z
6,2026-09-07,2017-09-04,True,9,1.4599999999982174,2017-09-04T07:00:00Z
6,2026-09-07,2017-09-04,True,10,3.3960000000001855,2017-09-04T08:00:00Z
6,2026-09-07,2017-09-04,True,11,5.334999999999127,2017-09-04T09:00:00Z
6,2026-09-07,2017-09-04,True,12,4.283000000000811,2017-09-04T10:00:00Z
6,2026-09-07,2017-09-04,True,13,3.3859999999995125,2017-09-04T11:00:00Z
6,2026-09-07,2017-09-04,True,14,3.7700000000008913,2017-09-04T12:00:00Z
6,2026-09-07,2017-09-04,True,15,1.4240000000013424,2017-09-04T13:00:00Z
6,2026-09-07,2017-09-04,True,16,0.990999999999076,2017-09-04T14:00:00Z
6,2026-09-07,2017-09-04,True,17,0.8550000000000182,2017-09-04T15:00:00Z
6,2026-09-07,2017-09-04,True,18,0.24499999999898137,2017-09-04T16:00:00Z
6,2026-09-07,2017-09-04,True,19,2.2737367544323206e-12,2017-09-04T17:00:00Z
6,2026-09-07,2017-09-04,True,20,0.0,2017-09-04T18:00:00Z
6,2026-09-07,2017-09-04,True,21,4.547473508864641e-13,2017-09-04T19:00:00Z
6,2026-09-07,2017-09-04,True,22,4.547473508864641e-13,2017-09-04T20:00:00Z
6,2026-09-07,2017-09-04,True,23,0.0,2017-09-04T21:00:00Z
6,2026-09-08,2017-09-26,True,0,0.38000000000010914,2017-09-25T22:00:00Z
6,2026-09-08,2017-09-26,True,1,0.2650000000003274,2017-09-25T23:00:00Z
6,2026-09-08,2017-09-26,True,2,0.26599999999962165,2017-09-26T00:00:00Z
6,2026-09-08,2017-09-26,True,3,0.24499999999989086,2017-09-26T01:00:00Z
6,2026-09-08,2017-09-26,True,4,0.17399999999997817,2017-09-26T02:00:00Z
6,2026-09-08,2017-09-26,True,5,0.24000000000069122,2017-09-26T03:00:00Z
6,2026-09-08,2017-09-26,True,6,0.21499999999923602,2017-09-26T04:00:00Z
6,2026-09-08,2017-09-26,True,7,0.535000000000764,2017-09-26T05:00:00Z
6,2026-09-08,2017-09-26,True,8,0.6500000000005457,2017-09-26T06:00:00Z
6,2026-09-08,2017-09-26,True,9,0.534999999997126,2017-09-26T07:00:00Z
6,2026-09-08,2017-09-26,True,10,1.0990000000028886,2017-09-26T08:00:00Z
6,2026-09-08,2017-09-26,True,11,4.631999999998698,2017-09-26T09:00:00Z
6,2026-09-08,2017-09-26,True,12,5.818999999998596,2017-09-26T10:00:00Z
6,2026-09-08,2017-09-26,True,13,6.43900000000167,2017-09-26T11:00:00Z
6,2026-09-08,2017-09-26,True,14,6.160000000000309,2017-09-26T12:00:00Z
6,2026-09-08,2017-09-26,True,15,3.2049999999976535,2017-09-26T13:00:00Z
6,2026-09-08,2017-09-26,True,16,0.8350000000032196,2017-09-26T14:00:00Z
6,2026-09-08,2017-09-26,True,17,2.1109999999976026,2017-09-26T15:00:00Z
6,2026-09-08,2017-09-26,True,18,0.31500000000096406,2017-09-26T16:00:00Z
6,2026-09-08,2017-09-26,True,19,0.009999999999308784,2017-09-26T17:00:00Z
6,2026-09-08,2017-09-26,True,20,0.07000000000016371,2017-09-26T18:00:00Z
6,2026-09-08,2017-09-26,True,21,4.547473508864641e-13,2017-09-26T19:00:00Z
6,2026-09-08,2017-09-26,True,22,0.0,2017-09-26T20:00:00Z
6,2026-09-08,2017-09-26,True,23,0.0,2017-09-26T21:00:00Z
6,2026-09-09,2017-09-13,True,0,0.125,2017-09-12T22:00:00Z
6,2026-09-09,2017-09-13,True,1,0.4899999999997817,2017-09-12T23:00:00Z
6,2026-09-09,2017-09-13,True,2,0.45100000000002183,2017-09-13T00:00:00Z
6,2026-09-09,2017-09-13,True,3,0.2889999999997599,2017-09-13T01:00:00Z
6,2026-09-09,2017-09-13,True,4,0.2650000000003274,2017-09-13T02:00:00Z
6,2026-09-09,2017-09-13,True,5,0.21500000000014552,2017-09-13T03:00:00Z
6,2026-09-09,2017-09-13,True,6,0.17999999999938154,2017-09-13T04:00:00Z
6,2026-09-09,2017-09-13,True,7,0.17100000000073123,2017-09-13T05:00:00Z
6,2026-09-09,2017-09-13,True,8,0.5490000000008877,2017-09-13T06:00:00Z
6,2026-09-09,2017-09-13,True,9,0.5120000000010805,2017-09-13T07:00:00Z
6,2026-09-09,2017-09-13,True,10,0.7839999999978318,2017-09-13T08:00:00Z
6,2026-09-09,2017-09-13,True,11,1.010000000002492,2017-09-13T09:00:00Z
6,2026-09-09,2017-09-13,True,12,1.9249999999974534,2017-09-13T10:00:00Z
6,2026-09-09,2017-09-13,True,13,1.564000000001215,2017-09-13T11:00:00Z
6,2026-09-09,2017-09-13,True,14,2.050999999999931,2017-09-13T12:00:00Z
6,2026-09-09,2017-09-13,True,15,1.2350000000010368,2017-09-13T13:00:00Z
6,2026-09-09,2017-09-13,True,16,1.3149999999995998,2017-09-13T14:00:00Z
6,2026-09-09,2017-09-13,True,17,0.9949999999989814,2017-09-13T15:00:00Z
6,2026-09-09,2017-09-13,True,18,0.41500000000132786,2017-09-13T16:00:00Z
6,2026-09-09,2017-09-13,True,19,0.0039999999985411705,2017-09-13T17:00:00Z
6,2026-09-09,2017-09-13,True,20,0.6099999999996726,2017-09-13T18:00:00Z
6,2026-09-09,2017-09-13,True,21,0.819999999999709,2017-09-13T19:00:00Z
6,2026-09-09,2017-09-13,True,22,0.7250000000003638,2017-09-13T20:00:00Z
6,2026-09-09,2017-09-13,True,23,0.625,2017-09-13T21:00:00Z
6,2026-09-10,2016-09-29,True,0,0.009999999999990905,2016-09-28T22:00:00Z
6,2026-09-10,2016-09-29,True,1,0.47499999999990905,2016-09-28T23:00:00Z
6,2026-09-10,2016-09-29,True,2,0.30500000000029104,2016-09-29T00:00:00Z
6,2026-09-10,2016-09-29,True,3,0.32999999999992724,2016-09-29T01:00:00Z
6,2026-09-10,2016-09-29,True,4,0.17000000000007276,2016-09-29T02:00:00Z
6,2026-09-10,2016-09-29,True,5,0.19000000000005457,2016-09-29T03:00:00Z
6,2026-09-10,2016-09-29,True,6,0.29999999999972715,2016-09-29T04:00:00Z
6,2026-09-10,2016-09-29,True,7,0.21000000000049113,2016-09-29T05:00:00Z
6,2026-09-10,2016-09-29,True,8,0.283999999999196,2016-09-29T06:00:00Z
6,2026-09-10,2016-09-29,True,9,0.9610000000009222,2016-09-29T07:00:00Z
6,2026-09-10,2016-09-29,True,10,3.3009999999992488,2016-09-29T08:00:00Z
6,2026-09-10,2016-09-29,True,11,4.949000000000524,2016-09-29T09:00:00Z
6,2026-09-10,2016-09-29,True,12,5.994999999998299,2016-09-29T10:00:00Z
6,2026-09-10,2016-09-29,True,13,6.600000000000591,2016-09-29T11:00:00Z
6,2026-09-10,2016-09-29,True,14,6.503999999999451,2016-09-29T12:00:00Z
6,2026-09-10,2016-09-29,True,15,6.346000000001368,2016-09-29T13:00:00Z
6,2026-09-10,2016-09-29,True,16,5.22899999999936,2016-09-29T14:00:00Z
6,2026-09-10,2016-09-29,True,17,3.305000000000291,2016-09-29T15:00:00Z
6,2026-09-10,2016-09-29,True,18,0.676000000000613,2016-09-29T16:00:00Z
6,2026-09-10,2016-09-29,True,19,0.010000000000218279,2016-09-29T17:00:00Z
6,2026-09-10,2016-09-29,True,20,0.01999999999998181,2016-09-29T18:00:00Z
6,2026-09-10,2016-09-29,True,21,0.009999999999763531,2016-09-29T19:00:00Z
6,2026-09-10,2016-09-29,True,22,0.01999999999998181,2016-09-29T20:00:00Z
6,2026-09-10,2016-09-29,True,23,0.009999999999763531,2016-09-29T21:00:00Z
6,2026-09-11,2017-09-29,True,0,0.5850000000000364,2017-09-28T22:00:00Z
6,2026-09-11,2017-09-29,True,1,0.6899999999995998,2017-09-28T23:00:00Z
6,2026-09-11,2017-09-29,True,2,0.5399999999999636,2017-09-29T00:00:00Z
6,2026-09-11,2017-09-29,True,3,0.34500000000025466,2017-09-29T01:00:00Z
6,2026-09-11,2017-09-29,True,4,0.1999999999998181,2017-09-29T02:00:00Z
6,2026-09-11,2017-09-29,True,5,0.2600000000002183,2017-09-29T03:00:00Z
6,2026-09-11,2017-09-29,True,6,0.1999999999998181,2017-09-29T04:00:00Z
6,2026-09-11,2017-09-29,True,7,0.22000000000025466,2017-09-29T05:00:00Z
6,2026-09-11,2017-09-29,True,8,0.46899999999823194,2017-09-29T06:00:00Z
6,2026-09-11,2017-09-29,True,9,0.43600000000105865,2017-09-29T07:00:00Z
6,2026-09-11,2017-09-29,True,10,1.1049999999995634,2017-09-29T08:00:00Z
6,2026-09-11,2017-09-29,True,11,2.5459999999989122,2017-09-29T09:00:00Z
6,2026-09-11,2017-09-29,True,12,3.2930000000014843,2017-09-29T10:00:00Z
6,2026-09-11,2017-09-29,True,13,3.7449999999989814,2017-09-29T11:00:00Z
6,2026-09-11,2017-09-29,True,14,4.586000000002514,2017-09-29T12:00:00Z
6,2026-09-11,2017-09-29,True,15,4.0900000000001455,2017-09-29T13:00:00Z
6,2026-09-11,2017-09-29,True,16,4.049999999997908,2017-09-29T14:00:00Z
6,2026-09-11,2017-09-29,True,17,1.486000000000331,2017-09-29T15:00:00Z
6,2026-09-11,2017-09-29,True,18,0.2530000000006112,2017-09-29T16:00:00Z
6,2026-09-11,2017-09-29,True,19,4.547473508864641e-13,2017-09-29T17:00:00Z
6,2026-09-11,2017-09-29,True,20,0.009999999999308784,2017-09-29T18:00:00Z
6,2026-09-11,2017-09-29,True,21,0.25500000000010914,2017-09-29T19:00:00Z
6,2026-09-11,2017-09-29,True,22,0.4600000000000364,2017-09-29T20:00:00Z
6,2026-09-11,2017-09-29,True,23,0.5450000000000728,2017-09-29T21:00:00Z
6,2026-09-12,2016-09-24,True,0,0.010000000000218279,2016-09-23T22:00:00Z
6,2026-09-12,2016-09-24,True,1,0.01999999999998181,2016-09-23T23:00:00Z
6,2026-09-12,2016-09-24,True,2,0.010000000000218279,2016-09-24T00:00:00Z
6,2026-09-12,2016-09-24,True,3,0.01999999999998181,2016-09-24T01:00:00Z
6,2026-09-12,2016-09-24,True,4,0.18499999999994543,2016-09-24T02:00:00Z
6,2026-09-12,2016-09-24,True,5,0.30999999999994543,2016-09-24T03:00:00Z
6,2026-09-12,2016-09-24,True,6,0.25,2016-09-24T04:00:00Z
6,2026-09-12,2016-09-24,True,7,0.13499999999953616,2016-09-24T05:00:00Z
6,2026-09-12,2016-09-24,True,8,0.43000000000006366,2016-09-24T06:00:00Z
6,2026-09-12,2016-09-24,True,9,1.4290000000000873,2016-09-24T07:00:00Z
6,2026-09-12,2016-09-24,True,10,3.240000000000009,2016-09-24T08:00:00Z
6,2026-09-12,2016-09-24,True,11,4.871000000000095,2016-09-24T09:00:00Z
6,2026-09-12,2016-09-24,True,12,5.654999999999291,2016-09-24T10:00:00Z
6,2026-09-12,2016-09-24,True,13,5.2400000000002365,2016-09-24T11:00:00Z
6,2026-09-12,2016-09-24,True,14,5.615000000000464,2016-09-24T12:00:00Z
6,2026-09-12,2016-09-24,True,15,5.933999999999969,2016-09-24T13:00:00Z
6,2026-09-12,2016-09-24,True,16,5.015999999999394,2016-09-24T14:00:00Z
6,2026-09-12,2016-09-24,True,17,3.3799999999998818,2016-09-24T15:00:00Z
6,2026-09-12,2016-09-24,True,18,0.8390000000003965,2016-09-24T16:00:00Z
6,2026-09-12,2016-09-24,True,19,0.009999999999990905,2016-09-24T17:00:00Z
6,2026-09-12,2016-09-24,True,20,0.020000000000436557,2016-09-24T18:00:00Z
6,2026-09-12,2016-09-24,True,21,0.01999999999998181,2016-09-24T19:00:00Z
6,2026-09-12,2016-09-24,True,22,0.01999999999998181,2016-09-24T20:00:00Z
6,2026-09-12,2016-09-24,True,23,0.009999999999763531,2016-09-24T21:00:00Z
6,2026-09-13,2016-09-18,True,0,0.0,2016-09-17T22:00:00Z
6,2026-09-13,2016-09-18,True,1,2.2737367544323206e-13,2016-09-17T23:00:00Z
6,2026-09-13,2016-09-18,True,2,0.009999999999763531,2016-09-18T00:00:00Z
6,2026-09-13,2016-09-18,True,3,0.35400000000004184,2016-09-18T01:00:00Z
6,2026-09-13,2016-09-18,True,4,1.08600000000024,2016-09-18T02:00:00Z
6,2026-09-13,2016-09-18,True,5,0.7199999999997999,2016-09-18T03:00:00Z
6,2026-09-13,2016-09-18,True,6,0.3350000000000364,2016-09-18T04:00:00Z
6,2026-09-13,2016-09-18,True,7,0.2049999999994725,2016-09-18T05:00:00Z
6,2026-09-13,2016-09-18,True,8,0.30100000000015825,2016-09-18T06:00:00Z
6,2026-09-13,2016-09-18,True,9,0.25800000000049295,2016-09-18T07:00:00Z
6,2026-09-13,2016-09-18,True,10,0.42599999999947613,2016-09-18T08:00:00Z
6,2026-09-13,2016-09-18,True,11,1.1100000000003547,2016-09-18T09:00:00Z
6,2026-09-13,2016-09-18,True,12,0.5149999999996453,2016-09-18T10:00:00Z
6,2026-09-13,2016-09-18,True,13,0.9250000000001819,2016-09-18T11:00:00Z
6,2026-09-13,2016-09-18,True,14,1.0600000000001728,2016-09-18T12:00:00Z
6,2026-09-13,2016-09-18,True,15,0.49500000000011823,2016-09-18T13:00:00Z
6,2026-09-13,2016-09-18,True,16,0.43499999999994543,2016-09-18T14:00:00Z
6,2026-09-13,2016-09-18,True,17,0.35099999999965803,2016-09-18T15:00:00Z
6,2026-09-13,2016-09-18,True,18,0.7200000000002547,2016-09-18T16:00:00Z
6,2026-09-13,2016-09-18,True,19,0.6700000000000728,2016-09-18T17:00:00Z
6,2026-09-13,2016-09-18,True,20,0.5499999999997272,2016-09-18T18:00:00Z
6,2026-09-13,2016-09-18,True,21,0.7200000000002547,2016-09-18T19:00:00Z
6,2026-09-13,2016-09-18,True,22,0.8149999999995998,2016-09-18T20:00:00Z
6,2026-09-13,2016-09-18,True,23,0.805000000000291,2016-09-18T21:00:00Z
6,2026-09-14,2017-09-11,True,0,0.40599999999994907,2017-09-10T22:00:00Z
6,2026-09-14,2017-09-11,True,1,0.4190000000007785,2017-09-10T23:00:00Z
6,2026-09-14,2017-09-11,True,2,0.3849999999993088,2017-09-11T00:00:00Z
6,2026-09-14,2017-09-11,True,3,0.2899999999999636,2017-09-11T01:00:00Z
6,2026-09-14,2017-09-11,True,4,0.17600000000038563,2017-09-11T02:00:00Z
6,2026-09-14,2017-09-11,True,5,0.20899999999983265,2017-09-11T03:00:00Z
6,2026-09-14,2017-09-11,True,6,0.19000000000050932,2017-09-11T04:00:00Z
6,2026-09-14,2017-09-11,True,7,0.16500000000041837,2017-09-11T05:00:00Z
6,2026-09-14,2017-09-11,True,8,0.6199999999976171,2017-09-11T06:00:00Z
6,2026-09-14,2017-09-11,True,9,0.8939999999997781,2017-09-11T07:00:00Z
6,2026-09-14,2017-09-11,True,10,1.0850000000014006,2017-09-11T08:00:00Z
6,2026-09-14,2017-09-11,True,11,2.2199999999988904,2017-09-11T09:00:00Z
6,2026-09-14,2017-09-11,True,12,1.826000000001386,2017-09-11T10:00:00Z
6,2026-09-14,2017-09-11,True,13,2.6609999999996035,2017-09-11T11:00:00Z
6,2026-09-14,2017-09-11,True,14,0.7359999999994216,2017-09-11T12:00:00Z
6,2026-09-14,2017-09-11,True,15,0.5480000000006839,2017-09-11T13:00:00Z
6,2026-09-14,2017-09-11,True,16,3.3699999999985266,2017-09-11T14:00:00Z
6,2026-09-14,2017-09-11,True,17,1.2249999999994543,2017-09-11T15:00:00Z
6,2026-09-14,2017-09-11,True,18,1.030000000002019,2017-09-11T16:00:00Z
6,2026-09-14,2017-09-11,True,19,0.0,2017-09-11T17:00:00Z
6,2026-09-14,2017-09-11,True,20,4.547473508864641e-13,2017-09-11T18:00:00Z
6,2026-09-14,2017-09-11,True,21,0.10999999999921783,2017-09-11T19:00:00Z
6,2026-09-14,2017-09-11,True,22,1.0150000000003274,2017-09-11T20:00:00Z
6,2026-09-14,2017-09-11,True,23,0.7600000000002183,2017-09-11T21:00:00Z
6,2026-09-15,2016-09-27,True,0,0.9400000000000546,2016-09-26T22:00:00Z
6,2026-09-15,2016-09-27,True,1,0.650000000000091,2016-09-26T23:00:00Z
6,2026-09-15,2016-09-27,True,2,0.33999999999969077,2016-09-27T00:00:00Z
6,2026-09-15,2016-09-27,True,3,0.3200000000001637,2016-09-27T01:00:00Z
6,2026-09-15,2016-09-27,True,4,0.1449999999999818,2016-09-27T02:00:00Z
6,2026-09-15,2016-09-27,True,5,0.1799999999998363,2016-09-27T03:00:00Z
6,2026-09-15,2016-09-27,True,6,0.16000000000030923,2016-09-27T04:00:00Z
6,2026-09-15,2016-09-27,True,7,0.1499999999996362,2016-09-27T05:00:00Z
6,2026-09-15,2016-09-27,True,8,0.20000000000050022,2016-09-27T06:00:00Z
6,2026-09-15,2016-09-27,True,9,0.25999999999976353,2016-09-27T07:00:00Z
6,2026-09-15,2016-09-27,True,10,1.2610000000011041,2016-09-27T08:00:00Z
6,2026-09-15,2016-09-27,True,11,4.249000000000251,2016-09-27T09:00:00Z
6,2026-09-15,2016-09-27,True,12,3.9609999999993306,2016-09-27T10:00:00Z
6,2026-09-15,2016-09-27,True,13,6.059999999999491,2016-09-27T11:00:00Z
6,2026-09-15,2016-09-27,True,14,5.595000000000937,2016-09-27T12:00:00Z
6,2026-09-15,2016-09-27,True,15,4.629999999998972,2016-09-27T13:00:00Z
6,2026-09-15,2016-09-27,True,16,2.6400000000001,2016-09-27T14:00:00Z
6,2026-09-15,2016-09-27,True,17,2.705000000000382,2016-09-27T15:00:00Z
6,2026-09-15,2016-09-27,True,18,0.5850000000002638,2016-09-27T16:00:00Z
6,2026-09-15,2016-09-27,True,19,0.024999999999636202,2016-09-27T17:00:00Z
6,2026-09-15,2016-09-27,True,20,2.2737367544323206e-13,2016-09-27T18:00:00Z
6,2026-09-15,2016-09-27,True,21,0.01999999999998181,2016-09-27T19:00:00Z
6,2026-09-15,2016-09-27,True,22,0.01999999999998181,2016-09-27T20:00:00Z
6,2026-09-15,2016-09-27,True,23,0.2849999999998545,2016-09-27T21:00:00Z
6,2026-09-16,2016-09-28,True,0,0.7300000000000182,2016-09-27T22:00:00Z
6,2026-09-16,2016-09-28,True,1,0.5100000000002183,2016-09-27T23:00:00Z
6,2026-09-16,2016-09-28,True,2,0.40499999999974534,2016-09-28T00:00:00Z
6,2026-09-16,2016-09-28,True,3,0.2800000000002001,2016-09-28T01:00:00Z
6,2026-09-16,2016-09-28,True,4,0.2699999999999818,2016-09-28T02:00:00Z
6,2026-09-16,2016-09-28,True,5,0.25,2016-09-28T03:00:00Z
6,2026-09-16,2016-09-28,True,6,0.22499999999990905,2016-09-28T04:00:00Z
6,2026-09-16,2016-09-28,True,7,0.165000000000191,2016-09-28T05:00:00Z
6,2026-09-16,2016-09-28,True,8,0.21000000000049113,2016-09-28T06:00:00Z
6,2026-09-16,2016-09-28,True,9,0.5399999999997362,2016-09-28T07:00:00Z
6,2026-09-16,2016-09-28,True,10,2.1689999999996417,2016-09-28T08:00:00Z
6,2026-09-16,2016-09-28,True,11,4.600000000000364,2016-09-28T09:00:00Z
6,2026-09-16,2016-09-28,True,12,5.635999999999967,2016-09-28T10:00:00Z
6,2026-09-16,2016-09-28,True,13,5.94399999999996,2016-09-28T11:00:00Z
6,2026-09-16,2016-09-28,True,14,5.200000000000273,2016-09-28T12:00:00Z
6,2026-09-16,2016-09-28,True,15,4.985999999999649,2016-09-28T13:00:00Z
6,2026-09-16,2016-09-28,True,16,4.274999999999864,2016-09-28T14:00:00Z
6,2026-09-16,2016-09-28,True,17,2.1189999999992324,2016-09-28T15:00:00Z
6,2026-09-16,2016-09-28,True,18,0.3910000000009859,2016-09-28T16:00:00Z
6,2026-09-16,2016-09-28,True,19,0.010000000000445652,2016-09-28T17:00:00Z
6,2026-09-16,2016-09-28,True,20,0.009999999999990905,2016-09-28T18:00:00Z
6,2026-09-16,2016-09-28,True,21,0.01999999999998181,2016-09-28T19:00:00Z
6,2026-09-16,2016-09-28,True,22,0.01999999999998181,2016-09-28T20:00:00Z
6,2026-09-16,2016-09-28,True,23,0.009999999999763531,2016-09-28T21:00:00Z
6,2026-09-17,2017-09-24,False,0,0.0,2017-09-23T22:00:00Z
6,2026-09-17,2017-09-24,False,1,0.27999999999974534,2017-09-23T23:00:00Z
6,2026-09-17,2017-09-24,False,2,0.5100000000002183,2017-09-24T00:00:00Z
6,2026-09-17,2017-09-24,False,3,0.40599999999994907,2017-09-24T01:00:00Z
6,2026-09-17,2017-09-24,False,4,0.39400000000023283,2017-09-24T02:00:00Z
6,2026-09-17,2017-09-24,False,5,0.5149999999994179,2017-09-24T03:00:00Z
6,2026-09-17,2017-09-24,False,6,0.3150000000005093,2017-09-24T04:00:00Z
6,2026-09-17,2017-09-24,False,7,0.27699999999913416,2017-09-24T05:00:00Z
6,2026-09-17,2017-09-24,False,8,0.34800000000404907,2017-09-24T06:00:00Z
6,2026-09-17,2017-09-24,False,9,0.6909999999979846,2017-09-24T07:00:00Z
6,2026-09-17,2017-09-24,False,10,1.1149999999984175,2017-09-24T08:00:00Z
6,2026-09-17,2017-09-24,False,11,1.9450000000019827,2017-09-24T09:00:00Z
6,2026-09-17,2017-09-24,False,12,5.335000000000036,2017-09-24T10:00:00Z
6,2026-09-17,2017-09-24,False,13,6.2250000000008185,2017-09-24T11:00:00Z
6,2026-09-17,2017-09-24,False,14,6.279999999999291,2017-09-24T12:00:00Z
6,2026-09-17,2017-09-24,False,15,5.380000000000564,2017-09-24T13:00:00Z
6,2026-09-17,2017-09-24,False,16,2.1889999999989413,2017-09-24T14:00:00Z
6,2026-09-17,2017-09-24,False,17,2.106999999999971,2017-09-24T15:00:00Z
6,2026-09-17,2017-09-24,False,18,0.12799999999833744,2017-09-24T16:00:00Z
6,2026-09-17,2017-09-24,False,19,0.0,2017-09-24T17:00:00Z
6,2026-09-17,2017-09-24,False,20,0.37500000000045475,2017-09-24T18:00:00Z
6,2026-09-17,2017-09-24,False,21,0.5799999999999272,2017-09-24T19:00:00Z
6,2026-09-17,2017-09-24,False,22,0.5709999999999127,2017-09-24T20:00:00Z
6,2026-09-17,2017-09-24,False,23,0.5290000000004511,2017-09-24T21:00:00Z
6,2026-09-18,2016-09-30,True,0,0.01999999999998181,2016-09-29T22:00:00Z
6,2026-09-18,2016-09-30,True,1,0.01999999999998181,2016-09-29T23:00:00Z
6,2026-09-18,2016-09-30,True,2,0.03000000000020009,2016-09-30T00:00:00Z
6,2026-09-18,2016-09-30,True,3,0.306999999999789,2016-09-30T01:00:00Z
6,2026-09-18,2016-09-30,True,4,0.2780000000002474,2016-09-30T02:00:00Z
6,2026-09-18,2016-09-30,True,5,0.4250000000001819,2016-09-30T03:00:00Z
6,2026-09-18,2016-09-30,True,6,0.3449999999997999,2016-09-30T04:00:00Z
6,2026-09-18,2016-09-30,True,7,0.3949999999999818,2016-09-30T05:00:00Z
6,2026-09-18,2016-09-30,True,8,0.2949999999998454,2016-09-30T06:00:00Z
6,2026-09-18,2016-09-30,True,9,1.3449999999991178,2016-09-30T07:00:00Z
6,2026-09-18,2016-09-30,True,10,3.495000000000573,2016-09-30T08:00:00Z
6,2026-09-18,2016-09-30,True,11,5.0900000000001455,2016-09-30T09:00:00Z
6,2026-09-18,2016-09-30,True,12,6.049000000000433,2016-09-30T10:00:00Z
6,2026-09-18,2016-09-30,True,13,5.420999999998685,2016-09-30T11:00:00Z
6,2026-09-18,2016-09-30,True,14,6.110000000000355,2016-09-30T12:00:00Z
6,2026-09-18,2016-09-30,True,15,6.100000000000136,2016-09-30T13:00:00Z
6,2026-09-18,2016-09-30,True,16,4.968000000000757,2016-09-30T14:00:00Z
6,2026-09-18,2016-09-30,True,17,3.151999999999589,2016-09-30T15:00:00Z
6,2026-09-18,2016-09-30,True,18,0.6159999999999854,2016-09-30T16:00:00Z
6,2026-09-18,2016-09-30,True,19,0.0,2016-09-30T17:00:00Z
6,2026-09-18,2016-09-30,True,20,0.01999999999998181,2016-09-30T18:00:00Z
6,2026-09-18,2016-09-30,True,21,0.004999999999654392,2016-09-30T19:00:00Z
6,2026-09-18,2016-09-30,True,22,0.015000000000100044,2016-09-30T20:00:00Z
6,2026-09-18,2016-09-30,True,23,0.010000000000218279,2016-09-30T21:00:00Z
6,2026-09-19,2016-09-25,False,0,0.009999999999990905,2016-09-24T22:00:00Z
6,2026-09-19,2016-09-25,False,1,0.01999999999998181,2016-09-24T23:00:00Z
6,2026-09-19,2016-09-25,False,2,0.01999999999998181,2016-09-25T00:00:00Z
6,2026-09-19,2016-09-25,False,3,0.01999999999998181,2016-09-25T01:00:00Z
6,2026-09-19,2016-09-25,False,4,0.1750000000001819,2016-09-25T02:00:00Z
6,2026-09-19,2016-09-25,False,5,0.24499999999989086,2016-09-25T03:00:00Z
6,2026-09-19,2016-09-25,False,6,0.25,2016-09-25T04:00:00Z
6,2026-09-19,2016-09-25,False,7,0.13000000000010914,2016-09-25T05:00:00Z
6,2026-09-19,2016-09-25,False,8,0.23599999999964894,2016-09-25T06:00:00Z
6,2026-09-19,2016-09-25,False,9,0.5850000000000364,2016-09-25T07:00:00Z
6,2026-09-19,2016-09-25,False,10,0.8800000000001091,2016-09-25T08:00:00Z
6,2026-09-19,2016-09-25,False,11,2.31899999999996,2016-09-25T09:00:00Z
6,2026-09-19,2016-09-25,False,12,6.066000000000258,2016-09-25T10:00:00Z
6,2026-09-19,2016-09-25,False,13,6.509999999999991,2016-09-25T11:00:00Z
6,2026-09-19,2016-09-25,False,14,6.2800000000002,2016-09-25T12:00:00Z
6,2026-09-19,2016-09-25,False,15,6.054000000000087,2016-09-25T13:00:00Z
6,2026-09-19,2016-09-25,False,16,5.169999999999845,2016-09-25T14:00:00Z
6,2026-09-19,2016-09-25,False,17,3.5109999999995125,2016-09-25T15:00:00Z
6,2026-09-19,2016-09-25,False,18,0.7500000000002274,2016-09-25T16:00:00Z
6,2026-09-19,2016-09-25,False,19,0.009999999999990905,2016-09-25T17:00:00Z
6,2026-09-19,2016-09-25,False,20,0.01999999999998181,2016-09-25T18:00:00Z
6,2026-09-19,2016-09-25,False,21,0.5350000000000819,2016-09-25T19:00:00Z
6,2026-09-19,2016-09-25,False,22,1.2200000000002547,2016-09-25T20:00:00Z
6,2026-09-19,2016-09-25,False,23,1.0649999999995998,2016-09-25T21:00:00Z
6,2026-09-20,2016-09-26,False,0,0.8400000000001455,2016-09-25T22:00:00Z
6,2026-09-20,2016-09-26,False,1,0.625,2016-09-25T23:00:00Z
6,2026-09-20,2016-09-26,False,2,0.42000000000007276,2016-09-26T00:00:00Z
6,2026-09-20,2016-09-26,False,3,0.3200000000001637,2016-09-26T01:00:00Z
6,2026-09-20,2016-09-26,False,4,0.2749999999996362,2016-09-26T02:00:00Z
6,2026-09-20,2016-09-26,False,5,0.18000000000029104,2016-09-26T03:00:00Z
6,2026-09-20,2016-09-26,False,6,0.2699999999999818,2016-09-26T04:00:00Z
6,2026-09-20,2016-09-26,False,7,0.2039999999997235,2016-09-26T05:00:00Z
6,2026-09-20,2016-09-26,False,8,0.31100000000037653,2016-09-26T06:00:00Z
6,2026-09-20,2016-09-26,False,9,1.0799999999992451,2016-09-26T07:00:00Z
6,2026-09-20,2016-09-26,False,10,2.0150000000001,2016-09-26T08:00:00Z
6,2026-09-20,2016-09-26,False,11,3.4540000000004056,2016-09-26T09:00:00Z
6,2026-09-20,2016-09-26,False,12,5.231000000000449,2016-09-26T10:00:00Z
6,2026-09-20,2016-09-26,False,13,5.620000000000346,2016-09-26T11:00:00Z
6,2026-09-20,2016-09-26,False,14,5.389999999999645,2016-09-26T12:00:00Z
6,2026-09-20,2016-09-26,False,15,5.574999999999363,2016-09-26T13:00:00Z
6,2026-09-20,2016-09-26,False,16,4.665000000000418,2016-09-26T14:00:00Z
6,2026-09-20,2016-09-26,False,17,2.6399999999991905,2016-09-26T15:00:00Z
6,2026-09-20,2016-09-26,False,18,0.5540000000000873,2016-09-26T16:00:00Z
6,2026-09-20,2016-09-26,False,19,0.019999999999754436,2016-09-26T17:00:00Z
6,2026-09-20,2016-09-26,False,20,0.004999999999881766,2016-09-26T18:00:00Z
6,2026-09-20,2016-09-26,False,21,0.004999999999881766,2016-09-26T19:00:00Z
6,2026-09-20,2016-09-26,False,22,0.6200000000003456,2016-09-26T20:00:00Z
6,2026-09-20,2016-09-26,False,23,0.7649999999998727,2016-09-26T21:00:00Z
