region,house,solar_kwp,modules,capacity_kwh,contract,cases,mean_load_kwh_day,annual_load_kwh,annual_pv_proxy_kwh,annual_cash_savings_ron,annual_baseline_net_bill_ron,annual_baseline_import_spend_ron,cash_saving_pct_of_import_spend,net_bill_reduction_pct,days_better_cash_pct,days_worse_cash_pct,days_better_after_wear_pct,annual_discharge_ac_kwh,throughput_reference_years,physical_checks_passed_pct,annual_cash_savings_post2030_proxy_ron,capex_ron,first_year_net_saving_ron,first_year_cash_return_pct,constant_first_year_simple_payback_years,projected_payback_within_10_years,discounted_payback_within_10_years,ten_year_cash_roi_pct,ten_year_npv_ron_at_6pct,maximum_total_capex_for_npv_zero_ron
bucharest,2,3,1,5.12,fixed_quantitative,120,7.063749999999994,2570.08616205837,3786.4509440092165,183.0350922946227,394.0073624206878,1801.7034927535426,9.917473628666803,,80.83333333333333,17.5,53.333333333333336,566.9733157869861,26.77186447079813,100.0,19.4358731167735,6250.21,83.0350922946227,1.328516838548188,75.27191007174638,,,-102.39163830004637,-6275.008901663743,-24.79890166374335
bucharest,2,3,1,5.12,capped_dynamic,120,7.063749999999994,2570.08616205837,3786.4509440092165,158.40915440055417,311.74599940152507,1835.055176643218,8.390615275876932,,77.5,20.833333333333332,46.666666666666664,527.2773286902086,28.787379890794245,100.0,158.40915440055417,6250.21,58.40915440055417,0.9345150707024912,107.00737006288007,,,-92.81836772059613,-5909.5298754285095,340.68012457149064
bucharest,2,3,2,10.24,fixed_quantitative,120,7.063749999999994,2570.08616205837,3786.4509440092165,193.28508380422883,394.0073624206878,1801.7034927535426,10.48986417113203,,80.83333333333333,17.5,53.333333333333336,583.628243855604,52.01575807411971,100.0,28.79396550566439,11000.42,93.28508380422883,0.8480138376919139,117.92260403695242,,,-100.54745440796344,-10958.455889436884,41.96411056311708
bucharest,2,3,2,10.24,capped_dynamic,120,7.063749999999994,2570.08616205837,3786.4509440092165,169.4829043462822,311.74599940152507,1835.055176643218,8.997850076422163,,77.5,20.833333333333332,46.666666666666664,543.9322567588265,55.811850024325324,100.0,169.4829043462822,11000.42,69.4829043462822,0.6316386496723052,158.31836771210897,,,-94.99881278505194,-10584.472868829564,415.947131170436
bucharest,2,3,4,20.48,fixed_quantitative,120,7.063749999999994,2570.08616205837,3786.4509440092165,193.28508380422883,394.0073624206878,1801.7034927535426,10.48986417113203,,80.83333333333333,17.5,53.333333333333336,583.628243855604,104.03151614823942,100.0,28.79396550566439,20500.84,93.28508380422883,0.45503054413491756,219.76546693170948,,,-100.29375520312578,-20458.875889436884,41.96411056311708
bucharest,2,3,4,20.48,capped_dynamic,120,7.063749999999994,2570.08616205837,3786.4509440092165,169.4829043462822,311.74599940152507,1835.055176643218,8.997850076422163,,77.5,20.833333333333332,46.666666666666664,543.9322567588265,111.62370004865065,100.0,169.4829043462822,20500.84,69.4829043462822,0.3389271090661758,295.0486913706124,,,-97.31644362557539,-20084.892868829564,415.947131170436
bucharest,2,5,1,5.12,fixed_quantitative,120,7.063749999999994,2570.08616205837,6310.751573348694,207.24074998183676,-1007.8321728129665,1621.9194818106894,12.611102444677401,,87.5,11.666666666666666,51.666666666666664,596.4652485599507,25.448142713183707,100.0,31.415626631898874,6250.21,107.24074998183676,1.715794349019261,58.282042983274465,,,-99.83418339459394,-6150.306794948637,99.90320505136341
bucharest,2,5,1,5.12,capped_dynamic,120,7.063749999999994,2570.08616205837,6310.751573348694,174.54832786355817,-1206.1107058514895,1661.7986834879919,10.30490605913287,,83.33333333333333,15.0,47.5,553.6588531298387,27.415677872757872,100.0,174.54832786355817,6250.21,74.54832786355817,1.1927331699824193,83.84104887556198,,,-90.45661211499063,-5799.833766929142,450.37623307085795
bucharest,2,5,2,10.24,fixed_quantitative,120,7.063749999999994,2570.08616205837,6310.751573348694,215.9618251565883,-1007.8321728129665,1621.9194818106894,13.152514858784656,,87.5,11.666666666666666,51.666666666666664,610.6358827092932,49.71516806860984,100.0,39.30403174398305,11000.42,115.9618251565883,1.0541581608392072,94.86242550206202,,,-99.2187737480986,-10843.952736609472,156.46726339052847
bucharest,2,5,2,10.24,capped_dynamic,120,7.063749999999994,2570.08616205837,6310.751573348694,184.0751587023222,-1206.1107058514895,1661.7986834879919,10.88219212034121,,83.33333333333333,15.0,47.5,567.8294872791813,53.46299587765256,100.0,184.0751587023222,11000.42,84.0751587023222,0.7642904425678493,130.84031204684675,,,-93.78553177826613,-10485.29099184188,515.1290081581184
bucharest,2,5,4,20.48,fixed_quantitative,120,7.063749999999994,2570.08616205837,6310.751573348694,215.9618251565883,-1007.8321728129665,1621.9194818106894,13.152514858784656,,87.5,11.666666666666666,51.666666666666664,610.6358827092932,99.43033613721968,100.0,39.30403174398307,20500.84,115.9618251565883,0.5656442621696882,176.7895596013328,,,-99.58080659690329,-20344.37273660947,156.46726339052847
bucharest,2,5,4,20.48,capped_dynamic,120,7.063749999999994,2570.08616205837,6310.751573348694,184.0751587023222,-1206.1107058514895,1661.7986834879919,10.882192120341212,,83.33333333333333,15.0,47.5,567.8294872791813,106.92599175530512,100.0,184.0751587023222,20500.84,84.0751587023222,0.4101059210370024,243.83944456870537,,,-96.66541661143027,-19985.710991841883,515.1290081581184
bucharest,2,10,1,5.12,fixed_quantitative,120,7.063749999999994,2570.08616205837,12621.503146697389,244.30730933155496,-4360.548579924323,1440.6265067404229,16.903516597899102,,92.5,6.666666666666667,54.166666666666664,648.0446664964318,23.422664445139443,100.0,49.3834092360522,6250.21,144.30730933155496,2.30883937230197,43.31180471004249,,,-95.94827417189163,-5960.576236526372,289.633763473628
bucharest,2,10,1,5.12,capped_dynamic,120,7.063749999999994,2570.08616205837,12621.503146697389,203.5651177928196,-4900.4297472471735,1480.352939314348,13.646270187104,,88.33333333333333,9.166666666666666,50.0,612.4024164964324,24.785879937651497,100.0,203.5651177928196,6250.21,103.56511779281959,1.6569862099484591,60.35053243026719,,,-86.21038684024508,-5602.609978258669,647.6000217413314
bucharest,2,10,2,10.24,fixed_quantitative,120,7.063749999999994,2570.08616205837,12621.503146697389,255.33480059049018,-4360.548579924323,1440.6265067404229,17.67841467605863,,92.5,6.666666666666667,54.166666666666664,665.962932430872,45.584917807370054,100.0,58.00279090443667,11000.42,155.33480059049018,1.4120806350165738,70.81748557427551,,,-96.89121026784457,-10643.677093962404,356.74290603759533
bucharest,2,10,2,10.24,capped_dynamic,120,7.063749999999994,2570.08616205837,12621.503146697389,214.66588260515078,-4900.4297472471735,1480.352939314348,14.404558249044518,,88.33333333333333,9.166666666666666,50.0,630.3206824308726,48.162572455245105,100.0,214.66588260515078,11000.42,114.66588260515078,1.042377314731172,95.9345513249105,,,-91.24204922995321,-10277.369354713986,723.0506452860138
bucharest,2,10,4,20.48,fixed_quantitative,120,7.063749999999994,2570.08616205837,12621.503146697389,255.33480059049018,-4360.548579924323,1440.6265067404229,17.67841467605863,,92.5,6.666666666666667,54.166666666666664,665.962932430872,91.16983561474011,100.0,58.00279090443667,20500.84,155.33480059049018,0.7576996873810545,131.97841000257537,,,-98.33187358442889,-20144.097093962406,356.74290603759533
bucharest,2,10,4,20.48,capped_dynamic,120,7.063749999999994,2570.08616205837,12621.503146697389,214.66588260515084,-4900.4297472471735,1480.352939314348,14.404558249044513,,88.33333333333333,9.166666666666666,50.0,630.3206824308726,96.32514491049021,100.0,214.66588260515084,20500.84,114.66588260515084,0.5593228502107759,178.78761785311627,,,-95.30062491049938,-19777.789354713987,723.0506452860142
bucharest,3,3,1,5.12,fixed_quantitative,120,15.088916666666668,5496.3862877304155,3786.4509440092165,468.75127678553025,3282.630277024637,4241.049447506103,10.869960644137445,,77.5,22.5,71.66666666666667,1042.70223566981,14.557303369602531,100.0,196.74773131030435,6250.21,368.75127678553025,5.899822194542748,16.949663346210432,,,-69.31216470297011,-4686.112329083659,1564.0976709163417
bucharest,3,3,1,5.12,capped_dynamic,120,15.088916666666668,5496.3862877304155,3786.4509440092165,469.9976189587551,3296.349467635927,4331.1589526794005,10.678882952304534,,74.16666666666667,25.833333333333332,64.16666666666667,1033.047156696234,14.693359030532198,100.0,469.9976189587551,6250.21,369.9976189587551,5.9197629993033045,16.892568167301455,,,-47.221497193165234,-3791.6988666919724,2458.5111333080276
bucharest,3,3,2,10.24,fixed_quantitative,120,15.088916666666668,5496.3862877304155,3786.4509440092165,562.9637644357142,3282.630277024637,4241.049447506103,13.102655644859762,,77.5,22.5,71.66666666666667,1195.785504422649,25.387383795285153,100.0,275.5391944018585,11000.42,462.9637644357142,4.2086008028394755,23.760866065636733,,,-75.43618061113112,-8846.198659537431,2154.2213404625695
bucharest,3,3,2,10.24,capped_dynamic,120,15.088916666666668,5496.3862877304155,3786.4509440092165,581.6088795599383,3296.349467635927,4331.1589526794005,13.260585070143497,,74.16666666666667,25.833333333333332,65.0,1222.6286737717344,24.82999637491266,100.0,581.6088795599383,11000.42,481.60887955993826,4.378095377812286,22.840982521027108,,,-60.73237211525637,-7783.299946555879,3217.1200534441214
bucharest,3,3,4,20.48,fixed_quantitative,120,15.088916666666668,5496.3862877304155,3786.4509440092165,562.9665446773207,3282.630277024637,4241.049447506103,13.102723030730328,,77.5,22.5,71.66666666666667,1195.790021960437,50.77457577016116,100.0,275.54136497664314,20500.84,462.9665446773207,2.2582808542348545,44.28147181625989,,,-86.81934174045149,-18346.60174829915,2154.2382517008505
bucharest,3,3,4,20.48,capped_dynamic,120,15.088916666666668,5496.3862877304155,3786.4509440092165,581.6105370209852,3296.349467635927,4331.1589526794005,13.260624408923409,,74.16666666666667,25.833333333333332,65.0,1222.6331913095223,49.65980925988296,100.0,581.6105370209852,20500.84,481.61053702098525,2.3492234319227174,42.56725803137218,,,-78.92955044235374,-17283.708680983495,3217.131319016504
bucharest,3,5,1,5.12,fixed_quantitative,120,15.088916666666668,5496.3862877304155,6310.751573348694,565.8128460008354,1802.2694343725739,3922.6264418010496,14.212470803360109,,85.83333333333333,13.333333333333334,84.16666666666667,1187.5150412831872,12.782097271295525,100.0,240.01277095000634,6250.21,465.8128460008354,7.452755123441219,13.417856664238046,,,-59.441474863946006,-4201.616561935838,2048.593438064162
bucharest,3,5,1,5.12,capped_dynamic,120,15.088916666666668,5496.3862877304155,6310.751573348694,551.3130481676668,1719.191356276753,4026.4744166523765,13.473122044800766,,83.33333333333333,15.833333333333334,77.5,1147.3096289880002,13.230022990565327,100.0,551.3130481676668,6250.21,451.3130481676668,7.220766152939929,13.848945926504637,,,-35.32205443690536,-3239.0072331569104,3011.2027668430896
bucharest,3,5,2,10.24,fixed_quantitative,120,15.088916666666668,5496.3862877304155,6310.751573348694,700.1264778032773,1802.2694343725739,3922.6264418010496,17.602179560634134,,85.83333333333333,13.333333333333334,84.16666666666667,1405.7575514558068,21.59537788445649,100.0,331.6480724876147,11000.42,600.1264778032773,5.455486952346159,18.330169400734157,,,-67.74101745670205,-8177.919738351233,2822.5002616487673
bucharest,3,5,2,10.24,capped_dynamic,120,15.088916666666668,5496.3862877304155,6310.751573348694,684.4619551733049,1719.191356276753,4026.4744166523765,16.754821596094853,,83.33333333333333,15.833333333333334,77.5,1358.4893744396768,22.346781733304216,100.0,684.4619551733049,11000.42,584.4619551733049,5.313087638229312,18.821447491373757,,,-52.18059662625866,-7084.219403934492,3916.2005960655074
bucharest,3,5,4,20.48,fixed_quantitative,120,15.088916666666668,5496.3862877304155,6310.751573348694,701.9629867449182,1802.2694343725739,3922.6264418010496,17.649833053080773,,85.83333333333333,13.333333333333334,84.16666666666667,1408.741644105224,43.09926616373797,100.0,333.2017137619842,20500.84,601.9629867449182,2.936284497342149,34.056645427416,,,-82.61536145217735,-17666.778525719354,2834.061474280648
bucharest,3,5,4,20.48,capped_dynamic,120,15.088916666666668,5496.3862877304155,6310.751573348694,686.2258662686457,1719.191356276753,4026.4744166523765,16.79955541557588,,83.33333333333333,15.833333333333334,77.5,1361.473467089094,44.5956036183698,100.0,686.2258662686457,20500.84,586.2258662686457,2.8595212014173357,34.97088951480217,,,-74.26218351109394,-16572.650302798596,3928.1896972014047
bucharest,3,10,1,5.12,fixed_quantitative,120,15.088916666666668,5496.3862877304155,12621.503146697389,644.8844163967811,-1612.620291254178,3631.558850599216,17.578766822858857,,94.16666666666667,5.833333333333333,90.83333333333333,1304.524545732655,11.635605338712377,100.0,284.9887157988876,6250.21,544.8844163967811,8.717857742328356,11.47070793716486,,,-50.61659290561544,-3775.2289745632174,2474.9810254367826
bucharest,3,10,1,5.12,capped_dynamic,120,15.088916666666668,5496.3862877304155,12621.503146697389,623.9061483138207,-2023.6208521119731,3733.4300306438677,16.514011036487595,,90.83333333333333,9.166666666666666,80.83333333333333,1261.730598999655,12.03024859731754,100.0,623.9061483138207,6250.21,523.9061483138207,8.382216730538985,11.930018420505561,,,-24.699009731953744,-2745.6002685318604,3504.6097314681397
bucharest,3,10,2,10.24,fixed_quantitative,120,15.088916666666668,5496.3862877304155,12621.503146697389,841.9404934170236,-1612.620291254178,3631.558850599216,23.03059497421616,,94.16666666666667,5.833333333333333,90.83333333333333,1624.7155220061811,18.6850344730694,100.0,402.65363384459476,11000.42,741.9404934170236,6.7446560532872715,14.826552934639432,,,-59.19025487480003,-7444.656239417448,3555.763760582552
bucharest,3,10,2,10.24,capped_dynamic,120,15.088916666666668,5496.3862877304155,12621.503146697389,801.6170398631357,-2023.6208521119731,3733.4300306438677,21.274477008339353,,90.83333333333333,9.166666666666666,80.83333333333333,1551.6810726782264,19.56450076768564,100.0,801.6170398631357,11000.42,701.6170398631357,6.378093198833642,15.678667100425397,,,-42.43967273373343,-6287.929748157027,4712.4902518429735
bucharest,3,10,4,20.48,fixed_quantitative,120,15.088916666666668,5496.3862877304155,12621.503146697389,849.1777892147761,-1612.620291254178,3631.558850599216,23.233978187943165,,94.16666666666667,5.833333333333333,90.83333333333333,1636.4752040322498,37.101528288134304,100.0,407.10122251193405,20500.84,749.1777892147761,3.654376060760321,27.36445246393012,,,-77.84776428970112,-16904.971520715477,3595.868479284522
bucharest,3,10,4,20.48,capped_dynamic,120,15.088916666666668,5496.3862877304155,12621.503146697389,807.9700760928932,-2023.6208521119731,3733.4300306438677,21.448032371762537,,90.83333333333333,9.166666666666666,80.83333333333333,1563.4407547042954,38.834686183370266,100.0,807.9700760928932,20500.84,707.9700760928932,3.453371062321804,28.957212588897715,,,-68.83061910182019,-15745.168890527768,4755.671109472232
bucharest,4,3,1,5.12,fixed_quantitative,120,16.021450000000083,5785.415896985438,3786.4509440092165,253.5511245203275,3699.168239918743,4713.68492463985,5.1849399116725525,,70.83333333333333,29.166666666666668,60.0,696.0053791795671,21.808642896841903,100.0,79.67893285690342,6250.21,153.5511245203275,2.456735446014254,40.70442349103461,,,-92.89997250582618,-5829.179607808567,421.03039219143255
bucharest,4,3,1,5.12,capped_dynamic,120,16.021450000000083,5785.415896985438,3786.4509440092165,225.4322849838387,3628.4998884048605,4720.490259422267,4.618949301576055,,70.83333333333333,29.166666666666668,59.166666666666664,642.8669241340325,23.611313942235945,100.0,225.4322849838387,6250.21,125.43228498383871,2.0068491296106643,49.82935614068823,,,-83.01041474684833,-5453.981354230399,796.2286457696007
bucharest,4,3,2,10.24,fixed_quantitative,120,16.021450000000083,5785.415896985438,3786.4509440092165,270.15424134626517,3699.168239918743,4713.68492463985,5.529623813442725,,70.83333333333333,29.166666666666668,60.0,722.9833250824192,41.989717444943395,100.0,92.91376365800997,11000.42,170.15424134626517,1.5467976799637209,64.64969614018649,,,-94.7395811890337,-10477.510967399661,522.9090326003388
bucharest,4,3,2,10.24,capped_dynamic,120,16.021450000000083,5785.415896985438,3786.4509440092165,232.3556853422978,3628.4998884048605,4720.490259422267,4.763791194516334,,70.83333333333333,29.166666666666668,59.166666666666664,654.8550739956718,46.35814356966728,100.0,232.3556853422978,11000.42,132.3556853422978,1.2031875632230205,83.11256121375334,,,-89.77122086093672,-10157.133797122719,843.286202877282
bucharest,4,3,4,20.48,fixed_quantitative,120,16.021450000000083,5785.415896985438,3786.4509440092165,270.1542413462652,3699.168239918743,4713.68492463985,5.529623813442725,,70.83333333333333,29.166666666666668,60.0,722.9833250824192,83.97943488988679,100.0,92.91376365800997,20500.84,170.15424134626522,0.8299866802836626,120.48386121789717,,,-97.17734413338526,-19977.93096739966,522.9090326003391
bucharest,4,3,4,20.48,capped_dynamic,120,16.021450000000083,5785.415896985438,3786.4509440092165,232.35568534229785,3628.4998884048605,4720.490259422267,4.763791194516334,,70.83333333333333,29.166666666666668,59.166666666666664,654.8550739956718,92.71628713933455,100.0,232.35568534229785,20500.84,132.35568534229785,0.6456110351687923,154.89202407120476,,,-94.51140213684246,-19657.553797122717,843.2862028772824
bucharest,4,5,1,5.12,fixed_quantitative,120,16.021450000000083,5785.415896985438,6310.751573348694,233.96213475345755,2101.6498849318627,4188.40596769103,5.387308039572552,,76.66666666666667,23.333333333333332,60.833333333333336,653.0981041256372,23.241428313636984,100.0,67.00269826253162,6250.21,133.96213475345755,2.143322140431402,46.65654224981424,,,-95.20978165099002,-5939.808200127742,310.4017998722586
bucharest,4,5,1,5.12,capped_dynamic,120,16.021450000000083,5785.415896985438,6310.751573348694,224.9927057014805,1994.3404129923954,4252.185346139612,5.11752137167905,,75.83333333333333,24.166666666666668,60.833333333333336,624.0109812918242,24.324784697514254,100.0,224.9927057014805,6250.21,124.9927057014805,1.9998160974028152,50.00459798772056,,,-83.07474138889089,-5456.969124128416,793.2408758715835
bucharest,4,5,2,10.24,fixed_quantitative,120,16.021450000000083,5785.415896985438,6310.751573348694,259.8549979938856,2101.6498849318627,4188.40596769103,5.974214458527251,,76.66666666666667,23.333333333333332,60.833333333333336,695.1707023668876,43.66965614956912,100.0,77.83543844702018,11000.42,159.8549979938856,1.4531717697495696,68.81498944700348,,,-95.81462488045025,-10563.07967983934,437.34032016066016
bucharest,4,5,2,10.24,capped_dynamic,120,16.021450000000083,5785.415896985438,6310.751573348694,238.39427508411984,1994.3404129923954,4252.185346139612,5.414957141574244,,75.83333333333333,24.166666666666668,60.833333333333336,649.7081010656092,46.725391737959605,100.0,238.39427508411984,11000.42,138.39427508411984,1.258081737643834,79.48609141031045,,,-89.26913899868549,-10116.090196158857,884.3298038411435
bucharest,4,5,4,20.48,fixed_quantitative,120,16.021450000000083,5785.415896985438,6310.751573348694,260.47661920267507,2101.6498849318627,4188.40596769103,5.987837199342253,,76.66666666666667,23.333333333333332,60.833333333333336,696.1807574980174,87.2125958974179,100.0,77.83543844702021,20500.84,160.47661920267507,0.7827807016818582,127.74970024828552,,,-97.74172637540859,-20061.299273101744,439.54072689825546
bucharest,4,5,4,20.48,capped_dynamic,120,16.021450000000083,5785.415896985438,6310.751573348694,238.39427508411984,1994.3404129923954,4252.185346139612,5.414957141574242,,75.83333333333333,24.166666666666668,60.833333333333336,649.7081010656092,93.45078347591921,100.0,238.39427508411984,20500.84,138.39427508411984,0.6750663635447125,148.13358419298072,,,-94.24199310974183,-19616.510196158855,884.3298038411435
bucharest,4,10,1,5.12,fixed_quantitative,120,16.021450000000083,5785.415896985438,12621.503146697389,288.5995588389234,-1449.7260696648955,3656.3552063739085,7.728680675916329,,90.83333333333333,8.333333333333334,65.83333333333333,728.4258577054474,20.83799278710683,100.0,87.71804062542658,6250.21,188.59955883892337,3.017491553706569,33.14010933258915,,,-89.94653746073841,-5678.931449797138,571.2785502028619
bucharest,4,10,1,5.12,capped_dynamic,120,16.021450000000083,5785.415896985438,12621.503146697389,268.1473105937847,-1822.0765358408487,3738.3125057161415,7.008737237061287,,85.0,15.0,64.16666666666667,700.7660882677443,21.66048418000608,100.0,268.1473105937847,6250.21,168.1473105937847,2.6902665765435834,37.17103757371085,,,-76.75963298227244,-5163.652230833659,1086.5577691663416
bucharest,4,10,2,10.24,fixed_quantitative,120,16.021450000000083,5785.415896985438,12621.503146697389,330.1860253466691,-1449.7260696648955,3656.3552063739085,8.854854572058846,,90.83333333333333,8.333333333333334,65.83333333333333,795.9985583916259,38.1380911027738,100.0,103.50415400491643,11000.42,230.1860253466691,2.0925203341933227,47.78926080952542,,,-92.01081602458079,-10230.517292890941,769.9027071090594
bucharest,4,10,2,10.24,capped_dynamic,120,16.021450000000083,5785.415896985438,12621.503146697389,305.4082604440776,-1822.0765358408487,3738.3125057161415,7.995355407497724,,85.0,15.0,64.16666666666667,767.9156027656702,39.53281510140139,100.0,305.4082604440776,11000.42,205.4082604440776,1.8672765262060684,53.553931941285605,,,-83.69722436216429,-9660.603833993402,1339.8161660065987
bucharest,4,10,4,20.48,fixed_quantitative,120,16.021450000000083,5785.415896985438,12621.503146697389,331.88378526992096,-1449.7260696648955,3656.3552063739085,8.900380616203705,,90.83333333333333,8.333333333333334,65.83333333333333,798.7572015937244,76.01274949895851,100.0,104.04923887558878,20500.84,231.88378526992096,1.1310940686816782,88.40997647220695,,,-95.6656929857833,-19723.15218934146,777.687810658539
bucharest,4,10,4,20.48,capped_dynamic,120,16.021450000000083,5785.415896985438,12621.503146697389,306.3620329546651,-1822.0765358408487,3738.3125057161415,8.019937637943695,,85.0,15.0,64.16666666666667,770.0225443548653,78.84929021929,100.0,306.3620329546651,20500.84,206.3620329546651,1.0066028170292782,99.34404941874048,,,-91.20964146722238,-19154.541151776437,1346.2988482235633
bucharest,5,3,1,5.12,fixed_quantitative,120,6.928666666666675,2511.67811635945,3786.4509440092165,165.23999234887745,396.68723060977027,1859.5453097474365,8.717053155541294,,73.33333333333333,25.0,50.833333333333336,532.8251696735754,28.487642162451312,100.0,14.600893040139741,6250.21,65.23999234887745,1.0438048057405662,95.80335274376445,,,-103.95185571339583,-6353.747771124997,-103.53777112499688
bucharest,5,3,1,5.12,capped_dynamic,120,6.928666666666675,2511.67811635945,3786.4509440092165,149.55142256337322,325.7093814152164,1904.6846487485655,7.687694333487991,,70.83333333333333,27.5,44.166666666666664,515.2109193567583,29.461589804344875,100.0,149.55142256337322,6250.21,49.55142256337322,0.7927961230642366,126.13583377967335,,,-94.11458018571196,-5969.734861445733,280.475138554267
bucharest,5,3,2,10.24,fixed_quantitative,120,6.928666666666675,2511.67811635945,3786.4509440092165,165.2399923488775,396.68723060977027,1859.5453097474365,8.717053155541297,,73.33333333333333,25.0,50.833333333333336,532.8251696735754,56.975284324902624,100.0,14.600893040139766,11000.42,65.23999234887751,0.5930681951132548,168.6146733613047,,,-102.24536227693339,-11103.957771124997,-103.53777112499657
bucharest,5,3,2,10.24,capped_dynamic,120,6.928666666666675,2511.67811635945,3786.4509440092165,149.55142256337325,325.7093814152164,1904.6846487485655,7.687694333487991,,70.83333333333333,27.5,44.166666666666664,515.2109193567583,58.92317960868975,100.0,149.55142256337325,11000.42,49.55142256337325,0.4504502788382012,222.00008457741316,,,-96.65602679011698,-10719.944861445732,280.4751385542671
bucharest,5,3,4,20.48,fixed_quantitative,120,6.928666666666675,2511.67811635945,3786.4509440092165,165.23999234887748,396.68723060977027,1859.5453097474365,8.717053155541295,,73.33333333333333,25.0,50.833333333333336,532.8251696735755,113.95056864980522,100.0,14.600893040139745,20500.84,65.23999234887748,0.31823082541436093,314.2373145963856,,,-101.2048251729404,-20604.377771124997,-103.53777112499675
bucharest,5,3,4,20.48,capped_dynamic,120,6.928666666666675,2511.67811635945,3786.4509440092165,149.55142256337322,325.7093814152164,1904.6846487485655,7.687694333487991,,70.83333333333333,27.5,44.166666666666664,515.2109193567584,117.84635921737947,100.0,149.55142256337322,20500.84,49.55142256337322,0.2417043524234774,413.72858617289313,,,-98.2056779245406,-20220.364861445734,280.475138554267
bucharest,5,5,1,5.12,fixed_quantitative,120,6.928666666666675,2511.67811635945,6310.751573348694,221.38597139788743,-964.7984708251605,1751.0109396548626,12.547311543062937,,78.33333333333333,20.833333333333332,57.5,615.6184890088275,24.656395218485006,100.0,42.37383931724582,6250.21,121.38597139788743,1.94211028746054,51.4903816975079,,,-98.02091118708843,-6064.543749438525,185.66625056147512
bucharest,5,5,1,5.12,capped_dynamic,120,6.928666666666675,2511.67811635945,6310.751573348694,187.50179409674544,-1165.2383838319013,1795.2520839832016,10.328902576130094,,73.33333333333333,25.0,52.5,579.5623135682008,26.190337800530603,100.0,187.50179409674544,6250.21,87.50179409674544,1.399981666163944,71.42950684061998,,,-88.56104283082747,-5711.790544603299,538.4194553967009
bucharest,5,5,2,10.24,fixed_quantitative,120,6.928666666666675,2511.67811635945,6310.751573348694,224.27782599359978,-964.7984708251605,1751.0109396548626,12.716195058847344,,78.33333333333333,20.833333333333332,57.5,620.3173836597501,48.9392468070313,100.0,43.827779939835295,11000.42,124.27782599359978,1.1297552820128667,88.51474438059863,,,-98.70088198780799,-10799.78157267012,200.63842732988022
bucharest,5,5,2,10.24,capped_dynamic,120,6.928666666666675,2511.67811635945,6310.751573348694,188.76220379072493,-1165.2383838319013,1795.2520839832016,10.400705829500497,,73.33333333333333,25.0,52.5,582.4412061059894,52.12176820486167,100.0,188.76220379072493,11000.42,88.76220379072493,0.8068983165254138,123.93135287555211,,,-93.3958248388888,-10453.433684667047,546.9863153329527
bucharest,5,5,4,20.48,fixed_quantitative,120,6.928666666666675,2511.67811635945,6310.751573348694,224.27782599359975,-964.7984708251605,1751.0109396548626,12.716195058847338,,78.33333333333333,20.833333333333332,57.5,620.3173836597501,97.8784936140626,100.0,43.827779939835274,20500.84,124.27782599359975,0.6062084577685585,164.9597571899575,,,-99.30291423357886,-20300.20157267012,200.63842732988
bucharest,5,5,4,20.48,capped_dynamic,120,6.928666666666675,2511.67811635945,6310.751573348694,188.7622037907249,-1165.2383838319013,1795.2520839832016,10.400705829500493,,73.33333333333333,25.0,52.5,582.4412061059894,104.24353640972333,100.0,188.7622037907249,20500.84,88.7622037907249,0.4329686188015949,230.96362105130845,,,-96.45630615497751,-19953.853684667047,546.9863153329526
bucharest,5,10,1,5.12,fixed_quantitative,120,6.928666666666675,2511.67811635945,12621.503146697389,276.42239123804615,-4270.129278917828,1653.3830490074718,16.71067810159436,,84.16666666666667,15.0,65.0,696.8338439284108,21.782714632855328,100.0,70.7418915839018,6250.21,176.42239123804615,2.822663418317883,35.42753250389069,,,-92.1150353162145,-5777.329012570567,472.8809874294327
bucharest,5,10,1,5.12,capped_dynamic,120,6.928666666666675,2511.67811635945,12621.503146697389,225.78443628131132,-4828.922628891651,1695.5019814610723,13.27194929491325,,77.5,20.833333333333332,50.833333333333336,648.1082242410848,23.420367464989805,100.0,225.78443628131132,6250.21,125.78443628131132,2.0124833610600494,49.68985181935929,,,-82.95888203962923,-5451.587822304846,798.6221776951543
bucharest,5,10,2,10.24,fixed_quantitative,120,6.928666666666675,2511.67811635945,12621.503146697389,294.33218019586496,-4270.129278917828,1653.3830490074718,17.81848998410597,,84.16666666666667,15.0,65.0,725.9349652841747,41.8189879113104,100.0,79.74641406106413,11000.42,194.33218019586496,1.7665887320290041,56.60627071086639,,,-94.43834374542611,-10434.813559998067,565.6064400019327
bucharest,5,10,2,10.24,capped_dynamic,120,6.928666666666675,2511.67811635945,12621.503146697389,240.77481713752735,-4828.922628891651,1695.5019814610723,14.175955248681507,,77.5,20.833333333333332,50.833333333333336,676.2424860215032,44.89198204067161,100.0,240.77481713752735,11000.42,140.77481713752735,1.279722202766143,78.14195907818757,,,-89.07120752156187,-10099.909925218928,900.5100747810712
bucharest,5,10,4,20.48,fixed_quantitative,120,6.928666666666675,2511.67811635945,12621.503146697389,294.33218019586496,-4270.129278917828,1653.3830490074718,17.81848998410597,,84.16666666666667,15.0,65.0,725.9349652841747,83.6379758226208,100.0,79.74641406106407,20500.84,194.33218019586496,0.9479230128905204,105.49379922222589,,,-97.01570498106713,-19935.23355999807,565.6064400019324
bucharest,5,10,4,20.48,capped_dynamic,120,6.928666666666675,2511.67811635945,12621.503146697389,240.77481713752738,-4828.922628891651,1695.5019814610723,14.175955248681507,,77.5,20.833333333333332,50.833333333333336,676.2424860215032,89.78396408134321,100.0,240.77481713752738,20500.84,140.77481713752738,0.6866782879995521,145.62860330318938,,,-94.13578627238395,-19600.329925218928,900.5100747810715
bucharest,6,3,1,5.12,fixed_quantitative,68,24.954367647059005,9264.500587182374,3539.82678372434,-18.30411381364023,7153.413196636886,7424.8070723725605,-0.7860353670059488,-0.8045151984671383,19.11764705882353,80.88235294117646,13.235294117647058,281.81942767102447,53.86049107489851,100.0,-80.76101055021684,6250.21,-118.30411381364023,-1.8928022228635555,,,,-123.70856330740472,-7314.0579011879445,-1063.8479011879447
bucharest,6,3,1,5.12,capped_dynamic,68,24.954367647059005,9264.500587182374,3539.82678372434,28.84038871043807,6475.407696500996,6774.675626228384,-0.3835105483842239,-0.39492625779520696,30.88235294117647,67.6470588235294,13.235294117647058,431.3565568089963,35.18883051435663,100.0,28.84038871043807,6250.21,-71.15961128956192,-1.1385155265113,,,,-111.77905113982368,-6790.193895296264,-539.983895296264
bucharest,6,3,2,10.24,fixed_quantitative,68,24.954367647059005,9264.500587182374,3539.82678372434,-18.304113813640242,7153.413196636886,7424.8070723725605,-0.7860353670059491,-0.8045151984671386,19.11764705882353,80.88235294117646,13.235294117647058,281.81942767102447,107.72098214979702,100.0,-80.76101055021681,11000.42,-118.30411381364024,-1.0754508810903607,,,,-113.47071288819646,-12064.267901187945,-1063.8479011879447
bucharest,6,3,2,10.24,capped_dynamic,68,24.954367647059005,9264.500587182374,3539.82678372434,38.44740623611037,6475.407696500996,6774.675626228384,-0.2289521729709493,-0.23576724360371581,30.88235294117647,67.6470588235294,14.705882352941176,456.1085925598677,66.55841620355297,100.0,38.44740623611037,11000.42,-61.55259376388963,-0.5595476696697911,,,,-105.89383127861214,-11475.106100507253,-474.6861005072539
bucharest,6,3,4,20.48,fixed_quantitative,68,24.954367647059005,9264.500587182374,3539.82678372434,-18.304113813640278,7153.413196636886,7424.8070723725605,-0.7860353670059492,-0.8045151984671388,19.11764705882353,80.88235294117646,13.235294117647058,281.81942767102447,215.44196429959405,100.0,-80.76101055021684,20500.84,-118.30411381364027,-0.5770695923369007,,,,-107.22816721020085,-21564.687901187946,-1063.847901187945
bucharest,6,3,4,20.48,capped_dynamic,68,24.954367647059005,9264.500587182374,3539.82678372434,38.44740623611035,6475.407696500996,6774.675626228384,-0.2289521729709492,-0.23576724360371568,30.88235294117647,67.6470588235294,14.705882352941176,456.1085925598677,133.11683240710593,100.0,38.44740623611035,20500.84,-61.55259376388965,-0.30024425225449125,,,,-103.16253477778815,-20975.526100507253,-474.6861005072539
bucharest,6,5,1,5.12,fixed_quantitative,68,24.954367647059005,9264.500587182374,5899.711306207234,195.50777944892215,5003.557566610744,5774.8060924464835,2.624211757974597,,57.35294117647059,42.64705882352941,42.64705882352941,614.9631262420156,24.68267140107296,100.0,28.510507690986994,6250.21,95.50777944892215,1.528073127925656,65.44189422122028,,,-100.8401178047988,-6201.301269956392,48.90873004360744
bucharest,6,5,1,5.12,capped_dynamic,68,24.954367647059005,9264.500587182374,5899.711306207234,154.71359385414638,4481.371749370712,5352.956624847217,1.682717903068161,,54.411764705882355,45.588235294117645,29.41176470588235,616.6791431470143,24.613987577636642,100.0,154.71359385414638,6250.21,54.71359385414638,0.8753880886265643,114.23504763115352,,,-93.3591643640141,-5934.64817604,315.5618239599998
bucharest,6,5,2,10.24,fixed_quantitative,68,24.954367647059005,9264.500587182374,5899.711306207234,211.7621397842317,5003.557566610744,5774.8060924464835,2.9163911139601506,,57.35294117647059,42.64705882352941,42.64705882352941,641.3743873569408,47.3325192524745,100.0,30.247208124580432,11000.42,111.76213978423169,1.0159806605950654,98.42707039465638,,,-99.79023847200023,-10888.317691282857,112.10230871714326
bucharest,6,5,2,10.24,capped_dynamic,68,24.954367647059005,9264.500587182374,5899.711306207234,173.87227210496445,4481.371749370712,5352.956624847217,2.0449515097024706,,54.411764705882355,45.588235294117645,29.41176470588235,658.9041876955226,46.07326240221849,100.0,173.87227210496445,11000.42,73.87227210496445,0.6715404694090267,148.9113531579156,,,-94.63385639082607,-10554.638840277621,445.7811597223797
bucharest,6,5,4,20.48,fixed_quantitative,68,24.954367647059005,9264.500587182374,5899.711306207234,214.5137110748876,5003.557566610744,5774.8060924464835,2.9681329069386986,,57.35294117647059,42.64705882352941,42.64705882352941,645.8453395405206,94.00970690355743,100.0,30.247208124580432,20500.84,114.5137110748876,0.5585805804781052,179.02519975615175,,,-99.83225264611231,-20378.99771471622,121.84228528377808
bucharest,6,5,4,20.48,capped_dynamic,68,24.954367647059005,9264.500587182374,5899.711306207234,173.8722721049644,4481.371749370712,5352.956624847217,2.0449515097024706,,54.411764705882355,45.588235294117645,29.41176470588235,658.9041876955226,92.14652480443698,100.0,173.8722721049644,20500.84,73.8722721049644,0.36033778179315773,277.5173879973606,,,-97.12061391234559,-20055.05884027762,445.7811597223793
bucharest,6,10,1,5.12,fixed_quantitative,68,24.954367647059005,9264.500587182374,11799.422612414468,427.90607749033546,559.2445284041273,3292.4083163400123,11.223535498011334,,76.47058823529412,23.529411764705884,70.58823529411765,966.7552555648243,15.700905354727,100.0,128.20142940816385,6250.21,327.90607749033546,5.246320963460994,19.060976386398984,,,-77.5204824751599,-5053.957665068298,1196.2523349317016
bucharest,6,10,1,5.12,capped_dynamic,68,24.954367647059005,9264.500587182374,11799.422612414468,290.1121868543022,113.07503025695472,3217.3438127936174,6.904502289110833,,66.17647058823529,32.35294117647059,48.529411764705884,806.0843302531507,18.830452595501114,100.0,290.1121868543022,6250.21,190.1121868543022,3.041692788791132,32.87642998283968,,,-73.54536245264319,-5014.35948948156,1235.85051051844
bucharest,6,10,2,10.24,fixed_quantitative,68,24.954367647059005,9264.500587182374,11799.422612414468,513.7412825676947,559.2445284041273,3292.4083163400123,14.574838314217375,,76.47058823529412,23.529411764705884,70.58823529411765,1106.2265092706148,27.44272107313063,100.0,159.54886468389952,11000.42,413.7412825676947,3.761140779785633,26.587678009143684,,,-82.58434035285951,-9398.227642849519,1602.1923571504813
bucharest,6,10,2,10.24,capped_dynamic,68,24.954367647059005,9264.500587182374,11799.422612414468,331.425435607318,113.07503025695472,3217.3438127936174,8.470253878479012,,66.17647058823529,32.35294117647059,48.529411764705884,881.1823372556192,34.45128692906384,100.0,331.425435607318,11000.42,231.42543560731798,2.103787270007127,47.533323081502076,,,-81.53401203694098,-9483.768082392115,1516.6519176078864
bucharest,6,10,4,20.48,fixed_quantitative,68,24.954367647059005,9264.500587182374,11799.422612414468,513.9386239953027,559.2445284041273,3292.4083163400123,14.583899464110448,,76.47058823529412,23.529411764705884,70.58823529411765,1106.547163905176,54.86953747272523,100.0,159.64808223050247,20500.84,413.9386239953027,2.0191300648915007,49.52627952938415,,,-90.64864322740551,-18897.62593493161,1603.214065068389
bucharest,6,10,4,20.48,capped_dynamic,68,24.954367647059005,9264.500587182374,11799.422612414468,331.4254356073179,113.07503025695472,3217.3438127936174,8.470253878479012,,66.17647058823529,32.35294117647059,48.529411764705884,881.1823372556192,68.90257385812768,100.0,331.4254356073179,20500.84,231.42543560731792,1.128858308280626,88.58507685726374,,,-90.09144877436272,-18984.188082392113,1516.6519176078862
timisoara,2,3,1,5.12,fixed_quantitative,120,7.063749999999994,2570.08616205837,3857.6663799539174,157.18391900834777,345.7632130203639,1781.2784176176199,8.56932586340883,,80.83333333333333,18.333333333333332,45.0,523.6831143987412,28.984957413102162,100.0,6.046466570498075,6250.21,57.18391900834777,0.9149119630916045,109.30013382062162,,,-105.1708954153435,-6410.127161413649,-159.91716141364964
timisoara,2,3,1,5.12,capped_dynamic,120,7.063749999999994,2570.08616205837,3857.6663799539174,138.42253185148795,282.74526174648224,1816.7923240517491,7.375859992431312,,76.66666666666667,22.5,44.166666666666664,493.5880054432831,30.752231823737844,100.0,138.42253185148795,6250.21,38.422531851487946,0.6147398543647005,162.67043577863427,,,-95.7431468581761,-6045.376653499521,204.8333465004785
timisoara,2,3,2,10.24,fixed_quantitative,120,7.063749999999994,2570.08616205837,3857.6663799539174,165.81108303250898,345.7632130203639,1781.2784176176199,9.057051612694668,,80.83333333333333,18.333333333333332,45.0,537.7011549135956,56.45862066726398,100.0,13.862934316597869,11000.42,65.81108303250898,0.5982597303785581,167.15148107448826,,,-102.25778529184346,-11104.339835608665,-103.91983560866504
timisoara,2,3,2,10.24,capped_dynamic,120,7.063749999999994,2570.08616205837,3857.6663799539174,147.7978257316358,282.74526174648224,1816.7923240517491,7.895570522620201,,76.66666666666667,22.5,44.166666666666664,507.6060459581375,59.80595735481068,100.0,147.7978257316358,11000.42,47.79782573163581,0.43450909812203364,230.14477816967275,,,-96.80183056228235,-10731.863857716477,268.55614228352425
timisoara,2,3,4,20.48,fixed_quantitative,120,7.063749999999994,2570.08616205837,3857.6663799539174,165.811083032509,345.7632130203639,1781.2784176176199,9.057051612694668,,80.83333333333333,18.333333333333332,45.0,537.7011549135956,112.91724133452796,100.0,13.862934316597876,20500.84,65.811083032509,0.3210165194816847,311.51044862569887,,,-101.21149116231825,-20604.759835608664,-103.91983560866491
timisoara,2,3,4,20.48,capped_dynamic,120,7.063749999999994,2570.08616205837,3857.6663799539174,147.7978257316358,282.74526174648224,1816.7923240517491,7.895570522620201,,76.66666666666667,22.5,44.166666666666664,507.6060459581375,119.61191470962136,100.0,147.7978257316358,20500.84,47.79782573163581,0.23315057203332065,428.9073757267408,,,-98.28391387640417,-20232.283857716477,268.55614228352425
timisoara,2,5,1,5.12,fixed_quantitative,120,7.063749999999994,2570.08616205837,6429.443966589863,181.63901769280673,-1079.5154606874455,1603.2803242803946,11.171233140269393,,84.16666666666667,14.166666666666666,44.166666666666664,555.0770350650228,27.345632785961197,100.0,17.03817039598103,6250.21,81.63901769280673,1.3061803954236215,76.55910343652641,,,-102.67661068124258,-6287.760261391857,-37.55026139185692
timisoara,2,5,1,5.12,capped_dynamic,120,7.063749999999994,2570.08616205837,6429.443966589863,149.07132035780995,-1251.1821712702663,1643.5141338936771,8.884417707226094,,80.83333333333333,19.166666666666668,44.166666666666664,510.28315996901307,29.746097773890792,100.0,149.07132035780995,6250.21,49.07132035780995,0.785114745869498,127.36991697850753,,,-94.18483682418554,-5972.998060998856,277.2119390011437
timisoara,2,5,2,10.24,fixed_quantitative,120,7.063749999999994,2570.08616205837,6429.443966589863,189.10003317474087,-1079.5154606874455,1603.2803242803946,11.639536619429872,,84.16666666666667,14.166666666666666,44.166666666666664,567.2002330261138,53.52230794344326,100.0,23.809501593340894,11000.42,89.10003317474087,0.8099693754851258,123.46145795957491,,,-100.93200668041797,-10989.504965372122,10.915034627877787
timisoara,2,5,2,10.24,capped_dynamic,120,7.063749999999994,2570.08616205837,6429.443966589863,157.22360260801847,-1251.1821712702663,1643.5141338936771,9.383630674565593,,80.83333333333333,19.166666666666668,44.166666666666664,522.406357930104,58.11159277980725,100.0,157.22360260801847,11000.42,57.22360260801847,0.5201947071840753,192.23571216501082,,,-96.01811916448983,-10667.797934805822,332.6220651941792
timisoara,2,5,4,20.48,fixed_quantitative,120,7.063749999999994,2570.08616205837,6429.443966589863,189.10003317474087,-1079.5154606874455,1603.2803242803946,11.639536619429872,,84.16666666666667,14.166666666666666,44.166666666666664,567.2002330261138,107.04461588688652,100.0,23.809501593340883,20500.84,89.10003317474087,0.4346164994933909,230.0879053523385,,,-100.500099748469,-20489.924965372124,10.915034627877723
timisoara,2,5,4,20.48,capped_dynamic,120,7.063749999999994,2570.08616205837,6429.443966589863,157.22360260801847,-1251.1821712702663,1643.5141338936771,9.383630674565593,,80.83333333333333,19.166666666666668,44.166666666666664,522.406357930104,116.2231855596145,100.0,157.22360260801847,20500.84,57.22360260801847,0.279128087473579,358.258464438716,,,-97.86338698411564,-20168.21793480582,332.6220651941792
timisoara,2,10,1,5.12,fixed_quantitative,120,7.063749999999994,2570.08616205837,12858.887933179725,221.30658005329332,-4491.593545801752,1425.1035045064284,15.50636117295415,,87.5,7.5,44.166666666666664,610.0276479157124,24.882368562589306,100.0,36.306571707326846,6250.21,121.30658005329332,1.9408400686263871,51.52408053424728,,,-98.51481719145413,-6084.586463402136,165.62353659786348
timisoara,2,10,1,5.12,capped_dynamic,120,7.063749999999994,2570.08616205837,12858.887933179725,162.7046470600248,-4987.91240537984,1464.5958590109747,11.010704356498074,,83.33333333333333,13.333333333333334,35.833333333333336,539.2600411578751,28.147705393147046,100.0,162.7046470600248,6250.21,62.7046470600248,1.0032406440747559,99.67698237766827,,,-92.1897789089945,-5880.333905144675,369.8760948553258
timisoara,2,10,2,10.24,fixed_quantitative,120,7.063749999999994,2570.08616205837,12858.887933179725,230.78495008201767,-4491.593545801752,1425.1035045064284,16.18014622838016,,87.5,7.5,44.166666666666664,625.4287895545323,48.5392838395545,100.0,43.308606658402184,11000.42,130.78495008201767,1.1889086969590041,84.11074816407724,,,-98.48139143791063,-10778.438737029699,221.9812629703004
timisoara,2,10,2,10.24,capped_dynamic,120,7.063749999999994,2570.08616205837,12858.887933179725,170.03131812718325,-4987.91240537984,1464.5958590109747,11.514957447764626,,83.33333333333333,13.333333333333334,35.833333333333336,550.194636328721,55.17659303294032,100.0,170.03131812718325,11000.42,70.03131812718325,0.636624039147444,157.07857990081288,,,-94.95321461988898,-10580.74536334422,419.67463665578026
timisoara,2,10,4,20.48,fixed_quantitative,120,7.063749999999994,2570.08616205837,12858.887933179725,230.78495008201767,-4491.593545801752,1425.1035045064284,16.18014622838016,,87.5,7.5,44.166666666666664,625.4287895545323,97.078567679109,100.0,43.30860665840216,20500.84,130.78495008201767,0.6379492258952203,156.752286766509,,,-99.18513914558726,-20278.8587370297,221.9812629703003
timisoara,2,10,4,20.48,capped_dynamic,120,7.063749999999994,2570.08616205837,12858.887933179725,170.03131812718328,-4987.91240537984,1464.5958590109747,11.514957447764628,,83.33333333333333,13.333333333333334,35.833333333333336,550.194636328721,110.35318606588064,100.0,170.03131812718328,20500.84,70.03131812718328,0.34160218862828684,292.73817126744063,,,-97.29197638579292,-20081.16536334422,419.6746366557805
timisoara,3,3,1,5.12,fixed_quantitative,120,15.088916666666668,5496.3862877304155,3857.6663799539174,462.3144674240107,3207.7597091316047,4173.612166189297,10.895967895381796,,80.0,20.0,73.33333333333333,1031.2125038698753,14.719500308467547,100.0,206.11458677976705,6250.21,362.3144674240107,5.79683670507088,17.250787815451712,,,-68.98121501208824,-4678.388497151938,1571.8215028480618
timisoara,3,3,1,5.12,capped_dynamic,120,15.088916666666668,5496.3862877304155,3857.6663799539174,473.13574167200886,3243.116951757489,4268.868688886214,10.904167441159624,,76.66666666666667,23.333333333333332,67.5,1027.1660286219094,14.777487130462186,100.0,473.13574167200886,6250.21,373.13574167200886,5.969971275717278,16.750499354452128,,,-46.76227423939414,-3770.369407012608,2479.840592987392
timisoara,3,3,2,10.24,fixed_quantitative,120,15.088916666666668,5496.3862877304155,3857.6663799539174,543.9832871006953,3207.7597091316047,4173.612166189297,12.861094290860844,,80.0,20.0,73.33333333333333,1163.9139130261024,26.082569507815155,100.0,276.67746221790475,11000.42,443.9832871006953,4.036057596898075,24.776653355208634,,,-76.09361892607782,-8909.678058524783,2090.7419414752158
timisoara,3,3,2,10.24,capped_dynamic,120,15.088916666666668,5496.3862877304155,3857.6663799539174,568.0909892840116,3243.116951757489,4268.868688886214,13.129915075491166,,76.66666666666667,23.333333333333332,67.5,1179.314819182025,25.741952058800305,100.0,568.0909892840116,11000.42,468.0909892840116,4.255210158194065,23.500601916790064,,,-61.8563245302448,-7875.179494278058,3125.2405057219426
timisoara,3,3,4,20.48,fixed_quantitative,120,15.088916666666668,5496.3862877304155,3857.6663799539174,543.9832871006953,3207.7597091316047,4173.612166189297,12.86109429086085,,80.0,20.0,73.33333333333333,1163.9139130261026,52.1651390156303,100.0,276.67746221790475,20500.84,443.9832871006953,2.1656833920009877,46.1748011594644,,,-87.17222160198337,-18410.098058524785,2090.7419414752158
timisoara,3,3,4,20.48,capped_dynamic,120,15.088916666666668,5496.3862877304155,3857.6663799539174,568.0909892840118,3243.116951757489,4268.868688886214,13.129915075491171,,76.66666666666667,23.333333333333332,67.5,1179.314819182025,51.48390411760061,100.0,568.0909892840118,20500.84,468.0909892840118,2.2832771207619387,43.79669865330653,,,-79.53271912219184,-17375.599494278056,3125.240505721944
timisoara,3,5,1,5.12,fixed_quantitative,120,15.088916666666668,5496.3862877304155,6429.443966589863,558.5442314886143,1708.2924902180537,3864.625100962095,14.215381662438265,,85.0,14.166666666666666,81.66666666666667,1175.3935091627436,12.91391576564046,100.0,247.5034620839094,6250.21,458.5442314886143,7.336461198721552,13.630549837491944,,,-59.31636588264157,-4202.947994348808,2047.2620056511919
timisoara,3,5,1,5.12,capped_dynamic,120,15.088916666666668,5496.3862877304155,6429.443966589863,550.733411680803,1654.7536059632812,3967.21163750919,13.641662064418842,,81.66666666666667,18.333333333333332,75.0,1135.4983992082427,13.367639073196532,100.0,550.733411680803,6250.21,450.733411680803,7.211492280752214,13.866755465703587,,,-35.406876607334496,-3242.9469557888624,3007.2630442111376
timisoara,3,5,2,10.24,fixed_quantitative,120,15.088916666666668,5496.3862877304155,6429.443966589863,679.5966807514387,1708.2924902180537,3864.625100962095,17.31007665523202,,85.0,14.166666666666666,81.66666666666667,1372.0882901401587,22.12530035841599,100.0,329.56876682738505,11000.42,579.5966807514387,5.268859559466263,18.979439264107093,,,-68.60361991763685,-8257.363351587926,2743.056648412074
timisoara,3,5,2,10.24,capped_dynamic,120,15.088916666666668,5496.3862877304155,6429.443966589863,672.2133245743181,1654.7536059632812,3967.21163750919,16.673198335978004,,81.66666666666667,18.333333333333332,75.0,1327.242121505366,22.87289187536059,100.0,672.2133245743181,11000.42,572.2133245743181,5.201740702394255,19.22433387615266,,,-53.19901574795762,-7167.471939402627,3832.9480605973727
timisoara,3,5,4,20.48,fixed_quantitative,120,15.088916666666668,5496.3862877304155,6429.443966589863,679.5966807514387,1708.2924902180537,3864.625100962095,17.31007665523202,,85.0,14.166666666666666,81.66666666666667,1372.0882901401587,44.25060071683198,100.0,329.568766827385,20500.84,579.5966807514387,2.827185036083588,35.37087198881291,,,-83.15320897165047,-17757.783351587925,2743.056648412074
timisoara,3,5,4,20.48,capped_dynamic,120,15.088916666666668,5496.3862877304155,6429.443966589863,672.2133245743181,1654.7536059632812,3967.21163750919,16.673198335977997,,81.66666666666667,18.333333333333332,75.0,1327.242121505366,45.74578375072118,100.0,672.2133245743181,20500.84,572.2133245743181,2.7911701402201965,35.827267768102075,,,-74.88734689964646,-16667.891939402627,3832.9480605973727
timisoara,3,10,1,5.12,fixed_quantitative,120,15.088916666666668,5496.3862877304155,12858.887933179725,623.1100319250379,-1776.0477935527026,3558.8605102961756,17.323678290513485,,96.66666666666667,3.3333333333333335,90.83333333333333,1268.5769886323972,11.96532248718466,100.0,277.11795445669344,6250.21,523.1100319250379,8.369479296296252,11.948174606782652,,,-52.68313260797403,-3877.941501310015,2372.268498689985
timisoara,3,10,1,5.12,capped_dynamic,120,15.088916666666668,5496.3862877304155,12858.887933179725,591.5829942363332,-2136.1422250047426,3656.609834618778,15.968911334817783,,90.0,10.0,80.0,1197.0378868992184,12.680411317746513,100.0,591.5829942363332,6250.21,491.5829942363332,7.865063641642972,12.714455286862815,,,-29.429077880012876,-2965.297034593255,3284.912965406745
timisoara,3,10,2,10.24,fixed_quantitative,120,15.088916666666668,5496.3862877304155,12858.887933179725,748.4164227354918,-1776.0477935527026,3558.8605102961756,20.837856576048004,,96.66666666666667,3.3333333333333335,90.83333333333333,1472.1838817240002,20.62097399277723,100.0,354.2217049029177,11000.42,648.4164227354918,5.894469690570831,16.965054576489955,,,-64.90279154620156,-7933.459079954009,3066.960920045991
timisoara,3,10,2,10.24,capped_dynamic,120,15.088916666666668,5496.3862877304155,12858.887933179725,705.7851372292994,-2136.1422250047426,3656.609834618778,19.071414720720313,,90.0,10.0,80.0,1376.3196803991157,22.05727780395688,100.0,705.7851372292994,11000.42,605.7851372292994,5.506927346676758,18.15894666929764,,,-50.40766893725727,-6939.28818439416,4061.1318156058396
timisoara,3,10,4,20.48,fixed_quantitative,120,15.088916666666668,5496.3862877304155,12858.887933179725,749.4121736296955,-1776.0477935527026,3558.8605102961756,20.86569356721287,,96.66666666666667,3.3333333333333335,90.83333333333333,1473.8018498463819,41.1966717788836,100.0,355.2180850069468,20500.84,649.4121736296955,3.167734461757155,31.56830258573176,,,-81.12296373440361,-17427.109026086582,3073.730973913417
timisoara,3,10,4,20.48,capped_dynamic,120,15.088916666666668,5496.3862877304155,12858.887933179725,706.7364836500979,-2136.1422250047426,3656.609834618778,19.097302805564688,,90.0,10.0,80.0,1377.9376485214975,44.06275649727676,100.0,706.7364836500979,20500.84,606.7364836500979,2.9595688940067717,33.78870490310377,,,-73.3471113319558,-16433.241992030864,4067.5980079691362
timisoara,4,3,1,5.12,fixed_quantitative,120,16.021450000000083,5785.415896985438,3857.6663799539174,235.5847237034262,3651.3334257952692,4693.982581118682,4.819298508360874,,74.16666666666667,25.833333333333332,55.833333333333336,665.2179740699479,22.817983518906164,100.0,68.22378383537752,6250.21,135.5847237034262,2.1692826913563894,46.09818738629814,,,-95.0046758449619,-5930.087385250592,320.1226147494079
timisoara,4,3,1,5.12,capped_dynamic,120,16.021450000000083,5785.415896985438,3857.6663799539174,207.81987774266992,3598.2076599429593,4711.02901045924,4.252014471646551,,72.5,26.666666666666668,58.333333333333336,611.7167034502078,24.81366404284193,100.0,207.81987774266992,6250.21,107.81987774266992,1.725060081863968,57.96899542881292,,,-85.58775872455503,-5573.690863524111,676.5191364758892
timisoara,4,3,2,10.24,fixed_quantitative,120,16.021450000000083,5785.415896985438,3857.6663799539174,246.30647080196553,3651.3334257952692,4693.982581118682,5.041842628096643,,74.16666666666667,25.833333333333332,55.833333333333336,682.6394447637267,44.471302926428194,100.0,75.85898419632315,11000.42,146.30647080196553,1.3300080433471224,75.18751521858333,,,-96.41154622598407,-10617.476086940393,382.9439130596069
timisoara,4,3,2,10.24,capped_dynamic,120,16.021450000000083,5785.415896985438,3857.6663799539174,212.62002832928562,3598.2076599429593,4711.02901045924,4.352540853034727,,72.5,26.666666666666668,58.333333333333336,619.4466443413714,49.00803937665129,100.0,212.62002832928562,11000.42,112.62002832928562,1.0237793496001573,97.6772973971936,,,-91.4121529079042,-10291.2747912677,709.1452087322989
timisoara,4,3,4,20.48,fixed_quantitative,120,16.021450000000083,5785.415896985438,3857.6663799539174,246.30647080196553,3651.3334257952692,4693.982581118682,5.041842628096643,,74.16666666666667,25.833333333333332,55.833333333333336,682.6394447637267,88.94260585285639,100.0,75.85898419632315,20500.84,146.30647080196553,0.7136608587841549,140.1225789100545,,,-98.07449359807889,-20117.896086940393,382.9439130596069
timisoara,4,3,4,20.48,capped_dynamic,120,16.021450000000083,5785.415896985438,3857.6663799539174,212.62002832928562,3598.2076599429593,4711.02901045924,4.352540853034727,,72.5,26.666666666666668,58.333333333333336,619.4466443413714,98.01607875330258,100.0,212.62002832928562,20500.84,112.62002832928562,0.5493434821660265,182.03547187946302,,,-95.39189979977247,-19791.694791267702,709.1452087322989
timisoara,4,5,1,5.12,fixed_quantitative,120,16.021450000000083,5785.415896985438,6429.443966589863,216.90484080804455,2046.7508708282564,4199.401503213003,4.9655071620294615,,77.5,22.5,53.333333333333336,624.2909608538685,24.313875613459736,100.0,56.637771285577564,6250.21,116.90484080804455,1.8704146069979177,53.46408204141625,,,-97.16686140627837,-6033.946972694843,216.26302730515752
timisoara,4,5,1,5.12,capped_dynamic,120,16.021450000000083,5785.415896985438,6429.443966589863,202.76253744842387,1957.2109631056976,4269.085826106168,4.5761835234784245,,75.0,25.0,55.0,588.6653423979214,25.78533451107723,100.0,202.76253744842387,6250.21,102.76253744842387,1.644145355890824,60.82187298203839,,,-86.32783390974156,-5608.065024685929,642.1449753140713
timisoara,4,5,2,10.24,fixed_quantitative,120,16.021450000000083,5785.415896985438,6429.443966589863,236.77620426781618,2046.7508708282564,4199.401503213003,5.412548601110922,,77.5,22.5,53.333333333333336,656.5793904333162,46.236397273422575,100.0,63.953247002702604,11000.42,136.77620426781618,1.2433725645731362,80.42641670667,,,-97.31265529095442,-10689.989354909309,310.43064509069103
timisoara,4,5,2,10.24,capped_dynamic,120,16.021450000000083,5785.415896985438,6429.443966589863,213.58455088941568,1957.2109631056976,4269.085826106168,4.814370655070522,,75.0,25.0,55.0,610.5492155337118,49.7222251134646,100.0,213.58455088941568,11000.42,113.58455088941568,1.0325474017302583,96.84785398949064,,,-91.33195714964306,-10284.719042198602,715.7009578013979
timisoara,4,5,4,20.48,fixed_quantitative,120,16.021450000000083,5785.415896985438,6429.443966589863,237.357712436129,2046.7508708282564,4199.401503213003,5.425251380574717,,77.5,22.5,53.333333333333336,657.5242669930175,92.33990914570708,100.0,63.95324700270259,20500.84,137.357712436129,0.6700101675644948,149.2514663822233,,,-98.54634993760423,-20188.35093979504,312.48906020495946
timisoara,4,5,4,20.48,capped_dynamic,120,16.021450000000083,5785.415896985438,6429.443966589863,213.58455088941562,1957.2109631056976,4269.085826106168,4.81437065507052,,75.0,25.0,55.0,610.5492155337118,99.4444502269292,100.0,213.58455088941562,20500.84,113.58455088941562,0.5540482774823647,180.48968666486465,,,-95.34886804970317,-19785.139042198603,715.7009578013975
timisoara,4,10,1,5.12,fixed_quantitative,120,16.021450000000083,5785.415896985438,12858.887933179725,241.49806643225557,-1548.4733418233384,3697.8577420168835,6.377336591047881,,88.33333333333333,11.666666666666666,55.0,651.6300148060133,23.293790070929905,100.0,58.76131973765284,6250.21,141.49806643225557,2.26389299611142,44.17169900333858,,,-95.37776654802511,-5939.975584294119,310.2344157058814
timisoara,4,10,1,5.12,capped_dynamic,120,16.021450000000083,5785.415896985438,12858.887933179725,217.277423819614,-1896.3155434076293,3780.928398000245,5.593367579111037,,83.33333333333333,16.666666666666668,53.333333333333336,612.7910733060867,24.770159733097813,100.0,217.277423819614,6250.21,117.277423819614,1.8763757348891317,53.29423000980592,,,-84.20377134046149,-5509.4090090058235,740.8009909941766
timisoara,4,10,2,10.24,fixed_quantitative,120,16.021450000000083,5785.415896985438,12858.887933179725,275.9661614279376,-1548.4733418233384,3697.8577420168835,7.300544680572866,,88.33333333333333,11.666666666666666,55.0,707.6362702528947,42.90038090722393,100.0,71.6826961475565,11000.42,175.9661614279376,1.5996312997861684,62.51440567171171,,,-95.49392727175739,-10526.089676257761,474.330323742239
timisoara,4,10,2,10.24,capped_dynamic,120,16.021450000000083,5785.415896985438,12858.887933179725,244.2110076551281,-1896.3155434076293,3780.928398000245,6.297622489904855,,83.33333333333333,16.666666666666668,53.333333333333336,666.967420790526,45.51626450004807,100.0,244.2110076551281,11000.42,144.2110076551281,1.310959105698947,76.28003006751634,,,-88.7855035728107,-10076.554532905482,923.8654670945182
timisoara,4,10,4,20.48,fixed_quantitative,120,16.021450000000083,5785.415896985438,12858.887933179725,276.4995339476786,-1548.4733418233384,3697.8577420168835,7.313773893992273,,88.33333333333333,11.666666666666666,55.0,708.5029325268819,85.69580772049834,100.0,71.68269614755653,20500.84,176.49953394767857,0.8609380588682151,116.15237469169328,,,-97.57141535871116,-20024.621651091486,476.21834890851625
timisoara,4,10,4,20.48,capped_dynamic,120,16.021450000000083,5785.415896985438,12858.887933179725,244.61944842475256,-1896.3155434076293,3780.928398000245,6.307531573614227,,83.33333333333333,16.666666666666668,53.333333333333336,667.834083064513,90.91439418099857,100.0,244.61944842475256,20500.84,144.61944842475256,0.7054318185242778,141.7571441690767,,,-93.96425973739211,-19574.198407902364,926.6415920976353
timisoara,5,3,1,5.12,fixed_quantitative,120,6.928666666666675,2511.67811635945,3857.6663799539174,153.83629437124932,360.3757186184161,1860.188768868415,8.093431693541397,,69.16666666666667,29.166666666666668,52.5,513.4775217415597,29.561046250526978,100.0,11.393540630315453,6250.21,53.83629437124932,0.8613517685205668,116.09658638277034,,,-104.96046950577768,-6404.56109543078,-154.35109543078073
timisoara,5,3,1,5.12,capped_dynamic,120,6.928666666666675,2511.67811635945,3857.6663799539174,136.80802061725038,297.44259004974253,1905.7490891635114,7.013075818572469,,66.66666666666667,33.333333333333336,46.666666666666664,489.27817943165127,31.023114062515862,100.0,136.80802061725038,6250.21,36.80802061725038,0.5889085425489764,169.80565363709854,,,-95.97940932641924,-6056.350300937561,193.8596990624388
timisoara,5,3,2,10.24,fixed_quantitative,120,6.928666666666675,2511.67811635945,3857.6663799539174,153.83629437124932,360.3757186184161,1860.188768868415,8.093431693541397,,69.16666666666667,29.166666666666668,52.5,513.4775217415597,59.122092501053956,100.0,11.393540630315474,11000.42,53.83629437124932,0.4894021716557124,204.33092820509304,,,-102.81843566970232,-11154.77109543078,-154.35109543078067
timisoara,5,3,2,10.24,capped_dynamic,120,6.928666666666675,2511.67811635945,3857.6663799539174,136.80802061725035,297.44259004974253,1905.7490891635114,7.0130758185724655,,66.66666666666667,33.333333333333336,46.666666666666664,489.27817943165127,62.046228125031725,100.0,136.80802061725035,11000.42,36.80802061725035,0.3346055933978007,298.85931966807726,,,-97.71558394734738,-10806.56030093756,193.85969906243864
timisoara,5,3,4,20.48,fixed_quantitative,120,6.928666666666675,2511.67811635945,3857.6663799539174,153.8362943712493,360.3757186184161,1860.188768868415,8.093431693541397,,69.16666666666667,29.166666666666668,52.5,513.4775217415597,118.24418500210791,100.0,11.393540630315453,20500.84,53.836294371249295,0.26260530969096535,380.79961184973865,,,-101.5123271099968,-20655.191095430782,-154.35109543078082
timisoara,5,3,4,20.48,capped_dynamic,120,6.928666666666675,2511.67811635945,3857.6663799539174,136.80802061725038,297.44259004974253,1905.7490891635114,7.0130758185724655,,66.66666666666667,33.333333333333336,46.666666666666664,489.27817943165127,124.09245625006345,100.0,136.80802061725038,20500.84,36.80802061725038,0.17954396316077964,556.966651730034,,,-98.77421920107072,-20306.98030093756,193.8596990624388
timisoara,5,5,1,5.12,fixed_quantitative,120,6.928666666666675,2511.67811635945,6429.443966589863,203.31472895404622,-1022.8807433211534,1756.386042225596,11.478215023834546,,73.33333333333333,24.166666666666668,55.0,586.294245982415,25.889615790743218,100.0,34.32894704529182,6250.21,103.31472895404622,1.6529801231326022,60.49679521281091,,,-99.8578362706667,-6154.715103307648,95.4948966923523
timisoara,5,5,1,5.12,capped_dynamic,120,6.928666666666675,2511.67811635945,6429.443966589863,163.21818070033953,-1209.9333353732877,1800.0557659367698,8.949550830360261,,66.66666666666667,33.333333333333336,46.666666666666664,534.9236483284968,28.375886570426648,100.0,163.21818070033953,6250.21,63.21818070033953,1.0114569062533822,98.86728676401837,,,-92.11463002008391,-5876.843475969031,373.3665240309693
timisoara,5,5,2,10.24,fixed_quantitative,120,6.928666666666675,2511.67811635945,6429.443966589863,209.227956882985,-1022.8807433211534,1756.386042225596,11.82241173257865,,73.33333333333333,24.166666666666668,55.0,595.9024867031529,50.9443511564655,100.0,37.30194655545455,11000.42,109.22795688298501,0.9929435138202451,100.71066340446757,,,-99.56212203915169,-10874.310184440286,126.10981555971422
timisoara,5,5,2,10.24,capped_dynamic,120,6.928666666666675,2511.67811635945,6429.443966589863,166.41549434306643,-1209.9333353732877,1800.0557659367698,9.131173214631282,,66.66666666666667,33.333333333333336,46.666666666666664,542.6704851190503,55.9416190304814,100.0,166.41549434306643,11000.42,66.41549434306643,0.6037541688687016,165.63032630876458,,,-95.25385427529201,-10605.321702339912,395.0982976600877
timisoara,5,5,4,20.48,fixed_quantitative,120,6.928666666666675,2511.67811635945,6429.443966589863,209.22795688298496,-1022.8807433211534,1756.386042225596,11.82241173257865,,73.33333333333333,24.166666666666668,55.0,595.9024867031529,101.888702312931,100.0,37.30194655545453,20500.84,109.22795688298496,0.5327974701670027,187.68857886779287,,,-99.76504175057829,-20374.730184440286,126.10981555971384
timisoara,5,5,4,20.48,capped_dynamic,120,6.928666666666675,2511.67811635945,6429.443966589863,166.4154943430664,-1209.9333353732877,1800.0557659367698,9.13117321463128,,66.66666666666667,33.333333333333336,46.666666666666664,542.6704851190503,111.8832380609628,100.0,166.4154943430664,20500.84,66.4154943430664,0.3239647465326611,308.6755613698181,,,-97.45329477460474,-20105.741702339914,395.0982976600874
timisoara,5,10,1,5.12,fixed_quantitative,120,6.928666666666675,2511.67811635945,12858.887933179725,256.56930689351753,-4393.588174864772,1651.254183268863,15.532356528970727,,80.0,17.5,61.666666666666664,665.5804099099098,22.805558190726764,100.0,57.85847449032761,6250.21,156.56930689351753,2.5050247414649673,39.91976539980952,,,-94.45890729435143,-5889.567257183924,360.6427428160755
timisoara,5,10,1,5.12,capped_dynamic,120,6.928666666666675,2511.67811635945,12858.887933179725,199.8338285958057,-4919.090383045666,1692.8719957835224,11.753288745932139,,75.83333333333333,24.166666666666668,50.0,604.7585996513852,25.099159859087838,100.0,199.8338285958057,6250.21,99.8338285958057,1.5972875886699118,62.606133491133974,,,-86.75641190140347,-5627.971122405016,622.2388775949838
timisoara,5,10,2,10.24,fixed_quantitative,120,6.928666666666675,2511.67811635945,12858.887933179725,271.67076158211137,-4393.588174864772,1651.254183268863,16.467651867118274,,80.0,17.5,61.666666666666664,690.1183464861796,43.98936166845463,100.0,65.4510479428431,11000.42,171.67076158211137,1.5605837011869672,64.07858798213823,,,-95.93968012600052,-10561.591566453513,438.82843354648685
timisoara,5,10,2,10.24,capped_dynamic,120,6.928666666666675,2511.67811635945,12858.887933179725,210.16901383149795,-4919.090383045666,1692.8719957835224,12.37744059954897,,75.83333333333333,24.166666666666668,50.0,622.9385616359493,48.73332204365579,100.0,210.16901383149795,11000.42,110.16901383149795,1.0014982503531495,99.85039910427987,,,-91.61594385513996,-10307.934055318563,692.4859446814376
timisoara,5,10,4,20.48,fixed_quantitative,120,6.928666666666675,2511.67811635945,12858.887933179725,271.67076158211137,-4393.588174864772,1651.254183268863,16.467651867118263,,80.0,17.5,61.666666666666664,690.1183464861796,87.97872333690925,100.0,65.45104794284312,20500.84,171.67076158211137,0.8373840368595208,119.41952031356429,,,-97.82129786153439,-20062.01156645351,438.8284335464869
timisoara,5,10,4,20.48,capped_dynamic,120,6.928666666666675,2511.67811635945,12858.887933179725,210.16901383149786,-4919.090383045666,1692.8719957835224,12.377440599548963,,75.83333333333333,24.166666666666668,50.0,622.9385616359493,97.46664408731158,100.0,210.16901383149786,20500.84,110.16901383149786,0.5373878037753471,186.0853545567339,,,-95.5012507342606,-19808.354055318563,692.485944681437
timisoara,6,3,1,5.12,fixed_quantitative,68,24.954367647059005,9264.500587182374,3630.6460623167154,-29.33407714551775,7011.73886944233,7257.245252637677,-1.023512877856981,-1.0450745431929165,17.647058823529413,82.3529411764706,10.294117647058824,261.2599668284977,58.09896155568421,100.0,-85.76557815550274,6250.21,-129.33407714551774,-2.06927570666454,,,,-124.83734316248793,-7369.401990524902,-1119.1919905249024
timisoara,6,3,1,5.12,capped_dynamic,68,24.954367647059005,9264.500587182374,3630.6460623167154,22.271625592300676,6364.929700549598,6647.341641917164,-0.5086418924178712,-0.5224695635573757,30.88235294117647,69.11764705882354,10.294117647058824,419.3250255412484,36.19849005962819,100.0,22.271625592300676,6250.21,-77.72837440769932,-1.243612205153096,,,,-112.74030316129296,-6834.841023810349,-584.6310238103486
timisoara,6,3,2,10.24,fixed_quantitative,68,24.954367647059005,9264.500587182374,3630.6460623167154,-28.783817873197204,7011.73886944233,7257.245252637677,-1.015121627697102,-1.0365065201446726,17.647058823529413,82.3529411764706,10.294117647058824,262.1540679202888,115.80161917169687,100.0,-85.76557815550271,11000.42,-128.7838178731972,-1.1707172805510806,,,,-114.0914923128266,-12117.664189849638,-1117.2441898496386
timisoara,6,3,2,10.24,capped_dynamic,68,24.954367647059005,9264.500587182374,3630.6460623167154,31.99241310563713,6364.929700549598,6647.341641917164,-0.3514102904474118,-0.36096354589840507,30.88235294117647,69.11764705882354,11.764705882352942,444.6581914748178,68.27236317614468,100.0,31.99241310563713,11000.42,-68.00758689436287,-0.6182271849107841,,,,-106.43053522942385,-11518.979947481277,-518.5599474812777
timisoara,6,3,4,20.48,fixed_quantitative,68,24.954367647059005,9264.500587182374,3630.6460623167154,-28.783817873197265,7011.73886944233,7257.245252637677,-1.015121627697102,-1.0365065201446726,17.647058823529413,82.3529411764706,10.294117647058824,262.1540679202888,231.60323834339374,100.0,-85.76557815550281,20500.84,-128.78381787319728,-0.6281880053363534,,,,-107.56126743430339,-21618.08418984964,-1117.2441898496393
timisoara,6,3,4,20.48,capped_dynamic,68,24.954367647059005,9264.500587182374,3630.6460623167154,31.992413105637024,6364.929700549598,6647.341641917164,-0.351410290447413,-0.36096354589840635,30.88235294117647,69.11764705882354,11.764705882352942,444.6581914748178,136.54472635228936,100.0,31.992413105637024,20500.84,-68.00758689436297,-0.331730733444888,,,,-103.45052145904553,-21019.399947481277,-518.5599474812784
timisoara,6,5,1,5.12,fixed_quantitative,68,24.954367647059005,9264.500587182374,6051.0767705278595,205.6771271567597,4821.338035650563,5590.711127285718,2.0305240382505176,,54.411764705882355,45.588235294117645,39.705882352941174,626.9554878866954,24.210542952534748,100.0,62.58258154387572,6250.21,105.6771271567597,1.6907772243934154,59.144397356000624,,,-97.42674397087501,-6054.327858765013,195.88214123498676
timisoara,6,5,1,5.12,capped_dynamic,68,24.954367647059005,9264.500587182374,6051.0767705278595,183.93083675264782,4348.825391414659,5233.733636645162,1.5999614752532156,,55.88235294117647,42.64705882352941,27.941176470588236,658.7218610801526,23.04300747498839,100.0,183.93083675264782,6250.21,83.93083675264782,1.342848268340549,74.46857724557144,,,-89.08360543566799,-5736.061931558937,514.1480684410622
timisoara,6,5,2,10.24,fixed_quantitative,68,24.954367647059005,9264.500587182374,6051.0767705278595,219.00555957170099,4821.338035650563,5590.711127285718,2.269999373829724,,54.411764705882355,45.588235294117645,39.705882352941174,648.6124895466716,46.80431849043512,100.0,63.60692658853543,11000.42,119.00555957170099,1.0818274172413507,92.43618566721024,,,-97.99280749681628,-10754.021653356,246.39834664399996
timisoara,6,5,2,10.24,capped_dynamic,68,24.954367647059005,9264.500587182374,6051.0767705278595,201.31456528145213,4348.825391414659,5233.733636645162,1.9284136703622434,,55.88235294117647,42.64705882352941,27.941176470588236,695.5878075819057,43.643469892249065,100.0,201.31456528145213,11000.42,101.31456528145213,0.9210063368621573,108.57688595357246,,,-92.35215184529784,-10368.116725210202,632.3032747897971
timisoara,6,5,4,20.48,fixed_quantitative,68,24.954367647059005,9264.500587182374,6051.0767705278595,219.00555957170093,4821.338035650563,5590.711127285718,2.269999373829723,,54.411764705882355,45.588235294117645,39.705882352941174,648.6124895466716,93.60863698087024,100.0,63.60692658853537,20500.84,119.00555957170093,0.5804911387616357,172.2679181861939,,,-98.92297288521483,-20254.441653356,246.39834664399953
timisoara,6,5,4,20.48,capped_dynamic,68,24.954367647059005,9264.500587182374,6051.0767705278595,201.31456528145213,4348.825391414659,5233.733636645162,1.9284136703622434,,55.88235294117647,42.64705882352941,27.941176470588236,695.5878075819057,87.28693978449813,100.0,201.31456528145213,20500.84,101.31456528145213,0.49419714158762335,202.3483982095626,,,-95.896288064394,-19868.536725210204,632.3032747897971
timisoara,6,10,1,5.12,fixed_quantitative,68,24.954367647059005,9264.500587182374,12102.153541055719,383.06147382922643,376.38550480664554,3244.8202049339957,9.269457018520256,,70.58823529411765,29.41176470588235,63.23529411764706,890.2390310263946,17.05040134143274,100.0,122.10103676401508,6250.21,283.06147382922643,4.528831412532162,22.080751277974368,,,-80.96228221229251,-5232.56759172089,1017.6424082791098
timisoara,6,10,1,5.12,capped_dynamic,68,24.954367647059005,9264.500587182374,12102.153541055719,253.211674057561,-60.13021140642501,3210.7773117217052,5.368780553883976,,60.294117647058826,39.705882352941174,44.11764705882353,736.3824600279237,20.612838562494595,100.0,253.211674057561,6250.21,153.211674057561,2.451304421092427,40.79460679772888,,,-78.94526680011153,-5265.168037063785,985.0419629362152
timisoara,6,10,2,10.24,fixed_quantitative,68,24.954367647059005,9264.500587182374,12102.153541055719,465.7416534109394,376.38550480664554,3244.8202049339957,11.935547740420018,,70.58823529411765,29.41176470588235,63.23529411764706,1024.5837709555249,29.629461639144207,100.0,165.96419166676972,11000.42,365.7416534109394,3.324797175116399,30.0770226672546,,,-84.08507783634577,-9547.240762058535,1453.1792379414662
timisoara,6,10,2,10.24,capped_dynamic,68,24.954367647059005,9264.500587182374,12102.153541055719,305.75757292589776,-60.13021140642501,3210.7773117217052,7.024780554379856,,60.294117647058826,39.705882352941174,44.11764705882353,834.1809795210444,36.3924211686615,100.0,305.75757292589776,11000.42,205.75757292589776,1.8704519729782842,53.463013990555424,,,-83.66818058391831,-9658.229597171809,1342.190402828191
timisoara,6,10,4,20.48,fixed_quantitative,68,24.954367647059005,9264.500587182374,12102.153541055719,465.7416534109394,376.38550480664554,3244.8202049339957,11.935547740420013,,70.58823529411765,29.41176470588235,63.23529411764706,1024.5837709555249,59.258923278288414,100.0,165.96419166676972,20500.84,365.7416534109394,1.7840325245743072,56.05278974600604,,,-91.46030952548746,-19047.660762058535,1453.1792379414662
timisoara,6,10,4,20.48,capped_dynamic,68,24.954367647059005,9264.500587182374,12102.153541055719,305.75757292589776,-60.13021140642501,3210.7773117217052,7.024780554379852,,60.294117647058826,39.705882352941174,44.11764705882353,834.1809795210444,72.784842337323,100.0,305.75757292589776,20500.84,205.75757292589776,1.0036543523382349,99.63589533291804,,,-91.23660918571856,-19158.64959717181,1342.190402828191
constanta,2,3,1,5.12,fixed_quantitative,120,7.063749999999994,2570.08616205837,3905.0523451612903,197.00649937805423,324.1118141869996,1786.138070021773,10.806569696915684,,82.5,16.666666666666668,53.333333333333336,588.3731350093328,25.798140441214144,100.0,28.349734103825693,6250.21,97.00649937805423,1.5520518411070066,64.43083752194427,,,-100.75446228761002,-6196.5197758181575,53.69022418184251
constanta,2,3,1,5.12,capped_dynamic,120,7.063749999999994,2570.08616205837,3905.0523451612903,170.39189208637728,223.94315393685284,1818.8818244292022,9.143742912054789,,80.83333333333333,19.166666666666668,49.166666666666664,547.3676941529565,27.730779384591553,100.0,170.39189208637728,6250.21,70.39189208637728,1.1262324319723223,88.79161810752893,,,-91.06485178219532,-5828.08458355426,422.1254164457406
constanta,2,3,2,10.24,fixed_quantitative,120,7.063749999999994,2570.08616205837,3905.0523451612903,207.42938585592879,324.1118141869996,1786.138070021773,11.39412258849498,,82.5,16.666666666666668,53.333333333333336,605.3089953360152,50.15267536337268,100.0,37.865532424246624,11000.42,107.42938585592879,0.9765934923932793,102.39675031515515,,,-99.60356468256245,-10878.841088530324,121.57891146967563
constanta,2,3,2,10.24,capped_dynamic,120,7.063749999999994,2570.08616205837,3905.0523451612903,181.65176608920183,223.94315393685284,1818.8818244292022,9.767116080777798,,80.83333333333333,19.166666666666668,49.166666666666664,564.3035544796387,53.79704823162126,100.0,181.65176608920183,11000.42,81.65176608920183,0.7422604417758761,134.7236015444223,,,-93.98702608872317,-10501.762513114938,498.6574868850619
constanta,2,3,4,20.48,fixed_quantitative,120,7.063749999999994,2570.08616205837,3905.0523451612903,207.42938585592879,324.1118141869996,1786.138070021773,11.394122588494984,,82.5,16.666666666666668,53.333333333333336,605.3089953360152,100.30535072674536,100.0,37.865532424246624,20500.84,107.42938585592879,0.5240243124473376,190.83084052526587,,,-99.78727920443033,-20379.261088530326,121.57891146967563
constanta,2,3,4,20.48,capped_dynamic,120,7.063749999999994,2570.08616205837,3905.0523451612903,181.65176608920183,223.94315393685284,1818.8818244292022,9.7671160807778,,80.83333333333333,19.166666666666668,49.166666666666664,564.3035544796387,107.59409646324252,100.0,181.65176608920183,20500.84,81.65176608920183,0.39828497802627516,251.0765043049224,,,-96.77353520767501,-20002.182513114938,498.6574868850619
constanta,2,5,1,5.12,fixed_quantitative,120,7.063749999999994,2570.08616205837,6508.420575268818,235.23496569689476,-1121.8662932646941,1600.3178230121873,14.564848690783824,,89.16666666666667,9.166666666666666,60.0,640.7779929087216,23.688286640284865,100.0,46.54953927953758,6250.21,135.23496569689476,2.163686751275473,46.217411065188124,,,-96.77341997871696,-6001.92059382657,248.28940617342923
constanta,2,5,1,5.12,capped_dynamic,120,7.063749999999994,2570.08616205837,6508.420575268818,195.14361580666653,-1353.2656225039766,1640.061145774801,11.727686334394765,,85.0,14.166666666666666,52.5,593.5934589225446,25.571260162401572,100.0,195.14361580666653,6250.21,95.14361580666653,1.5222467054173625,65.69237407058961,,,-87.44276280850688,-5659.849960077957,590.3600399220435
constanta,2,5,2,10.24,fixed_quantitative,120,7.063749999999994,2570.08616205837,6508.420575268818,244.22318383406622,-1121.8662932646941,1600.3178230121873,15.130729528582046,,89.16666666666667,9.166666666666666,60.0,655.3827002784146,46.32082220772694,100.0,54.68649385174349,11000.42,144.22318383406622,1.3110697940084672,76.27359005370707,,,-97.4583507483098,-10693.811356312382,306.60864368761736
constanta,2,5,2,10.24,capped_dynamic,120,7.063749999999994,2570.08616205837,6508.420575268818,204.96459679217577,-1353.2656225039766,1640.061145774801,12.331043698035558,,85.0,14.166666666666666,52.5,608.1981662922377,49.91443121686355,100.0,204.96459679217577,11000.42,104.96459679217577,0.9541871746003858,104.80124095346393,,,-92.04866796966915,-10343.307880225404,657.1121197745963
constanta,2,5,4,20.48,fixed_quantitative,120,7.063749999999994,2570.08616205837,6508.420575268818,244.22318383406622,-1121.8662932646941,1600.3178230121873,15.130729528582048,,89.16666666666667,9.166666666666666,60.0,655.3827002784146,92.64164441545388,100.0,54.686493851743506,20500.84,144.22318383406622,0.7034988997234564,142.1466331209754,,,-98.63619201645992,-20194.231356312383,306.60864368761736
constanta,2,5,4,20.48,capped_dynamic,120,7.063749999999994,2570.08616205837,6508.420575268818,204.96459679217577,-1353.2656225039766,1640.061145774801,12.331043698035558,,85.0,14.166666666666666,52.5,608.1981662922377,99.8288624337271,100.0,204.96459679217577,20500.84,104.96459679217577,0.5120014438051113,195.31194923361213,,,-95.73344351289548,-19843.727880225404,657.1121197745963
constanta,2,10,1,5.12,fixed_quantitative,120,7.063749999999994,2570.08616205837,13016.841150537635,272.77775683175196,-4564.389908765568,1440.1987725477975,18.895167879837096,,95.0,5.0,60.0,693.2658757049595,21.894821742629777,100.0,63.612245771186885,6250.21,172.77775683175196,2.764351227106801,36.17485326011234,,,-92.9290767089932,-5813.452197915271,436.7578020847283
constanta,2,10,1,5.12,capped_dynamic,120,7.063749999999994,2570.08616205837,13016.841150537635,221.7758468981871,-5180.419254353225,1479.7848400998494,14.873794948491422,,90.83333333333333,8.333333333333334,50.0,646.3933304067249,23.482502146575833,100.0,221.7758468981871,6250.21,121.7758468981871,1.9483480858753082,51.32553095874259,,,-83.5454863330812,-5478.83374396921,771.3762560307892
constanta,2,10,2,10.24,fixed_quantitative,120,7.063749999999994,2570.08616205837,13016.841150537635,287.68935265796733,-4564.389908765568,1440.1987725477975,19.947042429364732,,95.0,5.0,60.0,717.4953158602187,42.3108902128787,100.0,74.35327215678589,11000.42,187.68935265796733,1.7062016964622015,58.60971783544077,,,-94.93347532083801,-10475.893747225842,524.5262527741583
constanta,2,10,2,10.24,capped_dynamic,120,7.063749999999994,2570.08616205837,13016.841150537635,232.89599796995714,-5180.419254353225,1479.7848400998494,15.633574711749292,,90.83333333333333,8.333333333333334,50.0,665.6336481854853,45.607468342941885,100.0,232.89599796995714,11000.42,132.89599796995714,1.2080993086623704,82.77465211922174,,,-89.72629627061156,-10153.461354245568,846.958645754432
constanta,2,10,4,20.48,fixed_quantitative,120,7.063749999999994,2570.08616205837,13016.841150537635,287.68935265796733,-4564.389908765568,1440.1987725477975,19.947042429364725,,95.0,5.0,60.0,717.4953158602186,84.62178042575741,100.0,74.35327215678585,20500.84,187.68935265796733,0.915520303841049,109.22750656697812,,,-97.2813845963801,-19976.313747225842,524.526252774158
constanta,2,10,4,20.48,capped_dynamic,120,7.063749999999994,2570.08616205837,13016.841150537635,232.89599796995714,-5180.419254353225,1479.7848400998494,15.633574711749286,,90.83333333333333,8.333333333333334,50.0,665.6336481854853,91.21493668588377,100.0,232.89599796995714,20500.84,132.89599796995714,0.6482465985294121,154.26228263573807,,,-94.48729632645106,-19653.88135424557,846.958645754432
constanta,3,3,1,5.12,fixed_quantitative,120,15.088916666666668,5496.3862877304155,3905.0523451612903,478.6985207154426,3208.4697992543374,4217.953768807801,11.189187875412076,,80.83333333333333,19.166666666666668,72.5,1056.9161547883502,14.361529720252818,100.0,211.82235088135548,6250.21,378.6985207154426,6.058972749962684,16.504447886915468,,,-67.44353660903492,-4601.801689292384,1648.408310707616
constanta,3,3,1,5.12,capped_dynamic,120,15.088916666666668,5496.3862877304155,3905.0523451612903,478.44998623255043,3198.9946493668867,4302.290384140629,10.964270485958957,,77.5,22.5,65.0,1047.9257003636926,14.484741392963477,100.0,478.44998623255043,6250.21,378.44998623255043,6.054996331844057,16.515286635944975,,,-45.98460449631911,-3734.249097057352,2515.960902942648
constanta,3,3,2,10.24,fixed_quantitative,120,15.088916666666668,5496.3862877304155,3905.0523451612903,580.8679170316154,3208.4697992543374,4217.953768807801,13.621791281426693,,80.83333333333333,19.166666666666668,72.5,1222.9283846390015,24.823911129168724,100.0,295.99320804241194,11000.42,480.86791703161543,4.371359612011318,22.876177865858246,,,-73.83083947628829,-8716.201043135205,2284.218956864796
constanta,3,3,2,10.24,capped_dynamic,120,15.088916666666668,5496.3862877304155,3905.0523451612903,597.2953466846591,3198.9946493668867,4302.290384140629,13.731622245551737,,77.5,22.5,66.66666666666667,1247.9061476190411,24.327042218309547,100.0,597.2953466846591,11000.42,497.2953466846591,4.52069417971913,22.12049654865461,,,-59.42811218655549,-7676.680831046053,3323.7391689539472
constanta,3,3,4,20.48,fixed_quantitative,120,15.088916666666668,5496.3862877304155,3905.0523451612903,580.8679170316154,3208.4697992543374,4217.953768807801,13.621791281426699,,80.83333333333333,19.166666666666668,72.5,1222.9283846390015,49.64782225833745,100.0,295.993208042412,20500.84,480.86791703161543,2.3456010438187676,42.632996034651526,,,-85.95805065508297,-18216.621043135205,2284.2189568647964
constanta,3,3,4,20.48,capped_dynamic,120,15.088916666666668,5496.3862877304155,3905.0523451612903,597.295346684659,3198.9946493668867,4302.290384140629,13.731622245551737,,77.5,22.5,66.66666666666667,1247.9061476190411,48.654084436619094,100.0,597.295346684659,20500.84,497.29534668465897,2.4257315636074375,41.224676918201354,,,-78.22977955338555,-17177.100831046053,3323.739168953946
constanta,3,5,1,5.12,fixed_quantitative,120,15.088916666666668,5496.3862877304155,6508.420575268818,585.8196731374189,1683.793736947455,3893.182634329848,14.86867088798155,,87.5,12.5,84.16666666666667,1219.3957537623696,12.447913421032153,100.0,260.8537203244587,6250.21,485.81967313741893,7.7728536023176655,12.865287977401577,,,-56.446555423008945,-4062.915637688805,2187.294362311195
constanta,3,5,1,5.12,capped_dynamic,120,15.088916666666668,5496.3862877304155,6508.420575268818,569.2515133838227,1565.2352614920887,3991.8875979938293,14.066677341575247,,83.33333333333333,16.666666666666668,75.0,1181.4231608738908,12.848006769717012,100.0,569.2515133838227,6250.21,469.2515133838227,7.507771953003543,13.319530830980318,,,-32.69699616627385,-3117.0815452538504,3133.1284547461496
constanta,3,5,2,10.24,fixed_quantitative,120,15.088916666666668,5496.3862877304155,6508.420575268818,733.939481186866,1683.793736947455,3893.182634329848,18.642775316578632,,87.5,12.5,84.16666666666667,1460.0715383509762,20.792039800942224,100.0,365.3113520377761,11000.42,633.939481186866,5.762866155900102,17.352476579317848,,,-64.93646859482432,-7948.584302866362,3051.8356971336375
constanta,3,5,2,10.24,capped_dynamic,120,15.088916666666668,5496.3862877304155,6508.420575268818,714.4006063741346,1565.2352614920887,3991.8875979938293,17.678646445690177,,83.33333333333333,16.666666666666668,75.0,1411.8392728459833,21.502352372179804,100.0,714.4006063741346,11000.42,614.4006063741346,5.585246803068743,17.904311756654383,,,-49.691331021063334,-6880.729830073773,4119.690169926227
constanta,3,5,4,20.48,fixed_quantitative,120,15.088916666666668,5496.3862877304155,6508.420575268818,736.3670889918018,1683.793736947455,3893.182634329848,18.70501399333717,,87.5,12.5,84.16666666666667,1464.0160912154467,41.472038073588266,100.0,367.69072072538074,20500.84,636.3670889918018,3.1041025099059443,32.21543092757914,,,-81.07835263677109,-17432.661250953668,3068.178749046331
constanta,3,5,4,20.48,capped_dynamic,120,15.088916666666668,5496.3862877304155,6508.420575268818,716.4940900027932,1565.2352614920887,3991.8875979938293,17.731039587804155,,83.33333333333333,16.666666666666668,75.0,1415.783825710454,42.88488819595402,100.0,716.4940900027932,20500.84,616.4940900027932,3.0071650234955896,33.25391164724242,,,-72.91178001343548,-16366.920662279188,4133.919337720812
constanta,3,10,1,5.12,fixed_quantitative,120,15.088916666666668,5496.3862877304155,13016.841150537635,670.2187944899625,-1834.8913388020633,3598.591188592811,18.480402552031315,,97.5,2.5,94.16666666666667,1343.7858774773606,11.295648379117562,100.0,302.3828278466338,6250.21,570.2187944899625,9.123194172515204,10.961073293963517,,,-47.54878174432201,-3628.896341289652,2621.313658710348
constanta,3,10,1,5.12,capped_dynamic,120,15.088916666666668,5496.3862877304155,13016.841150537635,643.60969970347,-2315.647310119941,3697.851369432303,17.237934256515494,,93.33333333333333,6.666666666666667,82.5,1300.3471694358354,11.67298481942611,100.0,643.60969970347,6250.21,543.60969970347,8.697462960500047,11.497605733321876,,,-21.815654332650734,-2611.6774926216544,3638.5325073783456
constanta,3,10,2,10.24,fixed_quantitative,120,15.088916666666668,5496.3862877304155,13016.841150537635,891.5062904444535,-1834.8913388020633,3598.591188592811,24.6662246006374,,97.5,2.5,94.16666666666667,1703.3498170330738,17.82244917282718,100.0,434.87687676831683,11000.42,791.5062904444535,7.1952370040821485,13.898082848871546,,,-55.86273516874369,-7164.249608650753,3836.170391349248
constanta,3,10,2,10.24,capped_dynamic,120,15.088916666666668,5496.3862877304155,13016.841150537635,835.1370619097999,-2315.647310119941,3697.851369432303,22.420784686680662,,93.33333333333333,6.666666666666667,83.33333333333333,1616.1555921866834,18.783999315648675,100.0,835.1370619097999,11000.42,735.1370619097999,6.682809037380389,14.963767397908356,,,-39.65263208162023,-6060.098007965317,4940.321992034683
constanta,3,10,4,20.48,fixed_quantitative,120,15.088916666666668,5496.3862877304155,13016.841150537635,898.3983639267599,-1834.8913388020633,3598.591188592811,24.862857191131035,,97.5,2.5,94.16666666666667,1714.5485568548447,35.41208024263213,100.0,438.5171603340832,20500.84,798.3983639267599,3.8944665873532984,25.677457427606427,,,-76.08901972169109,-16628.416375321274,3872.4236246787264
constanta,3,10,4,20.48,capped_dynamic,120,15.088916666666668,5496.3862877304155,13016.841150537635,841.2701179834959,-2315.647310119941,3697.851369432303,22.59105991111618,,93.33333333333333,6.666666666666667,83.33333333333333,1627.0523239439374,37.3163973780876,100.0,841.2701179834959,20500.84,741.2701179834959,3.615803635282729,27.656369119220916,,,-67.3449523697314,-15518.832330192843,4982.007669807157
constanta,4,3,1,5.12,fixed_quantitative,120,16.021450000000083,5785.415896985438,3905.0523451612903,253.84826597952625,3606.7092302382603,4658.280944500083,5.2523732952552935,,72.5,27.5,60.833333333333336,696.3097835398048,21.799108855894037,100.0,77.58134730579424,6250.21,153.84826597952625,2.4614895496235523,40.625807253698675,,,-93.04937090471097,-5834.959832113545,415.2501678864548
constanta,4,3,1,5.12,capped_dynamic,120,16.021450000000083,5785.415896985438,3905.0523451612903,230.6710621895672,3525.208503256823,4663.846303119841,4.787204816547262,,72.5,27.5,60.833333333333336,649.3853818578344,23.374306217646335,100.0,230.6710621895672,6250.21,130.6710621895672,2.0906667486303214,47.831630777843465,,,-82.24378865781658,-5418.373987218642,831.8360127813585
constanta,4,3,2,10.24,fixed_quantitative,120,16.021450000000083,5785.415896985438,3905.0523451612903,271.9226405567084,3606.7092302382603,4658.280944500083,5.633811287280471,,72.5,27.5,60.833333333333336,725.6783355221264,41.8337768286467,100.0,93.24677151696721,11000.42,171.92264055670842,1.5628734226212129,63.98470826401441,,,-94.65823517630956,-10470.16657143392,530.2534285660806
constanta,4,3,2,10.24,capped_dynamic,120,16.021450000000083,5785.415896985438,3905.0523451612903,238.38008558334587,3525.208503256823,4663.846303119841,4.950438268514345,,72.5,27.5,60.833333333333336,662.7912671734948,45.80305601653295,100.0,238.38008558334587,11000.42,138.38008558334587,1.2579527471073457,79.4942419180286,,,-89.27031879252436,-10116.186640566002,884.2333594339983
constanta,4,3,4,20.48,fixed_quantitative,120,16.021450000000083,5785.415896985438,3905.0523451612903,271.92264055670836,3606.7092302382603,4658.280944500083,5.633811287280471,,72.5,27.5,60.833333333333336,725.6783355221264,83.6675536572934,100.0,93.24677151696717,20500.84,171.92264055670836,0.8386126644406198,119.24456216828426,,,-97.1336951753284,-19970.58657143392,530.2534285660804
constanta,4,3,4,20.48,capped_dynamic,120,16.021450000000083,5785.415896985438,3905.0523451612903,238.38008558334587,3525.208503256823,4663.846303119841,4.950438268514347,,72.5,27.5,60.833333333333336,662.7912671734948,91.6061120330659,100.0,238.38008558334587,20500.84,138.38008558334587,0.6749971493038621,148.1487738179813,,,-94.24262616808194,-19616.606640566002,884.2333594339983
constanta,4,5,1,5.12,fixed_quantitative,120,16.021450000000083,5785.415896985438,6508.420575268818,250.09073442631197,1965.0900105866294,4127.032328792714,5.859328208756061,,76.66666666666667,23.333333333333332,60.0,676.6995033323878,22.430831844947406,100.0,80.13656183568716,6250.21,150.09073442631197,2.401371064753216,41.64287704960616,,,-93.09078171496938,-5839.93810957865,410.2718904213495
constanta,4,5,1,5.12,capped_dynamic,120,16.021450000000083,5785.415896985438,6508.420575268818,241.43876954742328,1833.7290467873665,4186.333882931368,5.5897711209143255,,75.0,25.0,63.333333333333336,651.5641909248411,23.296143312085626,100.0,241.43876954742328,6250.21,141.43876954742328,2.2629442778310374,44.19021757612474,,,-80.66807641516479,-5345.187116941522,905.0228830584787
constanta,4,5,2,10.24,fixed_quantitative,120,16.021450000000083,5785.415896985438,6508.420575268818,277.27201761749353,1965.0900105866294,4127.032328792714,6.485687087725952,,76.66666666666667,23.333333333333332,60.0,720.8656195616153,42.11307172074341,100.0,91.99232828190088,11000.42,177.27201761749353,1.611502266436132,62.05389969519057,,,-94.51567211573418,-10455.316760122816,545.1032398771849
constanta,4,5,2,10.24,capped_dynamic,120,16.021450000000083,5785.415896985438,6508.420575268818,253.94571891372362,1833.7290467873665,4186.333882931368,5.872922923156997,,75.0,25.0,63.333333333333336,674.6142173770814,45.00033464407058,100.0,253.94571891372362,11000.42,153.94571891372362,1.3994531019154144,71.45648529638558,,,-87.97610565605157,-10010.38881847898,990.0311815210207
constanta,4,5,4,20.48,fixed_quantitative,120,16.021450000000083,5785.415896985438,6508.420575268818,278.1162662009225,1965.0900105866294,4127.032328792714,6.504470696470541,,76.66666666666667,23.333333333333332,60.0,722.2374157641647,84.06616681717117,100.0,91.99232828190092,20500.84,178.1162662009225,0.8688242345236707,115.09807855995705,,,-97.0402636818934,-19952.748299875777,548.0917001242217
constanta,4,5,4,20.48,capped_dynamic,120,16.021450000000083,5785.415896985438,6508.420575268818,253.94571891372365,1833.7290467873665,4186.333882931368,5.872922923156999,,75.0,25.0,63.333333333333336,674.6142173770814,90.00066928814115,100.0,253.94571891372365,20500.84,153.94571891372365,0.750923956841396,133.16927644794956,,,-93.54817227884041,-19510.80881847898,990.0311815210207
constanta,4,10,1,5.12,fixed_quantitative,120,16.021450000000083,5785.415896985438,13016.841150537635,324.88760917404653,-1691.1173679229908,3589.628397643931,8.904311218770172,,92.5,7.5,70.83333333333333,786.7869651292317,19.292303306416677,100.0,111.21382120994475,6250.21,224.88760917404653,3.5980808512681417,27.792593922606006,,,-85.66660083269853,-5473.9514160973395,776.2585839026605
constanta,4,10,1,5.12,capped_dynamic,120,16.021450000000083,5785.415896985438,13016.841150537635,287.2925559676507,-2125.049910199535,3669.0712937251647,7.677118384257164,,85.83333333333333,14.166666666666666,67.5,733.8108861545815,20.685074390693476,100.0,287.2925559676507,6250.21,187.29255596765069,2.996580210387342,33.37137435979859,,,-73.95797831971672,-5033.5241967932025,1216.6858032067978
constanta,4,10,2,10.24,fixed_quantitative,120,16.021450000000083,5785.415896985438,13016.841150537635,367.1902951138106,-1691.1173679229908,3589.628397643931,10.071487438208663,,92.5,7.5,70.83333333333333,855.5234309863798,35.48455184052083,100.0,127.34375305130288,11000.42,267.1902951138106,2.4289099426550127,41.17073187599997,,,-89.53653689929436,-10021.88214444105,978.5378555589509
constanta,4,10,2,10.24,capped_dynamic,120,16.021450000000083,5785.415896985438,13016.841150537635,326.73961211912336,-2125.049910199535,3669.0712937251647,8.742491355771936,,85.83333333333333,14.166666666666666,67.5,806.0209353450589,37.663867284812135,100.0,326.73961211912336,11000.42,226.73961211912336,2.0611905010819895,48.515651487577976,,,-81.92361740569774,-9515.61708649063,1484.80291350937
constanta,4,10,4,20.48,fixed_quantitative,120,16.021450000000083,5785.415896985438,13016.841150537635,367.81993893069534,-1691.1173679229908,3589.628397643931,10.087590378277058,,92.5,7.5,70.83333333333333,856.5465218317954,70.88433555878235,100.0,127.34375305130284,20500.84,267.81993893069534,1.3063851965611915,76.54710131684807,,,-94.37284472793641,-19520.07333937879,980.766660621211
constanta,4,10,4,20.48,capped_dynamic,120,16.021450000000083,5785.415896985438,13016.841150537635,327.2217745771417,-2125.049910199535,3669.0712937251647,8.754556372575054,,85.83333333333333,14.166666666666666,67.5,807.0440261904745,75.23224149471996,100.0,327.2217745771417,20500.84,227.22177457714167,1.108353484916431,90.2239234692711,,,-90.27899326352667,-19012.759883638184,1488.080116361817
constanta,5,3,1,5.12,fixed_quantitative,120,6.928666666666675,2511.67811635945,3905.0523451612903,179.99522891125395,324.6284881156974,1840.1605023467766,9.622899086934762,,74.16666666666667,24.166666666666668,52.5,555.3921871294065,27.330115764252778,100.0,23.718319636589406,6250.21,79.99522891125395,1.2798806585899345,78.132284700803,,,-102.24671340702044,-6271.8210226496,-21.611022649600585
constanta,5,3,1,5.12,capped_dynamic,120,6.928666666666675,2511.67811635945,3905.0523451612903,159.4497544639332,235.11306771408672,1883.7661582157407,8.305732683737329,,72.5,26.666666666666668,43.333333333333336,532.7634284658154,28.490943555413676,100.0,159.4497544639332,6250.21,59.4497544639332,0.9511641123087577,105.13432824675262,,,-92.6660895981438,-5902.457036307067,347.7529636929327
constanta,5,3,2,10.24,fixed_quantitative,120,6.928666666666675,2511.67811635945,3905.0523451612903,179.99522891125395,324.6284881156974,1840.1605023467766,9.622899086934762,,74.16666666666667,24.166666666666668,52.5,555.3921871294066,54.66023152850554,100.0,23.718319636589413,11000.42,79.99522891125395,0.727201587859863,137.51345111098783,,,-101.27653585987565,-11022.0310226496,-21.611022649600557
constanta,5,3,2,10.24,capped_dynamic,120,6.928666666666675,2511.67811635945,3905.0523451612903,159.4497544639332,235.11306771408672,1883.7661582157407,8.305732683737329,,72.5,26.666666666666668,43.333333333333336,532.7634284658154,56.98188711082735,100.0,159.4497544639332,11000.42,59.4497544639332,0.54043167864439,185.03726548902236,,,-95.83302454517322,-10652.667036307068,347.7529636929327
constanta,5,3,4,20.48,fixed_quantitative,120,6.928666666666675,2511.67811635945,3905.0523451612903,179.99522891125392,324.6284881156974,1840.1605023467766,9.622899086934762,,74.16666666666667,24.166666666666668,52.5,555.3921871294066,109.32046305701108,100.0,23.718319636589406,20500.84,79.99522891125392,0.39020463996233284,256.2757839313576,,,-100.6849685478104,-20522.451022649602,-21.6110226496007
constanta,5,3,4,20.48,capped_dynamic,120,6.928666666666675,2511.67811635945,3905.0523451612903,159.4497544639332,235.11306771408672,1883.7661582157407,8.305732683737329,,72.5,26.666666666666668,43.333333333333336,532.7634284658154,113.9637742216547,100.0,159.4497544639332,20500.84,59.4497544639332,0.28998691987222575,344.84313997356185,,,-97.76406819755748,-20153.087036307068,347.7529636929327
constanta,5,5,1,5.12,fixed_quantitative,120,6.928666666666675,2511.67811635945,6508.420575268818,255.02043569096938,-1073.297638571813,1739.181918428465,14.606257195403598,,83.33333333333333,15.833333333333334,64.16666666666667,668.7182675847845,22.698546614600648,100.0,61.03471710060462,6250.21,155.02043569096938,2.480243634869378,40.3186197493322,,,-94.30498415162783,-5884.704597875537,365.5054021244636
constanta,5,5,1,5.12,capped_dynamic,120,6.928666666666675,2511.67811635945,6508.420575268818,209.46700204939708,-1308.4038191193222,1782.6479527113427,11.657252681312919,,81.66666666666667,17.5,50.833333333333336,624.260720170886,24.315053435771382,100.0,209.46700204939708,6250.21,109.46700204939708,1.7514131853073271,57.09674954996564,,,-85.34672376242024,-5562.495548777859,687.7144512221413
constanta,5,5,2,10.24,fixed_quantitative,120,6.928666666666675,2511.67811635945,6508.420575268818,255.90169888478138,-1073.297638571813,1739.181918428465,14.658094616953079,,83.33333333333333,15.833333333333334,64.16666666666667,670.1502078052914,45.300091209457264,100.0,61.47779067649463,11000.42,155.90169888478138,1.4172340591066648,70.5599751554332,,,-96.71099033774304,-10630.351979707664,370.0680202923358
constanta,5,5,2,10.24,capped_dynamic,120,6.928666666666675,2511.67811635945,6508.420575268818,209.46700204939708,-1308.4038191193222,1782.6479527113427,11.657252681312919,,81.66666666666667,17.5,50.833333333333336,624.260720170886,48.630106871542765,100.0,209.46700204939708,11000.42,109.46700204939708,0.9951165687255312,100.49073962065802,,,-91.67431301051384,-10312.705548777858,687.7144512221413
constanta,5,5,4,20.48,fixed_quantitative,120,6.928666666666675,2511.67811635945,6508.420575268818,255.90169888478138,-1073.297638571813,1739.181918428465,14.658094616953079,,83.33333333333333,15.833333333333334,64.16666666666667,670.1502078052914,90.60018241891453,100.0,61.47779067649465,20500.84,155.90169888478138,0.7604649316066141,131.49850288130006,,,-98.23517047745923,-20130.771979707664,370.0680202923361
constanta,5,5,4,20.48,capped_dynamic,120,6.928666666666675,2511.67811635945,6508.420575268818,209.46700204939708,-1308.4038191193222,1782.6479527113427,11.657252681312919,,81.66666666666667,17.5,50.833333333333336,624.260720170886,97.26021374308553,100.0,209.46700204939708,20500.84,109.46700204939708,0.5339634963708662,187.27871976204278,,,-95.53257068135339,-19813.125548777858,687.7144512221413
constanta,5,10,1,5.12,fixed_quantitative,120,6.928666666666675,2511.67811635945,13016.841150537635,305.3237109764228,-4481.422372875505,1639.7983099341052,18.6265637167241,,85.0,14.166666666666666,68.33333333333333,743.9348723583619,20.403577426998684,100.0,86.63203311198933,6250.21,205.32371097642277,3.285068997304455,30.440760934413994,,,-88.9336812693492,-5623.268744713544,626.9412552864562
constanta,5,10,1,5.12,capped_dynamic,120,6.928666666666675,2511.67811635945,13016.841150537635,255.8370965622289,-5112.350267809536,1681.788624624416,15.180395917857194,,80.83333333333333,16.666666666666668,55.833333333333336,702.5298245159668,21.60610445153171,100.0,255.8370965622289,6250.21,155.8370965622289,2.493309769787398,40.10733091080252,,,-78.56107077348749,-5247.323341820319,1002.8866581796807
constanta,5,10,2,10.24,fixed_quantitative,120,6.928666666666675,2511.67811635945,13016.841150537635,324.11579093752357,-4481.422372875505,1639.7983099341052,19.798876925936963,,85.0,14.166666666666666,68.33333333333333,774.4696039938491,39.198265988832205,100.0,96.0801459178351,11000.42,224.11579093752357,2.0373384919623394,49.083645351284375,,,-92.57748240221471,-10276.18535263195,724.2346473680508
constanta,5,10,2,10.24,capped_dynamic,120,6.928666666666675,2511.67811635945,13016.841150537635,270.640282593651,-5112.350267809536,1681.788624624416,16.080508775040112,,80.83333333333333,16.666666666666668,55.833333333333336,731.0278128072141,41.52764779364473,100.0,270.640282593651,11000.42,170.64028259365102,1.5512160680560472,64.46555193649972,,,-86.58802698532526,-9896.917786459844,1103.5022135401564
constanta,5,10,4,20.48,fixed_quantitative,120,6.928666666666675,2511.67811635945,13016.841150537635,324.11579093752357,-4481.422372875505,1639.7983099341052,19.798876925936963,,85.0,14.166666666666666,68.33333333333333,774.4696039938493,78.39653197766438,100.0,96.08014591783514,20500.84,224.11579093752357,1.0932029660127272,91.47432188620296,,,-96.01719680593432,-19776.60535263195,724.234647368051
constanta,5,10,4,20.48,capped_dynamic,120,6.928666666666675,2511.67811635945,13016.841150537635,270.640282593651,-5112.350267809536,1681.788624624416,16.080508775040112,,80.83333333333333,16.666666666666668,55.833333333333336,731.0278128072143,83.05529558728944,100.0,270.640282593651,20500.84,170.64028259365102,0.8323575160512985,120.14068242502296,,,-92.80335165826921,-19397.337786459844,1103.5022135401564
constanta,6,3,1,5.12,fixed_quantitative,68,24.954367647059005,9264.500587182374,3765.905118475074,4.351619909517805,6902.900243314786,7188.067784592429,-0.6215336818555941,-0.6373706326851386,22.058823529411764,76.47058823529412,13.235294117647058,315.75696309988757,48.07156941146051,100.0,-63.89326760741149,6250.21,-95.64838009048219,-1.5303226626062514,,,,-120.8593834103433,-7178.921534493629,-928.7115344936291
constanta,6,3,1,5.12,capped_dynamic,68,24.954367647059005,9264.500587182374,3765.905118475074,39.996513561154366,6216.799574936603,6546.538154054195,-0.35760330458378636,-0.36981059850031706,32.35294117647059,66.17647058823529,13.235294117647058,453.1848850097101,33.49390783075872,100.0,39.996513561154366,6250.21,-60.003486438845634,-0.9600235262310487,,,,-110.14649910960902,-6714.366995928589,-464.15699592858846
constanta,6,3,2,10.24,fixed_quantitative,68,24.954367647059005,9264.500587182374,3765.905118475074,4.351619909517784,6902.900243314786,7188.067784592429,-0.6215336818555943,-0.6373706326851388,22.058823529411764,76.47058823529412,13.235294117647058,315.7569630998875,96.14313882292103,100.0,-63.89326760741152,11000.42,-95.64838009048222,-0.8694975290987274,,,,-111.85186809096032,-11929.13153449363,-928.7115344936292
constanta,6,3,2,10.24,capped_dynamic,68,24.954367647059005,9264.500587182374,3765.905118475074,50.310319004025864,6216.799574936603,6546.538154054195,-0.18983533047150086,-0.19631562761949434,32.35294117647059,66.17647058823529,13.235294117647058,478.8755269660112,63.39406344265141,100.0,50.310319004025864,11000.42,-49.689680995974136,-0.4517071256913294,,,,-104.90748287792714,-11394.47524483854,-394.05524483854146
constanta,6,3,4,20.48,fixed_quantitative,68,24.954367647059005,9264.500587182374,3765.905118475074,4.351619909517807,6902.900243314786,7188.067784592429,-0.6215336818555941,-0.6373706326851386,22.058823529411764,76.47058823529412,13.235294117647058,315.75696309988757,192.28627764584203,100.0,-63.893267607411495,20500.84,-95.64838009048219,-0.46655834634328247,,,,-106.35952120913883,-21429.55153449363,-928.7115344936291
constanta,6,3,4,20.48,capped_dynamic,68,24.954367647059005,9264.500587182374,3765.905118475074,50.31031900402586,6216.799574936603,6546.538154054195,-0.18983533047150147,-0.19631562761949495,32.35294117647059,66.17647058823529,13.235294117647058,478.8755269660112,126.78812688530282,100.0,50.31031900402586,20500.84,-49.68968099597414,-0.2423787561679138,,,,-102.6332761389293,-20894.895244838543,-394.0552448385415
constanta,6,5,1,5.12,fixed_quantitative,68,24.954367647059005,9264.500587182374,6276.50853079179,256.7525509326773,4639.766599048135,5475.108611970596,3.312098552696107,,64.70588235294117,35.294117647058826,45.588235294117645,711.007874910714,21.348473490134463,100.0,77.79255096459399,6250.21,156.7525509326773,2.5079565475828383,39.87309911584383,,,-92.84127884794776,-5823.991370668616,426.2186293313843
constanta,6,5,1,5.12,capped_dynamic,68,24.954367647059005,9264.500587182374,6276.50853079179,187.7483191276004,4088.746676049534,5070.598025891416,1.8547358260196871,,50.0,48.529411764705884,30.88235294117647,670.8004979386843,22.628088105855397,100.0,187.7483191276004,6250.21,87.74831912760041,1.4039259341302197,71.22882879284755,,,-88.52496713742975,-5710.114942281131,540.0950577188685
constanta,6,5,2,10.24,fixed_quantitative,68,24.954367647059005,9264.500587182374,6276.50853079179,274.72719647935963,4639.766599048135,5475.108611970596,3.6462299417222264,,64.70588235294117,35.294117647058826,45.588235294117645,740.2143799461896,41.01226125845235,100.0,80.30997322360096,11000.42,174.72719647935963,1.5883684121093524,62.957686162494284,,,-95.14542806901984,-10502.375461055242,498.04453894475756
constanta,6,5,2,10.24,capped_dynamic,68,24.954367647059005,9264.500587182374,6276.50853079179,207.7491645645662,4088.746676049534,5070.598025891416,2.250734284048799,,50.0,48.529411764705884,30.88235294117647,714.2006060581672,42.50607641621629,100.0,207.7491645645662,11000.42,107.7491645645662,0.9795004605693801,102.09285653818924,,,-91.8171435521311,-10324.381492874516,676.038507125484
constanta,6,5,4,20.48,fixed_quantitative,68,24.954367647059005,9264.500587182374,6276.50853079179,278.46715308735855,4639.766599048135,5475.108611970596,3.719409035474839,,64.70588235294117,35.294117647058826,45.588235294117645,746.2913321297692,81.35660761590528,100.0,80.30997322360098,20500.84,178.46715308735855,0.8705358077393832,114.87178254008998,,,-97.32009668148412,-19989.556810889848,511.2831891101534
constanta,6,5,4,20.48,capped_dynamic,68,24.954367647059005,9264.500587182374,6276.50853079179,208.32710642670787,4088.746676049534,5070.598025891416,2.26259814703211,,50.0,48.529411764705884,30.88235294117647,715.5330144917419,84.85384999091976,100.0,208.32710642670787,20500.84,108.32710642670787,0.5284032577528914,189.24940096937317,,,-95.58342662352446,-19820.87328841218,679.9667115878221
constanta,6,10,1,5.12,fixed_quantitative,68,24.954367647059005,9264.500587182374,12553.01706158358,447.45126303628626,42.165188030758806,3064.6814935118455,13.21015708473562,,88.23529411764706,10.294117647058824,76.47058823529412,994.81179454778,15.258094899958676,100.0,130.72082836763263,6250.21,347.45126303628626,5.559033425057498,17.98873875254054,,,-76.03162855075288,-4976.565939914126,1273.6440600858737
constanta,6,10,1,5.12,capped_dynamic,68,24.954367647059005,9264.500587182374,12553.01706158358,300.1310861963992,-518.0414514243042,2992.9266495119195,7.980859275914636,,79.41176470588235,20.58823529411765,50.0,825.7773267812418,18.381387180940727,100.0,300.1310861963992,6250.21,200.13108619639922,3.201989792285367,31.230580509948055,,,-72.07922840696631,-4946.262181289524,1303.9478187104762
constanta,6,10,2,10.24,fixed_quantitative,68,24.954367647059005,9264.500587182374,12553.01706158358,564.309283645957,42.165188030758806,3064.6814935118455,17.92331254398384,,88.23529411764706,10.294117647058824,76.47058823529412,1184.691164269317,25.625130374244236,100.0,161.15099825039508,11000.42,464.30928364595695,4.22083232863797,23.692009588134773,,,-80.62068488604866,-9214.009378710276,1786.4106212897236
constanta,6,10,2,10.24,capped_dynamic,68,24.954367647059005,9264.500587182374,12553.01706158358,341.5649758704103,-518.0414514243042,2992.9266495119195,9.777823742349677,,79.41176470588235,20.58823529411765,50.0,901.5106385142,33.67443959136181,100.0,341.5649758704103,11000.42,241.5649758704103,2.1959613893870444,45.53814128212557,,,-80.69095439015196,-9414.850791715267,1585.569208284732
constanta,6,10,4,20.48,fixed_quantitative,68,24.954367647059005,9264.500587182374,12553.01706158358,569.4412830572961,42.165188030758806,3064.6814935118455,18.092068276456978,,88.23529411764706,10.294117647058824,76.47058823529412,1193.0300083516693,50.892040141655606,100.0,161.374084345961,20500.84,469.4412830572961,2.289863649768966,43.67072249480418,,,-89.49295328233767,-18695.53658009628,1805.3034199037224
constanta,6,10,4,20.48,capped_dynamic,68,24.954367647059005,9264.500587182374,12553.01706158358,341.5649758704103,-518.0414514243042,2992.9266495119195,9.777823742349678,,79.41176470588235,20.58823529411765,50.0,901.5106385142,67.34887918272362,100.0,341.5649758704103,20500.84,241.5649758704103,1.1783174536770704,84.86677311614022,,,-89.63907764230711,-18915.27079171527,1585.569208284732
ploiesti,2,3,1,5.12,fixed_quantitative,120,7.063749999999994,2570.08616205837,3671.0827868663596,202.9731584942972,512.8807804831815,1853.8503942353893,10.687055238943554,,83.33333333333333,15.833333333333334,56.666666666666664,564.2929565089509,26.899029296261382,100.0,30.658307690363333,6250.21,102.9731584942972,1.6475151793987275,60.6974680721884,,,-100.17595748143304,-6167.879822303839,82.3301776961608
ploiesti,2,3,1,5.12,capped_dynamic,120,7.063749999999994,2570.08616205837,3671.0827868663596,180.98100954397412,431.8776877750796,1889.2448622030035,9.319381797301475,,80.0,20.0,50.833333333333336,533.1481950189323,28.47038198876245,100.0,180.98100954397412,6250.21,80.98100954397412,1.295652618775595,77.18118155351009,,,-89.5152738207698,-5756.111568318764,494.098431681236
ploiesti,2,3,2,10.24,fixed_quantitative,120,7.063749999999994,2570.08616205837,3671.0827868663596,215.04882210501376,512.8807804831815,1853.8503942353893,11.341553646023373,,83.33333333333333,15.833333333333334,56.666666666666664,582.5520007066009,52.1118552520533,100.0,41.86468729255107,11000.42,115.04882210501376,1.0458584499956707,95.61523359151896,,,-99.1357191634059,-10838.844266840084,161.57573315991613
ploiesti,2,3,2,10.24,capped_dynamic,120,7.063749999999994,2570.08616205837,3671.0827868663596,193.3579845893652,431.8776877750796,1889.2448622030035,9.978110933165503,,80.0,20.0,50.833333333333336,551.4072392165823,55.05525386418158,100.0,193.3579845893652,11000.42,93.3579845893652,0.8486765467988059,117.83052138909503,,,-93.01370611903295,-10422.196690388339,578.223309611662
ploiesti,2,3,4,20.48,fixed_quantitative,120,7.063749999999994,2570.08616205837,3671.0827868663596,215.04882210501378,512.8807804831815,1853.8503942353893,11.341553646023375,,83.33333333333333,15.833333333333334,56.666666666666664,582.5520007066009,104.2237105041066,100.0,41.86468729255109,20500.84,115.04882210501378,0.5611907712318802,178.19252405111396,,,-99.53624084669279,-20339.264266840084,161.5757331599163
ploiesti,2,3,4,20.48,capped_dynamic,120,7.063749999999994,2570.08616205837,3671.0827868663596,193.3579845893652,431.8776877750796,1889.2448622030035,9.978110933165501,,80.0,20.0,50.833333333333336,551.4072392165824,110.11050772836313,100.0,193.3579845893652,20500.84,93.3579845893652,0.45538614315006215,219.59385788128225,,,-96.25126741469775,-19922.61669038834,578.223309611662
ploiesti,2,5,1,5.12,fixed_quantitative,120,7.063749999999994,2570.08616205837,6118.471311443933,233.5872999611263,-860.2145812497088,1660.3953919746577,13.898066397621818,,89.16666666666667,9.166666666666666,61.666666666666664,602.088130382452,25.210483321048727,100.0,47.27292423156107,6250.21,133.5872999611263,2.137324985258516,46.78745660567136,,,-96.82356001970273,-6005.396844030277,244.813155969723
ploiesti,2,5,1,5.12,capped_dynamic,120,7.063749999999994,2570.08616205837,6118.471311443933,201.5220362594809,-1058.3635949624409,1701.7113566376147,11.639036909667341,,85.83333333333333,11.666666666666666,51.666666666666664,568.4722211405925,26.701274405903153,100.0,201.5220362594809,6250.21,101.5220362594809,1.6242980037387689,61.56505750165455,,,-86.50936493073606,-5616.496568799871,633.713431200129
ploiesti,2,5,2,10.24,fixed_quantitative,120,7.063749999999994,2570.08616205837,6118.471311443933,244.11939668658005,-860.2145812497088,1660.3953919746577,14.535568155470484,,89.16666666666667,9.166666666666666,61.666666666666664,618.0132195372479,49.121709015136624,100.0,56.99212765403893,11000.42,144.11939668658005,1.310126310509781,76.32851824881615,,,-97.35671668693197,-10686.669065355156,313.7509346448448
ploiesti,2,5,2,10.24,capped_dynamic,120,7.063749999999994,2570.08616205837,6118.471311443933,212.79174080540182,-1058.3635949624409,1701.7113566376147,12.304781182397184,,85.83333333333333,11.666666666666666,51.666666666666664,584.387103945849,51.94821263617324,100.0,212.79174080540182,11000.42,112.79174080540182,1.0253403125099025,97.52859492592536,,,-91.3978757797226,-10290.107681288127,710.3123187118723
ploiesti,2,5,4,20.48,fixed_quantitative,120,7.063749999999994,2570.08616205837,6118.471311443933,244.11939668658005,-860.2145812497088,1660.3953919746577,14.535568155470484,,89.16666666666667,9.166666666666666,61.666666666666664,618.0132195372479,98.24341803027325,100.0,56.99212765403891,20500.84,144.11939668658005,0.7029926416994623,142.24899958874846,,,-98.58165681880645,-20187.089065355154,313.75093464484473
ploiesti,2,5,4,20.48,capped_dynamic,120,7.063749999999994,2570.08616205837,6118.471311443933,212.79174080540184,-1058.3635949624409,1701.7113566376147,12.304781182397184,,85.83333333333333,11.666666666666666,51.666666666666664,584.387103945849,103.89642527234648,100.0,212.79174080540184,20500.84,112.79174080540184,0.5501810696800806,181.75834377243842,,,-95.38423892312588,-19790.527681288127,710.3123187118725
ploiesti,2,10,1,5.12,fixed_quantitative,120,7.063749999999994,2570.08616205837,12236.942622887866,278.44228882659525,-4117.635870307415,1477.724176115397,18.799164099629166,,95.0,4.166666666666667,63.333333333333336,660.5417100796911,22.97952201531218,100.0,72.67970305231877,6250.21,178.44228882659525,2.85498069387421,35.02650655906887,,,-91.82606144384792,-5763.867363181384,486.34263681861637
ploiesti,2,10,1,5.12,capped_dynamic,120,7.063749999999994,2570.08616205837,12236.942622887866,230.97513393089392,-4663.476342748606,1517.313835359234,15.11965261502781,,90.0,8.333333333333334,55.0,620.8594399184011,24.448259610586206,100.0,230.97513393089392,6250.21,130.97513393089392,2.0955317330280727,47.72058491116171,,,-82.19929176079576,-5416.30724651444,833.9027534855604
ploiesti,2,10,2,10.24,fixed_quantitative,120,7.063749999999994,2570.08616205837,12236.942622887866,290.6613534678681,-4117.635870307415,1477.724176115397,19.63675341815729,,95.0,4.166666666666667,63.333333333333336,679.017584245393,44.708511593781175,100.0,82.19848692590378,11000.42,190.66135346786808,1.7332188540789175,57.69611827419387,,,-94.46335142386538,-10439.820863357334,560.5991366426663
ploiesti,2,10,2,10.24,capped_dynamic,120,7.063749999999994,2570.08616205837,12236.942622887866,243.01596204473736,-4663.476342748606,1517.313835359234,15.922478745667755,,90.0,8.333333333333334,55.833333333333336,639.3353140841031,47.483479903040255,100.0,243.01596204473736,11000.42,143.01596204473736,1.3000954694887774,76.91742825572797,,,-88.88486629675674,-10084.677120672422,915.7428793275785
ploiesti,2,10,4,20.48,fixed_quantitative,120,7.063749999999994,2570.08616205837,12236.942622887866,290.66135346786814,-4117.635870307415,1477.724176115397,19.63675341815729,,95.0,4.166666666666667,63.333333333333336,679.0175842453931,89.41702318756234,100.0,82.19848692590381,20500.84,190.66135346786814,0.930017274745172,107.52488444625972,,,-97.02912369786395,-19940.240863357332,560.5991366426667
ploiesti,2,10,4,20.48,capped_dynamic,120,7.063749999999994,2570.08616205837,12236.942622887866,243.0159620447374,-4663.476342748606,1517.313835359234,15.922478745667762,,90.0,8.333333333333334,55.833333333333336,639.3353140841031,94.96695980608051,100.0,243.0159620447374,20500.84,143.0159620447374,0.6976102542370819,143.3465167586472,,,-94.03579857743237,-19585.09712067242,915.7428793275786
ploiesti,3,3,1,5.12,fixed_quantitative,120,15.088916666666668,5496.3862877304155,3671.0827868663596,494.248846264636,3502.0152333774254,4398.149016101786,11.059062270126335,,77.5,22.5,70.83333333333333,1018.1976889032557,14.907648027720528,100.0,216.9225400320388,6250.21,394.248846264636,6.307769599175643,15.853464275719409,,,-66.00964801332965,-4530.145031330221,1720.0649686697793
ploiesti,3,3,1,5.12,capped_dynamic,120,15.088916666666668,5496.3862877304155,3671.0827868663596,498.1703493180357,3511.5176087772033,4483.927701483155,10.94222541510131,,73.33333333333333,25.833333333333332,65.83333333333333,1026.111572058735,14.792672826361393,100.0,498.1703493180357,6250.21,398.1703493180357,6.370511539900829,15.697326560616622,,,-43.09878892661324,-3600.212053981315,2649.997946018685
ploiesti,3,3,2,10.24,fixed_quantitative,120,15.088916666666668,5496.3862877304155,3671.0827868663596,581.8997696832719,3502.0152333774254,4398.149016101786,13.061709771801018,,77.5,22.5,70.83333333333333,1150.7305364765693,26.381385194286597,100.0,290.2617350916629,11000.42,481.89976968327187,4.3807397325126844,22.82719497299203,,,-74.0545588739521,-8731.21647380316,2269.2035261968404
ploiesti,3,3,2,10.24,capped_dynamic,120,15.088916666666668,5496.3862877304155,3671.0827868663596,605.8725342730595,3511.5176087772033,4483.927701483155,13.345831231456236,,73.33333333333333,25.833333333333332,66.66666666666667,1208.967826793397,25.110565281241644,100.0,605.8725342730595,11000.42,505.8725342730595,4.598665635249013,21.745438336176207,,,-58.71495721140679,-7618.382672068246,3382.0373279317537
ploiesti,3,3,4,20.48,fixed_quantitative,120,15.088916666666668,5496.3862877304155,3671.0827868663596,581.8997696832719,3502.0152333774254,4398.149016101786,13.061709771801024,,77.5,22.5,70.83333333333333,1150.7305364765693,52.762770388573195,100.0,290.26173509166296,20500.84,481.89976968327187,2.3506342651485106,42.54170947928478,,,-86.07809487456124,-18231.63647380316,2269.203526196841
ploiesti,3,3,4,20.48,capped_dynamic,120,15.088916666666668,5496.3862877304155,3671.0827868663596,605.8725342730595,3511.5176087772033,4483.927701483155,13.345831231456236,,73.33333333333333,25.833333333333332,66.66666666666667,1208.967826793397,50.22113056248329,100.0,605.8725342730595,20500.84,505.8725342730595,2.467569788716265,40.52570284223826,,,-77.84711209918733,-17118.802672068246,3382.0373279317537
ploiesti,3,5,1,5.12,fixed_quantitative,120,15.088916666666668,5496.3862877304155,6118.471311443933,618.8367008967923,2037.3224482120786,4047.449031559328,15.065633360329022,,89.16666666666667,10.0,85.83333333333333,1191.6469519626035,12.737776691165966,100.0,277.7914596031349,6250.21,518.8367008967923,8.301108297109893,12.046584193440278,,,-52.91003987135841,-3890.8745110693944,2359.3354889306056
ploiesti,3,5,1,5.12,capped_dynamic,120,15.088916666666668,5496.3862877304155,6118.471311443933,603.6901110495636,1952.7630308869818,4149.8135752730395,14.320018331407747,,86.66666666666667,13.333333333333334,78.33333333333333,1158.6947420142847,13.100027313855792,100.0,603.6901110495636,6250.21,503.6901110495636,8.058771002087347,12.408840004772246,,,-27.65736069344727,-2883.0063520745334,3367.2036479254666
ploiesti,3,5,2,10.24,fixed_quantitative,120,15.088916666666668,5496.3862877304155,6118.471311443933,763.0712740335093,2037.3224482120786,4047.449031559328,18.589493946979093,,89.16666666666667,10.0,85.83333333333333,1409.7372806295366,21.534413507217273,100.0,376.42019442963027,11000.42,663.0712740335093,6.027690524848226,16.59010189520603,,,-63.33908270330909,-7809.281369370117,3191.138630629883
ploiesti,3,5,2,10.24,capped_dynamic,120,15.088916666666668,5496.3862877304155,6118.471311443933,746.4721664799623,1952.7630308869818,4149.8135752730395,17.733118063917317,,86.66666666666667,13.333333333333334,78.33333333333333,1373.914210662792,22.09589601884346,100.0,746.4721664799623,11000.42,646.4721664799623,5.876795308542422,17.016076747584094,,,-47.02472353294179,-6662.743119343047,4337.6768806569535
ploiesti,3,5,4,20.48,fixed_quantitative,120,15.088916666666668,5496.3862877304155,6118.471311443933,764.7721632716701,2037.3224482120786,4047.449031559328,18.631288815595585,,89.16666666666667,10.0,85.83333333333333,1412.3091154185852,42.99039807389315,100.0,378.12208382576466,20500.84,664.7721632716701,3.2426581704538453,30.83889659143563,,,-80.25243425066424,-17298.137362947044,3202.702637052958
ploiesti,3,5,4,20.48,capped_dynamic,120,15.088916666666668,5496.3862877304155,6118.471311443933,748.456230426045,1952.7630308869818,4149.8135752730395,17.781313848207457,,86.66666666666667,13.333333333333334,78.33333333333333,1377.7827807315625,44.06770931118372,100.0,748.456230426045,20500.84,648.456230426045,3.163071515245448,31.614840043298923,,,-71.4858031672449,-16149.677664564457,4351.162335435544
ploiesti,3,10,1,5.12,fixed_quantitative,120,15.088916666666668,5496.3862877304155,12236.942622887866,710.9274890234705,-1289.3148258266647,3745.95497195511,18.796360791291914,,95.83333333333333,4.166666666666667,92.5,1319.3990719095925,11.504428866119671,100.0,331.9724272357647,6250.21,610.9274890234705,9.774511400792461,10.230690404831138,,,-42.48717767548702,-3388.420002920648,2861.789997079352
ploiesti,3,10,1,5.12,capped_dynamic,120,15.088916666666668,5496.3862877304155,12236.942622887866,684.7448385581598,-1704.2707954180519,3846.9009150042284,17.597681905667976,,91.66666666666667,8.333333333333334,84.16666666666667,1274.128282995771,11.913190352480857,100.0,684.7448385581598,6250.21,584.7448385581598,9.35560306866745,10.688781820480049,,,-15.796068199561297,-2332.08667805582,3918.12332194418
ploiesti,3,10,2,10.24,fixed_quantitative,120,15.088916666666668,5496.3862877304155,12236.942622887866,935.2863404832674,-1289.3148258266647,3745.95497195511,24.819799186704774,,95.83333333333333,4.166666666666667,92.5,1658.6415613495037,18.302848695601643,100.0,471.2422794464774,11000.42,835.2863404832674,7.593222263179655,13.16963951982687,,,-52.56193895864711,-6890.831869991159,4109.588130008841
ploiesti,3,10,2,10.24,capped_dynamic,120,15.088916666666668,5496.3862877304155,12236.942622887866,883.7362651181982,-1704.2707954180519,3846.9009150042284,22.777560364388375,,91.66666666666667,8.333333333333334,85.83333333333333,1581.3848960269254,19.19701245021854,100.0,883.7362651181982,11000.42,783.7362651181982,7.124603107137711,14.035869577045776,,,-35.61182462589853,-5729.774805209495,5270.645194790505
ploiesti,3,10,4,20.48,fixed_quantitative,120,15.088916666666668,5496.3862877304155,12236.942622887866,940.7348352412317,-1289.3148258266647,3745.95497195511,24.9677972457833,,95.83333333333333,4.166666666666667,92.5,1666.879974558368,36.424776829728984,100.0,474.971158723969,20500.84,840.7348352412317,4.100977497708541,24.384430311035825,,,-74.34464636218192,-16359.820033091772,4141.0199669082285
ploiesti,3,10,4,20.48,capped_dynamic,120,15.088916666666668,5496.3862877304155,12236.942622887866,888.64457420309,-1704.2707954180519,3846.9009150042284,22.907301749136234,,91.66666666666667,8.333333333333334,85.83333333333333,1589.62330923579,38.19504326746562,100.0,888.64457420309,20500.84,788.64457420309,3.8468890748042033,25.995030804232314,,,-65.23136182869037,-15196.833592061934,5304.006407938066
ploiesti,4,3,1,5.12,fixed_quantitative,120,16.021450000000083,5785.415896985438,3671.0827868663596,271.3866014830359,3944.7312368327052,4902.627348107964,5.335170642480183,,70.83333333333333,29.166666666666668,67.5,682.8060298109343,22.230226603316893,100.0,88.42974704591167,6250.21,171.38660148303592,2.742093489387331,36.46848671900793,,,-91.02170122983726,-5737.543556648749,512.666443351251
ploiesti,4,3,1,5.12,capped_dynamic,120,16.021450000000083,5785.415896985438,3671.0827868663596,240.2850739907997,3867.8831206366713,4905.661315131969,4.733890652229826,,70.83333333333333,29.166666666666668,62.5,635.2745717349346,23.893499667953904,100.0,240.2850739907997,6250.21,140.2850739907997,2.2444857691309523,44.55363512450303,,,-80.83690457444223,-5353.028653141917,897.1813468580829
ploiesti,4,3,2,10.24,fixed_quantitative,120,16.021450000000083,5785.415896985438,3671.0827868663596,292.6494273874797,3944.7312368327052,4902.627348107964,5.75735742682004,,70.83333333333333,29.166666666666668,67.5,714.9565509310848,42.4611334745888,100.0,104.18827150717685,11000.42,192.6494273874797,1.7512915632992168,57.100714749982785,,,-93.38270392882058,-10361.160620440409,639.2593795595903
ploiesti,4,3,2,10.24,capped_dynamic,120,16.021450000000083,5785.415896985438,3671.0827868663596,249.26025947470833,3867.8831206366713,4905.661315131969,4.913620387752395,,70.83333333333333,29.166666666666668,62.5,651.9703891473391,46.563258152443254,100.0,249.26025947470833,11000.42,149.26025947470833,1.3568596424019113,73.69959049189504,,,-88.36568075573926,-10042.235348177033,958.1846518229663
ploiesti,4,3,4,20.48,fixed_quantitative,120,16.021450000000083,5785.415896985438,3671.0827868663596,292.64942738747965,3944.7312368327052,4902.627348107964,5.75735742682004,,70.83333333333333,29.166666666666668,67.5,714.956550931085,84.92226694917758,100.0,104.18827150717681,20500.84,192.64942738747965,0.9397147989422856,106.41526568758624,,,-96.44926568631708,-19861.58062044041,639.25937955959
ploiesti,4,3,4,20.48,capped_dynamic,120,16.021450000000083,5785.415896985438,3671.0827868663596,249.26025947470833,3867.8831206366713,4905.661315131969,4.9136203877523945,,70.83333333333333,29.166666666666668,62.5,651.9703891473391,93.12651630488651,100.0,249.26025947470833,20500.84,149.26025947470833,0.7280689936349356,137.3496205362942,,,-93.75721199224272,-19542.655348177035,958.1846518229663
ploiesti,4,5,1,5.12,fixed_quantitative,120,16.021450000000083,5785.415896985438,6118.471311443933,268.2362878341946,2366.3038443525443,4356.679553727003,5.941394068309281,,77.5,22.5,68.33333333333333,667.2885584267021,22.74717972775722,100.0,86.68719633346942,6250.21,168.23628783419463,2.691690164557585,37.151378459799936,,,-91.36932116282067,-5754.37065480108,495.8393451989208
ploiesti,4,5,1,5.12,capped_dynamic,120,16.021450000000083,5785.415896985438,6118.471311443933,256.11726642227165,2250.336040212071,4416.816240750102,5.612796989926975,,75.83333333333333,24.166666666666668,65.83333333333333,641.2386404333641,23.67126965173206,100.0,256.11726642227165,6250.21,156.11726642227165,2.4977923369338257,40.03535382879562,,,-78.52007160218578,-5245.419059458156,1004.7909405418444
ploiesti,4,5,2,10.24,fixed_quantitative,120,16.021450000000083,5785.415896985438,6118.471311443933,293.6670192467722,2366.3038443525443,4356.679553727003,6.493195157669486,,77.5,22.5,68.33333333333333,705.7411738530494,43.0155794536902,100.0,95.73270082974362,11000.42,193.6670192467722,1.7605420451834768,56.800688329814015,,,-93.73162063125096,-10385.099184673023,615.3208153269763
ploiesti,4,5,2,10.24,capped_dynamic,120,16.021450000000083,5785.415896985438,6118.471311443933,270.7792635131152,2250.336040212071,4416.816240750102,5.924731847365931,,75.83333333333333,24.166666666666668,65.83333333333333,667.3782539413746,45.488245021965014,100.0,270.7792635131152,11000.42,170.7792635131152,1.5524794827207982,64.4130895854063,,,-86.57647134040725,-9895.973149111727,1104.446850888273
ploiesti,4,5,4,20.48,fixed_quantitative,120,16.021450000000083,5785.415896985438,6118.471311443933,294.34148758333265,2366.3038443525443,4356.679553727003,6.507406883736832,,77.5,22.5,68.33333333333333,706.7610057698846,85.90701889260909,100.0,95.73270082974362,20500.84,194.34148758333265,0.9479684129203128,105.48874692136616,,,-96.62295986074311,-19883.131710354133,617.7082896458663
ploiesti,4,5,4,20.48,capped_dynamic,120,16.021450000000083,5785.415896985438,6118.471311443933,271.1556062105806,2250.336040212071,4416.816240750102,5.932552388799146,,75.83333333333333,24.166666666666668,65.83333333333333,668.3980858582098,90.83767946054945,100.0,271.1556062105806,20500.84,171.15560621058057,0.8348711867932269,119.77895701982953,,,-92.7803607216077,-19393.835191018723,1107.004808981278
ploiesti,4,10,1,5.12,fixed_quantitative,120,16.021450000000083,5785.415896985438,12236.942622887866,319.8823623367593,-1121.992734627987,3777.665520430594,8.295957713115717,,90.0,10.0,73.33333333333333,731.8098626078183,20.74163460262452,100.0,109.9714811629665,6250.21,219.8823623367593,3.517999592601837,28.425244906308286,,,-86.09597287189982,-5495.715347642901,754.494652357099
ploiesti,4,10,1,5.12,capped_dynamic,120,16.021450000000083,5785.415896985438,12236.942622887866,303.61619306534243,-1500.170198658368,3860.092345917889,7.696088513878023,,85.83333333333333,13.333333333333334,70.83333333333333,714.6335611293298,21.24016222358921,100.0,303.61619306534243,6250.21,203.61619306534243,3.2577496286579555,30.69603603675198,,,-71.56922888916392,-4922.574310153877,1327.6356898461227
ploiesti,4,10,2,10.24,fixed_quantitative,120,16.021450000000083,5785.415896985438,12236.942622887866,365.0629115656055,-1121.992734627987,3777.665520430594,9.479538443890346,,90.0,10.0,73.33333333333333,800.1252506343197,37.941391692799925,100.0,128.02268623002408,11000.42,265.0629115656055,2.409570830619244,41.501166402442145,,,-89.58499253845116,-10027.2012773543,973.2187226457014
ploiesti,4,10,2,10.24,capped_dynamic,120,16.021450000000083,5785.415896985438,12236.942622887866,343.7112601009513,-1500.170198658368,3860.092345917889,8.723319748184228,,85.83333333333333,13.333333333333334,71.66666666666667,784.3055324891604,38.70668289342458,100.0,343.7112601009513,11000.42,243.71126010095128,2.2154723192473678,45.1371019765084,,,-80.51250040843381,-9400.262744293657,1600.1572557063425
ploiesti,4,10,4,20.48,fixed_quantitative,120,16.021450000000083,5785.415896985438,12236.942622887866,366.3329203129624,-1121.992734627987,3777.665520430594,9.511977097275302,,90.0,10.0,73.33333333333333,802.045571255773,75.70109885423278,100.0,128.35077331606246,20500.84,266.3329203129624,1.2991317444210209,76.974487329279,,,-94.37794392077794,-19522.057104961747,978.7828950382533
ploiesti,4,10,4,20.48,capped_dynamic,120,16.021450000000083,5785.415896985438,12236.942622887866,344.49505405641196,-1500.170198658368,3860.092345917889,8.74253454159417,,85.83333333333333,13.333333333333334,71.66666666666667,785.6801192396458,77.27792722309363,100.0,344.49505405641196,20500.84,244.49505405641196,1.1926099323560009,83.849712539665,,,-89.5083534919393,-18895.355386794436,1605.4846132055638
ploiesti,5,3,1,5.12,fixed_quantitative,120,6.928666666666675,2511.67811635945,3671.0827868663596,187.96810370653893,523.1999200361834,1923.2037047904928,9.5911506483144,,75.83333333333333,23.333333333333332,55.833333333333336,536.5673002150511,28.288963495771448,100.0,29.85104781541913,6250.21,87.96810370653893,1.4074423692410165,71.05086658285444,,,-101.2282010827754,-6223.623846280995,26.586153719004955
ploiesti,5,3,1,5.12,capped_dynamic,120,6.928666666666675,2511.67811635945,3671.0827868663596,172.1533365305454,449.8995686277819,1968.0561747206928,8.574888900730874,,74.16666666666667,25.833333333333332,45.833333333333336,522.8213451286496,29.032733476237798,100.0,172.1533365305454,6250.21,72.1533365305454,1.1544145961582954,86.62399135699062,,,-90.8070875726766,-5816.112247963097,434.09775203690344
ploiesti,5,3,2,10.24,fixed_quantitative,120,6.928666666666675,2511.67811635945,3671.0827868663596,187.96810370653893,523.1999200361834,1923.2037047904928,9.5911506483144,,75.83333333333333,23.333333333333332,55.833333333333336,536.5673002150511,56.577926991542896,100.0,29.85104781541913,11000.42,87.96810370653893,0.7996795004785174,125.05009812076132,,,-100.69783832704331,-10973.833846280995,26.586153719004955
ploiesti,5,3,2,10.24,capped_dynamic,120,6.928666666666675,2511.67811635945,3671.0827868663596,172.1533365305454,449.8995686277819,1968.0561747206928,8.574888900730874,,74.16666666666667,25.833333333333332,45.833333333333336,522.8213451286496,58.065466952475596,100.0,172.1533365305454,11000.42,72.1533365305454,0.6559143790013964,152.45892330069975,,,-94.77677823370554,-10566.322247963097,434.09775203690344
ploiesti,5,3,4,20.48,fixed_quantitative,120,6.928666666666675,2511.67811635945,3671.0827868663596,187.96810370653893,523.1999200361834,1923.2037047904928,9.5911506483144,,75.83333333333333,23.333333333333332,55.833333333333336,536.5673002150511,113.15585398308579,100.0,29.85104781541915,20500.84,87.96810370653893,0.42909511857338006,233.0485611965751,,,-100.37444878793131,-20474.253846280993,26.586153719005004
ploiesti,5,3,4,20.48,capped_dynamic,120,6.928666666666675,2511.67811635945,3671.0827868663596,172.1533365305454,449.8995686277819,1968.0561747206928,8.574888900730874,,74.16666666666667,25.833333333333332,45.833333333333336,522.8213451286496,116.13093390495119,100.0,172.1533365305454,20500.84,72.1533365305454,0.35195307377914953,284.12878718811805,,,-97.19730346744909,-20066.742247963095,434.09775203690344
ploiesti,5,5,1,5.12,fixed_quantitative,120,6.928666666666675,2511.67811635945,6118.471311443933,252.72300483452105,-802.0661317115263,1811.8571147463215,13.850958546457727,,80.83333333333333,18.333333333333332,64.16666666666667,627.0129808806402,24.208323003918352,100.0,64.35343747168287,6250.21,152.72300483452105,2.4434859762235357,40.92513768159714,,,-94.18883505157741,-5882.027616338586,368.18238366141367
ploiesti,5,5,1,5.12,capped_dynamic,120,6.928666666666675,2511.67811635945,6118.471311443933,216.93736873502687,-1006.0097089279683,1855.8108073214707,11.573170856919502,,78.33333333333333,20.0,54.166666666666664,596.9653391119007,25.426824263180446,100.0,216.93736873502687,6250.21,116.93736873502687,1.8709350363432087,53.449210185006,,,-84.25353392614032,-5511.720324361603,738.489675638397
ploiesti,5,5,2,10.24,fixed_quantitative,120,6.928666666666675,2511.67811635945,6118.471311443933,256.5817395681994,-802.0661317115263,1811.8571147463215,14.068739366358649,,80.83333333333333,18.333333333333332,64.16666666666667,632.8475925691204,47.97026313140429,100.0,66.4267161996676,11000.42,156.5817395681994,1.4234160110995706,70.25353039463936,,,-96.45908893182224,-10611.825644792149,388.59435520785127
ploiesti,5,5,2,10.24,capped_dynamic,120,6.928666666666675,2511.67811635945,6118.471311443933,218.79407496937486,-1006.0097089279683,1855.8108073214707,11.67549225149756,,78.33333333333333,20.0,54.166666666666664,601.3797847734222,50.480355852091314,100.0,218.79407496937486,11000.42,118.79407496937486,1.0799049033525525,92.60074631530159,,,-90.89880840741382,-10249.310505323077,751.1094946769228
ploiesti,5,5,4,20.48,fixed_quantitative,120,6.928666666666675,2511.67811635945,6118.471311443933,256.58173956819934,-802.0661317115263,1811.8571147463215,14.068739366358649,,80.83333333333333,18.333333333333332,64.16666666666667,632.8475925691204,95.94052626280858,100.0,66.42671619966757,20500.84,156.58173956819934,0.763782067311385,130.92739968616095,,,-98.10000424701603,-20112.24564479215,388.59435520785087
ploiesti,5,5,4,20.48,capped_dynamic,120,6.928666666666675,2511.67811635945,6118.471311443933,218.79407496937483,-1006.0097089279683,1855.8108073214707,11.67549225149756,,78.33333333333333,20.0,54.166666666666664,601.3797847734222,100.96071170418263,100.0,218.79407496937483,20500.84,118.79407496937483,0.5794595488251937,172.57460025077114,,,-95.11644742269502,-19749.730505323078,751.1094946769225
ploiesti,5,10,1,5.12,fixed_quantitative,120,6.928666666666675,2511.67811635945,12236.942622887866,310.3515465579555,-4015.433995496153,1704.8122627838884,18.19797004668654,,84.16666666666667,13.333333333333334,67.5,705.7691196196591,21.506938100363737,100.0,96.28933948861756,6250.21,210.3515465579555,3.3655116637353863,29.713163997479615,,,-87.82504713532903,-5574.016483392576,676.1935166074239
ploiesti,5,10,1,5.12,capped_dynamic,120,6.928666666666675,2511.67811635945,12236.942622887866,255.3507490354449,-4579.154768731135,1746.710855473014,14.570717008814315,,78.33333333333333,20.0,55.0,656.921132420812,23.10617214104914,100.0,255.3507490354449,6250.21,155.3507490354449,2.485528470810499,40.23289259180817,,,-78.63224133251813,-5250.628990104527,999.5810098954736
ploiesti,5,10,2,10.24,fixed_quantitative,120,6.928666666666675,2511.67811635945,12236.942622887866,329.8242430077191,-4015.433995496153,1704.8122627838884,19.36617507819181,,84.16666666666667,13.333333333333334,67.5,735.2128700076811,41.291259682789935,100.0,106.75192116686445,11000.42,229.82424300771908,2.089231529411778,47.86448921156908,,,-91.87571104957334,-10221.219629255678,779.2003707443216
ploiesti,5,10,2,10.24,capped_dynamic,120,6.928666666666675,2511.67811635945,12236.942622887866,271.79454218075807,-4579.154768731135,1746.710855473014,15.533326674894639,,78.33333333333333,20.0,55.833333333333336,685.2861683947785,44.29954512102152,100.0,271.79454218075807,11000.42,171.79454218075807,1.5617089363929566,64.03241837814396,,,-86.49205543769679,-9889.072416609028,1111.3475833909717
ploiesti,5,10,4,20.48,fixed_quantitative,120,6.928666666666675,2511.67811635945,12236.942622887866,329.8242430077191,-4015.433995496153,1704.8122627838884,19.36617507819181,,84.16666666666667,13.333333333333334,67.5,735.2128700076811,82.58251936557987,100.0,106.75192116686442,20500.84,229.82424300771908,1.1210479327077285,89.2022518238489,,,-95.64063761991936,-19721.63962925568,779.2003707443215
ploiesti,5,10,4,20.48,capped_dynamic,120,6.928666666666675,2511.67811635945,12236.942622887866,271.79454218075807,-4579.154768731135,1746.710855473014,15.533326674894639,,78.33333333333333,20.0,55.833333333333336,685.2861683947785,88.59909024204303,100.0,271.79454218075807,20500.84,171.79454218075807,0.8379878199174183,119.33347672028783,,,-92.75185487413923,-19389.492416609028,1111.3475833909717
ploiesti,6,3,1,5.12,fixed_quantitative,68,24.954367647059005,9264.500587182374,3472.073000439883,-13.346829915557722,7507.387282823595,7766.828087395047,-0.7415397934612833,-0.757487802976577,17.647058823529413,82.3529411764706,13.235294117647058,279.36028164831043,54.33461292080574,100.0,-78.48271416335898,6250.21,-113.34682991555772,-1.8134883454405166,,,,-123.19890670637331,-7289.089536860647,-1038.8795368606472
ploiesti,6,3,1,5.12,capped_dynamic,68,24.954367647059005,9264.500587182374,3472.073000439883,31.62203561964103,6807.602136605455,7095.280440128723,-0.36892019771445717,-0.3789764624345258,32.35294117647059,67.6470588235294,13.235294117647058,432.34839739059413,35.108104622150826,100.0,31.62203561964103,6250.21,-68.37796438035897,-1.0940106713271869,,,,-111.3719937278884,-6771.28736071701,-521.0773607170104
ploiesti,6,3,2,10.24,fixed_quantitative,68,24.954367647059005,9264.500587182374,3472.073000439883,-13.346829915557695,7507.387282823595,7766.828087395047,-0.7415397934612831,-0.7574878029765768,17.647058823529413,82.3529411764706,13.235294117647058,279.36028164831043,108.66922584161148,100.0,-78.48271416335896,11000.42,-113.34682991555769,-1.0303863844794807,,,,-113.1811366007154,-12039.299536860646,-1038.879536860647
ploiesti,6,3,2,10.24,capped_dynamic,68,24.954367647059005,9264.500587182374,3472.073000439883,42.63042084593524,6807.602136605455,7095.280440128723,-0.19877648218507485,-0.20419485975659588,32.35294117647059,67.6470588235294,14.705882352941176,462.0770422323743,65.69870987520247,100.0,42.63042084593524,11000.42,-57.36957915406476,-0.5215217160259769,,,,-105.54603223033779,-11446.674630609143,-446.25463060914296
ploiesti,6,3,4,20.48,fixed_quantitative,68,24.954367647059005,9264.500587182374,3472.073000439883,-13.346829915557668,7507.387282823595,7766.828087395047,-0.7415397934612826,-0.7574878029765764,17.647058823529413,82.3529411764706,13.235294117647058,279.36028164831043,217.33845168322296,100.0,-78.48271416335895,20500.84,-113.34682991555766,-0.5528887104897051,,,,-107.07278524612852,-21539.719536860648,-1038.879536860647
ploiesti,6,3,4,20.48,capped_dynamic,68,24.954367647059005,9264.500587182374,3472.073000439883,42.63042084593523,6807.602136605455,7095.280440128723,-0.19877648218507482,-0.20419485975659585,32.35294117647059,67.6470588235294,14.705882352941176,462.0770422323743,131.39741975040494,100.0,42.63042084593523,20500.84,-57.36957915406477,-0.27984013900925414,,,,-102.97591141959317,-20947.094630609143,-446.25463060914313
ploiesti,6,5,1,5.12,fixed_quantitative,68,24.954367647059005,9264.500587182374,5786.788334066472,228.1208925694393,5338.753720920294,6090.379188761467,2.7639413978447407,,57.35294117647059,41.1764705882353,45.588235294117645,629.9898676154274,24.093931583791893,100.0,56.823598381682146,6250.21,128.1208925694393,2.0498654056333994,48.78369073656348,,,-96.41395941928988,-5993.639280254903,256.5707197450976
ploiesti,6,5,1,5.12,capped_dynamic,68,24.954367647059005,9264.500587182374,5786.788334066472,193.0521713771547,4790.507020340908,5644.044192822289,1.998460811779293,,54.411764705882355,45.588235294117645,32.35294117647059,651.008614719547,23.31602443593971,100.0,193.0521713771547,6250.21,93.0521713771547,1.4887847188679213,67.16887857100015,,,-87.74881817227968,-5674.065267670135,576.144732329865
ploiesti,6,5,2,10.24,fixed_quantitative,68,24.954367647059005,9264.500587182374,5786.788334066472,244.9422672584164,5338.753720920294,6090.379188761467,3.0548947998330305,,57.35294117647059,41.1764705882353,45.588235294117645,655.4246788036664,46.317855459803624,100.0,58.0787494100685,11000.42,144.9422672584164,1.3176066664583388,75.89518370364277,,,-97.27622848757139,-10680.217045114312,320.20295488568837
ploiesti,6,5,2,10.24,capped_dynamic,68,24.954367647059005,9264.500587182374,5786.788334066472,214.25715204619848,4790.507020340908,5644.044192822289,2.3849551574969556,,54.411764705882355,45.588235294117645,32.35294117647059,696.6188009077921,43.578877713400615,100.0,214.25715204619848,11000.42,114.25715204619848,1.0386617242450604,96.27773669303532,,,-91.27603335687219,-10280.147449381884,720.2725506181166
ploiesti,6,5,4,20.48,fixed_quantitative,68,24.954367647059005,9264.500587182374,5786.788334066472,247.39221578511152,5338.753720920294,6090.379188761467,3.098490539357008,,57.35294117647059,41.1764705882353,45.588235294117645,659.1291309872462,92.11507763932785,100.0,58.07874941006854,20500.84,147.39221578511152,0.7189569587641849,139.09038473163957,,,-98.48932558159667,-20171.964748917406,328.8752510825948
ploiesti,6,5,4,20.48,capped_dynamic,68,24.954367647059005,9264.500587182374,5786.788334066472,215.98786638768883,4790.507020340908,5644.044192822289,2.4173096775754166,,54.411764705882355,45.588235294117645,32.35294117647059,700.3232530913718,86.69672298787891,100.0,215.98786638768883,20500.84,115.98786638768883,0.5657712873603659,176.74986736522985,,,-95.24164518511255,-19768.803982769376,732.0360172306255
ploiesti,6,10,1,5.12,fixed_quantitative,68,24.954367647059005,9264.500587182374,11573.576668132944,477.3990390266863,859.6937987461841,3517.284626666195,11.758493647409281,,82.3529411764706,17.647058823529413,75.0,981.7943538089504,15.460399328963673,100.0,150.04689926023016,6250.21,377.3990390266863,6.038181741520465,16.561276934141958,,,-72.50468143546351,-4807.6102808768865,1442.599719123114
ploiesti,6,10,1,5.12,capped_dynamic,68,24.954367647059005,9264.500587182374,11573.576668132944,326.84783206877904,375.6653118893065,3408.005332471618,7.349068149527856,,67.6470588235294,32.35294117647059,48.529411764705884,832.3444970560957,18.236358650167464,100.0,326.84783206877904,6250.21,226.84783206877904,3.6294433638034405,27.552434347730376,,,-68.16958430578158,-4764.67152792151,1485.53847207849
ploiesti,6,10,2,10.24,fixed_quantitative,68,24.954367647059005,9264.500587182374,11573.576668132944,598.0478791826922,859.6937987461841,3517.284626666195,15.647995656919734,,82.3529411764706,17.647058823529413,75.0,1164.2218025868983,26.07567172351637,100.0,206.31310415853457,11000.42,498.0478791826922,4.527535123047049,22.087073271051644,,,-77.29269116934421,-8947.48452624496,2052.93547375504
ploiesti,6,10,2,10.24,capped_dynamic,68,24.954367647059005,9264.500587182374,11573.576668132944,397.44469364330087,375.6653118893065,3408.005332471618,9.607005605740696,,67.6470588235294,32.35294117647059,50.0,965.0411982247001,31.45758501653928,100.0,397.44469364330087,11000.42,297.44469364330087,2.7039394281609326,36.98307697225835,,,-76.04480455036814,-9035.042767606697,1965.3772323933028
ploiesti,6,10,4,20.48,fixed_quantitative,68,24.954367647059005,9264.500587182374,11573.576668132944,598.1665022098232,859.6937987461841,3517.284626666195,15.65307390721438,,82.3529411764706,17.647058823529413,75.0,1164.4011668988787,52.14331005604847,100.0,206.37683971326277,20500.84,498.1665022098232,2.429980928634257,41.15258635227391,,,-87.81167992256107,-18447.277033032376,2053.562966967625
ploiesti,6,10,4,20.48,capped_dynamic,68,24.954367647059005,9264.500587182374,11573.576668132944,397.53013751622007,375.6653118893065,3408.005332471618,9.610708703568642,,67.6470588235294,32.35294117647059,50.0,965.2205625366807,62.903478678144644,100.0,397.53013751622007,20500.84,297.53013751622007,1.4513070562777919,68.90340646208448,,,-87.14221655467541,-18534.882015415402,1965.9579845845992
brasov,2,3,1,5.12,fixed_quantitative,120,7.063749999999994,2570.08616205837,3572.9631,210.37496437690274,554.1051974934741,1837.8727186574545,11.17699274090272,,85.83333333333333,12.5,54.166666666666664,575.8944942643286,26.357141663940396,100.0,33.009439250514674,6250.21,110.37496437690274,1.7659400944432704,56.62706244377217,,,-99.4996026519655,-6134.021139282664,116.18886071733587
brasov,2,3,1,5.12,capped_dynamic,120,7.063749999999994,2570.08616205837,3572.9631,187.47437522732946,485.16549641587807,1871.5132631471545,9.754051121628395,,82.5,15.0,50.0,546.6911173134805,27.76509858693095,100.0,187.47437522732946,6250.21,87.47437522732946,1.399542978993177,71.45189644117924,,,-88.5650552214676,-5711.9769075097565,538.2330924902435
brasov,2,3,2,10.24,fixed_quantitative,120,7.063749999999994,2570.08616205837,3572.9631,218.75982169568505,554.1051974934741,1837.8727186574545,11.637844747413427,,85.83333333333333,12.5,54.166666666666664,588.5728434888604,51.578773763439884,100.0,40.54100900770507,11000.42,118.75982169568505,1.0795935218444845,92.62745466381652,,,-99.05757047140409,-10830.019468312616,170.400531687385
brasov,2,3,2,10.24,capped_dynamic,120,7.063749999999994,2570.08616205837,3572.9631,197.78210143261865,485.16549641587807,1871.5132631471545,10.30935184991774,,82.5,15.0,50.0,562.3917273713455,53.97992904253948,100.0,197.78210143261865,11000.42,97.78210143261865,0.888894255243151,112.49932082488897,,,-92.64586049307599,-10392.126476299378,608.293523700623
brasov,2,3,4,20.48,fixed_quantitative,120,7.063749999999994,2570.08616205837,3572.9631,218.75982169568505,554.1051974934741,1837.8727186574545,11.63784474741343,,85.83333333333333,12.5,54.166666666666664,588.5728434888604,103.15754752687977,100.0,40.54100900770508,20500.84,118.75982169568505,0.5792924665315423,172.62437503933089,,,-99.49430751935253,-20330.439468312616,170.40053168738504
brasov,2,3,4,20.48,capped_dynamic,120,7.063749999999994,2570.08616205837,3572.9631,197.7821014326186,485.16549641587807,1871.5132631471545,10.30935184991774,,82.5,15.0,50.0,562.3917273713455,107.95985808507896,100.0,197.7821014326186,20500.84,97.78210143261859,0.4769663166612616,209.6584108915585,,,-96.05388738633357,-19892.546476299376,608.2935237006228
brasov,2,5,1,5.12,fixed_quantitative,120,7.063749999999994,2570.08616205837,5954.9385,260.74395661786133,-790.4778101364657,1635.5331163108308,15.803727163490176,,91.66666666666667,7.5,63.333333333333336,642.3100777675583,23.63178361075199,100.0,62.415146826292755,6250.21,160.74395661786133,2.5718168928381817,38.88301701356465,,,-93.81723258692344,-5859.948357348077,390.26164265192375
brasov,2,5,1,5.12,capped_dynamic,120,7.063749999999994,2570.08616205837,5954.9385,220.6336190317272,-969.4714922381803,1675.5766024380196,12.986774447614353,,86.66666666666667,11.666666666666666,54.166666666666664,603.3376323313788,25.158272839959867,100.0,220.6336190317272,6250.21,120.63361903172719,1.9300730540530189,51.81151034154224,,,-83.71263634684583,-5486.597335596589,763.6126644034108
brasov,2,5,2,10.24,fixed_quantitative,120,7.063749999999994,2570.08616205837,5954.9385,271.0050708652628,-790.4778101364657,1635.5331163108308,16.435484291224505,,91.66666666666667,7.5,63.333333333333336,657.8254270353341,46.14881743691828,100.0,71.6522566123243,11000.42,171.00507086526278,1.5545321984548115,64.32803392518916,,,-95.68077609570086,-10543.750025197376,456.6699748026242
brasov,2,5,2,10.24,capped_dynamic,120,7.063749999999994,2570.08616205837,5954.9385,231.48427812767358,-969.4714922381803,1675.5766024380196,13.63873839539357,,86.66666666666667,11.666666666666666,54.166666666666664,618.8192268625185,49.057728363635626,100.0,231.48427812767358,11000.42,131.48427812767358,1.1952659819140867,83.66338665462646,,,-89.84367449262949,-10163.05665188239,837.3633481176087
brasov,2,5,4,20.48,fixed_quantitative,120,7.063749999999994,2570.08616205837,5954.9385,271.0050708652628,-790.4778101364657,1635.5331163108308,16.435484291224505,,91.66666666666667,7.5,63.333333333333336,657.8254270353341,92.29763487383656,100.0,71.65225661232431,20500.84,171.00507086526278,0.8341368981235051,119.88439814251409,,,-97.68237413582418,-20044.170025197374,456.6699748026244
brasov,2,5,4,20.48,capped_dynamic,120,7.063749999999994,2570.08616205837,5954.9385,231.48427812767355,-969.4714922381803,1675.5766024380196,13.638738395393567,,86.66666666666667,11.666666666666666,54.166666666666664,618.8192268625185,98.11545672727125,100.0,231.48427812767355,20500.84,131.48427812767355,0.641360442438815,155.91856526065666,,,-94.55027958670043,-19663.476651882393,837.3633481176084
brasov,2,10,1,5.12,fixed_quantitative,120,7.063749999999994,2570.08616205837,11909.877,304.0351412482622,-3961.680528255742,1456.2938739528784,20.89078391868347,,96.66666666666667,2.5,64.16666666666667,698.4686716605624,21.73173026174721,100.0,84.65918066373159,6250.21,204.03514124826222,3.2644525743656967,30.633007440590745,,,-89.17736142663686,-5634.255781081867,615.9542189181334
brasov,2,10,1,5.12,capped_dynamic,120,7.063749999999994,2570.08616205837,11909.877,239.7946879425442,-4476.665321892833,1495.2550685204626,15.955269141872082,,90.83333333333333,7.5,56.666666666666664,638.2179667197793,23.78330532877774,100.0,239.7946879425442,6250.21,139.7946879425442,2.236639855981546,44.709924904792125,,,-80.90866611793348,-5356.361750792756,893.8482492072443
brasov,2,10,2,10.24,fixed_quantitative,120,7.063749999999994,2570.08616205837,11909.877,317.99574693835086,-3961.680528255742,1456.2938739528784,21.86401744616466,,96.66666666666667,2.5,64.16666666666667,719.5778483102893,42.18843813619707,100.0,94.9998735341294,11000.42,217.99574693835086,1.9817038525651827,50.4616266807761,,,-92.85569930802173,-10301.36755852306,699.0524414769401
brasov,2,10,2,10.24,capped_dynamic,120,7.063749999999994,2570.08616205837,11909.877,251.79739180518348,-4476.665321892833,1495.2550685204626,16.767887636163824,,90.83333333333333,7.5,57.5,656.8149208909343,46.219817138803144,100.0,251.79739180518348,11000.42,151.79739180518348,1.3799236011459879,72.46778004010714,,,-88.1547294939835,-10024.990751107733,975.429248892267
brasov,2,10,4,20.48,fixed_quantitative,120,7.063749999999994,2570.08616205837,11909.877,317.9957469383509,-3961.680528255742,1456.2938739528784,21.86401744616466,,96.66666666666667,2.5,64.16666666666667,719.5778483102893,84.37687627239414,100.0,94.99987353412936,20500.84,217.99574693835092,1.0633503160765654,94.0423851745953,,,-96.16648350906345,-19801.78755852306,699.05244147694
brasov,2,10,4,20.48,capped_dynamic,120,7.063749999999994,2570.08616205837,11909.877,251.79739180518342,-4476.665321892833,1495.2550685204626,16.767887636163817,,90.83333333333333,7.5,57.5,656.8149208909343,92.43963427760629,100.0,251.79739180518342,20500.84,151.79739180518342,0.7404447418017185,135.05396737192132,,,-93.64401894850192,-19525.410751107735,975.4292488922666
brasov,3,3,1,5.12,fixed_quantitative,120,15.088916666666668,5496.3862877304155,3572.9631,472.59190951425205,3549.359043994753,4392.676482516439,10.620930009013469,,79.16666666666667,20.833333333333332,70.0,985.4359210723189,15.403267167581028,100.0,216.46669403402802,6250.21,372.59190951425205,5.9612702535475135,16.774948248737868,,,-67.47123279956696,-4608.290711833321,1641.9192881666788
brasov,3,3,1,5.12,capped_dynamic,120,15.088916666666668,5496.3862877304155,3572.9631,490.5088454697727,3565.726433378589,4475.043746346769,10.817691567384903,,75.0,24.166666666666668,66.66666666666667,1013.6667968631547,14.974282294517515,100.0,490.5088454697727,6250.21,390.5088454697727,6.247931597014704,16.00529686461045,,,-44.21994917081544,-3652.28641574054,2597.92358425946
brasov,3,3,2,10.24,fixed_quantitative,120,15.088916666666668,5496.3862877304155,3572.9631,548.4202360256336,3549.359043994753,4392.676482516439,12.361392150350717,,79.16666666666667,20.833333333333332,70.0,1100.0923747330876,27.59574217118093,100.0,280.4459911386772,11000.42,448.4202360256336,4.076391956176524,24.531497725207856,,,-75.75529559883078,-8881.697735743017,2118.7222642569827
brasov,3,3,2,10.24,capped_dynamic,120,15.088916666666668,5496.3862877304155,3572.9631,590.9371330696805,3565.726433378589,4475.043746346769,13.064354538559014,,75.0,24.166666666666668,66.66666666666667,1185.245025764206,25.613155826612907,100.0,590.9371330696805,11000.42,490.9371330696805,4.462894444663753,22.406983010671286,,,-59.95676935137165,-7719.896878768055,3280.523121231945
brasov,3,3,4,20.48,fixed_quantitative,120,15.088916666666668,5496.3862877304155,3572.9631,548.4202360256336,3549.359043994753,4392.676482516439,12.361392150350717,,79.16666666666667,20.833333333333332,70.0,1100.0923747330876,55.19148434236186,100.0,280.4459911386772,20500.84,448.4202360256336,2.1873261584678168,45.71791893626336,,,-86.99068276281801,-18382.117735743017,2118.7222642569827
brasov,3,3,4,20.48,capped_dynamic,120,15.088916666666668,5496.3862877304155,3572.9631,590.9371330696805,3565.726433378589,4475.043746346769,13.064354538559014,,75.0,24.166666666666668,66.66666666666667,1185.245025764206,51.226311653225814,100.0,590.9371330696805,20500.84,490.9371330696805,2.3947171582709808,41.758584998071925,,,-78.51344845909806,-17220.316878768055,3280.523121231945
brasov,3,5,1,5.12,fixed_quantitative,120,15.088916666666668,5496.3862877304155,5954.9385,627.879179922941,2102.5947827719588,4014.922672994205,15.417394665350502,,90.83333333333333,9.166666666666666,87.5,1206.0943254750682,12.585195409844411,100.0,284.42664347118705,6250.21,527.879179922941,8.44578310045488,11.840228290330366,,,-51.78068551739134,-3837.2546159934773,2412.9553840065228
brasov,3,5,1,5.12,capped_dynamic,120,15.088916666666668,5496.3862877304155,5954.9385,609.6888104400897,2035.3056202602345,4116.056755263391,14.588439978152074,,84.16666666666667,15.833333333333334,77.5,1168.5347833187739,12.989714115054664,100.0,609.6888104400897,6250.21,509.6888104400897,8.154746967543327,12.262796184603836,,,-26.77952999509128,-2842.23388124716,3407.97611875284
brasov,3,5,2,10.24,fixed_quantitative,120,15.088916666666668,5496.3862877304155,5954.9385,765.1689687658661,2102.5947827719588,4014.922672994205,18.825116182451865,,90.83333333333333,9.166666666666666,87.5,1413.6837717514918,21.474297253907345,100.0,390.4342625213703,11000.42,665.1689687658661,6.046759748862917,16.53778290410907,,,-62.61933394224085,-7756.210782745859,3244.2092172541406
brasov,3,5,2,10.24,capped_dynamic,120,15.088916666666668,5496.3862877304155,5954.9385,747.4975494103867,2035.3056202602345,4116.056755263391,17.93174825288565,,84.16666666666667,15.833333333333334,77.5,1376.462963331759,22.054981751295767,100.0,747.4975494103867,11000.42,647.4975494103867,5.886116615641828,16.989129935730286,,,-46.939467505750116,-6655.773709326661,4344.646290673339
brasov,3,5,4,20.48,fixed_quantitative,120,15.088916666666668,5496.3862877304155,5954.9385,767.5817383570862,2102.5947827719588,4014.922672994205,18.885169825802738,,90.83333333333333,9.166666666666666,87.5,1417.332007411662,42.83804412638096,100.0,392.7811484722604,20500.84,667.5817383570862,3.256362853215216,30.709108446334103,,,-79.83611084334702,-17240.44605440914,3260.3939455908603
brasov,3,5,4,20.48,capped_dynamic,120,15.088916666666668,5496.3862877304155,5954.9385,749.7464120650791,2035.3056202602345,4116.056755263391,17.986535064725633,,84.16666666666667,15.833333333333334,77.5,1380.4761989919275,43.98172972454697,100.0,749.7464120650791,20500.84,649.7464120650791,3.169364826344087,31.552063419392336,,,-71.42824228051202,-16140.908448136874,4359.931551863127
brasov,3,10,1,5.12,fixed_quantitative,120,15.088916666666668,5496.3862877304155,11909.877,733.1620535595857,-1143.9280233479672,3706.381694197633,19.619191421192347,,97.5,2.5,94.16666666666667,1352.050054369726,11.226605642114379,100.0,346.1414830098903,6250.21,633.1620535595857,10.130252480470029,9.871422276274812,,,-39.88307098953145,-3263.5643741994822,2986.645625800518
brasov,3,10,1,5.12,capped_dynamic,120,15.088916666666668,5496.3862877304155,11909.877,695.0577862155512,-1526.9919050977055,3806.2134980535297,18.069691188686555,,92.5,7.5,86.66666666666667,1291.4019765420778,11.753840434294583,100.0,695.0577862155512,6250.21,595.0577862155512,9.520604687131332,10.503534521832053,,,-14.286904053330794,-2261.9907572351667,3988.2192427648333
brasov,3,10,2,10.24,fixed_quantitative,120,15.088916666666668,5496.3862877304155,11909.877,950.7672654115802,-1143.9280233479672,3706.381694197633,25.521965698536956,,97.5,2.5,94.16666666666667,1681.0806823278026,18.058541661176974,100.0,479.5536165062403,11000.42,850.7672654115802,7.733952571007109,12.929999128114396,,,-51.602874279533715,-6808.961851856206,4191.4581481437945
brasov,3,10,2,10.24,capped_dynamic,120,15.088916666666668,5496.3862877304155,11909.877,881.3903301440479,-1526.9919050977055,3806.2134980535297,22.965251618159957,,92.5,7.5,87.5,1579.1735653923186,19.22389419561652,100.0,881.3903301440479,11000.42,781.3903301440479,7.103277239814915,14.07800887166353,,,-35.80687867840089,-5745.7198558062155,5254.700144193785
brasov,3,10,4,20.48,fixed_quantitative,120,15.088916666666668,5496.3862877304155,11909.877,951.1000279617651,-1143.9280233479672,3706.381694197633,25.53119802810704,,97.5,2.5,94.16666666666667,1681.583836962365,36.10627655943136,100.0,479.73240814764205,20500.84,851.1000279617651,4.151537341698024,24.08746249144875,,,-74.0198179852693,-16307.621601366114,4193.218398633887
brasov,3,10,4,20.48,capped_dynamic,120,15.088916666666668,5496.3862877304155,11909.877,881.683339362446,-1526.9919050977055,3806.2134980535297,22.97316868072958,,92.5,7.5,87.5,1579.6767200268812,38.435542098892036,100.0,881.683339362446,20500.84,781.683339362446,3.812933223040841,26.226528016729677,,,-65.54193426133108,-15244.148305799867,5256.6916942001335
brasov,4,3,1,5.12,fixed_quantitative,120,16.021450000000083,5785.415896985438,3572.9631,266.39875529345994,3988.183434313988,4890.474095614885,5.247625812584826,,70.83333333333333,29.166666666666668,65.0,675.9174401956598,22.456785202071913,100.0,86.26795378581161,6250.21,166.39875529345994,2.662290631730133,37.561639141934464,,,-91.52398496767586,-5762.240642874227,487.9693571257735
brasov,4,3,1,5.12,capped_dynamic,120,16.021450000000083,5785.415896985438,3572.9631,235.04553012054495,3913.364489747259,4883.249804276815,4.649292213346412,,70.0,30.0,63.333333333333336,627.5689531753225,24.18687650497541,100.0,235.04553012054495,6250.21,135.04553012054495,2.1606558838910206,46.28224269563687,,,-81.60364285473621,-5388.641231084412,861.5687689155887
brasov,4,3,2,10.24,fixed_quantitative,120,16.021450000000083,5785.415896985438,3572.9631,277.39973222489675,3988.183434313988,4890.474095614885,5.471025344824111,,70.83333333333333,29.166666666666668,65.0,692.5515011039292,43.83481299112905,100.0,96.70631326802709,11000.42,177.39973222489675,1.6126632639926182,62.00922550466044,,,-94.29516949638139,-10439.510766292893,560.9092337071066
brasov,4,3,2,10.24,capped_dynamic,120,16.021450000000083,5785.415896985438,3572.9631,241.65680733969182,3913.364489747259,4883.249804276815,4.783200165860863,,70.0,30.0,63.333333333333336,638.9934980317694,47.50888018598761,100.0,241.65680733969182,11000.42,141.65680733969182,1.2877399893794221,77.65542797827631,,,-88.9978739615548,-10093.915139108363,906.5048608916361
brasov,4,3,4,20.48,fixed_quantitative,120,16.021450000000083,5785.415896985438,3572.9631,277.3997322248967,3988.183434313988,4890.474095614885,5.471025344824111,,70.83333333333333,29.166666666666668,65.0,692.5515011039292,87.6696259822581,100.0,96.70631326802706,20500.84,177.3997322248967,0.8653290900514159,115.56297037703682,,,-96.93887998888746,-19939.930766292895,560.9092337071063
brasov,4,3,4,20.48,capped_dynamic,120,16.021450000000083,5785.415896985438,3572.9631,241.65680733969182,3913.364489747259,4883.249804276815,4.783200165860863,,70.0,30.0,63.333333333333336,638.9934980317695,95.0177603719752,100.0,241.65680733969182,20500.84,141.65680733969182,0.6909805029437419,144.72188372027304,,,-94.0964366671886,-19594.335139108363,906.5048608916361
brasov,4,5,1,5.12,fixed_quantitative,120,16.021450000000083,5785.415896985438,5954.9385,286.0750344423329,2429.9313403780147,4321.32950649786,6.38911677355767,,80.0,20.0,67.5,694.533311316485,21.854866457069736,100.0,97.62462223251163,6250.21,186.07503444233288,2.977100520499837,33.58972910434701,,,-89.31471608788351,-5655.601021053927,594.6089789460731
brasov,4,5,1,5.12,capped_dynamic,120,16.021450000000083,5785.415896985438,5954.9385,260.3630216387379,2325.3539271587697,4372.180801520796,5.763568363170138,,78.33333333333333,20.833333333333332,64.16666666666667,648.6260213167558,23.40167102453573,100.0,260.3630216387379,6250.21,160.3630216387379,2.565722137955971,38.975381831357154,,,-77.89876121070235,-5216.561148862246,1033.6488511377536
brasov,4,5,2,10.24,fixed_quantitative,120,16.021450000000083,5785.415896985438,5954.9385,307.47362638787286,2429.9313403780147,4321.32950649786,6.858351105678471,,80.0,20.0,67.5,726.8891178954584,41.76409412416396,100.0,105.80965228702529,11000.42,207.47362638787286,1.8860518633640613,53.02081132680771,,,-92.75434473780102,-10303.405115834325,697.0148841656751
brasov,4,5,2,10.24,capped_dynamic,120,16.021450000000083,5785.415896985438,5954.9385,270.00960464271617,2325.3539271587697,4372.180801520796,5.973298744699995,,78.33333333333333,20.833333333333332,64.16666666666667,665.430506201906,45.62139134692031,100.0,270.00960464271617,11000.42,170.00960464271617,1.5454828510431073,64.70469726176907,,,-86.64046505010933,-9901.20443206115,1099.2155679388502
brasov,4,5,4,20.48,fixed_quantitative,120,16.021450000000083,5785.415896985438,5954.9385,307.4736263878728,2429.9313403780147,4321.32950649786,6.858351105678471,,80.0,20.0,67.5,726.8891178954584,83.52818824832792,100.0,105.80965228702532,20500.84,207.4736263878728,1.0120250018432064,98.81178806637136,,,-96.11209828185582,-19803.825115834326,697.0148841656747
brasov,4,5,4,20.48,capped_dynamic,120,16.021450000000083,5785.415896985438,5954.9385,270.00960464271617,2325.3539271587697,4372.180801520796,5.973298744699995,,78.33333333333333,20.833333333333332,64.16666666666667,665.430506201906,91.24278269384062,100.0,270.00960464271617,20500.84,170.00960464271617,0.8292811642972492,120.58636359447785,,,-92.83148907783895,-19401.62443206115,1099.2155679388502
brasov,4,10,1,5.12,fixed_quantitative,120,16.021450000000083,5785.415896985438,11909.877,335.1963793196226,-982.4168186906031,3728.1167137009093,8.82585434495427,,91.66666666666667,8.333333333333334,73.33333333333333,754.072895390363,20.129264506915476,100.0,115.19557997125098,6250.21,235.19637931962262,3.7630156317887336,26.574431196945472,,,-84.66765147054707,-5424.491585791826,825.7184142081743
brasov,4,10,1,5.12,capped_dynamic,120,16.021450000000083,5785.415896985438,11909.877,316.24622768954947,-1325.144190939004,3811.7404047895207,8.132610241989903,,87.5,12.5,70.83333333333333,735.1833113849991,20.64645991516441,100.0,316.24622768954947,6250.21,216.24622768954947,3.459823392966788,28.9032093959716,,,-69.72098956382982,-4836.729415329263,1413.4805846707368
brasov,4,10,2,10.24,fixed_quantitative,120,16.021450000000083,5785.415896985438,11909.877,389.55712177634365,-982.4168186906031,3728.1167137009093,10.278593375009452,,91.66666666666667,8.333333333333334,73.33333333333333,836.2692227419694,36.301545856343616,100.0,138.7125520519551,11000.42,289.55712177634365,2.632236967100744,37.990500570373875,,,-88.18014288583745,-9905.679046829246,1094.740953170755
brasov,4,10,2,10.24,capped_dynamic,120,16.021450000000083,5785.415896985438,11909.877,361.81096080019796,-1325.144190939004,3811.7404047895207,9.323139247170964,,87.5,12.5,71.66666666666667,818.6145554032682,37.0844438780611,100.0,361.81096080019796,11000.42,261.81096080019796,2.3800087705760142,42.016651886454106,,,-79.00759084812216,-9277.241157329372,1723.1788426706287
brasov,4,10,4,20.48,fixed_quantitative,120,16.021450000000083,5785.415896985438,11909.877,390.4480359676184,-982.4168186906031,3728.1167137009093,10.301135166534658,,91.66666666666667,8.333333333333334,73.33333333333333,837.6163322772469,72.48632665765197,100.0,138.83695354329313,20500.84,290.4480359676184,1.416761634975047,70.58350362639604,,,-93.63673006554673,-19402.540212410466,1098.299787589534
brasov,4,10,4,20.48,capped_dynamic,120,16.021450000000083,5785.415896985438,11909.877,362.5014879048735,-1325.144190939004,3811.7404047895207,9.340313615093788,,87.5,12.5,71.66666666666667,819.9616649385458,74.04703618648242,100.0,362.5014879048735,20500.84,262.5014879048735,1.2804425960344723,78.0979954194743,,,-88.70500436042465,-18772.96772390356,1727.8722760964408
brasov,5,3,1,5.12,fixed_quantitative,120,6.928666666666675,2511.67811635945,3572.9631,196.89923496155777,565.9153611953756,1909.785665249135,10.128085256878101,,78.33333333333333,20.0,56.666666666666664,550.1242083432328,27.5918284245688,100.0,33.031476116201844,6250.21,96.89923496155777,1.5503356681064757,64.50216043996227,,,-100.38443279330882,-6181.650576233378,68.55942376662185
brasov,5,3,1,5.12,capped_dynamic,120,6.928666666666675,2511.67811635945,3572.9631,178.36872062848147,502.35842899288576,1954.5110812336661,8.955029971370479,,71.66666666666667,26.666666666666668,49.166666666666664,534.3244810966896,28.40770600226623,100.0,178.36872062848147,6250.21,78.36872062848147,1.2538574004470484,79.75388586002376,,,-89.89754791948798,-5773.866996064953,476.343003935047
brasov,5,3,2,10.24,fixed_quantitative,120,6.928666666666675,2511.67811635945,3572.9631,196.9499808942019,565.9153611953756,1909.785665249135,10.130802290820293,,78.33333333333333,20.0,56.666666666666664,550.200938886321,55.17596098448096,100.0,33.07186683577542,11000.42,96.9499808942019,0.8813298118999267,113.46490116387307,,,-100.21468131490231,-10931.5493899015,68.8706100985001
brasov,5,3,2,10.24,capped_dynamic,120,6.928666666666675,2511.67811635945,3572.9631,178.4092778401721,502.35842899288576,1954.5110812336661,8.957152064922086,,71.66666666666667,26.666666666666668,49.166666666666664,534.4012116397778,56.807254318277394,100.0,178.4092778401721,11000.42,78.40927784017211,0.7127844013244231,140.29487712440147,,,-94.25662455591583,-10523.801333354948,476.61866664505186
brasov,5,3,4,20.48,fixed_quantitative,120,6.928666666666675,2511.67811635945,3572.9631,196.94998089420184,565.9153611953756,1909.785665249135,10.13080229082029,,78.33333333333333,20.0,56.666666666666664,550.200938886321,110.35192196896192,100.0,33.07186683577538,20500.84,96.94998089420184,0.47290735840190856,211.4579065505114,,,-100.11519453008158,-20431.9693899015,68.87061009849981
brasov,5,3,4,20.48,capped_dynamic,120,6.928666666666675,2511.67811635945,3572.9631,178.40927784017208,502.35842899288576,1954.5110812336661,8.95715206492208,,71.66666666666667,26.666666666666668,49.166666666666664,534.4012116397777,113.61450863655482,100.0,178.40927784017208,20500.84,78.40927784017208,0.3824686102626628,261.4593650739713,,,-96.9181973956866,-20024.221333354948,476.61866664505163
brasov,5,5,1,5.12,fixed_quantitative,120,6.928666666666675,2511.67811635945,5954.9385,268.6532972325591,-726.5388400195616,1796.9354058766517,14.873400788656525,,81.66666666666667,16.666666666666668,65.83333333333333,650.3718708505343,23.338851892468423,100.0,73.92104641103225,6250.21,168.6532972325591,2.6983620907546966,37.05951856595766,,,-92.37012307591529,-5794.4751323396795,455.73486766032045
brasov,5,5,1,5.12,capped_dynamic,120,6.928666666666675,2511.67811635945,5954.9385,226.54218460215745,-916.1631175501947,1840.6014486317529,12.205382896798964,,78.33333333333333,19.166666666666668,55.0,615.1591266109033,24.674807073794916,100.0,226.54218460215745,6250.21,126.54218460215745,2.0246069268417775,49.39230359939146,,,-82.84799554668095,-5446.437493992848,803.7725060071518
brasov,5,5,2,10.24,fixed_quantitative,120,6.928666666666675,2511.67811635945,5954.9385,276.6196849632604,-726.5388400195616,1796.9354058766517,15.326770124671198,,81.66666666666667,16.666666666666668,65.83333333333333,662.4174718509964,45.82890220692293,100.0,78.20134639558107,11000.42,176.6196849632604,1.6055721960003382,62.28309150414494,,,-95.1711810568211,-10502.544459059463,497.8755409405369
brasov,5,5,2,10.24,capped_dynamic,120,6.928666666666675,2511.67811635945,5954.9385,232.6582615012941,-916.1631175501947,1840.6014486317529,12.545241667401454,,78.33333333333333,19.166666666666668,55.0,627.2047276113655,48.40184424825807,100.0,232.6582615012941,11000.42,132.6582615012941,1.205938150555107,82.92299232259039,,,-89.74606299993324,-10155.077221719854,845.3427782801467
brasov,5,5,4,20.48,fixed_quantitative,120,6.928666666666675,2511.67811635945,5954.9385,276.6196849632604,-726.5388400195616,1796.9354058766517,15.326770124671194,,81.66666666666667,16.666666666666668,65.83333333333333,662.4174718509964,91.65780441384587,100.0,78.20134639558101,20500.84,176.6196849632604,0.8615241373683244,116.07335843829915,,,-97.40893365935618,-20002.96445905946,497.8755409405369
brasov,5,5,4,20.48,capped_dynamic,120,6.928666666666675,2511.67811635945,5954.9385,232.65826150129405,-916.1631175501947,1840.6014486317529,12.545241667401454,,78.33333333333333,19.166666666666668,55.0,627.2047276113655,96.80368849651614,100.0,232.65826150129405,20500.84,132.65826150129405,0.6470869559554343,154.5387356052455,,,-94.49790283450463,-19655.497221719852,845.3427782801464
brasov,5,10,1,5.12,fixed_quantitative,120,6.928666666666675,2511.67811635945,11909.877,327.8573710067249,-3854.7643007456572,1691.4750737114216,19.409515469095304,,85.0,11.666666666666666,70.0,731.896903125806,20.739167912832535,100.0,105.37329431747627,6250.21,227.85737100672492,3.6455954441006773,27.430361249167284,,,-85.94163208530463,-5482.462260221249,767.7477397787509
brasov,5,10,1,5.12,capped_dynamic,120,6.928666666666675,2511.67811635945,11909.877,264.90971762337335,-4390.405712095052,1732.9726525368135,15.255717797923122,,80.83333333333333,17.5,57.5,676.0384650184346,22.452764974540777,100.0,264.90971762337335,6250.21,164.90971762337335,2.638466829488503,37.90079863137266,,,-77.23341209890849,-5185.657778427105,1064.5522215728947
brasov,5,10,2,10.24,fixed_quantitative,120,6.928666666666675,2511.67811635945,11909.877,347.99740407923923,-3854.7643007456572,1691.4750737114216,20.62746312172522,,85.0,11.666666666666666,70.0,762.3497019009245,39.8214434424502,100.0,116.19443260037353,11000.42,247.99740407923923,2.2544357768088785,44.35699656148492,,,-90.76423854467386,-10126.135322495917,874.2846775040837
brasov,5,10,2,10.24,capped_dynamic,120,6.928666666666675,2511.67811635945,11909.877,280.3309567931119,-4390.405712095052,1732.9726525368135,16.16596917956506,,80.83333333333333,17.5,58.333333333333336,702.5206091589907,43.212775741851594,100.0,280.3309567931119,11000.42,180.3309567931119,1.6393097426562977,61.00128450280691,,,-85.78229055404597,-9831.051386866775,1169.3686131332258
brasov,5,10,4,20.48,fixed_quantitative,120,6.928666666666675,2511.67811635945,11909.877,347.99740407923923,-3854.7643007456572,1691.4750737114216,20.627463121725214,,85.0,11.666666666666666,70.0,762.3497019009245,79.6428868849004,100.0,116.19443260037353,20500.84,247.99740407923923,1.2096938665890726,82.66554271451021,,,-95.04423940539027,-19626.555322495915,874.2846775040837
brasov,5,10,4,20.48,capped_dynamic,120,6.928666666666675,2511.67811635945,11909.877,280.3309567931119,-4390.405712095052,1732.9726525368135,16.16596917956506,,80.83333333333333,17.5,58.333333333333336,702.5206091589907,86.42555148370319,100.0,280.3309567931119,20500.84,180.3309567931119,0.8796271606095746,113.68452962582556,,,-92.37100648834576,-19331.471386866775,1169.3686131332258
brasov,6,3,1,5.12,fixed_quantitative,68,24.954367647059005,9264.500587182374,3347.8786142228737,-27.642878712027354,7628.872427841966,7865.58111936851,-0.8049202432998557,-0.8211756241710518,23.529411764705884,75.0,13.235294117647058,258.411770677465,58.73932417634996,100.0,-90.6016441639601,6250.21,-127.64287871202735,-2.0422174408864238,,,,-125.11559119525238,-7379.167049291736,-1128.9570492917358
brasov,6,3,1,5.12,capped_dynamic,68,24.954367647059005,9264.500587182374,3347.8786142228737,24.666609258099157,6915.520814754155,7179.89040465322,-0.33943907359448244,-0.3481678594651708,38.23529411764706,61.76470588235294,13.235294117647058,424.49024347621685,35.758025071449396,100.0,24.666609258099157,6250.21,-75.33339074190084,-1.205293754000279,,,,-112.38982882560288,-6818.562594889569,-568.352594889569
brasov,6,3,2,10.24,fixed_quantitative,68,24.954367647059005,9264.500587182374,3347.8786142228737,-26.79085762891993,7628.872427841966,7865.58111936851,-0.7925930701775454,-0.8085995035339582,23.529411764705884,75.0,13.235294117647058,259.70007176925617,116.89586887981086,100.0,-90.60164416396015,11000.42,-126.79085762891992,-1.1526001518934725,,,,-114.23830658234036,-12126.361076050582,-1125.941076050582
brasov,6,3,2,10.24,capped_dynamic,68,24.954367647059005,9264.500587182374,3347.8786142228737,36.21767629043268,6915.520814754155,7179.89040465322,-0.16173444819542854,-0.16589350198750435,38.23529411764706,61.76470588235294,14.705882352941176,455.6566569097841,66.62443108699502,100.0,36.21767629043268,11000.42,-63.78232370956732,-0.5798171679769256,,,,-106.07922340016825,-11490.261318871195,-489.8413188711949
brasov,6,3,4,20.48,fixed_quantitative,68,24.954367647059005,9264.500587182374,3347.8786142228737,-26.790857628919916,7628.872427841966,7865.58111936851,-0.7925930701775451,-0.8085995035339578,23.529411764705884,75.0,13.235294117647058,259.7000717692561,233.79173775962178,100.0,-90.60164416396015,20500.84,-126.79085762891992,-0.6184666463858063,,,,-107.64004560274157,-21626.78107605058,-1125.941076050582
brasov,6,3,4,20.48,capped_dynamic,68,24.954367647059005,9264.500587182374,3347.8786142228737,36.217676290432664,6915.520814754155,7179.89040465322,-0.16173444819542834,-0.16589350198750416,38.23529411764706,61.76470588235294,14.705882352941176,455.6566569097841,133.24886217399003,100.0,36.217676290432664,20500.84,-63.782323709567336,-0.3111205380343797,,,,-103.26201319924834,-20990.681318871197,-489.841318871195
brasov,6,5,1,5.12,fixed_quantitative,68,24.954367647059005,9264.500587182374,5579.797690371456,188.94470488649475,5494.944578549075,6175.5113321835815,2.510555753422378,,54.411764705882355,45.588235294117645,47.05882352941177,572.3032178885517,26.522536121339986,100.0,22.649879456845493,6250.21,88.94470488649475,1.4230674631171552,70.27073739775851,,,-101.74395947119861,-6243.621797443975,6.588202556025145
brasov,6,5,1,5.12,capped_dynamic,68,24.954367647059005,9264.500587182374,5579.797690371456,176.71157839716642,4940.239706631222,5718.542574876513,2.0664427293643546,,54.411764705882355,42.64705882352941,30.88235294117647,637.6355204747099,23.80503011737448,100.0,176.71157839716642,6250.21,76.71157839716642,1.2273440155957387,81.47674875936161,,,-90.14004887302598,-5785.130401494104,465.07959850589543
brasov,6,5,2,10.24,fixed_quantitative,68,24.954367647059005,9264.500587182374,5579.797690371456,204.12225459916178,5494.944578549075,6175.5113321835815,2.781667513187605,,54.411764705882355,45.588235294117645,47.05882352941177,595.2524784798851,50.99998174748011,100.0,23.96853572294327,11000.42,104.12225459916178,0.9465298106723359,105.6490761014366,,,-100.36316708225584,-10935.811509967545,64.60849003245548
brasov,6,5,2,10.24,capped_dynamic,68,24.954367647059005,9264.500587182374,5579.797690371456,198.38561804086055,4940.239706631222,5718.542574876513,2.466704719137941,,54.411764705882355,42.64705882352941,30.88235294117647,684.8776634078264,44.32596821242678,100.0,198.38561804086055,11000.42,98.38561804086055,0.8943805603864267,111.8092280055751,,,-92.5956807730551,-10388.024443224967,612.3955567750324
brasov,6,5,4,20.48,fixed_quantitative,68,24.954367647059005,9264.500587182374,5579.797690371456,207.19982660069596,5494.944578549075,6175.5113321835815,2.8362039899613594,,54.411764705882355,45.588235294117645,47.05882352941177,599.9059306634649,101.2087528591098,100.0,23.96853572294321,20500.84,107.19982660069596,0.5229045570849583,191.2394884402444,,,-100.13313777329724,-20425.337560289096,75.50243971090563
brasov,6,5,4,20.48,capped_dynamic,68,24.954367647059005,9264.500587182374,5579.797690371456,200.61777101464145,4940.239706631222,5718.542574876513,2.5083030386482488,,54.411764705882355,42.64705882352941,30.88235294117647,689.5311155914061,88.05364936019953,100.0,200.61777101464145,20500.84,100.61777101464145,0.49079828443440093,203.74969345143623,,,-95.92737523433547,-19873.272755817285,627.5672441827146
brasov,6,10,1,5.12,fixed_quantitative,68,24.954367647059005,9264.500587182374,11159.595380742912,494.1673817631893,1106.907279190555,3575.6748285795493,12.463395482652558,,91.17647058823529,8.823529411764707,77.94117647058823,1006.8669276291964,15.075411012405638,100.0,161.6726854150902,6250.21,394.1673817631893,6.306466210946342,15.85674078875214,,,-70.46505779799313,-4710.387592101682,1539.8224078983187
brasov,6,10,1,5.12,capped_dynamic,68,24.954367647059005,9264.500587182374,11159.595380742912,329.0220724177038,627.2384967803862,3456.590866682198,7.498119560129099,,70.58823529411765,29.41176470588235,51.470588235294116,836.9023221410296,18.13704224165166,100.0,329.0220724177038,6250.21,229.02207241770378,3.664230040553898,27.290862989836643,,,-67.85141284899801,-4749.89346597391,1500.3165340260907
brasov,6,10,2,10.24,fixed_quantitative,68,24.954367647059005,9264.500587182374,11159.595380742912,586.8773761817121,1106.907279190555,3575.6748285795493,15.848657105265115,,91.17647058823529,8.823529411764707,77.94117647058823,1147.0493590236435,26.466049868557302,100.0,197.28830333683376,11000.42,486.87737618171207,4.425988972982051,22.593820411763044,,,-78.12327396883603,-9016.420389862968,1983.9996101370332
brasov,6,10,2,10.24,capped_dynamic,68,24.954367647059005,9264.500587182374,11159.595380742912,389.27535653131565,627.2384967803862,3456.590866682198,9.825634616801064,,70.58823529411765,29.41176470588235,52.94117647058823,944.5059700573736,32.141528481574724,100.0,389.27535653131565,11000.42,289.27535653131565,2.6296755626722947,38.02750476883137,,,-76.724048573544,-9090.568813736536,1909.8511862634634
brasov,6,10,4,20.48,fixed_quantitative,68,24.954367647059005,9264.500587182374,11159.595380742912,586.8773761817121,1106.907279190555,3575.6748285795493,15.848657105265119,,91.17647058823529,8.823529411764707,77.94117647058823,1147.0493590236435,52.932099737114605,100.0,197.28830333683385,20500.84,486.87737618171207,2.374914277569661,42.10678294558647,,,-88.26130175311174,-18516.840389862966,1983.9996101370334
brasov,6,10,4,20.48,capped_dynamic,68,24.954367647059005,9264.500587182374,11159.595380742912,389.27535653131554,627.2384967803862,3456.590866682198,9.825634616801063,,70.58823529411765,29.41176470588235,52.94117647058823,944.5059700573736,64.28305696314945,100.0,389.27535653131554,20500.84,289.27535653131554,1.4110414818676482,70.86963869243621,,,-87.51049997997083,-18590.988813736538,1909.851186263463
cluj,2,3,1,5.12,fixed_quantitative,120,7.063749999999994,2570.08616205837,3552.0447986175113,190.57753493877658,583.5509425399312,1869.9282843490712,9.933980646885605,,80.0,19.166666666666668,53.333333333333336,546.4664706064915,27.77651253143125,100.0,26.98397872688395,6250.21,90.57753493877658,1.449191866173722,69.00397548050584,,,-101.28744497741454,-6223.725340399697,26.484659600302997
cluj,2,3,1,5.12,capped_dynamic,120,7.063749999999994,2570.08616205837,3552.0447986175113,165.7374493512145,520.9272142470926,1902.9136074234577,8.464586132114603,,75.83333333333333,22.5,46.666666666666664,514.4857036690839,29.503118668913054,100.0,165.7374493512145,6250.21,65.73744935121451,1.0517638503540603,95.07837711510672,,,-91.74596821272003,-5859.72029627839,390.4897037216099
cluj,2,3,2,10.24,fixed_quantitative,120,7.063749999999994,2570.08616205837,3552.0447986175113,200.6518116325807,583.5509425399312,1869.9282843490712,10.476696515654258,,80.0,19.166666666666668,53.333333333333336,561.6993115783351,54.04647097094172,100.0,36.20118055749968,11000.42,100.65181163258069,0.9149815337285365,109.29182318303347,,,-99.9330909382378,-10908.253215574288,92.16678442571194
cluj,2,3,2,10.24,capped_dynamic,120,7.063749999999994,2570.08616205837,3552.0447986175113,176.60060132236163,520.9272142470926,1902.9136074234577,9.039694994714528,,75.83333333333333,22.5,46.666666666666664,529.7185446409275,57.30942562751825,100.0,176.60060132236163,11000.42,76.60060132236163,0.6963425153072486,143.60748884602688,,,-94.40700795884565,-10536.094699926216,464.3253000737833
cluj,2,3,4,20.48,fixed_quantitative,120,7.063749999999994,2570.08616205837,3552.0447986175113,200.6518116325807,583.5509425399312,1869.9282843490712,10.476696515654263,,80.0,19.166666666666668,53.333333333333336,561.6993115783351,108.09294194188344,100.0,36.20118055749968,20500.84,100.65181163258069,0.4909643294254318,203.6807849503619,,,-99.96409767691519,-20408.673215574287,92.16678442571194
cluj,2,3,4,20.48,capped_dynamic,120,7.063749999999994,2570.08616205837,3552.0447986175113,176.60060132236163,520.9272142470926,1902.9136074234577,9.039694994714527,,75.83333333333333,22.5,46.666666666666664,529.7185446409275,114.6188512550365,100.0,176.60060132236163,20500.84,76.60060132236163,0.3736461594859607,267.63288598382445,,,-96.99889070353436,-20036.514699926218,464.3253000737833
cluj,2,5,1,5.12,fixed_quantitative,120,7.063749999999994,2570.08616205837,5920.07466436252,219.4423084213354,-754.9349872127922,1665.7262855118645,12.998068660141861,,87.5,12.5,56.666666666666664,580.530623342675,26.146653007568244,100.0,39.57116244228972,6250.21,119.44230842133541,1.9110127247138162,52.32827532060285,,,-98.37452918478274,-6080.552495961231,169.65750403876868
cluj,2,5,1,5.12,capped_dynamic,120,7.063749999999994,2570.08616205837,5920.07466436252,183.69653176257475,-918.7660594227639,1705.2775721930775,10.56878434615377,,82.5,15.833333333333334,50.0,537.4516455200929,28.242415657913817,100.0,183.69653176257475,6250.21,83.69653176257475,1.3390995144575102,74.67704895741937,,,-89.1178928869427,-5737.654475667341,512.5555243326593
cluj,2,5,2,10.24,fixed_quantitative,120,7.063749999999994,2570.08616205837,5920.07466436252,228.07491997702886,-754.9349872127922,1665.7262855118645,13.520104219214002,,87.5,12.5,56.666666666666664,593.5835901209703,51.14337061007635,100.0,47.43636627762637,11000.42,128.07491997702886,1.1642730002766155,85.89050847717104,,,-98.39379728899092,-10774.58714883313,225.83285116686937
cluj,2,5,2,10.24,capped_dynamic,120,7.063749999999994,2570.08616205837,5920.07466436252,193.0734256594611,-918.7660594227639,1705.2775721930775,11.122713553552936,,82.5,15.833333333333334,50.0,550.5046122983881,55.14552441417452,100.0,193.0734256594611,11000.42,93.0734256594611,0.8460897462047913,118.19077166288642,,,-93.03736592762317,-10424.13080475428,576.2891952457201
cluj,2,5,4,20.48,fixed_quantitative,120,7.063749999999994,2570.08616205837,5920.07466436252,228.07491997702886,-754.9349872127922,1665.7262855118645,13.520104219213998,,87.5,12.5,56.666666666666664,593.5835901209703,102.2867412201527,100.0,47.43636627762634,20500.84,128.07491997702886,0.6247301085078897,160.06912207071431,,,-99.1381375384502,-20275.00714883313,225.83285116686926
cluj,2,5,4,20.48,capped_dynamic,120,7.063749999999994,2570.08616205837,5920.07466436252,193.0734256594611,-918.7660594227639,1705.2775721930775,11.12271355355294,,82.5,15.833333333333334,50.0,550.5046122983881,110.29104882834903,100.0,193.0734256594611,20500.84,93.0734256594611,0.4539981076846661,220.26523526714146,,,-96.26396288627903,-19924.55080475428,576.2891952457201
cluj,2,10,1,5.12,fixed_quantitative,120,7.063749999999994,2570.08616205837,11840.14932872504,266.96107060321305,-3915.2884307183167,1474.2888827633465,18.090384595234276,,93.33333333333333,5.833333333333333,56.666666666666664,642.6062737797689,23.620891031030105,100.0,64.68501647819114,6250.21,166.96107060321305,2.671287374395629,37.435133695649164,,,-93.22536704388322,-5830.547909428367,419.6620905716327
cluj,2,10,1,5.12,capped_dynamic,120,7.063749999999994,2570.08616205837,11840.14932872504,207.44559453424748,-4389.116658148067,1513.929145804566,13.608587917238179,,89.16666666666667,10.0,47.5,585.1870731592601,25.938598894301336,100.0,207.44559453424748,6250.21,107.44559453424748,1.7190717517371015,58.170928525206236,,,-85.64253014563197,-5576.2348235066165,673.9751764933837
cluj,2,10,2,10.24,fixed_quantitative,120,7.063749999999994,2570.08616205837,11840.14932872504,277.0779989265135,-3915.2884307183167,1474.2888827633465,18.784791968094904,,93.33333333333333,5.833333333333333,56.666666666666664,657.9036062788015,46.14333353380588,100.0,72.77096878014564,11000.42,177.0779989265135,1.6097385274972547,62.12189016527751,,,-95.40256134239429,-10518.609397549733,481.8106024502664
cluj,2,10,2,10.24,capped_dynamic,120,7.063749999999994,2570.08616205837,11840.14932872504,217.31142860713166,-4389.116658148067,1513.929145804566,14.267034070834558,,89.16666666666667,10.0,47.5,599.3350460829465,50.652578613624044,100.0,217.31142860713166,11000.42,117.31142860713166,1.0664268146773637,93.77108548255508,,,-91.02208385390747,-10259.3878823704,741.032117629601
cluj,2,10,4,20.48,fixed_quantitative,120,7.063749999999994,2570.08616205837,11840.14932872504,277.07799892651354,-3915.2884307183167,1474.2888827633465,18.784791968094904,,93.33333333333333,5.833333333333333,56.666666666666664,657.9036062788015,92.28666706761176,100.0,72.77096878014568,20500.84,177.07799892651354,0.8637597236333415,115.7729369220382,,,-97.53308858769205,-20019.029397549733,481.81060245026686
cluj,2,10,4,20.48,capped_dynamic,120,7.063749999999994,2570.08616205837,11840.14932872504,217.3114286071316,-4389.116658148067,1513.929145804566,14.267034070834558,,89.16666666666667,10.0,47.5,599.3350460829465,101.30515722724809,100.0,217.3114286071316,20500.84,117.3114286071316,0.5722274238866876,174.7556929739215,,,-95.182595038457,-19759.807882370398,741.0321176296005
cluj,3,3,1,5.12,fixed_quantitative,120,15.088916666666668,5496.3862877304155,3552.0447986175113,455.7329356083961,3561.8706613889103,4395.661289415307,10.240566812207263,,79.16666666666667,20.0,69.16666666666667,960.5339648503955,15.80259868392302,100.0,218.33649837332698,6250.21,355.7329356083961,5.69153573413367,17.569950303618953,,,-68.4298290709811,-4661.87775415996,1588.33224584004
cluj,3,3,1,5.12,capped_dynamic,120,15.088916666666668,5496.3862877304155,3552.0447986175113,474.93240001386545,3591.246817219536,4482.074383239929,10.455612215932907,,74.16666666666667,25.833333333333332,65.83333333333333,983.593619887304,15.432117962037367,100.0,474.93240001386545,6250.21,374.93240001386545,5.998716843335911,16.670231753160994,,,-46.49935693944908,-3758.1577266030517,2492.0522733969483
cluj,3,3,2,10.24,fixed_quantitative,120,15.088916666666668,5496.3862877304155,3552.0447986175113,527.5944849446986,3561.8706613889103,4395.661289415307,11.88413921745878,,79.16666666666667,20.0,69.16666666666667,1069.1924409178068,28.39326614725868,100.0,281.5168395505992,11000.42,427.5944849446986,3.8870741748469473,25.726290649943017,,,-76.484799401892,-8951.928602546748,2048.491397453251
cluj,3,3,2,10.24,capped_dynamic,120,15.088916666666668,5496.3862877304155,3552.0447986175113,568.3770298472809,3591.246817219536,4482.074383239929,12.538612436969919,,74.16666666666667,25.833333333333332,65.83333333333333,1135.532053517662,26.734485780100663,100.0,568.3770298472809,11000.42,468.37702984728094,4.257810427668043,23.486249963169197,,,-61.832541530434256,-7873.235309420293,3127.1846905797074
cluj,3,3,4,20.48,fixed_quantitative,120,15.088916666666668,5496.3862877304155,3552.0447986175113,527.5944849446987,3561.8706613889103,4395.661289415307,11.884139217458781,,79.16666666666667,20.0,69.16666666666667,1069.1924409178068,56.78653229451736,100.0,281.51683955059923,20500.84,427.5944849446987,2.0857412913065936,47.9445846984004,,,-87.38212273431532,-18452.34860254675,2048.4913974532515
cluj,3,3,4,20.48,capped_dynamic,120,15.088916666666668,5496.3862877304155,3552.0447986175113,568.3770298472809,3591.246817219536,4482.074383239929,12.538612436969917,,74.16666666666667,25.833333333333332,65.83333333333333,1135.532053517662,53.468971560201325,100.0,568.3770298472809,20500.84,468.37702984728094,2.2846723834110256,43.76995175592728,,,-79.51995754818923,-17373.655309420294,3127.1846905797074
cluj,3,5,1,5.12,fixed_quantitative,120,15.088916666666668,5496.3862877304155,5920.07466436252,605.5646704442543,2130.8643685080415,4032.629900889949,14.797603284968833,,87.5,12.5,81.66666666666667,1172.711119756171,12.943454285625098,100.0,281.36536472801185,6250.21,505.56467044425426,8.088762944673128,12.362829852227925,,,-53.49538605609645,-3926.2141138750353,2323.9958861249647
cluj,3,5,1,5.12,capped_dynamic,120,15.088916666666668,5496.3862877304155,5920.07466436252,587.2666123364874,2082.639323149014,4132.816082999529,13.990838839004155,,81.66666666666667,18.333333333333332,77.5,1131.2287631736806,13.418093017917506,100.0,587.2666123364874,6250.21,487.26661233648736,7.796003851654382,12.827084478515118,,,-30.06072355699029,-2994.6349866448622,3255.575013355138
cluj,3,5,2,10.24,fixed_quantitative,120,15.088916666666668,5496.3862877304155,5920.07466436252,732.089303493586,2130.8643685080415,4032.629900889949,17.913921443863565,,87.5,12.5,81.66666666666667,1364.0230791990452,22.25612308220077,100.0,375.3326263242915,11000.42,632.089303493586,5.746047000874385,17.403268714088632,,,-64.547023614822,-7922.493265057457,3077.926734942542
cluj,3,5,2,10.24,capped_dynamic,120,15.088916666666668,5496.3862877304155,5920.07466436252,716.3922003157535,2082.639323149014,4132.816082999529,17.097340337849573,,81.66666666666667,18.333333333333332,77.5,1321.4451739091032,22.973231229723822,100.0,716.3922003157535,11000.42,616.3922003157535,5.603351511267329,17.8464620323958,,,-49.52573884841896,-6867.193194780316,4133.226805219684
cluj,3,5,4,20.48,fixed_quantitative,120,15.088916666666668,5496.3862877304155,5920.07466436252,734.189296890106,2130.8643685080415,4032.629900889949,17.965726190829287,,87.5,12.5,81.66666666666667,1367.1983806547603,44.408867019104946,100.0,377.43385456026664,20500.84,634.189296890106,3.093479569081589,32.32605800906861,,,-80.8827842364114,-17408.63582912516,3092.204170874839
cluj,3,5,4,20.48,capped_dynamic,120,15.088916666666668,5496.3862877304155,5920.07466436252,718.0054885691676,2082.639323149014,4132.816082999529,17.136177380901923,,81.66666666666667,18.333333333333332,77.5,1324.620475364818,45.836322331127306,100.0,718.0054885691676,20500.84,618.0054885691676,3.014537397341609,33.17258564719936,,,-72.84434963072407,-16356.647859802477,4144.192140197522
cluj,3,10,1,5.12,fixed_quantitative,120,15.088916666666668,5496.3862877304155,11840.14932872504,697.9430541594668,-1109.96772433395,3703.035077170942,18.663031572135072,,96.66666666666667,3.3333333333333335,93.33333333333333,1300.1617215458818,11.674649789535867,100.0,326.3695535462081,6250.21,597.9430541594668,9.56676742316605,10.45285158264104,,,-43.79273758341899,-3452.631246960347,2797.578753039653
cluj,3,10,1,5.12,capped_dynamic,120,15.088916666666668,5496.3862877304155,11840.14932872504,660.839356034413,-1448.096523274861,3802.055437398901,17.167751867576857,,90.83333333333333,9.166666666666666,82.5,1232.9118533956532,12.311450106512321,100.0,660.839356034413,6250.21,560.839356034413,8.973128199443105,11.144385522788612,,,-19.294320912724384,-2494.5694973071204,3755.6405026928796
cluj,3,10,2,10.24,fixed_quantitative,120,15.088916666666668,5496.3862877304155,11840.14932872504,864.3249490905927,-1109.96772433395,3703.035077170942,23.16196376669247,,96.66666666666667,3.3333333333333335,93.33333333333333,1551.7399760560634,19.563758107704786,100.0,430.00469469087335,11000.42,764.3249490905927,6.948143335350766,14.392334063003561,,,-57.101797843716824,-7276.334944954962,3724.085055045038
cluj,3,10,2,10.24,capped_dynamic,120,15.088916666666668,5496.3862877304155,11840.14932872504,812.2058977528416,-1448.096523274861,3802.055437398901,21.139940202962727,,90.83333333333333,9.166666666666666,82.5,1461.9314317012272,20.765587823971646,100.0,812.2058977528416,11000.42,712.2058977528416,6.4743518679545105,15.445561507856961,,,-41.559256325982375,-6215.958497174677,4784.461502825323
cluj,3,10,4,20.48,fixed_quantitative,120,15.088916666666668,5496.3862877304155,11840.14932872504,864.3249490905926,-1109.96772433395,3703.035077170942,23.16196376669247,,96.66666666666667,3.3333333333333335,93.33333333333333,1551.7399760560634,39.12751621540957,100.0,430.00469469087335,20500.84,764.3249490905926,3.72826161801464,26.82215204984773,,,-76.98151680789564,-16776.754944954962,3724.085055045038
cluj,3,10,4,20.48,capped_dynamic,120,15.088916666666668,5496.3862877304155,11840.14932872504,812.2058977528413,-1448.096523274861,3802.055437398901,21.139940202962727,,90.83333333333333,9.166666666666666,82.5,1461.9314317012272,41.53117564794329,100.0,812.2058977528413,20500.84,712.2058977528413,3.474032760378801,28.784990498793174,,,-68.64163978029502,-15716.378497174679,4784.461502825322
cluj,4,3,1,5.12,fixed_quantitative,120,16.021450000000083,5785.415896985438,3552.0447986175113,253.4335385558787,4024.199019310048,4933.808082988644,4.952152362760501,,72.5,27.5,64.16666666666667,655.9022313937969,23.14206606151176,100.0,81.91315556789311,6250.21,153.4335385558787,2.4548541337951635,40.73561790223424,,,-92.72775534247967,-5822.318754651953,427.89124534804665
cluj,4,3,1,5.12,capped_dynamic,120,16.021450000000083,5785.415896985438,3552.0447986175113,225.41429130012415,3962.148269580639,4935.899429236765,4.412187446536148,,71.66666666666667,28.333333333333332,60.0,616.3087268524673,24.62878117324107,100.0,225.41429130012415,6250.21,125.41429130012415,2.0065612403443107,49.83650535522193,,,-83.01304788561939,-5454.103655232095,796.1063447679055
cluj,4,3,2,10.24,fixed_quantitative,120,16.021450000000083,5785.415896985438,3552.0447986175113,261.24741873548146,4024.199019310048,4933.808082988644,5.109640867732422,,72.5,27.5,64.16666666666667,667.7172328838924,45.46515207717469,100.0,89.25262379228535,11000.42,161.24741873548146,1.4658296568265707,68.22075098172985,,,-95.24008312281978,-10520.963914723103,479.4560852768979
cluj,4,3,2,10.24,capped_dynamic,120,16.021450000000083,5785.415896985438,3552.0447986175113,230.87173193087835,3962.148269580639,4935.899429236765,4.521403727945916,,71.66666666666667,28.333333333333332,60.0,625.2363333524424,48.55422488779754,100.0,230.87173193087835,11000.42,130.87173193087835,1.1896975927362625,84.05497381061647,,,-89.89460498275234,-10167.220058033181,833.1999419668192
cluj,4,3,4,20.48,fixed_quantitative,120,16.021450000000083,5785.415896985438,3552.0447986175113,261.24741873548146,4024.199019310048,4933.808082988644,5.109640867732422,,72.5,27.5,64.16666666666667,667.7172328838924,90.93030415434939,100.0,89.25262379228532,20500.84,161.24741873548146,0.7865405453409785,127.13902746952266,,,-97.44590539636079,-20021.3839147231,479.4560852768978
cluj,4,3,4,20.48,capped_dynamic,120,16.021450000000083,5785.415896985438,3552.0447986175113,230.87173193087835,3962.148269580639,4935.899429236765,4.521403727945915,,71.66666666666667,28.333333333333332,60.0,625.2363333524424,97.10844977559508,100.0,230.87173193087835,20500.84,130.87173193087835,0.6383725346418896,156.64834336285693,,,-94.57760806602893,-19667.64005803318,833.1999419668192
cluj,4,5,1,5.12,fixed_quantitative,120,16.021450000000083,5785.415896985438,5920.07466436252,253.43799860227713,2486.472447707796,4387.570358435515,5.565692977922864,,77.5,22.5,64.16666666666667,645.4006274281838,23.51862102969095,100.0,79.19072014922592,6250.21,153.43799860227713,2.454925492139898,40.73443382301288,,,-92.94673802415187,-5831.170206132809,419.03979386719175
cluj,4,5,1,5.12,capped_dynamic,120,16.021450000000083,5785.415896985438,5920.07466436252,234.78283518107222,2399.413784664086,4447.342133730781,5.105050668501897,,75.83333333333333,24.166666666666668,61.666666666666664,608.7681441300806,24.93384865020928,100.0,234.78283518107222,6250.21,134.78283518107222,2.1564529060795112,46.37244788331718,,,-81.64208480142487,-5390.426738418396,859.7832615816045
cluj,4,5,2,10.24,fixed_quantitative,120,16.021450000000083,5785.415896985438,5920.07466436252,264.63461812767497,2486.472447707796,4387.570358435515,5.808777877827118,,77.5,22.5,64.16666666666667,662.3305103206718,45.834919371173875,100.0,83.74589828726221,11000.42,164.63461812767497,1.496621202896571,66.81717445032805,,,-95.36546957150482,-10526.909894909282,473.51010509071705
cluj,4,5,2,10.24,capped_dynamic,120,16.021450000000083,5785.415896985438,5920.07466436252,242.17916436783915,2399.413784664086,4447.342133730781,5.264962734104988,,75.83333333333333,24.166666666666668,61.666666666666664,620.5207758448383,48.923205667504426,100.0,242.17916436783915,11000.42,142.17916436783915,1.2924885083282198,77.37012697261491,,,-88.95444229941755,-10090.364738378958,910.0552616210418
cluj,4,5,4,20.48,fixed_quantitative,120,16.021450000000083,5785.415896985438,5920.07466436252,264.63461812767497,2486.472447707796,4387.570358435515,5.808777877827118,,77.5,22.5,64.16666666666667,662.3305103206718,91.66983874234775,100.0,83.74589828726216,20500.84,164.63461812767497,0.8030627921961977,124.5232638988569,,,-97.51318574184145,-20027.329894909282,473.51010509071693
cluj,4,5,4,20.48,capped_dynamic,120,16.021450000000083,5785.415896985438,5920.07466436252,242.1791643678391,2399.413784664086,4447.342133730781,5.264962734104986,,75.83333333333333,24.166666666666668,61.666666666666664,620.5207758448383,97.84641133500885,100.0,242.1791643678391,20500.84,142.1791643678391,0.6935284816028957,144.1901849061457,,,-94.07313193797712,-19590.78473837896,910.0552616210416
cluj,4,10,1,5.12,fixed_quantitative,120,16.021450000000083,5785.415896985438,11840.14932872504,276.9413079117589,-903.6912224271116,3801.618528748516,7.115626815665717,,87.5,12.5,65.83333333333333,667.0751088383342,22.75445833264757,100.0,82.05398136890118,6250.21,176.94130791175888,2.830965806137056,35.323633999116794,,,-91.16977223831617,-5738.647572432408,511.562427567592
cluj,4,10,1,5.12,capped_dynamic,120,16.021450000000083,5785.415896985438,11840.14932872504,261.9283389661949,-1217.6014515662503,3887.7041325268588,6.569057659344997,,82.5,16.666666666666668,64.16666666666667,645.0603104512267,23.53102884006364,100.0,261.9283389661949,6250.21,161.92833896619487,2.5907663737089615,38.59861738781148,,,-77.6696976232053,-5205.921866758843,1044.2881332411569
cluj,4,10,2,10.24,fixed_quantitative,120,16.021450000000083,5785.415896985438,11840.14932872504,315.52309810687507,-903.6912224271116,3801.618528748516,8.119747260022042,,87.5,12.5,65.83333333333333,725.4128230300337,41.849088648326195,100.0,97.39831856143574,11000.42,215.52309810687507,1.9592260850665255,51.04056176171445,,,-92.83837082046801,-10302.30823834266,698.1117616573389
cluj,4,10,2,10.24,capped_dynamic,120,16.021450000000083,5785.415896985438,11840.14932872504,294.68976339548095,-1217.6014515662503,3887.7041325268588,7.406083820601822,,82.5,16.666666666666668,65.0,703.3980246429261,43.15887232271849,100.0,294.68976339548095,11000.42,194.68976339548095,1.7698393642741,56.50230298782795,,,-84.58841968901721,-9733.45622745012,1266.9637725498799
cluj,4,10,4,20.48,fixed_quantitative,120,16.021450000000083,5785.415896985438,11840.14932872504,316.23936344038714,-903.6912224271116,3801.618528748516,8.137267378788758,,87.5,12.5,65.83333333333333,726.4958542242973,83.57340337483548,100.0,97.44741061422413,20500.84,216.23936344038714,1.0547829427496003,94.8062354320224,,,-96.14161253158888,-19800.032913923587,700.8070860764136
cluj,4,10,4,20.48,capped_dynamic,120,16.021450000000083,5785.415896985438,11840.14932872504,295.07095967406696,-1217.6014515662503,3887.7041325268588,7.415291386980402,,82.5,16.666666666666668,65.0,704.4810558371898,86.18504439850356,100.0,295.07095967406696,20500.84,195.07095967406696,0.9515266675612655,105.09426946098843,,,-91.71338773870366,-19231.285280123655,1269.554719876345
cluj,5,3,1,5.12,fixed_quantitative,120,6.928666666666675,2511.67811635945,3552.0447986175113,182.90222204882423,594.9246803839059,1941.0920201690371,9.239902080698904,,74.16666666666667,25.833333333333332,56.666666666666664,529.8767190168915,28.64615904803386,100.0,28.98019109740567,6250.21,82.90222204882423,1.3263909860440566,75.39255095380938,,,-101.6316416608665,-6244.3924545552,5.817545444800373
cluj,5,3,1,5.12,capped_dynamic,120,6.928666666666675,2511.67811635945,3552.0447986175113,165.35734737234674,538.254874308668,1986.4413966536513,8.153331771571846,,67.5,30.0,48.333333333333336,510.1532438728841,29.75367294261562,100.0,165.35734737234674,6250.21,65.35734737234674,1.045682423028134,95.63132916628312,,,-91.80159113426248,-5862.3038057753465,387.9061942246531
cluj,5,3,2,10.24,fixed_quantitative,120,6.928666666666675,2511.67811635945,3552.0447986175113,182.90222204882423,594.9246803839059,1941.0920201690371,9.239902080698904,,74.16666666666667,25.833333333333332,56.666666666666664,529.8767190168915,57.29231809606772,100.0,28.980191097405676,11000.42,82.90222204882423,0.7536277892009962,132.69149762380843,,,-100.92706487799234,-10994.602454555199,5.8175454448003805
cluj,5,3,2,10.24,capped_dynamic,120,6.928666666666675,2511.67811635945,3552.0447986175113,165.3573473723467,538.254874308668,1986.4413966536513,8.153331771571846,,67.5,30.0,48.333333333333336,510.15324387288416,59.50734588523123,100.0,165.3573473723467,11000.42,65.35734737234671,0.5941350182297286,168.31191047778628,,,-95.34183448661766,-10612.513805775347,387.90619422465295
cluj,5,3,4,20.48,fixed_quantitative,120,6.928666666666675,2511.67811635945,3552.0447986175113,182.9022220488242,594.9246803839059,1941.0920201690371,9.2399020806989,,74.16666666666667,25.833333333333332,56.666666666666664,529.8767190168915,114.58463619213543,100.0,28.980191097405648,20500.84,82.9022220488242,0.40438451326298924,247.28939096380665,,,-100.49744805701447,-20495.0224545552,5.817545444800189
cluj,5,3,4,20.48,capped_dynamic,120,6.928666666666675,2511.67811635945,3552.0447986175113,165.35734737234674,538.254874308668,1986.4413966536513,8.153331771571846,,67.5,30.0,48.333333333333336,510.15324387288416,119.01469177046246,100.0,165.35734737234674,20500.84,65.35734737234674,0.3188032654873983,313.6730731007924,,,-97.50050353660038,-20112.93380577535,387.9061942246531
cluj,5,5,1,5.12,fixed_quantitative,120,6.928666666666675,2511.67811635945,5920.07466436252,241.1916556364669,-691.5526212700978,1826.1730546030717,13.100946123066326,,78.33333333333333,20.833333333333332,62.5,610.0101848674356,24.88308088184926,100.0,58.830207347740995,6250.21,141.1916556364669,2.25899058809971,44.267559381077895,,,-95.39237766120695,-5940.835839576616,309.3741604233841
cluj,5,5,1,5.12,capped_dynamic,120,6.928666666666675,2511.67811635945,5920.07466436252,200.5874354727677,-865.9647326950243,1869.9821432013496,10.600749629228366,,73.33333333333333,25.0,52.5,566.7141104313355,26.784109464391637,100.0,200.5874354727677,6250.21,100.58743547276771,1.609344893575859,62.13708472259575,,,-86.64613145425618,-5622.848943011469,627.3610569885316
cluj,5,5,2,10.24,fixed_quantitative,120,6.928666666666675,2511.67811635945,5920.07466436252,247.05383054473123,-691.5526212700978,1826.1730546030717,13.429147887988576,,78.33333333333333,20.833333333333332,62.5,618.8741044162845,49.053378257359235,100.0,61.97992438606264,11000.42,147.05383054473123,1.3368019634225896,74.80539581492822,,,-97.0187625291638,-10660.036051216879,340.3839487831209
cluj,5,5,2,10.24,capped_dynamic,120,6.928666666666675,2511.67811635945,5920.07466436252,204.03826297739542,-865.9647326950243,1869.9821432013496,10.789450495173579,,73.33333333333333,25.0,52.5,573.7700003456221,52.9094681132331,100.0,204.03826297739542,11000.42,104.03826297739542,0.9457662796274635,105.7343681563588,,,-92.12568850371372,-10349.604064778207,650.8159352217932
cluj,5,5,4,20.48,fixed_quantitative,120,6.928666666666675,2511.67811635945,5920.07466436252,247.0538305447312,-691.5526212700978,1826.1730546030717,13.429147887988576,,78.33333333333333,20.833333333333332,62.5,618.8741044162845,98.10675651471847,100.0,61.979924386062606,20500.84,147.0538305447312,0.7173063666890293,139.41044530468048,,,-98.40031607002756,-20160.45605121688,340.3839487831208
cluj,5,5,4,20.48,capped_dynamic,120,6.928666666666675,2511.67811635945,5920.07466436252,204.0382629773954,-865.9647326950243,1869.9821432013496,10.789450495173579,,73.33333333333333,25.0,52.5,573.7700003456221,105.8189362264662,100.0,204.0382629773954,20500.84,104.03826297739539,0.5074829274185614,197.05096387907074,,,-95.77477148887667,-19850.02406477821,650.8159352217929
cluj,5,10,1,5.12,fixed_quantitative,120,6.928666666666675,2511.67811635945,11840.14932872504,295.3291427178825,-3810.035796155252,1706.6141982221407,17.299354838147668,,84.16666666666667,14.166666666666666,65.0,683.7449158946222,22.199701110680838,100.0,85.85681334367898,6250.21,195.32914271788252,3.1251612780671776,31.99834859781929,,,-89.65369062157635,-5661.172355327801,589.0376446721997
cluj,5,10,1,5.12,capped_dynamic,120,6.928666666666675,2511.67811635945,11840.14932872504,234.47068834938233,-4307.709173933519,1748.3591403984374,13.353701502866436,,78.33333333333333,19.166666666666668,53.333333333333336,627.1224678349469,24.204096563804157,100.0,234.47068834938233,6250.21,134.47068834938233,2.1514587245769716,46.48009225445978,,,-81.68776338163255,-5392.5483645844,857.6616354156006
cluj,5,10,2,10.24,fixed_quantitative,120,6.928666666666675,2511.67811635945,11840.14932872504,315.24296658513555,-3810.035796155252,1706.6141982221407,18.492737153705782,,84.16666666666667,14.166666666666666,65.0,713.8556743471603,42.52661515281713,100.0,96.55641056047256,11000.42,215.24296658513555,1.9566795321009156,51.10698934568428,,,-92.8873713595551,-10306.042021199246,694.3779788007532
cluj,5,10,2,10.24,capped_dynamic,120,6.928666666666675,2511.67811635945,11840.14932872504,249.8318227262475,-4307.709173933519,1748.3591403984374,14.252153657577605,,78.33333333333333,19.166666666666668,53.333333333333336,653.4695991743508,46.45643129530915,100.0,249.8318227262475,11000.42,149.8318227262475,1.3620554735750772,73.41844876370811,,,-88.31815781511959,-10038.350498398398,962.0695016016009
cluj,5,10,4,20.48,fixed_quantitative,120,6.928666666666675,2511.67811635945,11840.14932872504,315.24296658513555,-3810.035796155252,1706.6141982221407,18.492737153705782,,84.16666666666667,14.166666666666666,65.0,713.8556743471603,85.05323030563426,100.0,96.55641056047253,20500.84,215.24296658513555,1.049922669437621,95.24510986467591,,,-96.18347822094496,-19806.462021199248,694.3779788007532
cluj,5,10,4,20.48,capped_dynamic,120,6.928666666666675,2511.67811635945,11840.14932872504,249.83182272624745,-4307.709173933519,1748.3591403984374,14.252153657577605,,78.33333333333333,19.166666666666668,53.333333333333336,653.4695991743508,92.9128625906183,100.0,249.83182272624745,20500.84,149.83182272624745,0.7308569928171111,136.82567312456965,,,-93.73171194900297,-19538.7704983984,962.0695016016001
cluj,6,3,1,5.12,fixed_quantitative,68,24.954367647059005,9264.500587182374,3331.7724165689156,-27.064735945161097,7624.078677866623,7843.112236329614,-0.9147930933601691,-0.931472254597707,19.11764705882353,80.88235294117646,11.764705882352942,257.64531777424384,58.91406410928233,100.0,-84.84756468113608,6250.21,-127.06473594516109,-2.032967467415672,,,,-124.61409642817196,-7358.378945914441,-1108.1689459144409
cluj,6,3,1,5.12,capped_dynamic,68,24.954367647059005,9264.500587182374,3331.7724165689156,22.963942215451368,6923.759629696784,7174.962818501998,-0.4611545622132173,-0.4720200351163873,32.35294117647059,67.6470588235294,10.294117647058824,414.2849737951311,36.63886872304083,100.0,22.963942215451368,6250.21,-77.03605778454863,-1.2325355113595964,,,,-112.6389917360624,-6830.135427232981,-579.925427232981
cluj,6,3,2,10.24,fixed_quantitative,68,24.954367647059005,9264.500587182374,3331.7724165689156,-26.316996916334595,7624.078677866623,7843.112236329614,-0.9041064163618144,-0.9205907304693915,19.11764705882353,80.88235294117646,11.764705882352942,258.775938866035,117.31332391506584,100.0,-84.8475646811361,11000.42,-126.3169969163346,-1.148292491707904,,,,-113.95726595768907,-12105.942108944068,-1105.5221089440668
cluj,6,3,2,10.24,capped_dynamic,68,24.954367647059005,9264.500587182374,3331.7724165689156,34.23009697682482,6923.759629696784,7174.962818501998,-0.2913379796186536,-0.2982023265916478,32.35294117647059,67.6470588235294,11.764705882352942,444.73927222869963,68.25991638985599,100.0,34.23009697682482,11000.42,-65.76990302317517,-0.5978853809506834,,,,-106.24448177436061,-11503.770667199125,-503.3506671991263
cluj,6,3,4,20.48,fixed_quantitative,68,24.954367647059005,9264.500587182374,3331.7724165689156,-26.316996916334606,7624.078677866623,7843.112236329614,-0.9041064163618144,-0.9205907304693915,19.11764705882353,80.88235294117646,11.764705882352942,258.77593886603495,234.62664783013173,100.0,-84.84756468113613,20500.84,-126.3169969163346,-0.6161552254265416,,,,-107.48924373763622,-21606.362108944068,-1105.5221089440668
cluj,6,3,4,20.48,capped_dynamic,68,24.954367647059005,9264.500587182374,3331.7724165689156,34.23009697682485,6923.759629696784,7174.962818501998,-0.2913379796186535,-0.29820232659164764,32.35294117647059,67.6470588235294,11.764705882352942,444.73927222869963,136.51983277971198,100.0,34.23009697682485,20500.84,-65.76990302317515,-0.3208156496181383,,,,-103.3506881766948,-21004.190667199127,-503.350667199126
cluj,6,5,1,5.12,fixed_quantitative,68,24.954367647059005,9264.500587182374,5552.954027614858,207.6926439180537,5545.94472685549,6239.330663463475,2.0749602061276513,,55.88235294117647,44.11764705882353,38.23529411764706,597.6031610416187,25.399686210413332,100.0,56.85369828283422,6250.21,107.6926439180537,1.7230244090687146,58.03748308710813,,,-97.7555653794251,-6065.852893031054,184.3571069689464
cluj,6,5,1,5.12,capped_dynamic,68,24.954367647059005,9264.500587182374,5552.954027614858,186.92897628333813,4992.80971927709,5792.7883733759245,1.663863123403348,,54.411764705882355,45.588235294117645,33.8235294117647,643.2778471932388,23.59623113874853,100.0,186.92897628333813,6250.21,86.92897628333813,1.3908168890859367,71.900191020632,,,-88.64486717814654,-5715.683921494869,534.526078505131
cluj,6,5,2,10.24,fixed_quantitative,68,24.954367647059005,9264.500587182374,5552.954027614858,222.446968810332,5545.94472685549,6239.330663463475,2.317160062484724,,55.88235294117647,44.11764705882353,38.23529411764706,619.9124832452878,48.97121183733994,100.0,58.098208212867824,11000.42,122.44696881033201,1.1131117612812238,89.83823860139354,,,-98.11625867026156,-10759.782233202017,240.63776679798258
cluj,6,5,2,10.24,capped_dynamic,68,24.954367647059005,9264.500587182374,5552.954027614858,208.0263550410043,4992.80971927709,5792.7883733759245,2.032363931359298,,54.411764705882355,45.588235294117645,33.8235294117647,688.3516142386881,44.10226533890244,100.0,208.0263550410043,11000.42,108.02635504100431,0.9820202777803422,101.8308911360056,,,-91.79409639765322,-10322.49746104054,677.9225389594592
cluj,6,5,4,20.48,fixed_quantitative,68,24.954367647059005,9264.500587182374,5552.954027614858,225.51247112965788,5545.94472685549,6239.330663463475,2.3700017933740827,,55.88235294117647,44.11764705882353,38.23529411764706,624.5476854288676,97.21552491790966,100.0,58.098208212867874,20500.84,125.51247112965788,0.6122308701968207,163.33707571434923,,,-98.92772507030479,-20249.351007628982,251.48899237101935
cluj,6,5,4,20.48,capped_dynamic,68,24.954367647059005,9264.500587182374,5552.954027614858,210.24975391349352,4992.80971927709,5792.7883733759245,2.0726590149811375,,54.411764705882355,45.588235294117645,33.8235294117647,692.9868164222678,87.61455432686914,100.0,210.24975391349352,20500.84,110.24975391349352,0.5377816416961135,185.9490771842067,,,-95.49764855099124,-19807.80527425396,693.0347257460402
cluj,6,10,1,5.12,fixed_quantitative,68,24.954367647059005,9264.500587182374,11105.908055229716,499.2606509644054,1215.6280202240268,3714.850454999771,10.392058810170381,,80.88235294117646,19.11764705882353,73.52941176470588,1013.9937795085953,14.969453536652148,100.0,206.5128725342539,6250.21,399.2606509644054,6.387955780116274,15.654460275268184,,,-66.51834501688793,-4546.3096174095945,1703.9003825904058
cluj,6,10,1,5.12,capped_dynamic,68,24.954367647059005,9264.500587182374,11105.908055229716,340.4524323111028,728.1465573967901,3607.4842469045284,6.476126940794475,,67.6470588235294,32.35294117647059,50.0,862.6625410853061,17.59544670817835,100.0,340.4524323111028,6250.21,240.45243231110283,3.8471096540932677,25.993540343619134,,,-66.17873012988565,-4672.202622516072,1578.007377483928
cluj,6,10,2,10.24,fixed_quantitative,68,24.954367647059005,9264.500587182374,11105.908055229716,610.2001279721347,1215.6280202240268,3714.850454999771,13.518517293171953,,80.88235294117646,19.11764705882353,73.52941176470588,1181.7401559603743,25.689120729713434,100.0,259.7459648502795,11000.42,510.20012797213474,4.638005894067088,21.56099027987857,,,-74.39314108044397,-8730.432086304303,2269.9879136956965
cluj,6,10,2,10.24,capped_dynamic,68,24.954367647059005,9264.500587182374,11105.908055229716,390.0300955709931,728.1465573967901,3607.4842469045284,8.254311778117533,,67.6470588235294,32.35294117647059,50.0,947.2551086693533,32.0482468342254,100.0,390.0300955709931,11000.42,290.0300955709931,2.636536564703831,37.92854661631946,,,-76.66129538136562,-9085.438939163036,1914.9810608369637
cluj,6,10,4,20.48,fixed_quantitative,68,24.954367647059005,9264.500587182374,11105.908055229716,612.5794688579008,1215.6280202240268,3714.850454999771,13.580442483407035,,80.88235294117646,19.11764705882353,73.52941176470588,1185.3378456439393,51.2223002904702,100.0,259.74596485027945,20500.84,512.5794688579008,2.500285202254643,39.995437284444414,,,-86.21204634749215,-18222.429726124104,2278.4102738758947
cluj,6,10,4,20.48,capped_dynamic,68,24.954367647059005,9264.500587182374,11105.908055229716,390.0300955709931,728.1465573967901,3607.4842469045284,8.254311778117533,,67.6470588235294,32.35294117647059,50.0,947.2551086693531,64.0964936684508,100.0,390.0300955709931,20500.84,290.0300955709931,1.4147229848679037,70.68521616571972,,,-87.47682762945722,-18585.858939163038,1914.9810608369637
iasi,2,3,1,5.12,fixed_quantitative,120,7.063749999999994,2570.08616205837,3447.4839550691245,208.50906022295732,722.7604043959595,1972.696666547364,10.26795592627591,,81.66666666666667,18.333333333333332,59.166666666666664,549.311965719913,27.632627206500285,100.0,33.547917429649324,6250.21,108.50906022295732,1.7360866310565137,57.60081220091186,,,-99.57899434541389,-6138.872166513888,111.3378334861118
iasi,2,3,1,5.12,capped_dynamic,120,7.063749999999994,2570.08616205837,3447.4839550691245,189.289334598138,655.4611271439878,2008.1405774201953,9.152493832633835,,78.33333333333333,21.666666666666668,56.666666666666664,529.600960320395,28.661074858371396,100.0,189.289334598138,6250.21,89.289334598138,1.428581353236739,69.99951369477827,,,-88.29945980682142,-5699.640837108224,550.5691628917756
iasi,2,3,2,10.24,fixed_quantitative,120,7.063749999999994,2570.08616205837,3447.4839550691245,215.99028940987486,722.7604043959595,1972.696666547364,10.652430762043572,,81.66666666666667,18.333333333333332,59.166666666666664,559.9878122811035,54.21165402502966,100.0,40.14161529856296,11000.42,115.99028940987486,1.054416916898399,94.83914606961466,,,-99.17937895267636,-10841.123887449796,159.29611255020365
iasi,2,3,2,10.24,capped_dynamic,120,7.063749999999994,2570.08616205837,3447.4839550691245,199.31203851949005,655.4611271439878,2008.1405774201953,9.656499129408786,,78.33333333333333,21.666666666666668,56.666666666666664,545.6364284427763,55.63753436378236,100.0,199.31203851949005,11000.42,99.31203851949005,0.9028022431824426,110.76622898885678,,,-92.51865303329717,-10381.727669627935,618.6923303720654
iasi,2,3,4,20.48,fixed_quantitative,120,7.063749999999994,2570.08616205837,3447.4839550691245,215.9902894098749,722.7604043959595,1972.696666547364,10.652430762043574,,81.66666666666667,18.333333333333332,59.166666666666664,559.9878122811035,108.42330805005932,100.0,40.14161529856296,20500.84,115.99028940987489,0.5657831064964893,176.7461750832967,,,-99.55966798524355,-20341.543887449796,159.29611255020376
iasi,2,3,4,20.48,capped_dynamic,120,7.063749999999994,2570.08616205837,3447.4839550691245,199.31203851949005,655.4611271439878,2008.1405774201953,9.656499129408786,,78.33333333333333,21.666666666666668,56.666666666666664,545.6364284427763,111.27506872756472,100.0,199.31203851949005,20500.84,99.31203851949005,0.4844291186092377,206.42854890121603,,,-95.98562991567873,-19882.147669627935,618.6923303720654
iasi,2,5,1,5.12,fixed_quantitative,120,7.063749999999994,2570.08616205837,5745.806591781874,232.2145395065976,-586.6786912847978,1761.41899427156,12.94011403051607,,84.16666666666667,15.833333333333334,60.833333333333336,573.6294300499717,26.461216900056726,100.0,49.10170200357257,6250.21,132.2145395065976,2.115361555957281,47.27324258984475,,,-96.76658041686704,-6004.299615265652,245.91038473434722
iasi,2,5,1,5.12,capped_dynamic,120,7.063749999999994,2570.08616205837,5745.806591781874,207.21819234656675,-756.0916873469826,1804.3529030504963,11.223995623549373,,81.66666666666667,18.333333333333332,60.0,545.3719773173224,27.8322565150362,100.0,207.21819234656675,6250.21,107.21819234656675,1.7154334389815182,58.29430494217933,,,-85.67580746263415,-5577.780450059921,672.4295499400785
iasi,2,5,2,10.24,fixed_quantitative,120,7.063749999999994,2570.08616205837,5745.806591781874,242.94464044450592,-586.6786912847978,1761.41899427156,13.552889649223813,,84.16666666666667,15.833333333333334,60.833333333333336,588.9414741455482,51.54648954152945,100.0,58.99269369773607,11000.42,142.94464044450592,1.299447116060168,76.95580586857044,,,-97.30907862470274,-10684.31141258816,316.1085874118403
iasi,2,5,2,10.24,capped_dynamic,120,7.063749999999994,2570.08616205837,5745.806591781874,218.46908825519688,-756.0916873469826,1804.3529030504963,11.85142643856922,,81.66666666666667,18.333333333333332,60.0,560.6031699020691,54.1521474859295,100.0,218.46908825519688,11000.42,118.46908825519688,1.076950591479206,92.85477048919084,,,-90.92582960634232,-10251.519402695736,748.9005973042636
iasi,2,5,4,20.48,fixed_quantitative,120,7.063749999999994,2570.08616205837,5745.806591781874,242.94464044450592,-586.6786912847978,1761.41899427156,13.552889649223813,,84.16666666666667,15.833333333333334,60.833333333333336,588.9414741455482,103.0929790830589,100.0,58.99269369773606,20500.84,142.94464044450592,0.6972623582473008,143.4180388732997,,,-98.55609500316828,-20184.73141258816,316.1085874118403
iasi,2,5,4,20.48,capped_dynamic,120,7.063749999999994,2570.08616205837,5745.806591781874,218.46908825519682,-756.0916873469826,1804.3529030504963,11.85142643856922,,81.66666666666667,18.333333333333332,60.0,560.6031699020691,108.304294971859,100.0,218.46908825519682,20500.84,118.46908825519682,0.5778743127364382,173.04801026102857,,,-95.13094656210185,-19751.939402695738,748.9005973042632
iasi,2,10,1,5.12,fixed_quantitative,120,7.063749999999994,2570.08616205837,11491.613183563748,277.61463602140117,-3662.645556568704,1565.1327304411845,17.61869871605177,,92.5,5.833333333333333,66.66666666666667,629.0641941269995,24.129386015799525,100.0,72.82204327440397,6250.21,177.61463602140117,2.841738693922303,35.189723887658104,,,-91.86905031911827,-5766.333461846762,483.87653815323813
iasi,2,10,1,5.12,capped_dynamic,120,7.063749999999994,2570.08616205837,11491.613183563748,233.7243467161995,-4144.555093459207,1605.9892028488289,14.382320757325793,,90.0,10.0,59.166666666666664,589.1773473528051,25.762926624738217,100.0,233.7243467161995,6250.21,133.7243467161995,2.1395176596658274,46.73950670527257,,,-81.79698065598102,-5397.621162950369,852.5888370496315
iasi,2,10,2,10.24,fixed_quantitative,120,7.063749999999994,2570.08616205837,11491.613183563748,287.3043001823233,-3662.645556568704,1565.1327304411845,18.242461162511738,,92.5,5.833333333333333,66.66666666666667,642.8915165130543,47.220821488317156,100.0,81.4167442484487,11000.42,187.3043001823233,1.7027013530603674,58.73020528248479,,,-94.6246202742073,-10454.250329831319,546.1696701686813
iasi,2,10,2,10.24,capped_dynamic,120,7.063749999999994,2570.08616205837,11491.613183563748,243.80527240139548,-4144.555093459207,1605.9892028488289,15.014319165593715,,90.0,10.0,59.166666666666664,603.00466973886,50.34432909244858,100.0,243.80527240139548,11000.42,143.80527240139548,1.3072707442206342,76.49524816652864,,,-88.81923865343128,-10079.312268827802,921.1077311721987
iasi,2,10,4,20.48,fixed_quantitative,120,7.063749999999994,2570.08616205837,11491.613183563748,287.3043001823233,-3662.645556568704,1565.1327304411845,18.24246116251173,,92.5,5.833333333333333,66.66666666666667,642.8915165130543,94.44164297663431,100.0,81.41674424844867,20500.84,187.3043001823233,0.9136420760433391,109.45205198195846,,,-97.115657961176,-19954.67032983132,546.1696701686811
iasi,2,10,4,20.48,capped_dynamic,120,7.063749999999994,2570.08616205837,11491.613183563748,243.80527240139543,-4144.555093459207,1605.9892028488289,15.01431916559371,,90.0,10.0,59.166666666666664,603.0046697388599,100.68865818489718,100.0,243.80527240139543,20500.84,143.80527240139543,0.7014603908981067,142.55972439436837,,,-94.00058384280734,-19579.7322688278,921.1077311721983
iasi,3,3,1,5.12,fixed_quantitative,120,15.088916666666668,5496.3862877304155,3447.4839550691245,472.9158756955904,3811.473425603784,4629.00371082104,10.091806221471465,,73.33333333333333,25.833333333333332,70.0,939.1043738353477,16.163201015470435,100.0,227.0206676492021,6250.21,372.9158756955904,5.966453538290559,16.760375214226652,,,-66.59985783485645,-4572.768613632739,1677.4413863672607
iasi,3,3,1,5.12,capped_dynamic,120,15.088916666666668,5496.3862877304155,3447.4839550691245,496.0604126632864,3827.0919424888966,4710.28315501688,10.401240158244903,,70.83333333333333,28.333333333333332,63.333333333333336,986.4346272437778,15.38767227912514,100.0,496.0604126632864,6250.21,396.0604126632864,6.3367536876886765,15.780951087665661,,,-43.40755038414696,-3614.553051104663,2635.656948895337
iasi,3,3,2,10.24,fixed_quantitative,120,15.088916666666668,5496.3862877304155,3447.4839550691245,551.8652429130475,3811.473425603784,4629.00371082104,11.812290294459999,,73.33333333333333,25.833333333333332,70.0,1051.7665192473012,28.86369263716638,100.0,291.48574132647,11000.42,451.8652429130475,4.107709004865701,24.344470331648882,,,-75.12129668298878,-8833.54559597648,2166.8744040235206
iasi,3,3,2,10.24,capped_dynamic,120,15.088916666666668,5496.3862877304155,3447.4839550691245,606.8484257305239,3827.0919424888966,4710.28315501688,12.76059567457942,,70.83333333333333,28.333333333333332,65.0,1168.5192880510751,25.979772732933714,100.0,606.8484257305239,11000.42,506.8484257305239,4.607537037045167,21.703569433297584,,,-58.63381617992964,-7611.749649909645,3388.6703500903545
iasi,3,3,4,20.48,fixed_quantitative,120,15.088916666666668,5496.3862877304155,3447.4839550691245,551.8652429130475,3811.473425603784,4629.00371082104,11.812290294460004,,73.33333333333333,25.833333333333332,70.0,1051.7665192473012,57.72738527433276,100.0,291.48574132646996,20500.84,451.8652429130475,2.204130381550451,45.36936691088892,,,-86.65048917300382,-18333.96559597648,2166.8744040235206
iasi,3,3,4,20.48,capped_dynamic,120,15.088916666666668,5496.3862877304155,3447.4839550691245,606.8484257305239,3827.0919424888966,4710.28315501688,12.76059567457942,,70.83333333333333,28.333333333333332,65.0,1168.5192880510751,51.95954546586743,100.0,606.8484257305239,20500.84,506.8484257305239,2.472330039796047,40.44767421434131,,,-77.80357313076058,-17112.169649909647,3388.6703500903545
iasi,3,5,1,5.12,fixed_quantitative,120,15.088916666666668,5496.3862877304155,5745.806591781874,620.0335348311664,2410.303439517171,4263.670105164725,14.3285618721368,,86.66666666666667,12.5,80.83333333333333,1135.1568976018186,13.371660605574336,100.0,298.7449943140011,6250.21,520.0335348311664,8.320256996663575,12.018859518413917,,,-51.143613224797576,-3818.3902566803463,2431.8197433196538
iasi,3,5,1,5.12,capped_dynamic,120,15.088916666666668,5496.3862877304155,5745.806591781874,610.2560601370836,2349.3041976469185,4364.172909558248,13.772691278121693,,83.33333333333333,16.666666666666668,75.83333333333333,1111.0081680393255,13.66230528763398,100.0,610.2560601370836,6250.21,510.25606013708364,8.163822657752037,12.249163681310987,,,-26.696520468319402,-2838.378350203373,3411.831649796627
iasi,3,5,2,10.24,fixed_quantitative,120,15.088916666666668,5496.3862877304155,5745.806591781874,763.8634458876456,2410.303439517171,4263.670105164725,17.6847523816213,,86.66666666666667,12.5,80.83333333333333,1340.4047282703125,22.64828293823679,100.0,407.93747768732567,11000.42,663.8634458876456,6.034891812200312,16.57030533635037,,,-61.86712894788812,-7703.822367792585,3296.5976322074143
iasi,3,5,2,10.24,capped_dynamic,120,15.088916666666668,5496.3862877304155,5745.806591781874,758.0076837620455,2349.3041976469185,4364.172909558248,17.144722685374333,,83.33333333333333,16.666666666666668,76.66666666666667,1324.8252835698477,22.914618187097656,100.0,758.0076837620455,11000.42,658.0076837620455,5.981659643559477,16.71776830493376,,,-46.06559660982809,-6584.337533191289,4416.082466808711
iasi,3,5,4,20.48,fixed_quantitative,120,15.088916666666668,5496.3862877304155,5745.806591781874,766.2370961982086,2410.303439517171,4263.670105164725,17.74029494188339,,86.66666666666667,12.5,80.83333333333333,1343.7919693068266,45.18238868963632,100.0,410.2722335782875,20500.84,666.2370961982086,3.249803891929348,30.771087525725083,,,-79.43357232245567,-17188.235622175547,3312.604377824451
iasi,3,5,4,20.48,capped_dynamic,120,15.088916666666668,5496.3862877304155,5745.806591781874,760.1080465977383,2349.3041976469185,4364.172909558248,17.192772404098868,,83.33333333333333,16.666666666666668,76.66666666666667,1328.2125246063615,45.71236150120405,100.0,760.1080465977383,20500.84,660.1080465977383,3.219907314030734,31.056794574256962,,,-70.96596251024008,-16070.481608216545,4430.358391783454
iasi,3,10,1,5.12,fixed_quantitative,120,15.088916666666668,5496.3862877304155,11491.613183563748,743.1622056556521,-747.3390500886804,3930.2150590006972,18.702220495471142,,94.16666666666667,5.833333333333333,90.0,1298.773513411556,11.687128365389071,100.0,359.24893468965377,6250.21,643.1622056556521,10.290249538105952,9.717937318204845,,,-38.16940569706552,-3185.473709468343,3064.7362905316572
iasi,3,10,1,5.12,capped_dynamic,120,15.088916666666668,5496.3862877304155,11491.613183563748,717.014619368289,-1101.8777869756043,4031.6709198584954,17.562941504062085,,89.16666666666667,10.0,85.83333333333333,1250.5011882074086,12.138279365065774,100.0,717.014619368289,6250.21,617.014619368289,9.871902213978235,10.129759982671207,,,-11.073810526658264,-2112.7526839629245,4137.4573160370755
iasi,3,10,2,10.24,fixed_quantitative,120,15.088916666666668,5496.3862877304155,11491.613183563748,939.3120140745517,-747.3390500886804,3930.2150590006972,23.68287202017482,,94.16666666666667,5.833333333333333,90.0,1578.6827643337156,19.229870765345943,100.0,490.5481382141821,11000.42,839.3120140745517,7.629817898539798,13.106472700893438,,,-51.52794758250545,-6813.700767571991,4186.7192324280095
iasi,3,10,2,10.24,capped_dynamic,120,15.088916666666668,5496.3862877304155,11491.613183563748,888.3859258805379,-1101.8777869756043,4031.6709198584954,21.80043971874871,,89.16666666666667,10.0,85.83333333333333,1498.760284927032,20.2553175734133,100.0,888.3859258805379,11000.42,788.3859258805379,7.166871136561495,13.95309028089736,,,-35.22522602685416,-5698.171595005449,5302.2484049945515
iasi,3,10,4,20.48,fixed_quantitative,120,15.088916666666668,5496.3862877304155,11491.613183563748,939.3120140745517,-747.3390500886804,3930.2150590006972,23.68287202017482,,94.16666666666667,5.833333333333333,90.0,1578.6827643337156,38.459741530691886,100.0,490.5481382141821,20500.84,839.3120140745517,4.094037191034864,24.425767362099283,,,-73.99067868172936,-16314.12076757199,4186.7192324280095
iasi,3,10,4,20.48,capped_dynamic,120,15.088916666666668,5496.3862877304155,11491.613183563748,888.3859258805379,-1101.8777869756043,4031.6709198584954,21.80043971874871,,89.16666666666667,10.0,85.83333333333333,1498.760284927032,40.5106351468266,100.0,888.3859258805379,20500.84,788.3859258805379,3.8456274273665763,26.003559078129,,,-65.2429013099135,-15198.591595005448,5302.2484049945515
iasi,4,3,1,5.12,fixed_quantitative,120,16.021450000000083,5785.415896985438,3447.4839550691245,291.00293661340754,4302.829025865957,5204.218683433386,5.392925854915324,,71.66666666666667,28.333333333333332,69.16666666666667,680.7926673369172,22.295969826150202,100.0,103.19421837804099,6250.21,191.00293661340754,3.0559443060858364,32.723109449623315,,,-88.5418978023657,-5620.016575756374,630.1934242436266
iasi,4,3,1,5.12,capped_dynamic,120,16.021450000000083,5785.415896985438,3447.4839550691245,255.15593974606867,4219.4980650085845,5193.540847887326,4.751012703699469,,72.5,27.5,64.16666666666667,634.1192299344524,23.93703274126734,100.0,255.15593974606867,6250.21,155.15593974606867,2.4824116269064347,40.28340784264669,,,-78.66074910785514,-5251.953086471239,998.2569135287616
iasi,4,3,2,10.24,fixed_quantitative,120,16.021450000000083,5785.415896985438,3447.4839550691245,298.8585163043588,4302.829025865957,5204.218683433386,5.54350142623654,,71.66666666666667,28.333333333333332,69.16666666666667,692.0027186980565,43.86957553394031,100.0,110.45986097867568,11000.42,198.85851630435877,1.8077356710412764,55.31782195922419,,,-92.86358557574364,-10318.754585730305,681.6654142696955
iasi,4,3,2,10.24,capped_dynamic,120,16.021450000000083,5785.415896985438,3447.4839550691245,261.5455429996324,4219.4980650085845,5193.540847887326,4.872842563395583,,72.5,27.5,64.16666666666667,645.426274291392,47.03537297260803,100.0,261.5455429996324,11000.42,161.5455429996324,1.4685397739325625,68.09485297916905,,,-87.34421410637269,-9958.733686980766,1041.6863130192344
iasi,4,3,4,20.48,fixed_quantitative,120,16.021450000000083,5785.415896985438,3447.4839550691245,298.85851630435866,4302.829025865957,5204.218683433386,5.54350142623654,,71.66666666666667,28.333333333333332,69.16666666666667,692.0027186980564,87.73915106788064,100.0,110.45986097867564,20500.84,198.85851630435866,0.9700017965330137,103.09259256778763,,,-96.17071515309237,-19819.174585730307,681.6654142696949
iasi,4,3,4,20.48,capped_dynamic,120,16.021450000000083,5785.415896985438,3447.4839550691245,261.54554299963235,4219.4980650085845,5193.540847887326,4.872842563395583,,72.5,27.5,64.16666666666667,645.426274291392,94.07074594521606,100.0,261.54554299963235,20500.84,161.54554299963235,0.7879947504572122,126.90439871836425,,,-93.20910946771079,-19459.153686980768,1041.6863130192341
iasi,4,5,1,5.12,fixed_quantitative,120,16.021450000000083,5785.415896985438,5745.806591781874,293.39465863643676,2793.514520483963,4657.263545637526,6.073493736690658,,75.0,25.0,70.0,674.7322530575134,22.49623120878792,100.0,108.78713733566815,6250.21,193.39465863643676,3.094210572707745,32.31842101570028,,,-87.9340632277217,-5593.333703550998,656.8762964490021
iasi,4,5,1,5.12,capped_dynamic,120,16.021450000000083,5785.415896985438,5745.806591781874,270.431127475274,2679.499158655619,4703.416108070391,5.556068900106799,,75.0,25.0,67.5,635.0575718921344,23.90166410201686,100.0,270.431127475274,6250.21,170.43112747527402,2.7268064189087093,36.67293699565987,,,-76.42542644224125,-5148.1293897787045,1102.0806102212955
iasi,4,5,2,10.24,fixed_quantitative,120,16.021450000000083,5785.415896985438,5745.806591781874,327.2914287201522,2793.514520483963,4657.263545637526,6.772689421052812,,75.0,25.0,70.0,723.1035443643634,41.98273646176386,100.0,129.20210718277028,11000.42,227.29142872015223,2.0662068241044635,48.39786551539537,,,-90.94299411223959,-10157.062795491634,843.3572045083649
iasi,4,5,2,10.24,capped_dynamic,120,16.021450000000083,5785.415896985438,5745.806591781874,282.8084123672724,2679.499158655619,4703.416108070391,5.809627804942713,,75.0,25.0,67.5,655.1597993758709,46.33658165005919,100.0,282.8084123672724,11000.42,182.8084123672724,1.6618312061473326,60.174583092486664,,,-85.57630114898598,-9814.212405856473,1186.2075941435264
iasi,4,5,4,20.48,fixed_quantitative,120,16.021450000000083,5785.415896985438,5745.806591781874,327.29142872015217,2793.514520483963,4657.263545637526,6.772689421052812,,75.0,25.0,70.0,723.1035443643635,83.9654729235277,100.0,129.2021071827703,20500.84,227.29142872015217,1.1086932473018285,90.19627407613875,,,-95.14015675904805,-19657.482795491636,843.3572045083647
iasi,4,5,4,20.48,capped_dynamic,120,16.021450000000083,5785.415896985438,5745.806591781874,282.80841236727235,2679.499158655619,4703.416108070391,5.809627804942713,,75.0,25.0,67.5,655.1597993758709,92.67316330011838,100.0,282.80841236727235,20500.84,182.80841236727235,0.8917118145757557,112.14385451153453,,,-92.26047589685733,-19314.632405856475,1186.207594143526
iasi,4,10,1,5.12,fixed_quantitative,120,16.021450000000083,5785.415896985438,11491.613183563748,314.52378279128084,-528.8942483303039,4047.0944850255805,7.569239569345208,,85.0,15.0,77.5,690.7980570012955,21.97303917544133,100.0,113.52030077552878,6250.21,214.52378279128084,3.4322652005497547,29.13527777048893,,,-86.16269197615684,-5503.124724963688,747.0852750363117
iasi,4,10,1,5.12,capped_dynamic,120,16.021450000000083,5785.415896985438,11491.613183563748,304.51621551572373,-866.7695827886247,4129.363242050685,7.180241401180059,,82.5,16.666666666666668,75.83333333333333,675.7240366270047,22.46321271117797,100.0,304.51621551572373,6250.21,204.51621551572373,3.2721495040282447,30.56095079912853,,,-71.43752245003112,-4916.456960923125,1333.7530390768754
iasi,4,10,2,10.24,fixed_quantitative,120,16.021450000000083,5785.415896985438,11491.613183563748,339.82945191662975,-528.8942483303039,4047.0944850255805,8.173989046179782,,85.0,15.0,77.5,726.9096950704659,41.76291187679589,100.0,121.9352920085775,11000.42,239.82945191662975,2.1801845012884034,45.86767768549127,,,-90.80685171832602,-10136.349592227647,864.0704077723534
iasi,4,10,2,10.24,capped_dynamic,120,16.021450000000083,5785.415896985438,11491.613183563748,324.2151000830699,-866.7695827886247,4129.363242050685,7.641698749165393,,82.5,16.666666666666668,75.83333333333333,709.9319948016528,42.76165289056749,100.0,324.2151000830699,11000.42,224.2151000830699,2.03824126790677,49.06190526830901,,,-82.13351934613905,-9532.775904868144,1467.644095131856
iasi,4,10,4,20.48,fixed_quantitative,120,16.021450000000083,5785.415896985438,11491.613183563748,340.54639525688106,-528.8942483303039,4047.0944850255805,8.190238287654998,,85.0,15.0,77.5,727.9327859158816,83.40843035231698,100.0,121.9352920085775,20500.84,240.54639525688106,1.1733489713440086,85.22613684610414,,,-95.05272405829083,-19634.231765438508,866.6082345614925
iasi,4,10,4,20.48,capped_dynamic,120,16.021450000000083,5785.415896985438,11491.613183563748,324.6593868995183,-866.7695827886247,4129.363242050685,7.651568424921154,,82.5,16.666666666666668,75.83333333333333,710.9550856470684,85.40023455908342,100.0,324.6593868995183,20500.84,224.65938689951832,1.0958545449821486,91.25298650071208,,,-90.39331306347964,-19030.17613840156,1470.66386159844
iasi,5,3,1,5.12,fixed_quantitative,120,6.928666666666675,2511.67811635945,3447.4839550691245,183.9073806136622,724.8594261524875,2026.7394358091663,8.863647568979875,,70.83333333333333,27.5,52.5,508.2555106144351,29.86476772373458,100.0,30.00007228952095,6250.21,83.90738061366221,1.3424729827263757,74.48939478611624,,,-101.48336411441326,-6237.512554188399,12.697445811601007
iasi,5,3,1,5.12,capped_dynamic,120,6.928666666666675,2511.67811635945,3447.4839550691245,171.85308881915915,666.3768402036912,2070.591906331438,8.116706132622806,,70.0,29.166666666666668,45.833333333333336,497.24675724845775,30.525956273303173,100.0,171.85308881915915,6250.21,71.85308881915915,1.149610794183862,86.98596125394991,,,-90.85102487324916,-5818.15299717497,432.0570028250301
iasi,5,3,2,10.24,fixed_quantitative,120,6.928666666666675,2511.67811635945,3447.4839550691245,183.9073806136622,724.8594261524875,2026.7394358091663,8.863647568979879,,70.83333333333333,27.5,52.5,508.2555106144352,59.72953544746915,100.0,30.00007228952095,11000.42,83.90738061366221,0.7627652454511937,131.10193548586187,,,-100.84281665805005,-10987.7225541884,12.697445811601007
iasi,5,3,2,10.24,capped_dynamic,120,6.928666666666675,2511.67811635945,3447.4839550691245,171.85308881915915,666.3768402036912,2070.591906331438,8.116706132622806,,70.0,29.166666666666668,45.833333333333336,497.24675724845775,61.051912546606346,100.0,171.85308881915915,11000.42,71.85308881915915,0.6531849585666653,153.0959932381753,,,-94.801742494653,-10568.36299717497,432.0570028250301
iasi,5,3,4,20.48,fixed_quantitative,120,6.928666666666675,2511.67811635945,3447.4839550691245,183.9073806136622,724.8594261524875,2026.7394358091663,8.863647568979875,,70.83333333333333,27.5,52.5,508.2555106144352,119.4590708949383,100.0,30.00007228952094,20500.84,83.90738061366221,0.4092875248705039,244.32701688535315,,,-100.45224182138618,-20488.1425541884,12.697445811600993
iasi,5,3,4,20.48,capped_dynamic,120,6.928666666666675,2511.67811635945,3447.4839550691245,171.85308881915915,666.3768402036912,2070.591906331438,8.116706132622806,,70.0,29.166666666666668,45.833333333333336,497.24675724845775,122.10382509321269,100.0,171.85308881915915,20500.84,71.85308881915915,0.35048851080813836,285.3160572066261,,,-97.21069888712026,-20068.78299717497,432.0570028250301
iasi,5,5,1,5.12,fixed_quantitative,120,6.928666666666675,2511.67811635945,5745.806591781874,240.86456499528785,-531.0558856911388,1905.3514009347177,12.472350096986606,,79.16666666666667,20.0,59.166666666666664,582.223607601945,26.07062401905517,100.0,62.278232706855974,6250.21,140.86456499528785,2.2537573136788662,44.37034963483598,,,-95.13617973712735,-5930.763114133366,319.4468858666338
iasi,5,5,1,5.12,capped_dynamic,120,6.928666666666675,2511.67811635945,5745.806591781874,213.58261420745836,-706.2358183217203,1948.9400722162109,10.786711330115468,,75.0,24.166666666666668,52.5,559.0224120374272,27.152637250243146,100.0,213.58261420745836,6250.21,113.58261420745836,1.8172607673575505,55.0278759087549,,,-84.74445809453579,-5534.5222056034445,715.6877943965553
iasi,5,5,2,10.24,fixed_quantitative,120,6.928666666666675,2511.67811635945,5745.806591781874,241.97132195270706,-531.0558856911388,1905.3514009347177,12.530523959855014,,79.16666666666667,20.0,59.166666666666664,583.8029693836424,52.00019035474785,100.0,63.20967197695996,11000.42,141.97132195270706,1.2905991039679126,77.48339487649778,,,-97.15247965432644,-10674.02164109865,326.39835890134947
iasi,5,5,2,10.24,capped_dynamic,120,6.928666666666675,2511.67811635945,5745.806591781874,214.2204333252875,-706.2358183217203,1948.9400722162109,10.819482881085625,,75.0,24.166666666666668,52.5,560.6017738191248,54.152282342601445,100.0,214.2204333252875,11000.42,114.2204333252875,1.0383279304361788,96.30868733155641,,,-91.27908635509905,-10280.397022310895,720.0229776891039
iasi,5,5,4,20.48,fixed_quantitative,120,6.928666666666675,2511.67811635945,5745.806591781874,241.971321952707,-531.0558856911388,1905.3514009347177,12.53052395985501,,79.16666666666667,20.0,59.166666666666664,583.8029693836424,104.0003807094957,100.0,63.20967197695994,20500.84,141.971321952707,0.6925146577052794,144.40127568037417,,,-98.47206652210572,-20174.441641098652,326.3983589013493
iasi,5,5,4,20.48,capped_dynamic,120,6.928666666666675,2511.67811635945,5745.806591781874,214.22043332528747,-706.2358183217203,1948.9400722162109,10.819482881085625,,75.0,24.166666666666668,52.5,560.6017738191247,108.3045646852029,100.0,214.22043332528747,20500.84,114.22043332528747,0.557150015927579,179.4848732679539,,,-95.32049843432556,-19780.817022310897,720.0229776891035
iasi,5,10,1,5.12,fixed_quantitative,120,6.928666666666675,2511.67811635945,11491.613183563748,320.8599453598818,-3564.0895733218467,1781.1685553431832,17.974091200278,,85.83333333333333,12.5,68.33333333333333,687.7209790029987,22.071353400929237,100.0,107.86895142294435,6250.21,220.8599453598818,3.5336403954408224,28.29942744853781,,,-86.20100138522785,-5499.103057383879,751.1069426161215
iasi,5,10,1,5.12,capped_dynamic,120,6.928666666666675,2511.67811635945,11491.613183563748,267.3215624601322,-4061.437921246038,1823.4149904703677,14.580191929302249,,80.0,17.5,57.5,640.0750408956271,23.714301916176964,100.0,267.3215624601322,6250.21,167.3215624601322,2.677055050312425,37.35448024811053,,,-76.88047035278232,-5169.264746063756,1080.9452539362442
iasi,5,10,2,10.24,fixed_quantitative,120,6.928666666666675,2511.67811635945,11491.613183563748,340.6811890378088,-3564.0895733218467,1781.1685553431832,19.111952292622203,,85.83333333333333,12.5,68.33333333333333,716.0062448156751,42.398883749165634,100.0,119.03458948146108,11000.42,240.6811890378088,2.1879272703933923,45.7053583787636,,,-90.90775828493163,-10142.78249669829,857.6375033017104
iasi,5,10,2,10.24,capped_dynamic,120,6.928666666666675,2511.67811635945,11491.613183563748,283.45728566322725,-4061.437921246038,1823.4149904703677,15.485142292725275,,80.0,17.5,57.5,666.6970996543861,45.53471967007787,100.0,283.45728566322725,11000.42,183.45728566322725,1.6677298290722287,59.96175055262446,,,-85.52235022224198,-9809.80208858474,1190.617911415261
iasi,5,10,4,20.48,fixed_quantitative,120,6.928666666666675,2511.67811635945,11491.613183563748,340.68118903780874,-3564.0895733218467,1781.1685553431832,19.111952292622195,,85.83333333333333,12.5,68.33333333333333,716.0062448156751,84.79776749833127,100.0,119.03458948146111,20500.84,240.68118903780874,1.1740064750410653,85.17840584865779,,,-95.12124978258097,-19643.20249669829,857.6375033017101
iasi,5,10,4,20.48,capped_dynamic,120,6.928666666666675,2511.67811635945,11491.613183563748,283.45728566322725,-4061.437921246038,1823.4149904703677,15.485142292725271,,80.0,17.5,57.5,666.6970996543861,91.06943934015574,100.0,283.45728566322725,20500.84,183.45728566322725,0.8948769204736355,111.74721094278814,,,-92.23152669996719,-19310.22208858474,1190.617911415261
iasi,6,3,1,5.12,fixed_quantitative,68,24.954367647059005,9264.500587182374,3308.562045161291,-23.46450886910792,7915.171906255648,8141.664622335325,-0.9746161692368247,-0.9914203330411947,19.11764705882353,80.88235294117646,11.764705882352942,258.787554375513,58.654029191770434,100.0,-78.84933970488316,6250.21,-123.46450886910792,-1.9753657696158677,,,,-123.89410599209073,-7326.098101665662,-1075.8881016656624
iasi,6,3,1,5.12,capped_dynamic,68,24.954367647059005,9264.500587182374,3308.562045161291,22.740204528474283,7231.459663267065,7493.773599540995,-0.5743656018319212,,32.35294117647059,67.6470588235294,13.235294117647058,418.78154687427775,36.24546707490214,100.0,22.740204528474283,6250.21,-77.25979547152572,-1.2361151940738906,,,,-112.67173280162037,-6831.656146595858,-581.4461465958587
iasi,6,3,2,10.24,fixed_quantitative,68,24.954367647059005,9264.500587182374,3308.562045161291,-23.464508869107924,7915.171906255648,8141.664622335325,-0.9746161692368248,-0.9914203330411948,19.11764705882353,80.88235294117646,11.764705882352942,258.787554375513,117.30805838354087,100.0,-78.84933970488315,11000.42,-123.46450886910793,-1.1223617722696762,,,,-113.5761343851258,-12076.308101665662,-1075.8881016656624
iasi,6,3,2,10.24,capped_dynamic,68,24.954367647059005,9264.500587182374,3308.562045161291,34.98126293726532,7231.459663267065,7493.773599540995,-0.39987373486867595,,32.35294117647059,67.6470588235294,14.705882352941176,452.39932519421563,67.10413532244719,100.0,34.98126293726532,11000.42,-65.01873706273469,-0.5910568602174707,,,,-106.18202566781875,-11498.665078434844,-498.2450784348442
iasi,6,3,4,20.48,fixed_quantitative,68,24.954367647059005,9264.500587182374,3308.562045161291,-23.464508869107945,7915.171906255648,8141.664622335325,-0.9746161692368249,-0.9914203330411949,19.11764705882353,80.88235294117646,11.764705882352942,258.787554375513,234.61611676708173,100.0,-78.84933970488315,20500.84,-123.46450886910795,-0.6022412197212794,,,,-107.2847346846678,-21576.728101665663,-1075.8881016656624
iasi,6,3,4,20.48,capped_dynamic,68,24.954367647059005,9264.500587182374,3308.562045161291,34.98126293726535,7231.459663267065,7493.773599540995,-0.3998737348686753,,32.35294117647059,67.6470588235294,14.705882352941176,452.39932519421563,134.20827064489438,100.0,34.98126293726535,20500.84,-65.01873706273466,-0.3171515755585364,,,,-103.31717523754085,-20999.085078434844,-498.24507843484406
iasi,6,5,1,5.12,fixed_quantitative,68,24.954367647059005,9264.500587182374,5514.270075268818,204.77511077234152,5782.370723100377,6467.501911225957,1.788708042041134,,50.0,50.0,36.76470588235294,568.897824348045,26.681298678199774,100.0,52.58221266365978,6250.21,104.77511077234152,1.6763454471504402,59.65357568154371,,,-98.29156084172955,-6090.092986715984,160.11701328401588
iasi,6,5,1,5.12,capped_dynamic,68,24.954367647059005,9264.500587182374,5514.270075268818,179.79260517626446,5259.079847776109,6050.456182641446,1.3336656345245206,,48.529411764705884,51.470588235294116,26.470588235294116,610.2765818095806,24.87221895980333,100.0,179.79260517626446,6250.21,79.79260517626446,1.2766387877569627,78.33069225140704,,,-89.68918115769745,-5764.189016321925,486.0209836780755
iasi,6,5,2,10.24,fixed_quantitative,68,24.954367647059005,9264.500587182374,5514.270075268818,222.08282384133884,5782.370723100377,6467.501911225957,2.049984912394978,,50.0,50.0,36.76470588235294,593.5962374608051,51.1422809340515,100.0,55.27165857612838,11000.42,122.08282384133884,1.1098014788647963,90.1062053929581,,,-98.25922392420061,-10770.277578179064,230.1424218209353
iasi,6,5,2,10.24,capped_dynamic,68,24.954367647059005,9264.500587182374,5514.270075268818,203.4778887829592,5259.079847776109,6050.456182641446,1.714797056282593,,48.529411764705884,51.470588235294116,26.470588235294116,660.444248197695,45.965826215401044,100.0,203.4778887829592,11000.42,103.47788878295921,0.9406721632715771,106.3069620899683,,,-92.17228112403225,-10353.412863820737,647.0071361792627
iasi,6,5,4,20.48,fixed_quantitative,68,24.954367647059005,9264.500587182374,5514.270075268818,223.08558534949495,5782.370723100377,6467.501911225957,2.0665578638618105,,50.0,50.0,36.76470588235294,595.0271958943822,102.0385815878069,100.0,55.27165857612833,20500.84,123.08558534949495,0.6003928880450505,166.55760251526578,,,-99.04581363755233,-20267.14801592548,233.69198407452137
iasi,6,5,4,20.48,capped_dynamic,68,24.954367647059005,9264.500587182374,5514.270075268818,203.47788878295913,5259.079847776109,6050.456182641446,1.714797056282592,,48.529411764705884,51.470588235294116,26.470588235294116,660.444248197695,91.93165243080209,100.0,203.47788878295913,20500.84,103.47788878295913,0.5047495067663527,198.11807373650345,,,-95.79977233725188,-19853.83286382074,647.0071361792623
iasi,6,10,1,5.12,fixed_quantitative,68,24.954367647059005,9264.500587182374,11028.540150537636,507.91588507108565,1422.6492536867986,3914.9772689341767,10.19727188527096,,77.94117647058823,22.058823529411764,73.52941176470588,979.5653676730647,15.495579233130128,100.0,183.35129187916417,6250.21,407.91588507108565,6.52643487292564,15.322301064374594,,,-67.81442225264762,-4591.111470553681,1659.0985294463192
iasi,6,10,1,5.12,capped_dynamic,68,24.954367647059005,9264.500587182374,11028.540150537636,351.22984094238063,987.3184923719557,3832.9434725588485,6.312233759049972,,66.17647058823529,33.8235294117647,51.470588235294116,847.1856078881092,17.916891679317757,100.0,351.22984094238063,6250.21,251.22984094238063,4.019542398453502,24.878453835559608,,,-64.6015982335609,-4598.9498137976625,1651.260186202338
iasi,6,10,2,10.24,fixed_quantitative,68,24.954367647059005,9264.500587182374,11028.540150537636,639.4000714933635,1422.6492536867986,3914.9772689341767,13.38611665788408,,77.94117647058823,22.058823529411764,73.52941176470588,1167.195630614597,26.00923507709778,100.0,241.3170887626799,11000.42,539.4000714933635,4.90344979094765,20.393805231698682,,,-74.14495652845984,-8687.09515921367,2313.32484078633
iasi,6,10,2,10.24,capped_dynamic,68,24.954367647059005,9264.500587182374,11028.540150537636,403.19415374778646,987.3184923719557,3832.9434725588485,7.816662385998313,,66.17647058823529,33.8235294117647,51.470588235294116,950.9385843133075,31.924107443319784,100.0,403.19415374778646,11000.42,303.19415374778646,2.7562052516884488,36.28176818063172,,,-75.56676253068817,-8995.964347582265,2004.455652417735
iasi,6,10,4,20.48,fixed_quantitative,68,24.954367647059005,9264.500587182374,11028.540150537636,640.4932933401622,1422.6492536867986,3914.9772689341767,13.418573447073017,,77.94117647058823,22.058823529411764,73.52941176470588,1168.755677553698,51.94903626249407,100.0,241.5366250153799,20500.84,540.4932933401622,2.6364446205139016,37.929869348254236,,,-86.09928136343353,-18182.930335519308,2317.9096644806914
iasi,6,10,4,20.48,capped_dynamic,68,24.954367647059005,9264.500587182374,11028.540150537636,403.4063374014435,987.3184923719557,3832.9434725588485,7.824909572171594,,66.17647058823529,33.8235294117647,51.470588235294116,951.4947228188365,63.810896286802716,100.0,403.4063374014435,20500.84,303.4063374014435,1.4799702714690888,67.56892481410134,,,-86.88005247964932,-18494.942159656923,2005.8978403430779
craiova,2,3,1,5.12,fixed_quantitative,120,7.063749999999994,2570.08616205837,3899.357991935484,173.46138262296114,353.3460028654814,1810.5343929024461,9.332999612116522,,82.5,15.833333333333334,53.333333333333336,537.3377404298444,28.24840249759081,100.0,14.78483404259223,6250.21,73.46138262296114,1.175342630454995,85.08157315904411,,,-103.3961326067969,-6324.0466859865455,-73.8366859865454
craiova,2,3,1,5.12,capped_dynamic,120,7.063749999999994,2570.08616205837,3899.357991935484,153.86605056172732,274.7614801916126,1846.5619396326542,8.087914968798342,,77.5,21.666666666666668,49.166666666666664,507.411141349585,29.91446488233606,100.0,153.86605056172732,6250.21,53.86605056172732,0.8618278515718242,116.03245336944886,,,-93.48319116913228,-5940.408830461135,309.8011695388651
craiova,2,3,2,10.24,fixed_quantitative,120,7.063749999999994,2570.08616205837,3899.357991935484,183.45907149927396,353.3460028654814,1810.5343929024461,9.888403031226593,,82.5,15.833333333333334,53.333333333333336,553.0914717242686,54.88760375019971,100.0,23.93616819729372,11000.42,83.45907149927396,0.758689863653151,131.8061632173286,,,-101.1370807652545,-11009.060203208543,-8.640203208541834
craiova,2,3,2,10.24,capped_dynamic,120,7.063749999999994,2570.08616205837,3899.357991935484,164.66745652164678,274.7614801916126,1846.5619396326542,8.676331580135766,,77.5,21.666666666666668,49.166666666666664,523.1648726440093,58.02733922901133,100.0,164.66745652164678,11000.42,64.66745652164678,0.5878635226804684,170.10750989282715,,,-95.39919584048984,-10617.202914655958,383.2170853440416
craiova,2,3,4,20.48,fixed_quantitative,120,7.063749999999994,2570.08616205837,3899.357991935484,183.45907149927396,353.3460028654814,1810.5343929024461,9.888403031226593,,82.5,15.833333333333334,53.333333333333336,553.0914717242686,109.77520750039942,100.0,23.93616819729372,20500.84,83.45907149927396,0.4071007407465936,245.63944496049592,,,-100.61013919389258,-20509.480203208543,-8.640203208541834
craiova,2,3,4,20.48,capped_dynamic,120,7.063749999999994,2570.08616205837,3899.357991935484,164.66745652164676,274.7614801916126,1846.5619396326542,8.676331580135772,,77.5,21.666666666666668,49.166666666666664,523.1648726440093,116.05467845802266,100.0,164.66745652164676,20500.84,64.66745652164676,0.3154380821549105,317.01942681381877,,,-97.53128271366643,-20117.62291465596,383.2170853440413
craiova,2,5,1,5.12,fixed_quantitative,120,7.063749999999994,2570.08616205837,6498.92998655914,196.32045101843332,-1091.08475603857,1626.2379975655015,11.9017651646174,,86.66666666666667,12.5,47.5,564.9586209137182,26.86733542406884,100.0,25.69231719745775,6250.21,96.32045101843332,1.541075436160278,64.88975014043349,,,-101.0136385473786,-6207.603708379223,42.606291620777554
craiova,2,5,1,5.12,capped_dynamic,120,7.063749999999994,2570.08616205837,6498.92998655914,165.64157653901728,-1288.6970223035091,1667.4837092965395,9.736593644444403,,81.66666666666667,17.5,46.666666666666664,528.5743233906703,28.716742560325695,100.0,165.64157653901728,6250.21,65.64157653901728,1.0502299368983967,95.217243849786,,,-91.75999793686613,-5860.371932772231,389.8380672277687
craiova,2,5,2,10.24,fixed_quantitative,120,7.063749999999994,2570.08616205837,6498.92998655914,204.79415131975742,-1091.08475603857,1626.2379975655015,12.425917123287228,,86.66666666666667,12.5,47.5,578.3109465629811,52.494018517268906,100.0,33.41625548429421,11000.42,104.79415131975742,0.952637729466306,104.97169795702168,,,-99.9056896094249,-10902.660989002467,97.75901099753328
craiova,2,5,2,10.24,capped_dynamic,120,7.063749999999994,2570.08616205837,6498.92998655914,174.87662867425,-1288.6970223035091,1667.4837092965395,10.293761521926498,,81.66666666666667,17.5,46.666666666666664,541.9266490399334,56.01840321268171,100.0,174.87662867425,11000.42,74.87662867424999,0.6806706350689337,146.91393288895546,,,-94.55034861198514,-10547.81234402309,452.60765597690914
craiova,2,5,4,20.48,fixed_quantitative,120,7.063749999999994,2570.08616205837,6498.92998655914,204.79415131975742,-1091.08475603857,1626.2379975655015,12.425917123287231,,86.66666666666667,12.5,47.5,578.3109465629811,104.98803703453781,100.0,33.416255484294204,20500.84,104.79415131975742,0.5111700365436608,195.62961999134836,,,-99.94939456594508,-20403.08098900247,97.75901099753328
craiova,2,5,4,20.48,capped_dynamic,120,7.063749999999994,2570.08616205837,6498.92998655914,174.87662867425,-1288.6970223035091,1667.4837092965395,10.293761521926498,,81.66666666666667,17.5,46.666666666666664,541.9266490399334,112.03680642536342,100.0,174.87662867425,20500.84,74.87662867424999,0.36523688138754307,273.79491255126743,,,-97.07580498546662,-20048.23234402309,452.60765597690914
craiova,2,10,1,5.12,fixed_quantitative,120,7.063749999999994,2570.08616205837,12997.85997311828,228.6871797220726,-4540.354797137714,1447.7505520524778,15.73016896381311,,90.83333333333333,8.333333333333334,51.666666666666664,606.5464995548843,25.025175777862565,100.0,44.26566311298766,6250.21,128.6871797220726,2.058925695649788,48.569018401822625,,,-97.38816947816971,-6032.537170781378,217.67282921862147
craiova,2,10,1,5.12,capped_dynamic,120,7.063749999999994,2570.08616205837,12997.85997311828,182.74934980357563,-5087.809028005744,1487.2983922849126,12.167886384610853,,87.5,11.666666666666666,45.0,556.9500640710129,27.253669131229074,100.0,182.74934980357563,6250.21,82.74934980357563,1.3239451123014367,75.531832151386,,,-89.2565004994281,-5744.0923626620615,506.11763733793885
craiova,2,10,2,10.24,fixed_quantitative,120,7.063749999999994,2570.08616205837,12997.85997311828,238.46309688099123,-4540.354797137714,1447.7505520524778,16.412723786994505,,90.83333333333333,8.333333333333334,51.666666666666664,621.9507768817214,48.81072050399529,100.0,52.05286077149956,11000.42,138.46309688099123,1.2587073664550192,79.44658358649049,,,-97.79419891656619,-10722.778838991102,277.64116100889856
craiova,2,10,2,10.24,capped_dynamic,120,7.063749999999994,2570.08616205837,12997.85997311828,192.62583527778744,-5087.809028005744,1487.2983922849126,12.838397094187426,,87.5,11.666666666666666,45.0,572.3543413978499,53.04033418087476,100.0,192.62583527778744,11000.42,92.62583527778744,0.8420208980910496,118.76189798461127,,,-93.07458107585555,-10427.173025174297,573.2469748257031
craiova,2,10,4,20.48,fixed_quantitative,120,7.063749999999994,2570.08616205837,12997.85997311828,238.46309688099123,-4540.354797137714,1447.7505520524778,16.412723786994512,,90.83333333333333,8.333333333333334,51.666666666666664,621.9507768817214,97.62144100799058,100.0,52.05286077149957,20500.84,138.46309688099123,0.6754020658714045,148.05995577016765,,,-98.81640272524311,-20223.198838991102,277.64116100889856
craiova,2,10,4,20.48,capped_dynamic,120,7.063749999999994,2570.08616205837,12997.85997311828,192.62583527778744,-5087.809028005744,1487.2983922849126,12.838397094187423,,87.5,11.666666666666666,45.0,572.3543413978499,106.08066836174952,100.0,192.62583527778744,20500.84,92.62583527778744,0.45181482943034257,221.32961002205715,,,-96.28393193442137,-19927.593025174298,573.2469748257031
craiova,3,3,1,5.12,fixed_quantitative,120,15.088916666666668,5496.3862877304155,3899.357991935484,482.92765920781295,3273.8629876983805,4276.175267051676,11.11096957332786,,77.5,22.5,73.33333333333333,1035.1699415773094,14.663227900222617,100.0,213.00805638059657,6250.21,382.92765920781295,6.126636692332145,16.322169082615268,,,-67.06978843860763,-4582.969480331447,1667.2405196685534
craiova,3,3,1,5.12,capped_dynamic,120,15.088916666666668,5496.3862877304155,3899.357991935484,500.2934238115635,3292.7211654073685,4370.112568827536,11.260767328677494,,77.5,22.5,68.33333333333333,1059.1824815837251,14.330800435928822,100.0,500.2934238115635,6250.21,400.2934238115635,6.404479590470776,15.614071149323355,,,-42.78810491930013,-3585.7817604766233,2664.4282395233768
craiova,3,3,2,10.24,fixed_quantitative,120,15.088916666666668,5496.3862877304155,3899.357991935484,577.7712017761886,3273.8629876983805,4276.175267051676,13.337752171704434,,77.5,22.5,73.33333333333333,1184.6184494393112,25.626703308550567,100.0,292.5849700877084,11000.42,477.7712017761886,4.34320872999566,23.024451785926466,,,-74.10257393236905,-8738.263721055817,2262.1562789441823
craiova,3,3,2,10.24,capped_dynamic,120,15.088916666666668,5496.3862877304155,3899.357991935484,607.9365461863991,3292.7211654073685,4370.112568827536,13.726264681204443,,77.5,22.5,69.16666666666667,1234.9212940648938,24.58283429358468,100.0,607.9365461863991,11000.42,507.93654618639914,4.6174286635092034,21.657075244125355,,,-58.54334380671047,-7604.35382013796,3396.0661798620404
craiova,3,3,4,20.48,fixed_quantitative,120,15.088916666666668,5496.3862877304155,3899.357991935484,577.7712017761886,3273.8629876983805,4276.175267051676,13.337752171704434,,77.5,22.5,73.33333333333333,1184.6184494393112,51.253406617101135,100.0,292.5849700877084,20500.84,477.7712017761886,2.3304957346927666,42.90932547584481,,,-86.1038589802716,-18238.68372105582,2262.1562789441823
craiova,3,3,4,20.48,capped_dynamic,120,15.088916666666668,5496.3862877304155,3899.357991935484,607.9365461863993,3292.7211654073685,4370.112568827536,13.726264681204443,,77.5,22.5,69.16666666666667,1234.9212940648938,49.16566858716936,100.0,607.9365461863993,20500.84,507.93654618639926,2.477637726973135,40.36102571063421,,,-77.75502711489938,-17104.773820137958,3396.0661798620413
craiova,3,5,1,5.12,fixed_quantitative,120,15.088916666666668,5496.3862877304155,6498.92998655914,583.0662229948056,1762.3472686369703,3974.856836158089,14.444389606699424,,90.0,10.0,83.33333333333333,1180.9325549745738,12.853344337801774,100.0,255.10012538923752,6250.21,483.06622299480557,7.7287998802409135,12.93861939104612,,,-57.09113058218682,-4091.4022878399765,2158.8077121600236
craiova,3,5,1,5.12,capped_dynamic,120,15.088916666666668,5496.3862877304155,6498.92998655914,576.4747578801257,1679.9882444575155,4079.6670221151257,13.902430924784253,,83.33333333333333,16.666666666666668,76.66666666666667,1154.9905241466643,13.142040953126255,100.0,576.4747578801257,6250.21,476.4747578801257,7.623339981858621,13.117609897757614,,,-31.639969409673913,-3067.9859819773137,3182.2240180226863
craiova,3,5,2,10.24,fixed_quantitative,120,15.088916666666668,5496.3862877304155,6498.92998655914,712.8621404498048,1762.3472686369703,3974.856836158089,17.674640871239443,,90.0,10.0,83.33333333333333,1385.4568237327205,21.911809171956566,100.0,341.6268015763774,11000.42,612.8621404498048,5.571261283203776,17.94925689475016,,,-66.8082706767843,-8100.336504907107,2900.083495092893
craiova,3,5,2,10.24,capped_dynamic,120,15.088916666666668,5496.3862877304155,6498.92998655914,709.1275545080521,1679.9882444575155,4079.6670221151257,17.121709393606167,,83.33333333333333,16.666666666666668,76.66666666666667,1359.1387412250415,22.33610492940094,100.0,709.1275545080521,11000.42,609.1275545080521,5.537311798168179,18.059304522653285,,,-50.12976181597791,-6916.570158015629,4083.8498419843713
craiova,3,5,4,20.48,fixed_quantitative,120,15.088916666666668,5496.3862877304155,6498.92998655914,712.8621404498048,1762.3472686369703,3974.856836158089,17.674640871239436,,90.0,10.0,83.33333333333333,1385.4568237327205,43.82361834391313,100.0,341.6268015763774,20500.84,612.8621404498048,2.9894489223358884,33.4509813005476,,,-82.18985353372406,-17600.756504907105,2900.083495092893
craiova,3,5,4,20.48,capped_dynamic,120,15.088916666666668,5496.3862877304155,6498.92998655914,709.1275545080521,1679.9882444575155,4079.6670221151257,17.12170939360617,,83.33333333333333,16.666666666666668,76.66666666666667,1359.1387412250415,44.67220985880188,100.0,709.1275545080521,20500.84,609.1275545080521,2.971232176379368,33.65607063459317,,,-73.24043475661094,-16416.99015801563,4083.8498419843713
craiova,3,10,1,5.12,fixed_quantitative,120,15.088916666666668,5496.3862877304155,12997.85997311828,655.5029514726266,-1752.4902329090935,3681.9944596652986,17.617547536088416,,94.16666666666667,5.833333333333333,90.0,1285.3228735766254,11.809431762908183,100.0,297.0279630301924,6250.21,555.5029514726266,8.887748595209226,11.251443369348129,,,-48.94828007597679,-3698.428612362702,2551.781387637298
craiova,3,10,1,5.12,capped_dynamic,120,15.088916666666668,5496.3862877304155,12997.85997311828,619.9626860448378,-2170.1880798716015,3783.5617812994124,16.173275206236774,,89.16666666666667,10.833333333333334,80.0,1214.0879335501295,12.502333932619951,100.0,619.9626860448378,6250.21,519.9626860448378,8.319123454169345,12.020497177485977,,,-25.276083529482055,-2772.4035286810326,3477.8064713189674
craiova,3,10,2,10.24,fixed_quantitative,120,15.088916666666668,5496.3862877304155,12997.85997311828,832.9104703429138,-1752.4902329090935,3681.9944596652986,22.451523939252844,,94.16666666666667,5.833333333333333,90.0,1564.8705186843574,19.399602187623408,100.0,405.7112561110242,11000.42,732.9104703429138,6.662568068700229,15.009227518407712,,,-59.38788832252969,-7466.661623107573,3533.7583768924273
craiova,3,10,2,10.24,capped_dynamic,120,15.088916666666668,5496.3862877304155,12997.85997311828,786.8407277699831,-2170.1880798716015,3783.5617812994124,20.584721371836043,,89.16666666666667,10.833333333333334,80.83333333333333,1479.4025307811346,20.520355282606744,100.0,786.8407277699831,11000.42,686.8407277699831,6.243768217667899,16.015969285507985,,,-43.66825732221004,-6388.362644445465,4612.057355554535
craiova,3,10,4,20.48,fixed_quantitative,120,15.088916666666668,5496.3862877304155,12997.85997311828,837.8316547592857,-1752.4902329090935,3681.9944596652986,22.58733827876736,,94.16666666666667,5.833333333333333,90.0,1572.6250125383833,38.60788846110953,100.0,409.09446054638585,20500.84,737.8316547592857,3.599031331200506,27.785254085755252,,,-78.02640615371446,-16938.64224940895,3562.19775059105
craiova,3,10,4,20.48,capped_dynamic,120,15.088916666666668,5496.3862877304155,12997.85997311828,791.3176144088068,-2170.1880798716015,3783.5617812994124,20.704936178523862,,89.16666666666667,10.833333333333334,80.83333333333333,1487.1570246351607,40.82671168508791,100.0,791.3176144088068,20500.84,691.3176144088068,3.372142870286324,29.65473405090608,,,-69.57356136035268,-15858.353760116443,4642.486239883558
craiova,4,3,1,5.12,fixed_quantitative,120,16.021450000000083,5785.415896985438,3899.357991935484,247.58223020875283,3701.1709766494855,4761.912927124652,5.007424421414198,,71.66666666666667,28.333333333333332,61.666666666666664,667.2583058804652,22.748211052658554,100.0,78.49594361379079,6250.21,147.58223020875283,2.3612363457988264,42.35069487132138,,,-93.38796518968361,-5854.161334867511,396.04866513248925
craiova,4,3,1,5.12,capped_dynamic,120,16.021450000000083,5785.415896985438,3899.357991935484,225.08918709202388,3631.1668813622014,4774.846032971483,4.551600399634315,,71.66666666666667,28.333333333333332,61.666666666666664,628.3424950449947,24.157100448412734,100.0,225.08918709202388,6250.21,125.08918709202388,2.0013597477848566,49.96602940110189,,,-83.0606226073142,-5456.313351197449,793.8966488025504
craiova,4,3,2,10.24,fixed_quantitative,120,16.021450000000083,5785.415896985438,3899.357991935484,266.22956542687376,3701.1709766494855,4761.912927124652,5.384791762097196,,71.66666666666667,28.333333333333332,61.666666666666664,696.641607563251,43.57745102794498,100.0,89.58690822878037,11000.42,166.22956542687376,1.5111201702014447,66.17607386358239,,,-95.0385421755817,-10502.239378934972,498.18062106502754
craiova,4,3,2,10.24,capped_dynamic,120,16.021450000000083,5785.415896985438,3899.357991935484,233.50750862254588,3631.1668813622014,4774.846032971483,4.722686656549156,,71.66666666666667,28.333333333333332,61.666666666666664,644.6332142338073,47.09323824354743,100.0,233.50750862254588,11000.42,133.50750862254588,1.2136582841613854,82.39551552939638,,,-89.67545188138078,-10149.304986569821,851.1150134301784
craiova,4,3,4,20.48,fixed_quantitative,120,16.021450000000083,5785.415896985438,3899.357991935484,266.22956542687376,3701.1709766494855,4761.912927124652,5.384791762097196,,71.66666666666667,28.333333333333332,61.666666666666664,696.641607563251,87.15490205588996,100.0,89.58690822878036,20500.84,166.22956542687376,0.810842704137361,123.32848219481478,,,-97.33776177557175,-20002.65937893497,498.18062106502754
craiova,4,3,4,20.48,capped_dynamic,120,16.021450000000083,5785.415896985438,3899.357991935484,233.50750862254588,3631.1668813622014,4774.846032971483,4.722686656549156,,71.66666666666667,28.333333333333332,61.666666666666664,644.6332142338073,94.18647648709486,100.0,233.50750862254588,20500.84,133.50750862254588,0.6512294550981612,153.55570792621285,,,-94.46001404747213,-19649.72498656982,851.1150134301784
craiova,4,5,1,5.12,fixed_quantitative,120,16.021450000000083,5785.415896985438,6498.92998655914,241.842587723314,2071.7727265199383,4254.961911672553,5.475666920525185,,76.66666666666667,23.333333333333332,61.666666666666664,648.1907064586072,23.417387225031945,100.0,71.01196879599485,6250.21,141.842587723314,2.2694051515599316,44.064410416651484,,,-94.36838200383242,-5898.8544871024715,351.3555128975283
craiova,4,5,1,5.12,capped_dynamic,120,16.021450000000083,5785.415896985438,6498.92998655914,231.25149508870348,1959.4500404091311,4324.647002878051,5.166146731226168,,75.0,24.166666666666668,62.5,618.6033060980304,24.537425874026617,100.0,231.25149508870348,6250.21,131.25149508870348,2.0999533629862595,47.6201051711901,,,-82.15884994293411,-5414.428851463938,835.7811485360618
craiova,4,5,2,10.24,fixed_quantitative,120,16.021450000000083,5785.415896985438,6498.92998655914,263.557178362991,2071.7727265199383,4254.961911672553,5.957564970401226,,76.66666666666667,23.333333333333332,61.666666666666664,682.407196923357,44.48643811859741,100.0,78.55287194989755,11000.42,163.557178362991,1.486826669917976,67.25733538632093,,,-95.64339747937781,-10547.637998253364,452.78200174663635
craiova,4,5,2,10.24,capped_dynamic,120,16.021450000000083,5785.415896985438,6498.92998655914,244.81022136064286,1959.4500404091311,4324.647002878051,5.460486643257457,,75.0,24.166666666666668,62.5,643.244753903013,47.19489020845357,100.0,244.81022136064286,11000.42,144.81022136064286,1.3164062950382154,75.96438909242453,,,-88.73568162000147,-10072.481746166735,927.9382538332649
craiova,4,5,4,20.48,fixed_quantitative,120,16.021450000000083,5785.415896985438,6498.92998655914,264.18163759323215,2071.7727265199383,4254.961911672553,5.9710304111554064,,76.66666666666667,23.333333333333332,61.666666666666664,683.3911806259155,88.84476826233485,100.0,78.55287194989756,20500.84,164.18163759323215,0.800853221591077,124.8668261598889,,,-97.64979158766539,-20045.847545524037,454.992454475963
craiova,4,5,4,20.48,capped_dynamic,120,16.021450000000083,5785.415896985438,6498.92998655914,245.25604794352557,1959.4500404091311,4324.647002878051,5.469943968008599,,75.0,24.166666666666668,62.5,644.2287376055714,94.2456111177177,100.0,245.25604794352557,20500.84,145.25604794352557,0.7085370547915382,141.1358789547308,,,-93.93585812967606,-19569.871514084534,930.9684859154661
craiova,4,10,1,5.12,fixed_quantitative,120,16.021450000000083,5785.415896985438,12997.85997311828,278.28040283874327,-1564.5877311021336,3750.116645818009,7.256583987662334,,87.5,12.5,64.16666666666667,693.4395726116843,21.889337396249513,100.0,80.66709839349855,6250.21,178.28040283874327,2.8523906050955614,35.05831207737055,,,-91.19337476798644,-5738.424675316543,511.7853246834572
craiova,4,10,1,5.12,capped_dynamic,120,16.021450000000083,5785.415896985438,12997.85997311828,256.19688042993437,-1954.0483625317218,3835.702531505126,6.519898168229683,,82.5,17.5,60.833333333333336,663.6036161792623,22.873493149723682,100.0,256.19688042993437,6250.21,156.19688042993437,2.4990661182573763,40.0149476916325,,,-78.50842114007796,-5244.877932191467,1005.3320678085325
craiova,4,10,2,10.24,fixed_quantitative,120,16.021450000000083,5785.415896985438,12997.85997311828,319.3330297515234,-1564.5877311021336,3750.116645818009,8.343143252532963,,87.5,12.5,64.16666666666667,758.127728175964,40.04320698130471,100.0,97.07168047694364,11000.42,219.33302975152338,1.9938605048854807,50.15395999618519,,,-92.71089580930908,-10289.885783713344,710.5342162866556
craiova,4,10,2,10.24,capped_dynamic,120,16.021450000000083,5785.415896985438,12997.85997311828,292.9846913331332,-1954.0483625317218,3835.702531505126,7.471918137626501,,82.5,17.5,60.833333333333336,728.2917717435419,41.683658549291636,100.0,292.9846913331332,11000.42,192.98469133313318,1.7543393009824462,57.00151615140759,,,-84.7301888425676,-9745.045406436224,1255.3745935637753
craiova,4,10,4,20.48,fixed_quantitative,120,16.021450000000083,5785.415896985438,12997.85997311828,321.39784332872676,-1564.5877311021336,3750.116645818009,8.39749225547592,,87.5,12.5,64.16666666666667,761.3813319508732,79.74418143358216,100.0,97.8303569573493,20500.84,221.39784332872676,1.0799452282380955,92.59728862652376,,,-96.02873697229403,-19780.525699557904,720.3143004420965
craiova,4,10,4,20.48,capped_dynamic,120,16.021450000000083,5785.415896985438,12997.85997311828,294.276739110349,-1954.0483625317218,3835.702531505126,7.504846796265872,,82.5,17.5,60.833333333333336,731.4023190668381,83.0127680654571,100.0,294.276739110349,20500.84,194.276739110349,0.9476525796520973,105.52390416824704,,,-91.74882154005842,-19236.68350608174,1264.1564939182597
craiova,5,3,1,5.12,fixed_quantitative,120,6.928666666666675,2511.67811635945,3899.357991935484,167.44350368699088,372.22636682265573,1895.9403950104374,8.653484797454704,,70.83333333333333,28.333333333333332,53.333333333333336,523.3631717895449,29.002676510283724,100.0,17.001610973889562,6250.21,67.44350368699088,1.0790598025824873,92.6732696006954,,,-103.61351700415854,-6338.128436407301,-87.91843640730052
craiova,5,3,1,5.12,capped_dynamic,120,6.928666666666675,2511.67811635945,3899.357991935484,152.01862327369508,296.17749088653517,1941.586711770449,7.6587849437418924,,67.5,30.0,46.666666666666664,506.7027636098251,29.956285733812198,100.0,152.01862327369508,6250.21,52.018623273695084,0.8322700081068489,120.15331446037371,,,-93.75353783610751,-5952.965581567208,297.2444184327924
craiova,5,3,2,10.24,fixed_quantitative,120,6.928666666666675,2511.67811635945,3899.357991935484,167.44350368699082,372.22636682265573,1895.9403950104374,8.653484797454702,,70.83333333333333,28.333333333333332,53.333333333333336,523.3631717895449,58.00535302056745,100.0,17.00161097388957,11000.42,67.44350368699082,0.6130993515428577,163.1057017893611,,,-102.05312525472316,-11088.3384364073,-87.91843640730075
craiova,5,3,2,10.24,capped_dynamic,120,6.928666666666675,2511.67811635945,3899.357991935484,152.01862327369508,296.17749088653517,1941.586711770449,7.658784943741895,,67.5,30.0,46.666666666666664,506.70276360982524,59.91257146762438,100.0,152.01862327369508,11000.42,52.018623273695084,0.4728785198537427,211.47080233403105,,,-96.45089003134586,-10703.175581567208,297.2444184327924
craiova,5,3,4,20.48,fixed_quantitative,120,6.928666666666675,2511.67811635945,3899.357991935484,167.44350368699082,372.22636682265573,1895.9403950104374,8.653484797454702,,70.83333333333333,28.333333333333332,53.333333333333336,523.3631717895449,116.0107060411349,100.0,17.00161097388955,20500.84,67.44350368699082,0.3289792207879815,303.9705661666923,,,-101.1016738882193,-20588.7584364073,-87.91843640730079
craiova,5,3,4,20.48,capped_dynamic,120,6.928666666666675,2511.67811635945,3899.357991935484,152.01862327369508,296.17749088653517,1941.586711770449,7.658784943741895,,67.5,30.0,46.666666666666664,506.7027636098251,119.82514293524879,100.0,152.01862327369508,20500.84,52.018623273695084,0.2537389847132853,394.1057780813457,,,-98.09560484929483,-20203.595581567206,297.2444184327924
craiova,5,5,1,5.12,fixed_quantitative,120,6.928666666666675,2511.67811635945,6498.92998655914,214.21606163756155,-1028.5463073680628,1787.8005320717339,11.875951503846558,,76.66666666666667,22.5,60.0,589.8796176823303,25.732255046287392,100.0,40.828852050959114,6250.21,114.21606163756155,1.827395585709305,54.72268882666964,,,-98.61707876717037,-6094.955878548693,155.25412145130704
craiova,5,5,1,5.12,capped_dynamic,120,6.928666666666675,2511.67811635945,6498.92998655914,181.21210393376467,-1236.456984929922,1832.2988114383545,9.768449176316778,,71.66666666666667,28.333333333333332,50.833333333333336,554.583727257676,27.369957001561353,100.0,181.21210393376467,6250.21,81.21210393376467,1.2993500047800741,76.96155741880021,,,-89.48145619858718,-5754.540846291755,495.6691537082449
craiova,5,5,2,10.24,fixed_quantitative,120,6.928666666666675,2511.67811635945,6498.92998655914,219.44304650565647,-1028.5463073680628,1787.8005320717339,12.17482228437221,,76.66666666666667,22.5,60.0,598.1159727150504,50.75581813976951,100.0,43.53542076398576,11000.42,119.44304650565647,1.0858044193372296,92.09761741533487,,,-98.89499539876235,-10817.847905247401,182.57209475259805
craiova,5,5,2,10.24,capped_dynamic,120,6.928666666666675,2511.67811635945,6498.92998655914,184.71218523316693,-1236.456984929922,1832.2988114383545,9.963744920384107,,71.66666666666667,28.333333333333332,50.833333333333336,561.6824969085988,54.04808891980927,100.0,184.71218523316693,11000.42,84.71218523316693,0.7700813717400511,129.85640695871297,,,-93.73256585731693,-10480.96119567204,519.4588043279598
craiova,5,5,4,20.48,fixed_quantitative,120,6.928666666666675,2511.67811635945,6498.92998655914,219.44304650565647,-1028.5463073680628,1787.8005320717339,12.174822284372214,,76.66666666666667,22.5,60.0,598.1159727150504,101.51163627953902,100.0,43.535420763985734,20500.84,119.44304650565647,0.582625133924544,171.63694831770002,,,-99.40707235822792,-20318.2679052474,182.57209475259788
craiova,5,5,4,20.48,capped_dynamic,120,6.928666666666675,2511.67811635945,6498.92998655914,184.71218523316688,-1236.456984929922,1832.2988114383545,9.963744920384107,,71.66666666666667,28.333333333333332,50.833333333333336,561.6824969085988,108.09617783961853,100.0,184.71218523316688,20500.84,84.71218523316688,0.41321324020463,242.00579814547652,,,-96.63699595275835,-19981.381195672042,519.4588043279593
craiova,5,10,1,5.12,fixed_quantitative,120,6.928666666666675,2511.67811635945,12997.85997311828,267.1894333416749,-4441.554424201384,1672.5678634987812,15.954140818183363,,78.33333333333333,20.0,62.5,664.7778836810255,22.833089279022094,100.0,68.31513884742085,6250.21,167.18943334167489,2.674941055447335,37.384001339527394,,,-92.91795748290312,-5817.91588945905,432.2941105409497
craiova,5,10,1,5.12,capped_dynamic,120,6.928666666666675,2511.67811635945,12997.85997311828,214.38066052900254,-5009.6804329620145,1714.7296988410972,12.440488504930896,,71.66666666666667,25.833333333333332,50.833333333333336,608.2131922457728,24.956599038507154,100.0,214.38066052900254,6250.21,114.38066052900254,1.83002907948697,54.643940427457025,,,-84.62767451960487,-5529.09797640879,721.1120235912106
craiova,5,10,2,10.24,fixed_quantitative,120,6.928666666666675,2511.67811635945,12997.85997311828,286.4836788656928,-4441.554424201384,1672.5678634987812,17.133871133543384,,78.33333333333333,20.0,62.5,695.180546063747,43.66903779098656,100.0,78.3058318749663,11000.42,186.4836788656928,1.6952414441057053,58.988647515489006,,,-94.79766298615881,-10467.287701211955,533.1322987880451
craiova,5,10,2,10.24,capped_dynamic,120,6.928666666666675,2511.67811635945,12997.85997311828,226.75163741302413,-5009.6804329620145,1714.7296988410972,13.178053670832506,,71.66666666666667,25.833333333333332,50.833333333333336,630.0286347734246,48.18489805393361,100.0,226.75163741302413,11000.42,126.75163741302413,1.1522436180893467,86.78720231561816,,,-90.2371725054056,-10195.223867292323,805.1961327076765
craiova,5,10,4,20.48,fixed_quantitative,120,6.928666666666675,2511.67811635945,12997.85997311828,286.48367886569275,-4441.554424201384,1672.5678634987812,17.133871133543373,,78.33333333333333,20.0,62.5,695.180546063747,87.33807558197311,100.0,78.30583187496624,20500.84,186.48367886569275,0.9096392092504149,109.93369567084147,,,-97.20850988867777,-19967.707701211955,533.1322987880447
craiova,5,10,4,20.48,capped_dynamic,120,6.928666666666675,2511.67811635945,12997.85997311828,226.75163741302407,-5009.6804329620145,1714.7296988410972,13.178053670832506,,71.66666666666667,25.833333333333332,50.833333333333336,630.0286347734246,96.36979610786722,100.0,226.75163741302407,20500.84,126.75163741302407,0.6182753360985407,161.74023798365135,,,-94.76142427197685,-19695.643867292325,805.1961327076762
craiova,6,3,1,5.12,fixed_quantitative,68,24.954367647059005,9264.500587182374,3675.2563623167157,-18.2251441555676,7143.68955203568,7440.2034724088,-0.7270131589402273,-0.7457204990391253,23.529411764705884,76.47058823529412,14.705882352941176,277.61477925517147,54.67624169553452,100.0,-87.68329663738957,6250.21,-118.2251441555676,-1.8915387507870554,,,,-124.26091700522989,-7336.324929932419,-1086.114929932419
craiova,6,3,1,5.12,capped_dynamic,68,24.954367647059005,9264.500587182374,3675.2563623167157,29.572822069190494,6469.849996873524,6802.042714803967,-0.30382066865989255,-0.3137616154509727,35.294117647058826,63.23529411764706,13.235294117647058,428.57328730753306,35.41735618700895,100.0,29.572822069190494,6250.21,-70.4271779308095,-1.1267969865142051,,,,-111.67186915837145,-6785.215629874281,-535.0056298742808
craiova,6,3,2,10.24,fixed_quantitative,68,24.954367647059005,9264.500587182374,3675.2563623167157,-17.570167535672034,7143.68955203568,7440.2034724088,-0.7170900023424308,-0.7355420019938461,23.529411764705884,76.47058823529412,14.705882352941176,278.64685034696265,108.94745625086284,100.0,-87.68329663738955,11000.42,-117.57016753567203,-1.068778896948226,,,,-113.76006440071988,-12084.216452140787,-1083.7964521407876
craiova,6,3,2,10.24,capped_dynamic,68,24.954367647059005,9264.500587182374,3675.2563623167157,39.645488126781615,6469.849996873524,6802.042714803967,-0.1468352511174262,-0.15163966888416888,35.294117647058826,63.23529411764706,14.705882352941176,454.3931139674949,66.80969540350053,100.0,39.645488126781615,11000.42,-60.354511873218385,-0.5486564319654921,,,,-105.79421610147375,-11466.962875491954,-466.54287549195385
craiova,6,3,4,20.48,fixed_quantitative,68,24.954367647059005,9264.500587182374,3675.2563623167157,-17.57016753567203,7143.68955203568,7440.2034724088,-0.717090002342431,-0.7355420019938463,23.529411764705884,76.47058823529412,14.705882352941176,278.64685034696265,217.89491250172568,100.0,-87.68329663738956,20500.84,-117.57016753567203,-0.5734895132866362,,,,-107.38342856365725,-21584.63645214079,-1083.7964521407876
craiova,6,3,4,20.48,capped_dynamic,68,24.954367647059005,9264.500587182374,3675.2563623167157,39.64548812678162,6469.849996873524,6802.042714803967,-0.14683525111742582,-0.15163966888416847,35.294117647058826,63.23529411764706,14.705882352941176,454.3931139674949,133.61939080700105,100.0,39.64548812678162,20500.84,-60.35451187321838,-0.29440018981279975,,,,-103.10908288084653,-20967.382875491952,-466.5428754919538
craiova,6,5,1,5.12,fixed_quantitative,68,24.954367647059005,9264.500587182374,6125.427270527859,187.54815409046105,4881.354102698623,5694.950203399364,2.5601215505589447,,54.411764705882355,42.64705882352941,42.64705882352941,589.1814317851441,25.76274802622004,100.0,15.951047739809797,6250.21,87.54815409046105,1.4007234011410985,71.39168226827299,,,-102.37539376184739,-6270.384041668148,-20.174041668147403
craiova,6,5,1,5.12,capped_dynamic,68,24.954367647059005,9264.500587182374,6125.427270527859,158.18167881454528,4369.066661106437,5293.830681524324,1.8700943466298652,,54.411764705882355,45.588235294117645,27.941176470588236,612.3864285410285,24.786527038117182,100.0,158.18167881454528,6250.21,58.18167881454528,0.930875583613115,107.42574169993635,,,-92.85165577847756,-5911.076000861822,339.13399913817835
craiova,6,5,2,10.24,fixed_quantitative,68,24.954367647059005,9264.500587182374,6125.427270527859,201.7797573887196,4881.354102698623,5694.950203399364,2.8219198127853518,,54.411764705882355,42.64705882352941,42.64705882352941,611.6066999669536,49.636254048977456,100.0,16.61838841436614,11000.42,101.77975738871959,0.9252351945536588,108.08062705422792,,,-100.7871028228421,-10968.043601852887,32.3763981471132
craiova,6,5,2,10.24,capped_dynamic,68,24.954367647059005,9264.500587182374,6125.427270527859,175.54153662250826,4369.066661106437,5293.830681524324,2.205337704339066,,54.411764705882355,45.588235294117645,27.941176470588236,649.8478717228426,46.71534194169669,100.0,175.54153662250826,11000.42,75.54153662250826,0.6867150219946899,145.62081328806764,,,-94.49506447526444,-10543.293041061175,457.12695893882534
craiova,6,5,4,20.48,fixed_quantitative,68,24.954367647059005,9264.500587182374,6125.427270527859,202.05753350220849,4881.354102698623,5694.950203399364,2.8271703760533624,,54.411764705882355,42.64705882352941,42.64705882352941,612.0444021505332,99.2015135861005,100.0,16.618388414366155,20500.84,102.05753350220849,0.49782122831166176,200.87532293298437,,,-100.41677487285354,-20467.48033354894,33.359666451060335
craiova,6,5,4,20.48,capped_dynamic,68,24.954367647059005,9264.500587182374,6125.427270527859,175.7397928999938,4369.066661106437,5293.830681524324,2.209260237965557,,54.411764705882355,45.588235294117645,27.941176470588236,650.2855739064222,93.36779641365692,100.0,175.7397928999938,20500.84,75.7397928999938,0.369447266063214,270.6746244615316,,,-97.03729529293442,-20042.36551591216,458.47448408784163
craiova,6,10,1,5.12,fixed_quantitative,68,24.954367647059005,9264.500587182374,12250.854541055718,352.19601719610375,271.3422258505459,3156.142102058662,9.866278751461978,,76.47058823529412,22.058823529411764,72.05882352941177,819.755986905372,18.51640367532978,100.0,82.02015272864355,6250.21,252.19601719610375,4.035000699114169,24.783143165738153,,,-86.22128386531706,-5472.372106293649,777.8378937063507
craiova,6,10,1,5.12,capped_dynamic,68,24.954367647059005,9264.500587182374,12250.854541055718,238.21082009010124,-194.39594241703927,3089.1098798296703,5.943722702767917,,63.23529411764706,36.76470588235294,44.11764705882353,695.893291505757,21.812155619382985,100.0,238.21082009010124,6250.21,138.21082009010124,2.2112988218012073,45.222291539297835,,,-81.14044433059227,-5367.127118684025,883.0828813159754
craiova,6,10,2,10.24,fixed_quantitative,68,24.954367647059005,9264.500587182374,12250.854541055718,407.9506526319476,271.3422258505459,3156.142102058662,12.268800223985094,,76.47058823529412,22.058823529411764,72.05882352941177,907.6106457111587,33.44811531362055,100.0,104.98696209135929,11000.42,307.9506526319476,2.799444499682263,35.72137258350719,,,-89.03595528734994,-9950.417416857505,1050.0025831424948
craiova,6,10,2,10.24,capped_dynamic,68,24.954367647059005,9264.500587182374,12250.854541055718,273.5998337051402,-194.39594241703927,3089.1098798296703,7.525325175746255,,63.23529411764706,36.76470588235294,44.11764705882353,763.4947668805104,39.76172051794502,100.0,273.5998337051402,11000.42,173.5998337051402,1.5781200509175124,63.36653535443037,,,-86.34195348190558,-9876.802057449337,1123.6179425506627
craiova,6,10,4,20.48,fixed_quantitative,68,24.954367647059005,9264.500587182374,12250.854541055718,407.9506526319476,271.3422258505459,3156.142102058662,12.268800223985094,,76.47058823529412,22.058823529411764,72.05882352941177,907.6106457111587,66.8962306272411,100.0,104.98696209135929,20500.84,307.9506526319476,1.5021367545522408,66.57183488583777,,,-94.11687049223691,-19450.837416857506,1050.0025831424948
craiova,6,10,4,20.48,capped_dynamic,68,24.954367647059005,9264.500587182374,12250.854541055718,273.5998337051402,-194.39594241703927,3089.1098798296703,7.525325175746255,,63.23529411764706,36.76470588235294,44.11764705882353,763.4947668805104,79.52344103589004,100.0,273.5998337051402,20500.84,173.5998337051402,0.8467937592076238,118.09250943650518,,,-92.67131258628544,-19377.222057449337,1123.6179425506627
bucharest,2,5,1,5.12,capped_export,120,7.063749999999994,2570.08616205837,6310.751573348694,487.0195078206374,-1206.1107058514895,1661.7986834879919,28.48563248186496,,86.66666666666667,11.666666666666666,65.83333333333333,1062.1938002825236,14.29017262647448,100.0,487.0195078206374,6250.21,387.0195078206374,6.192104070433431,16.14959937083232,,,-44.730567807611585,-3676.0030430032625,2574.2069569967375
bucharest,2,5,2,10.24,capped_export,120,7.063749999999994,2570.08616205837,6310.751573348694,915.0824076774473,-1206.1107058514895,1661.7986834879919,53.335543452146815,,86.66666666666667,11.666666666666666,67.5,1798.4257746197095,16.880243803242774,100.0,915.0824076774473,11000.42,815.0824076774473,7.409557159430706,13.496083213653652,,,-33.00553237829968,-5516.718674231149,5483.701325768851
bucharest,2,5,4,20.48,capped_export,120,7.063749999999994,2570.08616205837,6310.751573348694,1204.7828978505486,-1206.1107058514895,1661.7986834879919,70.3484101868707,,86.66666666666667,11.666666666666666,67.5,2434.3471144737323,24.941279209624412,100.0,1204.7828978505486,20500.84,1104.7828978505486,5.388964051475689,18.556442211303388,,,-51.126989476117046,-13048.07771363141,7452.76228636859
bucharest,3,5,1,5.12,capped_export,120,15.088916666666668,5496.3862877304155,6310.751573348694,649.2882478223241,1719.191356276753,4026.4744166523765,15.852870562978342,,85.83333333333333,13.333333333333334,79.16666666666667,1260.5958443397255,12.041077905312813,100.0,649.2882478223241,6250.21,549.2882478223241,8.788316677716814,11.378743355204147,,,-20.984673558935953,-2573.0810532195615,3677.1289467804386
bucharest,3,5,2,10.24,capped_export,120,15.088916666666668,5496.3862877304155,6310.751573348694,1133.8949553319526,1719.191356276753,4026.4744166523765,27.571213557964022,,85.83333333333333,13.333333333333334,81.66666666666667,2060.8775557767954,14.730552745611233,100.0,1133.8949553319526,11000.42,1033.8949553319526,9.39868618954506,10.639784963906799,,,-14.812242867433948,-4029.4749176934483,6970.945082306552
bucharest,3,5,4,20.48,capped_export,120,15.088916666666668,5496.3862877304155,6310.751573348694,1336.9523167912282,1719.191356276753,4026.4744166523765,32.57049760661042,,85.83333333333333,13.333333333333334,81.66666666666667,2506.708092853423,24.221300935809907,100.0,1336.9523167912282,20500.84,1236.9523167912282,6.033666507280815,16.573670400796956,,,-45.23030894446019,-12149.737352295673,8351.102647704327
bucharest,4,5,1,5.12,capped_export,120,16.021450000000083,5785.415896985438,6310.751573348694,472.9503544675455,1994.3404129923954,4252.185346139612,10.697343392110188,,77.5,22.5,69.16666666666667,1012.3914142307867,14.993146480149822,100.0,472.9503544675455,6250.21,372.9503544675455,5.967005180106676,16.758825739482972,,,-46.78940321662166,-3771.6294625502615,2478.5805374497386
bucharest,4,5,2,10.24,capped_export,120,16.021450000000083,5785.415896985438,6310.751573348694,869.2052361364207,1994.3404129923954,4252.185346139612,19.60110645795003,,77.5,22.5,70.83333333333333,1687.798704188718,17.98666242738271,100.0,869.2052361364207,11000.42,769.2052361364207,6.992507887302673,14.301020694103862,,,-36.82001501529832,-5828.540540359838,5171.879459640162
bucharest,4,5,4,20.48,capped_export,120,16.021450000000083,5785.415896985438,6310.751573348694,1063.3032444870369,1994.3404129923954,4252.185346139612,24.020421552977137,,77.5,22.5,70.83333333333333,2096.9568627258986,28.95421081590903,100.0,1063.3032444870369,20500.84,963.3032444870369,4.698847678861144,21.281813507144147,,,-57.43904202428337,-14009.698669090674,6491.141330909326
bucharest,5,5,1,5.12,capped_export,120,6.928666666666675,2511.67811635945,6310.751573348694,503.5737573425999,-1165.2383838319013,1795.2520839832016,27.27855693159976,,81.66666666666667,18.333333333333332,71.66666666666667,1088.8928163468506,13.939785937547407,100.0,503.5737573425999,6250.21,403.5737573425999,6.456963163519303,15.487156650510608,,,-42.30807128418616,-3563.4857102012147,2686.7242897987853
bucharest,5,5,2,10.24,capped_export,120,6.928666666666675,2511.67811635945,6310.751573348694,934.1310570087461,-1165.2383838319013,1795.2520839832016,50.34591903573724,,81.66666666666667,18.333333333333332,74.16666666666667,1839.0565816307005,16.507303712590492,100.0,934.1310570087461,11000.42,834.1310570087461,7.5827200871307285,13.187879659400641,,,-31.421721962534697,-5387.247192398298,5613.1728076017025
bucharest,5,5,4,20.48,capped_export,120,6.928666666666675,2511.67811635945,6310.751573348694,1230.0548930851687,-1165.2383838319013,1795.2520839832016,66.33918008813184,,81.66666666666667,18.333333333333332,74.16666666666667,2494.524488345384,24.339601137973023,100.0,1230.0548930851687,20500.84,1130.0548930851687,5.51223702582513,18.14145500846472,,,-49.9994905168987,-12876.306864423597,7624.533135576402
bucharest,6,5,1,5.12,capped_export,68,24.954367647059005,9264.500587182374,5899.711306207234,272.7242221105585,4481.371749370712,5352.956624847217,3.490066509295527,,58.8235294117647,41.1764705882353,38.23529411764706,750.7417586423063,20.21858061586831,100.0,272.7242221105585,6250.21,172.72422211055851,2.7634947003470045,36.18606541472407,,,-76.08986222505989,-5132.543488896723,1117.6665111032767
bucharest,6,5,2,10.24,capped_export,68,24.954367647059005,9264.500587182374,5899.711306207234,406.1563962578679,4481.371749370712,5352.956624847217,5.668179031882206,,58.8235294117647,41.1764705882353,41.1764705882353,945.2467431754079,32.116339735415494,100.0,406.1563962578679,11000.42,306.1563962578679,2.783133700875675,35.93072081608453,,,-75.32046524945363,-8975.830325444625,2024.589674555375
bucharest,6,5,4,20.48,capped_export,68,24.954367647059005,9264.500587182374,5899.711306207234,447.9292484304416,4481.371749370712,5352.956624847217,6.279118119792277,,58.8235294117647,41.1764705882353,41.1764705882353,1012.3669342823871,59.97403611198643,100.0,447.9292484304416,20500.84,347.9292484304416,1.6971463043974861,58.92243923867341,,,-84.89368237390484,-18192.325046696318,2308.514953303681
timisoara,2,5,1,5.12,capped_export,120,7.063749999999994,2570.08616205837,6429.443966589863,476.975080435124,-1251.1821712702663,1643.5141338936771,28.167933189621902,,84.16666666666667,15.833333333333334,65.83333333333333,1052.6733209928398,14.419414329311634,100.0,476.975080435124,6250.21,376.975080435124,6.03139863196795,16.57990229164667,,,-46.200437546431424,-3744.2738623745913,2505.9361376254087
timisoara,2,5,2,10.24,capped_export,120,7.063749999999994,2570.08616205837,6429.443966589863,909.1527360774808,-1251.1821712702663,1643.5141338936771,53.5556789047705,,84.16666666666667,15.833333333333334,68.33333333333333,1800.046818255642,16.86504219208871,100.0,909.1527360774808,11000.42,809.1527360774808,7.355653112130999,13.594985853136446,,,-33.49855818179651,-5557.0219710936935,5443.3980289063065
timisoara,2,5,4,20.48,capped_export,120,7.063749999999994,2570.08616205837,6429.443966589863,1214.541015602367,-1251.1821712702663,1643.5141338936771,71.62648625130217,,84.16666666666667,15.833333333333334,68.33333333333333,2465.5442524825644,24.62569106764075,100.0,1214.541015602367,20500.84,1114.541015602367,5.43656267549216,18.393975379111623,,,-50.69163534174963,-12981.752907958627,7519.087092041373
timisoara,3,5,1,5.12,capped_export,120,15.088916666666668,5496.3862877304155,6429.443966589863,656.5430879165151,1654.7536059632812,3967.21163750919,16.249009719236298,,84.16666666666667,15.833333333333334,79.16666666666667,1261.3054581187705,12.034303563109532,100.0,656.5430879165151,6250.21,556.5430879165151,8.904390219152878,11.230415282666433,,,-19.92302320245989,-2523.7707382928265,3726.4392617071735
timisoara,3,5,2,10.24,capped_export,120,15.088916666666668,5496.3862877304155,6429.443966589863,1133.4850988112025,1654.7536059632812,3967.21163750919,27.960836542889556,,84.16666666666667,15.833333333333334,79.16666666666667,2054.9855825808,14.77278760247594,100.0,1133.4850988112025,11000.42,1033.4850988112025,9.394960363433418,10.644004458945336,,,-14.84632061306531,-4032.260665394373,6968.159334605627
timisoara,3,5,4,20.48,capped_export,120,15.088916666666668,5496.3862877304155,6429.443966589863,1357.2323749784082,1654.7536059632812,3967.21163750919,33.523270861474145,,84.16666666666667,15.833333333333334,79.16666666666667,2546.3224539517237,23.844478526671313,100.0,1357.2323749784082,20500.84,1257.2323749784082,6.13258956695632,16.306325233115384,,,-44.32552306243338,-12011.89612589248,8488.943874107521
timisoara,4,5,1,5.12,capped_export,120,16.021450000000083,5785.415896985438,6429.443966589863,470.5559254226697,1957.2109631056976,4269.085826106168,10.575954857772988,,77.5,22.5,68.33333333333333,1020.2125921447237,14.878205665839292,100.0,470.5559254226697,6250.21,370.5559254226697,5.928695602590468,16.86711659750355,,,-47.13979639083984,-3787.904121776325,2462.305878223675
timisoara,4,5,2,10.24,capped_export,120,16.021450000000083,5785.415896985438,6429.443966589863,873.7531431276492,1957.2109631056976,4269.085826106168,19.604173592163093,,77.5,22.5,70.83333333333333,1716.8005307388144,17.68281462759807,100.0,873.7531431276492,11000.42,773.7531431276492,7.033850917761769,14.216963249460061,,,-36.44187678946606,-5797.628938851965,5202.791061148035
timisoara,4,5,4,20.48,capped_export,120,16.021450000000083,5785.415896985438,6429.443966589863,1082.8279898553096,1957.2109631056976,4269.085826106168,24.33921927873489,,77.5,22.5,70.83333333333333,2151.381935632976,28.22173509482834,100.0,1082.8279898553096,20500.84,982.8279898553096,4.794086436728005,20.859031500535615,,,-56.56795409167828,-13876.991217172505,6623.848782827495
timisoara,5,5,1,5.12,capped_export,120,6.928666666666675,2511.67811635945,6429.443966589863,493.47348572420634,-1209.9333353732877,1800.0557659367698,26.607797561477913,,79.16666666666667,20.833333333333332,69.16666666666667,1074.5503414293182,14.125846117751813,100.0,493.47348572420634,6250.21,393.47348572420634,6.295364247348591,15.884704374670116,,,-43.786113091442324,-3632.1360964099117,2618.0739035900883
timisoara,5,5,2,10.24,capped_export,120,6.928666666666675,2511.67811635945,6429.443966589863,931.3409766539646,-1209.9333353732877,1800.0557659367698,50.01640655601724,,79.16666666666667,20.833333333333332,70.83333333333333,1843.8391441518572,16.46448695587308,100.0,931.3409766539646,11000.42,831.3409766539646,7.5573566886897465,13.232139770464832,,,-31.653704726764776,-5406.211048138596,5594.208951861404
timisoara,5,5,4,20.48,capped_export,120,6.928666666666675,2511.67811635945,6429.443966589863,1244.203696694512,-1209.9333353732877,1800.0557659367698,66.83636943749991,,79.16666666666667,20.833333333333332,70.83333333333333,2531.7290296715037,23.98192316936495,100.0,1244.203696694512,20500.84,1144.203696694512,5.581252752055584,17.91712442393329,,,-49.368247862900986,-12780.139071232417,7720.700928767583
timisoara,6,5,1,5.12,capped_export,68,24.954367647059005,9264.500587182374,6051.0767705278595,303.82022517702336,4348.825391414659,5233.733636645162,3.407422663607918,,61.76470588235294,38.23529411764706,35.294117647058826,795.3837024448272,19.08378650725638,100.0,303.82022517702336,6250.21,203.82022517702336,3.261014032760873,30.665308089869512,,,-71.53937147517738,-4921.18752732317,1329.0224726768304
timisoara,6,5,2,10.24,capped_export,68,24.954367647059005,9264.500587182374,6051.0767705278595,440.3378635044119,4348.825391414659,5233.733636645162,5.611884816162838,,61.76470588235294,38.23529411764706,39.705882352941174,993.5926878393634,30.553632196742242,100.0,440.3378635044119,11000.42,340.3378635044119,3.093862448019366,32.322057518755614,,,-72.47842837273642,-8743.502818194043,2256.917181805957
timisoara,6,5,4,20.48,capped_export,68,24.954367647059005,9264.500587182374,6051.0767705278595,496.30368614898913,4348.825391414659,5233.733636645162,6.396988291266185,,61.76470588235294,38.23529411764706,39.705882352941174,1066.6114373799164,56.92394526012057,100.0,496.30368614898913,20500.84,396.30368614898913,1.9331095025813048,51.73012696201058,,,-82.73547809782467,-17863.529549161467,2637.3104508385336
constanta,2,5,1,5.12,capped_export,120,7.063749999999994,2570.08616205837,6508.420575268818,498.91783586966625,-1353.2656225039766,1640.061145774801,29.658485275517307,,89.16666666666667,10.0,69.16666666666667,1087.1109837463982,13.962633986549038,100.0,498.91783586966625,6250.21,398.91783586966625,6.382470922891651,15.667913133976937,,,-42.98940410851986,-3595.131473736146,2655.078526263854
constanta,2,5,2,10.24,capped_export,120,7.063749999999994,2570.08616205837,6508.420575268818,919.3443597105603,-1353.2656225039766,1640.061145774801,54.439583278809714,,89.16666666666667,10.0,70.83333333333333,1820.6240194781753,16.67442877432627,100.0,919.3443597105603,11000.42,819.3443597105603,7.448300698614783,13.425881156838601,,,-32.651170034590415,-5487.75067573264,5512.66932426736
constanta,2,5,4,20.48,capped_export,120,7.063749999999994,2570.08616205837,6508.420575268818,1222.3063426912104,-1353.2656225039766,1640.061145774801,72.45724767879693,,89.16666666666667,10.0,71.66666666666667,2489.040987097315,24.393222686958932,100.0,1222.3063426912104,20500.84,1122.3063426912104,5.474440767750055,18.266705996546765,,,-50.345188686890076,-12928.97287155692,7571.86712844308
constanta,3,5,1,5.12,capped_export,120,15.088916666666668,5496.3862877304155,6508.420575268818,664.3972955087809,1565.2352614920887,3991.8875979938293,16.400425564032673,,85.83333333333333,14.166666666666666,76.66666666666667,1288.4546162409765,11.7807275300796,100.0,664.3972955087809,6250.21,564.3972955087809,9.030053318348997,11.074131732622307,,,-18.773663301772,-2470.386591316977,3779.823408683023
constanta,3,5,2,10.24,capped_export,120,15.088916666666668,5496.3862877304155,6508.420575268818,1148.5491655190704,1565.2352614920887,3991.8875979938293,28.232773558875444,,85.83333333333333,14.166666666666666,79.16666666666667,2091.6633647662284,14.513743487116695,100.0,1148.5491655190704,11000.42,1048.5491655190704,9.531901195764075,10.491086504803414,,,-13.59381050902883,-3929.8719340373445,7070.5480659626555
constanta,3,5,4,20.48,capped_export,120,15.088916666666668,5496.3862877304155,6508.420575268818,1372.948225086248,1565.2352614920887,3991.8875979938293,33.795532393536305,,85.83333333333333,14.166666666666666,79.16666666666667,2577.530229383768,23.555778466950784,100.0,1372.948225086248,20500.84,1272.948225086248,6.209249109237709,16.105006940569776,,,-43.6243673176924,-11905.077297620928,8595.762702379072
constanta,4,5,1,5.12,capped_export,120,16.021450000000083,5785.415896985438,6508.420575268818,482.61124243556617,1833.7290467873665,4186.333882931368,11.105971697278937,,76.66666666666667,23.333333333333332,68.33333333333333,1027.966697724898,14.765977149262056,100.0,482.61124243556617,6250.21,382.61124243556617,6.121574194076137,16.335667400187724,,,-45.375659423242,-3705.9655165514446,2544.2444834485555
constanta,4,5,2,10.24,capped_export,120,16.021450000000083,5785.415896985438,6508.420575268818,869.0458591449884,1833.7290467873665,4186.333882931368,19.939101608868164,,76.66666666666667,23.333333333333332,70.0,1696.262178405648,17.89691825007289,100.0,869.0458591449884,11000.42,769.0458591449884,6.991059060881206,14.303984436285857,,,-36.83326650282762,-5829.6238074667035,5170.796192533297
constanta,4,5,4,20.48,capped_export,120,16.021450000000083,5785.415896985438,6508.420575268818,1078.8276431462352,1833.7290467873665,4186.333882931368,24.791250885935007,,76.66666666666667,23.333333333333332,70.0,2142.2334720481285,28.342256746265985,100.0,1078.8276431462352,20500.84,978.8276431462352,4.774573349902908,20.944279765234633,,,-56.746427801772015,-13904.181114327996,6596.658885672004
constanta,5,5,1,5.12,capped_export,120,6.928666666666675,2511.67811635945,6508.420575268818,521.1332687046113,-1308.4038191193222,1782.6479527113427,28.505661588828143,,87.5,12.5,70.83333333333333,1125.364373851997,13.488016078607876,100.0,521.1332687046113,6250.21,421.1332687046113,6.73790590563535,14.84140642515703,,,-39.73846792215594,-3444.1357281232263,2806.0742718767738
constanta,5,5,2,10.24,capped_export,120,6.928666666666675,2511.67811635945,6508.420575268818,941.5725107107605,-1308.4038191193222,1782.6479527113427,51.227060448664,,87.5,12.5,72.5,1866.6166330367853,16.263578176857582,100.0,941.5725107107605,11000.42,841.5725107107605,7.650367083354641,13.071268203270398,,,-30.802998205448244,-5336.668486211118,5663.751513788882
constanta,5,5,4,20.48,capped_export,120,6.928666666666675,2511.67811635945,6508.420575268818,1253.3255416865595,-1308.4038191193222,1782.6479527113427,68.18661845187293,,87.5,12.5,72.5,2563.057045334633,23.68879428015455,100.0,1253.3255416865595,20500.84,1153.3255416865595,5.625747733685836,17.7754148841798,,,-48.96128075804037,-12718.138938434055,7782.701061565945
constanta,6,5,1,5.12,capped_export,68,24.954367647059005,9264.500587182374,6276.50853079179,302.0700849122903,4088.746676049534,5070.598025891416,3.6736556911249774,,57.35294117647059,42.64705882352941,38.23529411764706,807.4777916725353,18.797956953550354,100.0,302.0700849122903,6250.21,202.07008491229033,3.2330127293689386,30.930902031901155,,,-71.7954814668262,-4933.083029704958,1317.1269702950417
constanta,6,5,2,10.24,capped_export,68,24.954367647059005,9264.500587182374,6276.50853079179,436.57729063241214,4088.746676049534,5070.598025891416,5.944403570055609,,57.35294117647059,42.64705882352941,41.1764705882353,1003.666287784395,30.24697143572669,100.0,436.57729063241214,11000.42,336.57729063241214,3.059676727183254,32.68319136840977,,,-72.79110327059021,-8769.06300011614,2231.3569998838598
constanta,6,5,4,20.48,capped_export,68,24.954367647059005,9264.500587182374,6276.50853079179,489.9868716219457,4088.746676049534,5070.598025891416,6.716860754769298,,57.35294117647059,42.64705882352941,41.1764705882353,1072.1188873249478,56.631528268963876,100.0,489.9868716219457,20500.84,389.9868716219457,1.9022970357407096,52.568025981842716,,,-83.0173000014257,-17906.464212037317,2594.3757879626833
ploiesti,2,5,1,5.12,capped_export,120,7.063749999999994,2570.08616205837,6118.471311443933,507.1498746266711,-1058.3635949624409,1701.7113566376147,28.988868964488983,,88.33333333333333,10.0,69.16666666666667,1064.204166737976,14.2631773518939,100.0,507.1498746266711,6250.21,407.1498746266711,6.514179117608386,15.351128391556108,,,-41.784753590047835,-3539.1792517261774,2711.0307482738226
ploiesti,2,5,2,10.24,capped_export,120,7.063749999999994,2570.08616205837,6118.471311443933,933.3449566378267,-1058.3635949624409,1701.7113566376147,53.169314816966505,,89.16666666666667,9.166666666666666,70.0,1804.5169216331092,16.823264538933895,100.0,933.3449566378267,11000.42,833.3449566378267,7.575573992973238,13.200319882395116,,,-31.487082709832038,-5392.590226338507,5607.829773661493
ploiesti,2,5,4,20.48,capped_export,120,7.063749999999994,2570.08616205837,6118.471311443933,1185.4403541488139,-1058.3635949624409,1701.7113566376147,67.65679276853211,,89.16666666666667,9.166666666666666,70.83333333333333,2348.698226166746,25.85080126463312,100.0,1185.4403541488139,20500.84,1085.4403541488139,5.294614045808922,18.887117953225953,,,-51.989948561455314,-13179.546761747355,7321.293238252645
ploiesti,3,5,1,5.12,capped_export,120,15.088916666666668,5496.3862877304155,6118.471311443933,693.6149068400894,1952.7630308869818,4149.8135752730395,16.440373974023935,,88.33333333333333,11.666666666666666,79.16666666666667,1266.2852753383615,11.986977235246053,100.0,693.6149068400894,6250.21,593.6149068400894,9.497519392789833,10.529065102611565,,,-14.498050458134056,-2271.7978426404375,3978.4121573595626
ploiesti,3,5,2,10.24,capped_export,120,15.088916666666668,5496.3862877304155,6118.471311443933,1162.0855438714068,1952.7630308869818,4149.8135752730395,27.447296573976203,,88.33333333333333,11.666666666666666,80.83333333333333,2030.15256503863,14.95348973294467,100.0,1162.0855438714068,11000.42,1062.0855438714068,9.654954482387097,10.357376638328379,,,-12.468320892768233,-3837.8667249831024,7162.553275016898
ploiesti,3,5,4,20.48,capped_export,120,15.088916666666668,5496.3862877304155,6118.471311443933,1332.4480632991713,1952.7630308869818,4149.8135752730395,31.522572233579865,,88.33333333333333,11.666666666666666,80.83333333333333,2391.5280060254636,25.387840293845343,100.0,1332.4480632991713,20500.84,1232.4480632991713,6.011695439304786,16.634242537669934,,,-45.431264234187076,-12180.352245983133,8320.487754016867
ploiesti,4,5,1,5.12,capped_export,120,16.021450000000083,5785.415896985438,6118.471311443933,494.98533350241684,2250.336040212071,4416.816240750102,10.787343644960512,,77.5,22.5,71.66666666666667,1014.3573956859711,14.96408744429106,100.0,494.98533350241684,6250.21,394.98533350241684,6.319552999057901,15.823904003164097,,,-43.56487406868842,-3621.860240691943,2628.349759308057
ploiesti,4,5,2,10.24,capped_export,120,16.021450000000083,5785.415896985438,6118.471311443933,869.3756806285313,2250.336040212071,4416.816240750102,18.882614355164016,,77.5,22.5,72.5,1645.8067959540815,18.445582806102006,100.0,869.3756806285313,11000.42,769.3756806285313,6.994057323525204,14.297852501671683,,,-36.8058433143436,-5827.382048721928,5173.037951278072
ploiesti,4,5,4,20.48,capped_export,120,16.021450000000083,5785.415896985438,6118.471311443933,1040.868058549999,2250.336040212071,4416.816240750102,22.652126539343865,,77.5,22.5,72.5,2004.301984173664,30.29270616636386,100.0,1040.868058549999,20500.84,940.868058549999,4.589412231645137,21.78928258186858,,,-58.43997798359488,-14162.188051300629,6338.651948699372
ploiesti,5,5,1,5.12,capped_export,120,6.928666666666675,2511.67811635945,6118.471311443933,529.495165635777,-1006.0097089279683,1855.8108073214707,27.780979532233864,,85.0,15.0,70.83333333333333,1107.9929671401633,13.699484761159187,100.0,529.495165635777,6250.21,429.49516563577697,6.8716917613292505,14.552457163860932,,,-38.514814369144304,-3387.3008750172517,2862.9091249827484
ploiesti,5,5,2,10.24,capped_export,120,6.928666666666675,2511.67811635945,6118.471311443933,950.0503025995861,-1006.0097089279683,1855.8108073214707,49.558842017894,,85.0,15.0,73.33333333333333,1837.0480419252317,16.525352002118197,100.0,950.0503025995861,11000.42,850.0503025995861,7.727434976115331,12.940904751588235,,,-30.09810754035802,-5279.045908388068,5721.374091611932
ploiesti,5,5,4,20.48,capped_export,120,6.928666666666675,2511.67811635945,6118.471311443933,1209.2352643370762,-1006.0097089279683,1855.8108073214707,63.14315945041533,,85.0,15.0,73.33333333333333,2403.064100110665,25.26596401337643,100.0,1209.2352643370762,20500.84,1109.2352643370762,5.4106820224784755,18.481958389821056,,,-50.92834910233517,-13017.815489961493,7483.024510038508
ploiesti,6,5,1,5.12,capped_export,68,24.954367647059005,9264.500587182374,5786.788334066472,293.6159510853885,4790.507020340908,5644.044192822289,3.378573924387094,,57.35294117647059,42.64705882352941,38.23529411764706,751.2087477943351,20.20601172893142,100.0,293.6159510853885,6250.21,193.61595108538847,3.097751132928149,32.28148282701942,,,-73.03263267546737,-4990.544806398161,1259.6651936018388
ploiesti,6,5,2,10.24,capped_export,68,24.954367647059005,9264.500587182374,5786.788334066472,416.30286742191186,4790.507020340908,5644.044192822289,5.213750740280337,,58.8235294117647,41.1764705882353,39.705882352941174,924.6622676830033,32.83130132873969,100.0,416.30286742191186,11000.42,316.30286742191186,2.8753708260403865,34.77812291004842,,,-74.47683132909651,-8906.865926230003,2093.5540737699985
ploiesti,6,5,4,20.48,capped_export,68,24.954367647059005,9264.500587182374,5786.788334066472,454.3628189234232,4790.507020340908,5644.044192822289,5.65459653642376,,58.8235294117647,41.1764705882353,39.705882352941174,971.4855334209266,62.497823165140105,100.0,454.3628189234232,20500.84,354.3628189234232,1.7285282891989946,57.85268347927374,,,-84.60665145420296,-18148.59680692901,2352.243193070991
brasov,2,5,1,5.12,capped_export,120,7.063749999999994,2570.08616205837,5954.9385,528.662637296136,-969.4714922381803,1675.5766024380196,30.754328372171184,,90.0,9.166666666666666,72.5,1110.1408573699052,13.672979125162055,100.0,528.662637296136,6250.21,428.66263729613604,6.858371755447193,14.580720259232958,,,-38.636643933556606,-3392.9594745287686,2857.2505254712314
brasov,2,5,2,10.24,capped_export,120,7.063749999999994,2570.08616205837,5954.9385,930.3019997947086,-969.4714922381803,1675.5766024380196,53.97305519822599,,90.0,9.166666666666666,73.33333333333333,1820.1543064617058,16.678731814024438,100.0,930.3019997947086,11000.42,830.3019997947086,7.547911805137519,13.248697465163088,,,-31.740091028638908,-5413.272854528033,5587.147145471967
brasov,2,5,4,20.48,capped_export,120,7.063749999999994,2570.08616205837,5954.9385,1177.4880321301732,-969.4714922381803,1675.5766024380196,68.46099202689261,,90.0,9.166666666666666,74.16666666666667,2358.022619763674,25.748578731326138,100.0,1177.4880321301732,20500.84,1077.4880321301732,5.255823820536979,19.026512952974738,,,-52.344737912915136,-13233.59778121117,7267.2422187888305
brasov,3,5,1,5.12,capped_export,120,15.088916666666668,5496.3862877304155,5954.9385,696.9694532675009,2035.3056202602345,4116.056755263391,16.662497537966235,,85.0,15.0,79.16666666666667,1269.120832616077,11.960195104133172,100.0,696.9694532675009,6250.21,596.9694532675009,9.551190332284849,10.469899198006859,,,-14.007156742457463,-2248.9973758314636,4001.2126241685364
brasov,3,5,2,10.24,capped_export,120,15.088916666666668,5496.3862877304155,5954.9385,1142.132698658467,2035.3056202602345,4116.056755263391,27.248083407794788,,85.0,15.0,80.83333333333333,2001.8168429127918,15.165156415330934,100.0,1142.132698658467,11000.42,1042.132698658467,9.473571905967836,10.555680686500667,,,-14.127311171962242,-3973.4839223796735,7026.936077620327
brasov,3,5,4,20.48,capped_export,120,15.088916666666668,5496.3862877304155,5954.9385,1311.3932104295825,2035.3056202602345,4116.056755263391,31.338440716035823,,85.0,15.0,80.83333333333333,2358.3313226057203,25.745208272155782,100.0,1311.3932104295825,20500.84,1211.3932104295825,5.908993048234036,16.923357191947627,,,-46.37061724041258,-12323.459662860152,8177.380337139848
brasov,4,5,1,5.12,capped_export,120,16.021450000000083,5785.415896985438,5954.9385,502.7569152387608,2325.3539271587697,4372.180801520796,11.070512440446237,,80.0,19.166666666666668,70.0,1032.050827619815,14.707543817211885,100.0,502.7569152387608,6250.21,402.7569152387608,6.44389412897744,15.51856656835991,,,-42.4276053744578,-3569.037692169497,2681.172307830503
brasov,4,5,2,10.24,capped_export,120,16.021450000000083,5785.415896985438,5954.9385,851.3429707959925,2325.3539271587697,4372.180801520796,18.711448236773293,,80.0,19.166666666666668,70.83333333333333,1632.7020113351398,18.593635168484504,100.0,851.3429707959925,11000.42,751.3429707959925,6.830129856823581,14.641010068072994,,,-38.305182882231755,-5949.948306458869,5050.471693541131
brasov,4,5,4,20.48,capped_export,120,16.021450000000083,5785.415896985438,5954.9385,1019.0029374772914,2325.3539271587697,4372.180801520796,22.454516102629885,,80.0,19.166666666666668,70.83333333333333,1982.7393351433036,30.62214482714371,100.0,1019.0029374772914,20500.84,919.0029374772914,4.482757474704897,22.307698010493656,,,-59.41548074955332,-14310.802768097725,6190.0372319022745
brasov,5,5,1,5.12,capped_export,120,6.928666666666675,2511.67811635945,5954.9385,542.1373328983926,-916.1631175501947,1840.6014486317529,28.698520132411804,,85.0,14.166666666666666,72.5,1134.3562342662512,13.381098732733271,100.0,542.1373328983926,6250.21,442.13733289839263,7.073959641330333,14.136354329156724,,,-36.66479959187407,-3301.373516042766,2948.836483957234
brasov,5,5,2,10.24,capped_export,120,6.928666666666675,2511.67811635945,5954.9385,942.1717296930229,-916.1631175501947,1840.6014486317529,49.66881121995001,,85.0,14.166666666666666,75.0,1845.1447715538732,16.452836658475757,100.0,942.1717296930229,11000.42,842.1717296930229,7.65581432066251,13.06196778180826,,,-30.75317581390094,-5332.595663606924,5667.824336393076
brasov,5,5,4,20.48,capped_export,120,6.928666666666675,2511.67811635945,5954.9385,1197.8522035078404,-916.1631175501947,1840.6014486317529,63.227968340308884,,85.0,14.166666666666666,75.0,2408.021164982553,25.213952417927686,100.0,1197.8522035078404,20500.84,1097.8522035078404,5.355157171646822,18.673588243022177,,,-51.43619935786628,-13095.184847112345,7405.655152887656
brasov,6,5,1,5.12,capped_export,68,24.954367647059005,9264.500587182374,5579.797690371456,272.5825758889239,4940.239706631222,5718.542574876513,3.3851963867075927,,57.35294117647059,39.705882352941174,36.76470588235294,731.9868884651787,20.736618384839137,100.0,272.5825758889239,6250.21,172.58257588892388,2.761228436947301,36.215764933435146,,,-76.11059028518795,-5133.506241997591,1116.7037580024084
brasov,6,5,2,10.24,capped_export,68,24.954367647059005,9264.500587182374,5579.797690371456,396.3319018887093,4940.239706631222,5718.542574876513,5.237261960617685,,58.8235294117647,38.23529411764706,38.23529411764706,907.4866400987183,33.45268590875789,100.0,396.3319018887093,11000.42,296.3319018887093,2.693823525726375,37.12195659626053,,,-76.13732823227579,-9042.606285362343,1957.8137146376573
brasov,6,5,4,20.48,capped_export,68,24.954367647059005,9264.500587182374,5579.797690371456,438.08737468954575,4940.239706631222,5718.542574876513,5.7244969489609545,,58.8235294117647,38.23529411764706,38.23529411764706,956.424417200279,63.4819960504195,100.0,438.08737468954575,20500.84,338.08737468954575,1.6491391313211836,60.637697633119934,,,-85.33277324491041,-18259.219132207774,2241.620867792227
cluj,2,5,1,5.12,capped_export,120,7.063749999999994,2570.08616205837,5920.07466436252,488.0281348483552,-918.7660594227639,1705.2775721930775,27.825118059467144,,85.0,13.333333333333334,67.5,1043.15116157342,14.551038553140586,100.0,488.0281348483552,6250.21,388.0281348483552,6.208241560657245,16.10762065601928,,,-44.582968518085494,-3669.147520933216,2581.062479066784
cluj,2,5,2,10.24,capped_export,120,7.063749999999994,2570.08616205837,5920.07466436252,889.8740991033038,-918.7660594227639,1705.2775721930775,50.67121905040632,,85.83333333333333,12.5,68.33333333333333,1757.668704393408,17.271665281252925,100.0,889.8740991033038,11000.42,789.8740991033038,7.1803994675049125,13.92680176814015,,,-35.101491046505366,-5688.056652521896,5312.3633474781045
cluj,2,5,4,20.48,capped_export,120,7.063749999999994,2570.08616205837,5920.07466436252,1139.126254060248,-918.7660594227639,1705.2775721930775,64.96284438952074,,85.83333333333333,12.5,68.33333333333333,2283.151740140711,26.592946061259582,100.0,1139.126254060248,20500.84,1039.126254060248,5.068700863282909,19.728921216161837,,,-54.056231779784554,-13494.338381033926,7006.501618966074
cluj,3,5,1,5.12,capped_export,120,15.088916666666668,5496.3862877304155,5920.07466436252,679.8020424883562,2082.639323149014,4132.816082999529,16.184252114183515,,83.33333333333333,16.666666666666668,79.16666666666667,1247.6373311921816,12.166141866165521,100.0,679.8020424883562,6250.21,579.8020424883562,9.276520988708478,10.779903384223624,,,-16.519381345180754,-2365.682295279114,3884.527704720886
cluj,3,5,2,10.24,capped_export,120,15.088916666666668,5496.3862877304155,5920.07466436252,1122.7558406707121,2082.639323149014,4132.816082999529,26.664517441813388,,83.33333333333333,16.666666666666668,80.83333333333333,1972.140521310017,15.39335823668938,100.0,1122.7558406707121,11000.42,1022.7558406707121,9.297425377128437,10.755665783131626,,,-15.738410676816901,-4105.186200756818,6895.233799243182
cluj,3,5,4,20.48,capped_export,120,15.088916666666668,5496.3862877304155,5920.07466436252,1291.7470769819486,2082.639323149014,4132.816082999529,30.72809924039603,,83.33333333333333,16.666666666666668,80.83333333333333,2321.751396156028,26.150832158755644,100.0,1291.7470769819486,20500.84,1191.7470769819486,5.81316217765686,17.202341332288015,,,-47.24712084882285,-12456.992175612733,8043.847824387267
cluj,4,5,1,5.12,capped_export,120,16.021450000000083,5785.415896985438,5920.07466436252,484.5359278788889,2399.413784664086,4447.342133730781,10.483206742393397,,77.5,22.5,69.16666666666667,1014.7050517135602,14.95896048134888,100.0,484.5359278788889,6250.21,384.5359278788889,6.152368126493172,16.25390385360436,,,-45.09400704214485,-3692.8836506366965,2557.3263493633035
cluj,4,5,2,10.24,capped_export,120,16.021450000000083,5785.415896985438,5920.07466436252,843.8577798852143,2399.413784664086,4447.342133730781,18.229063232700685,,77.5,22.5,70.0,1631.9258483885826,18.60247851799933,100.0,843.8577798852143,11000.42,743.8577798852143,6.762085264791837,14.788337633166234,,,-38.927543193574195,-6000.82428943095,4999.59571056905
cluj,4,5,4,20.48,capped_export,120,16.021450000000083,5785.415896985438,5920.07466436252,1006.4508129673031,2399.413784664086,4447.342133730781,21.783020835927502,,77.5,22.5,70.0,1953.4418560342947,31.081411964056407,100.0,1006.4508129673031,20500.84,906.4508129673031,4.421530107875108,22.61660501234444,,,-59.97548826734531,-14396.118116823702,6104.7218831762975
cluj,5,5,1,5.12,capped_export,120,6.928666666666675,2511.67811635945,5920.07466436252,513.8089199283646,-865.9647326950243,1869.9821432013496,26.73175219612854,,81.66666666666667,17.5,70.0,1089.870139080225,13.927285668747826,100.0,513.8089199283646,6250.21,413.8089199283646,6.620720262653009,15.104096840353243,,,-40.81028995934784,-3493.91848557906,2756.29151442094
cluj,5,5,2,10.24,capped_export,120,6.928666666666675,2511.67811635945,5920.07466436252,914.7559504462401,-865.9647326950243,1869.9821432013496,47.41443195122138,,81.66666666666667,17.5,72.5,1804.1509498243329,16.826677136174407,100.0,914.7559504462401,11000.42,814.7559504462401,7.406589479731139,13.501490837808662,,,-33.03267584417462,-5518.937566539171,5481.482433460829
cluj,5,5,4,20.48,capped_export,120,6.928666666666675,2511.67811635945,5920.07466436252,1176.0299964355572,-865.9647326950243,1869.9821432013496,61.007747826315175,,81.66666666666667,17.5,72.5,2369.187625432557,25.62723628279446,100.0,1176.0299964355572,20500.84,1076.0299964355572,5.248711742716675,19.052294144132425,,,-52.409787534558404,-13243.507882377082,7257.332117622919
cluj,6,5,1,5.12,capped_export,68,24.954367647059005,9264.500587182374,5552.954027614858,288.22414671996114,4992.80971927709,5792.7883733759245,2.998245498782173,,57.35294117647059,41.1764705882353,39.705882352941174,743.457850410988,20.41666889443324,100.0,288.22414671996114,6250.21,188.22414671996114,3.011485161617948,33.20620711485561,,,-73.82165227511207,-5027.192281439748,1223.017718560252
cluj,6,5,2,10.24,capped_export,68,24.954367647059005,9264.500587182374,5552.954027614858,412.2103892329473,4992.80971927709,5792.7883733759245,4.779958925314061,,58.8235294117647,39.705882352941174,39.705882352941174,915.1179824068558,33.17371762029207,100.0,412.2103892329473,11000.42,312.2103892329473,2.838167899343364,35.23399726391659,,,-74.81710267690924,-8934.682030473321,2065.7379695266786
cluj,6,5,4,20.48,capped_export,68,24.954367647059005,9264.500587182374,5552.954027614858,465.29607091316507,4992.80971927709,5792.7883733759245,5.365498858121571,,58.8235294117647,39.705882352941174,39.705882352941174,964.191473144779,62.97061607193456,100.0,465.29607091316507,20500.84,365.29607091316507,1.781859040474269,56.121162072047795,,,-84.11886922233474,-18074.284748801194,2426.5552511988067
iasi,2,5,1,5.12,capped_export,120,7.063749999999994,2570.08616205837,5745.806591781874,495.4010514276619,-756.0916873469826,1804.3529030504963,26.678418822945552,,84.16666666666667,15.833333333333334,73.33333333333333,1023.5626602310772,14.829510061828024,100.0,495.4010514276619,6250.21,395.4010514276619,6.326204262379374,15.807267020238228,,,-43.504039222185966,-3619.034653697828,2631.175346302172
iasi,2,5,2,10.24,capped_export,120,7.063749999999994,2570.08616205837,5745.806591781874,884.5519013389052,-756.0916873469826,1804.3529030504963,47.5946387005644,,85.0,15.0,75.0,1730.7293539935306,17.540504220124248,100.0,884.5519013389052,11000.42,784.5519013389052,7.132017698768821,14.021277599642342,,,-35.544008104140815,-5724.231019490369,5276.188980509631
iasi,2,5,4,20.48,capped_export,120,7.063749999999994,2570.08616205837,5745.806591781874,1106.5004499220468,-756.0916873469826,1804.3529030504963,59.729821126613686,,85.0,15.0,75.0,2208.594105227802,27.490669712246852,100.0,1106.5004499220468,20500.84,1006.5004499220468,4.909557120206034,20.368436001780015,,,-55.51181769090767,-13716.092224799671,6784.747775200329
iasi,3,5,1,5.12,capped_export,120,15.088916666666668,5496.3862877304155,5745.806591781874,689.807346254933,2349.3041976469185,4364.172909558248,15.558383023558758,,84.16666666666667,15.833333333333334,77.5,1207.0798723865528,12.574919950241163,100.0,689.807346254933,6250.21,589.807346254933,9.436600470303127,10.597036540298475,,,-15.055236833030468,-2297.677394652483,3952.532605347517
iasi,3,5,2,10.24,capped_export,120,15.088916666666668,5496.3862877304155,5745.806591781874,1128.5618375506335,2349.3041976469185,4364.172909558248,25.40378593587307,,84.16666666666667,15.833333333333334,77.5,1933.685356140806,15.699485669273411,100.0,1128.5618375506335,11000.42,1028.5618375506335,9.350205151718148,10.694952503969871,,,-15.255667875876712,-4065.7235067628044,6934.696493237196
iasi,3,5,4,20.48,capped_export,120,15.088916666666668,5496.3862877304155,5745.806591781874,1287.3073218296145,2349.3041976469185,4364.172909558248,29.05503426799368,,84.16666666666667,15.833333333333334,77.5,2258.4829436974596,26.883413596133934,100.0,1287.3073218296145,20500.84,1187.3073218296145,5.791505722836794,17.266666871394893,,,-47.44519857347292,-12487.168681492509,8013.6713185074905
iasi,4,5,1,5.12,capped_export,120,16.021450000000083,5785.415896985438,5745.806591781874,497.6418101451153,2679.499158655619,4703.416108070391,10.186002093226184,,75.0,25.0,70.83333333333333,995.8246720263825,15.24257552077007,100.0,497.6418101451153,6250.21,397.6418101451153,6.362055197267217,15.71819119754799,,,-43.17613367771145,-3603.8044740387445,2646.4055259612555
iasi,4,5,2,10.24,capped_export,120,16.021450000000083,5785.415896985438,5745.806591781874,836.3337263999285,2679.499158655619,4703.416108070391,17.10318866938458,,75.83333333333333,24.166666666666668,71.66666666666667,1591.2907479049395,19.077510239775464,100.0,836.3337263999285,11000.42,736.3337263999285,6.693687390117183,14.93944879284979,,,-39.553134755028786,-6051.964416858722,4948.455583141278
iasi,4,5,4,20.48,capped_export,120,16.021450000000083,5785.415896985438,5745.806591781874,980.9913014606996,2679.499158655619,4703.416108070391,20.132884291283588,,75.83333333333333,24.166666666666668,71.66666666666667,1885.428062303473,32.20262405612814,100.0,980.9913014606996,20500.84,880.9913014606996,4.297342457483204,23.27019570568885,,,-61.111353182616405,-14569.163492596586,5931.676507403414
iasi,5,5,1,5.12,capped_export,120,6.928666666666675,2511.67811635945,5745.806591781874,509.1278462072735,-706.2358183217203,1948.9400722162109,25.390599857407267,,80.0,20.0,70.0,1048.7200481944078,14.473769996999623,100.0,509.1278462072735,6250.21,409.1278462072735,6.545825599576229,15.27691174761422,,,-41.49530348413475,-3525.735206056069,2724.474793943931
iasi,5,5,2,10.24,capped_export,120,6.928666666666675,2511.67811635945,5745.806591781874,892.4934319792875,-706.2358183217203,1948.9400722162109,44.38044005024051,,80.0,20.0,72.5,1747.9414886769778,17.36778132121253,100.0,892.4934319792875,11000.42,792.4934319792875,7.204210675404099,13.880771191410336,,,-34.88370517522462,-5670.253347785224,5330.166652214776
iasi,5,5,4,20.48,capped_export,120,6.928666666666675,2511.67811635945,5745.806591781874,1122.5057165393746,-706.2358183217203,1948.9400722162109,55.9411156631981,,80.0,20.0,72.5,2250.400938205916,26.979961679022935,100.0,1122.5057165393746,20500.84,1022.5057165393746,4.987628392492086,20.049609179090154,,,-54.7977497558074,-13607.306265751624,6893.533734248377
iasi,6,5,1,5.12,capped_export,68,24.954367647059005,9264.500587182374,5514.270075268818,271.6626985396197,5259.079847776109,6050.456182641446,2.424617753710015,,50.0,50.0,29.41176470588235,708.5954583227661,21.42115446906265,100.0,271.6626985396197,6250.21,171.66269853961973,2.7465108938678817,36.40983191556582,,,-76.24520222743945,-5139.758542696056,1110.451457303944
iasi,6,5,2,10.24,capped_export,68,24.954367647059005,9264.500587182374,5514.270075268818,391.81949606323104,5259.079847776109,6050.456182641446,4.0284415701606795,,51.470588235294116,48.529411764705884,29.41176470588235,877.3705067067355,34.60096425119938,100.0,391.81949606323104,11000.42,291.81949606323104,2.6528032208154877,37.695973532955605,,,-76.51251469417407,-9073.2765895238,1927.1434104762002
iasi,6,5,4,20.48,capped_export,68,24.954367647059005,9264.500587182374,5514.270075268818,451.23292044488795,5259.079847776109,6050.456182641446,4.618019147160803,,51.470588235294116,48.529411764705884,29.41176470588235,918.3034265110855,66.1172868600855,100.0,451.23292044488795,20500.84,351.23292044488795,1.713261117324402,58.368218941529406,,,-84.7462904990922,-18169.870367429518,2330.9696325704826
craiova,2,5,1,5.12,capped_export,120,7.063749999999994,2570.08616205837,6498.92998655914,488.00289598520556,-1288.6970223035091,1667.4837092965395,28.422230134182808,,85.0,14.166666666666666,65.0,1057.6942797682073,14.350964223929308,100.0,488.00289598520556,6250.21,388.00289598520556,6.207837752414807,16.10866842663545,,,-44.586661893502736,-3669.319066587448,2580.890933412552
craiova,2,5,2,10.24,capped_export,120,7.063749999999994,2570.08616205837,6498.92998655914,918.1771145373191,-1288.6970223035091,1667.4837092965395,53.32370215882447,,85.0,14.166666666666666,67.5,1793.7995935888937,16.923777687383016,100.0,918.1771145373191,11000.42,818.1771145373191,7.437689784002058,13.445035071924202,,,-32.74822127591351,-5495.68430712106,5504.73569287894
craiova,2,5,4,20.48,capped_export,120,7.063749999999994,2570.08616205837,6498.92998655914,1244.8179210376736,-1288.6970223035091,1667.4837092965395,72.31484321727285,,85.0,14.166666666666666,67.5,2492.36808636313,24.360659810818486,100.0,1244.8179210376736,20500.84,1144.8179210376736,5.58424884559693,17.907511424539763,,,-49.34084451380995,-12775.964258913506,7724.875741086495
craiova,3,5,1,5.12,capped_export,120,15.088916666666668,5496.3862877304155,6498.92998655914,676.0274067868575,1679.9882444575155,4079.6670221151257,16.290756998676677,,85.0,15.0,80.83333333333333,1271.47054599008,11.938092326777852,100.0,676.0274067868575,6250.21,576.0274067868575,9.216128846660471,10.850542745638338,,,-17.07174959672526,-2391.338060638247,3858.871939361753
craiova,3,5,2,10.24,capped_export,120,15.088916666666668,5496.3862877304155,6498.92998655914,1166.08886390272,1679.9882444575155,4079.6670221151257,27.9856505941531,,85.0,15.0,82.5,2071.639294666122,14.654030562067078,100.0,1166.08886390272,11000.42,1066.08886390272,9.691346911324477,10.31848317008945,,,-12.135462648965254,-3810.6566184978274,7189.763381502173
craiova,3,5,4,20.48,capped_export,120,15.088916666666668,5496.3862877304155,6498.92998655914,1407.718846080565,1679.9882444575155,4079.6670221151257,33.799872509504816,,85.0,15.0,82.5,2585.9777100481274,23.4788300143944,100.0,1407.718846080565,20500.84,1307.718846080565,6.378854944873308,15.676794795337068,,,-42.073091345276794,-11668.745380009019,8832.094619990981
craiova,4,5,1,5.12,capped_export,120,16.021450000000083,5785.415896985438,6498.92998655914,483.91663287000006,1959.4500404091311,4324.647002878051,10.757778386369456,,77.5,22.5,70.83333333333333,1017.6175437274434,14.91614689857756,100.0,483.91663287000006,6250.21,383.91663287000006,6.142459739272761,16.280122987316403,,,-45.18463271526991,-3697.092927688208,2553.117072311792
craiova,4,5,2,10.24,capped_export,120,16.021450000000083,5785.415896985438,6498.92998655914,885.1619324479386,1959.4500404091311,4324.647002878051,19.62145502186214,,77.5,22.5,72.5,1695.3838099604131,17.90619053884046,100.0,885.1619324479386,11000.42,785.1619324479386,7.13756322438542,14.01038377612557,,,-35.49328673237193,-5720.084708102248,5280.335291897752
craiova,4,5,4,20.48,capped_export,120,16.021450000000083,5785.415896985438,6498.92998655914,1125.1611701815689,1959.4500404091311,4324.647002878051,24.963031405546808,,77.5,22.5,72.5,2198.387572662552,27.618301627177466,100.0,1125.1611701815689,20500.84,1025.1611701815689,5.000581294139991,19.997675093730916,,,-54.67927785875175,-13589.257452315363,6911.582547684637
craiova,5,5,1,5.12,capped_export,120,6.928666666666675,2511.67811635945,6498.92998655914,507.56616838131686,-1236.456984929922,1832.2988114383545,26.911873093878384,,80.0,20.0,70.83333333333333,1087.5186705931922,13.957399701955277,100.0,507.56616838131686,6250.21,407.56616838131686,6.520839593890714,15.33544853544452,,,-41.723834478491895,-3536.349750885758,2713.860249114242
craiova,5,5,2,10.24,capped_export,120,6.928666666666675,2511.67811635945,6498.92998655914,938.6100923898931,-1236.456984929922,1832.2988114383545,49.545996479660026,,80.0,20.0,72.5,1827.4977336042623,16.611711729865444,100.0,938.6100923898931,11000.42,838.6100923898931,7.623437035948565,13.1174428972715,,,-31.049310104567176,-5356.80370331448,5643.61629668552
craiova,5,5,4,20.48,capped_export,120,6.928666666666675,2511.67811635945,6498.92998655914,1279.293554023049,-1236.456984929922,1832.2988114383545,67.5008751721203,,80.0,20.0,72.5,2571.374415769802,23.612170480842316,100.0,1279.293554023049,20500.84,1179.293554023049,5.752415774295341,17.38400072659035,,,-47.802729301752834,-12541.637340920013,7959.202659079988
craiova,6,5,1,5.12,capped_export,68,24.954367647059005,9264.500587182374,6125.427270527859,274.9972916988477,4369.066661106437,5293.830681524324,3.664784347536521,,60.294117647058826,39.705882352941174,35.294117647058826,735.6489518729459,20.63339141605924,100.0,274.9972916988477,6250.21,174.99729169884768,2.7998625917984787,35.716038455932036,,,-75.75722840992806,-5117.093695959361,1133.1163040406389
craiova,6,5,2,10.24,capped_export,68,24.954367647059005,9264.500587182374,6125.427270527859,406.3992427627199,4369.066661106437,5293.830681524324,5.790589602730974,,60.294117647058826,39.705882352941174,38.23529411764706,917.119742381141,33.10131069558872,100.0,406.3992427627199,11000.42,306.3992427627199,2.785341312083719,35.90224277583769,,,-75.30027364336509,-8974.179725641234,2026.2402743587666
craiova,6,5,4,20.48,capped_export,68,24.954367647059005,9264.500587182374,6125.427270527859,456.4687012669876,4369.066661106437,5293.830681524324,6.40535906701262,,60.294117647058826,39.705882352941174,38.23529411764706,968.9304353026381,62.66263176702544,100.0,456.4687012669876,20500.84,356.4687012669876,1.7388004650881992,57.51091169332508,,,-84.51269843907447,-18134.28336649316,2366.5566335068397
